sol,j,x,y,t,influjo_kg
1,7,933780.291513979,6846818.296141294,1,305.1278999999999
1,7,933780.291513979,6846818.296141294,2,315.34774679915085
1,7,933780.291513979,6846818.296141294,3,242.30745000000024
1,7,933780.291513979,6846818.296141294,4,269.2304999999997
1,7,933780.291513979,6846818.296141294,5,296.15355000000034
1,7,933780.291513979,6846818.296141294,6,315.86259049471755
1,7,933780.291513979,6846818.296141294,7,323.0765999999997
1,7,933780.291513979,6846818.296141294,8,315.8625904947175
1,7,933780.291513979,6846818.296141294,9,296.1535500000002
1,7,933780.291513979,6846818.296141294,10,269.2304999999997
1,7,933780.291513979,6846818.296141294,11,242.30745000000022
1,7,933780.291513979,6846818.296141294,12,315.34774679915085
1,7,933780.291513979,6846818.296141294,13,305.12789999999995
1,7,933780.291513979,6846818.296141294,14,315.34774679915085
1,7,933780.291513979,6846818.296141294,15,242.30745000000024
1,7,933780.291513979,6846818.296141294,16,269.2304999999998
1,7,933780.291513979,6846818.296141294,17,296.1535500000003
1,7,933780.291513979,6846818.296141294,18,315.86259049471744
1,7,933780.291513979,6846818.296141294,19,323.0765999999997
1,7,933780.291513979,6846818.296141294,20,315.86259049471755
1,7,933780.291513979,6846818.296141294,21,296.1535500000002
1,7,933780.291513979,6846818.296141294,22,269.2304999999998
1,7,933780.291513979,6846818.296141294,23,242.30745000000024
1,7,933780.291513979,6846818.296141294,24,315.34774679915085
1,7,933780.291513979,6846818.296141294,25,305.1278999999999
1,7,933780.291513979,6846818.296141294,26,315.34774679915085
1,7,933780.291513979,6846818.296141294,27,242.30745000000024
1,7,933780.291513979,6846818.296141294,28,269.2304999999998
1,7,933780.291513979,6846818.296141294,29,296.15355000000034
1,7,933780.291513979,6846818.296141294,30,315.8625904947175
1,7,933780.291513979,6846818.296141294,31,323.0765999999997
1,7,933780.291513979,6846818.296141294,32,315.8625904947175
1,7,933780.291513979,6846818.296141294,33,296.1535500000002
1,7,933780.291513979,6846818.296141294,34,269.2304999999998
1,7,933780.291513979,6846818.296141294,35,242.30745000000024
1,7,933780.291513979,6846818.296141294,36,315.34774679915085
1,7,933780.291513979,6846818.296141294,37,305.1278999999999
1,7,933780.291513979,6846818.296141294,38,315.34774679915085
1,7,933780.291513979,6846818.296141294,39,242.30745000000024
1,7,933780.291513979,6846818.296141294,40,269.2304999999998
1,7,933780.291513979,6846818.296141294,41,296.15355000000034
1,7,933780.291513979,6846818.296141294,42,315.8625904947175
1,7,933780.291513979,6846818.296141294,43,323.07659999999976
1,7,933780.291513979,6846818.296141294,44,315.86259049471755
1,7,933780.291513979,6846818.296141294,45,296.15355000000034
1,7,933780.291513979,6846818.296141294,46,269.2304999999998
1,7,933780.291513979,6846818.296141294,47,242.30745000000022
1,7,933780.291513979,6846818.296141294,48,315.34774679915085
1,76,933472.5998217161,6847811.904434941,1,291.5797499999997
1,76,933472.5998217161,6847811.904434941,2,281.62852826791254
1,76,933472.5998217161,6847811.904434941,3,291.57975000000005
1,76,933472.5998217161,6847811.904434941,4,291.5797499999995
1,76,933472.5998217161,6847811.904434941,5,275.95260000000025
1,76,933472.5998217161,6847811.904434941,6,291.5797499999998
1,76,933472.5998217161,6847811.904434941,7,291.5797499999996
1,76,933472.5998217161,6847811.904434941,8,286.5934701399946
1,76,933472.5998217161,6847811.904434941,9,291.57975000000005
1,76,933472.5998217161,6847811.904434941,10,291.5797499999995
1,76,933472.5998217161,6847811.904434941,11,291.57975000000005
1,76,933472.5998217161,6847811.904434941,12,281.62852826791254
1,76,933472.5998217161,6847811.904434941,13,291.5797499999997
1,76,933472.5998217161,6847811.904434941,14,281.62852826791254
1,76,933472.5998217161,6847811.904434941,15,291.57975000000005
1,76,933472.5998217161,6847811.904434941,16,291.57974999999954
1,76,933472.5998217161,6847811.904434941,17,280.1452500000003
1,76,933472.5998217161,6847811.904434941,18,291.5797499999998
1,76,933472.5998217161,6847811.904434941,19,291.5797499999996
1,76,933472.5998217161,6847811.904434941,20,274.56060954971974
1,76,933472.5998217161,6847811.904434941,21,291.57975000000005
1,76,933472.5998217161,6847811.904434941,22,291.5797499999995
1,76,933472.5998217161,6847811.904434941,23,291.57975000000005
1,76,933472.5998217161,6847811.904434941,24,281.62852826791254
1,76,933472.5998217161,6847811.904434941,25,291.5797499999997
1,76,933472.5998217161,6847811.904434941,26,281.62852826791254
1,76,933472.5998217161,6847811.904434941,27,291.57975000000005
1,76,933472.5998217161,6847811.904434941,28,291.57974999999954
1,76,933472.5998217161,6847811.904434941,29,291.57975000000005
1,76,933472.5998217161,6847811.904434941,30,291.57974999999976
1,76,933472.5998217161,6847811.904434941,31,276.00803999999994
1,76,933472.5998217161,6847811.904434941,32,283.1787394319436
1,76,933472.5998217161,6847811.904434941,33,291.57975000000005
1,76,933472.5998217161,6847811.904434941,34,291.5797499999995
1,76,933472.5998217161,6847811.904434941,35,291.57975000000005
1,76,933472.5998217161,6847811.904434941,36,281.62852826791254
1,76,933472.5998217161,6847811.904434941,37,291.5797499999997
1,76,933472.5998217161,6847811.904434941,38,281.62852826791254
1,76,933472.5998217161,6847811.904434941,39,291.57975000000005
1,76,933472.5998217161,6847811.904434941,40,291.5797499999995
1,76,933472.5998217161,6847811.904434941,41,291.57975000000005
1,76,933472.5998217161,6847811.904434941,42,287.4065012609592
1,76,933472.5998217161,6847811.904434941,43,291.57974999999965
1,76,933472.5998217161,6847811.904434941,44,285.13001412225856
1,76,933472.5998217161,6847811.904434941,45,291.57975
1,76,933472.5998217161,6847811.904434941,46,291.5797499999996
1,76,933472.5998217161,6847811.904434941,47,291.57975000000005
1,76,933472.5998217161,6847811.904434941,48,281.62852826791254
1,69,934334.8998210647,6847164.004435261,1,182.9520000000001
1,69,934334.8998210647,6847164.004435261,2,182.95199999999994
1,69,934334.8998210647,6847164.004435261,3,182.95199999999994
1,69,934334.8998210647,6847164.004435261,4,182.952
1,69,934334.8998210647,6847164.004435261,5,182.95199999999994
1,69,934334.8998210647,6847164.004435261,6,182.95200000000003
1,69,934334.8998210647,6847164.004435261,7,182.95200000000003
1,69,934334.8998210647,6847164.004435261,8,182.952
1,69,934334.8998210647,6847164.004435261,9,182.9519999999999
1,69,934334.8998210647,6847164.004435261,10,182.952
1,69,934334.8998210647,6847164.004435261,11,182.95199999999994
1,69,934334.8998210647,6847164.004435261,12,182.95199999999986
1,69,934334.8998210647,6847164.004435261,13,182.95200000000003
1,69,934334.8998210647,6847164.004435261,14,182.9519999999999
1,69,934334.8998210647,6847164.004435261,15,182.9519999999999
1,69,934334.8998210647,6847164.004435261,16,182.952
1,69,934334.8998210647,6847164.004435261,17,182.95199999999997
1,69,934334.8998210647,6847164.004435261,18,182.95199999999994
1,69,934334.8998210647,6847164.004435261,19,182.95199999999997
1,69,934334.8998210647,6847164.004435261,20,182.95200000000003
1,69,934334.8998210647,6847164.004435261,21,182.95200000000006
1,69,934334.8998210647,6847164.004435261,22,182.95199999999997
1,69,934334.8998210647,6847164.004435261,23,182.9519999999999
1,69,934334.8998210647,6847164.004435261,24,182.95199999999983
1,69,934334.8998210647,6847164.004435261,25,182.95200000000008
1,69,934334.8998210647,6847164.004435261,26,182.95199999999994
1,69,934334.8998210647,6847164.004435261,27,182.95199999999997
1,69,934334.8998210647,6847164.004435261,28,182.95200000000006
1,69,934334.8998210647,6847164.004435261,29,182.95200000000003
1,69,934334.8998210647,6847164.004435261,30,182.95199999999994
1,69,934334.8998210647,6847164.004435261,31,182.95199999999997
1,69,934334.8998210647,6847164.004435261,32,182.952
1,69,934334.8998210647,6847164.004435261,33,182.9519999999999
1,69,934334.8998210647,6847164.004435261,34,182.95199999999994
1,69,934334.8998210647,6847164.004435261,35,182.95199999999988
1,69,934334.8998210647,6847164.004435261,36,182.9519999999999
1,69,934334.8998210647,6847164.004435261,37,182.95200000000006
1,69,934334.8998210647,6847164.004435261,38,182.95199999999997
1,69,934334.8998210647,6847164.004435261,39,182.95199999999994
1,69,934334.8998210647,6847164.004435261,40,182.95199999999997
1,69,934334.8998210647,6847164.004435261,41,182.95200000000008
1,69,934334.8998210647,6847164.004435261,42,182.95199999999997
1,69,934334.8998210647,6847164.004435261,43,182.952
1,69,934334.8998210647,6847164.004435261,44,182.95199999999997
1,69,934334.8998210647,6847164.004435261,45,182.95200000000008
1,69,934334.8998210647,6847164.004435261,46,182.95200000000003
1,69,934334.8998210647,6847164.004435261,47,182.95199999999994
1,69,934334.8998210647,6847164.004435261,48,182.9519999999999
1,38,933906.9998213904,6847232.504435231,1,762.230699999999
1,38,933906.9998213904,6847232.504435231,2,787.7605875638988
1,38,933906.9998213904,6847232.504435231,3,857.5095375000009
1,38,933906.9998213904,6847232.504435231,4,896.8286249999444
1,38,933906.9998213904,6847232.504435231,5,739.8121499999994
1,38,933906.9998213904,6847232.504435231,6,789.0467028960703
1,38,933906.9998213904,6847232.504435231,7,807.0678000000015
1,38,933906.9998213904,6847232.504435231,8,789.0467028960704
1,38,933906.9998213904,6847232.504435231,9,739.8121499999994
1,38,933906.9998213904,6847232.504435231,10,896.8286249999434
1,38,933906.9998213904,6847232.504435231,11,857.509537500001
1,38,933906.9998213904,6847232.504435231,12,787.7605875638988
1,38,933906.9998213904,6847232.504435231,13,762.230699999999
1,38,933906.9998213904,6847232.504435231,14,787.7605875638985
1,38,933906.9998213904,6847232.504435231,15,857.5095375000009
1,38,933906.9998213904,6847232.504435231,16,896.8286249999437
1,38,933906.9998213904,6847232.504435231,17,739.8121499999993
1,38,933906.9998213904,6847232.504435231,18,789.0467028960704
1,38,933906.9998213904,6847232.504435231,19,807.0678000000015
1,38,933906.9998213904,6847232.504435231,20,789.0467028960704
1,38,933906.9998213904,6847232.504435231,21,739.8121499999994
1,38,933906.9998213904,6847232.504435231,22,896.8286249999434
1,38,933906.9998213904,6847232.504435231,23,857.509537500001
1,38,933906.9998213904,6847232.504435231,24,787.7605875638985
1,38,933906.9998213904,6847232.504435231,25,762.230699999999
1,38,933906.9998213904,6847232.504435231,26,787.7605875638985
1,38,933906.9998213904,6847232.504435231,27,857.5095375000009
1,38,933906.9998213904,6847232.504435231,28,896.8286249999468
1,38,933906.9998213904,6847232.504435231,29,739.8121499999995
1,38,933906.9998213904,6847232.504435231,30,789.0467028960704
1,38,933906.9998213904,6847232.504435231,31,807.0678000000015
1,38,933906.9998213904,6847232.504435231,32,789.0467028960704
1,38,933906.9998213904,6847232.504435231,33,739.8121499999995
1,38,933906.9998213904,6847232.504435231,34,896.828624999945
1,38,933906.9998213904,6847232.504435231,35,857.5095375000008
1,38,933906.9998213904,6847232.504435231,36,787.7605875638985
1,38,933906.9998213904,6847232.504435231,37,762.230699999999
1,38,933906.9998213904,6847232.504435231,38,787.7605875638988
1,38,933906.9998213904,6847232.504435231,39,857.5095375000009
1,38,933906.9998213904,6847232.504435231,40,896.8286249999454
1,38,933906.9998213904,6847232.504435231,41,739.8121499999994
1,38,933906.9998213904,6847232.504435231,42,789.0467028960704
1,38,933906.9998213904,6847232.504435231,43,807.0678000000015
1,38,933906.9998213904,6847232.504435231,44,789.0467028960703
1,38,933906.9998213904,6847232.504435231,45,739.8121499999995
1,38,933906.9998213904,6847232.504435231,46,896.8286249999443
1,38,933906.9998213904,6847232.504435231,47,857.509537500001
1,38,933906.9998213904,6847232.504435231,48,787.7605875638988
1,37,934585.699820864,6848050.504434808,1,674.2543499999988
1,37,934585.699820864,6848050.504434808,2,728.9443409792358
1,37,934585.699820864,6848050.504434808,3,813.7725750000013
1,37,934585.699820864,6848050.504434808,4,529.1054999999993
1,37,934585.699820864,6848050.504434808,5,626.2294500000004
1,37,934585.699820864,6848050.504434808,6,731.6994504852437
1,37,934585.699820864,6848050.504434808,7,765.9036000000016
1,37,934585.699820864,6848050.504434808,8,731.6994504852443
1,37,934585.699820864,6848050.504434808,9,626.2294500000003
1,37,934585.699820864,6848050.504434808,10,529.1054999999993
1,37,934585.699820864,6848050.504434808,11,813.7725750000013
1,37,934585.699820864,6848050.504434808,12,728.9443409792354
1,37,934585.699820864,6848050.504434808,13,674.254349999999
1,37,934585.699820864,6848050.504434808,14,728.9443409792356
1,37,934585.699820864,6848050.504434808,15,813.7725750000013
1,37,934585.699820864,6848050.504434808,16,529.1054999999993
1,37,934585.699820864,6848050.504434808,17,626.2294500000004
1,37,934585.699820864,6848050.504434808,18,731.6994504852444
1,37,934585.699820864,6848050.504434808,19,765.9036000000016
1,37,934585.699820864,6848050.504434808,20,731.6994504852443
1,37,934585.699820864,6848050.504434808,21,626.2294500000004
1,37,934585.699820864,6848050.504434808,22,529.1054999999993
1,37,934585.699820864,6848050.504434808,23,813.7725750000014
1,37,934585.699820864,6848050.504434808,24,728.9443409792359
1,37,934585.699820864,6848050.504434808,25,674.2543499999988
1,37,934585.699820864,6848050.504434808,26,728.9443409792357
1,37,934585.699820864,6848050.504434808,27,813.7725750000014
1,37,934585.699820864,6848050.504434808,28,529.1054999999993
1,37,934585.699820864,6848050.504434808,29,626.2294500000007
1,37,934585.699820864,6848050.504434808,30,731.6994504852438
1,37,934585.699820864,6848050.504434808,31,765.9036000000016
1,37,934585.699820864,6848050.504434808,32,731.6994504852438
1,37,934585.699820864,6848050.504434808,33,626.2294500000003
1,37,934585.699820864,6848050.504434808,34,529.1054999999993
1,37,934585.699820864,6848050.504434808,35,813.7725750000013
1,37,934585.699820864,6848050.504434808,36,728.9443409792359
1,37,934585.699820864,6848050.504434808,37,674.2543499999988
1,37,934585.699820864,6848050.504434808,38,728.9443409792356
1,37,934585.699820864,6848050.504434808,39,813.7725750000014
1,37,934585.699820864,6848050.504434808,40,529.1054999999993
1,37,934585.699820864,6848050.504434808,41,626.22945
1,37,934585.699820864,6848050.504434808,42,731.699450485244
1,37,934585.699820864,6848050.504434808,43,765.9036000000016
1,37,934585.699820864,6848050.504434808,44,731.6994504852443
1,37,934585.699820864,6848050.504434808,45,626.2294500000004
1,37,934585.699820864,6848050.504434808,46,529.1054999999993
1,37,934585.699820864,6848050.504434808,47,813.7725750000013
1,37,934585.699820864,6848050.504434808,48,728.9443409792357
1,31,934107.899821243,6846671.504435516,1,433.5408
1,31,934107.899821243,6846671.504435516,2,378.69548848773707
1,31,934107.899821243,6846671.504435516,3,317.15145000000075
1,31,934107.899821243,6846671.504435516,4,352.3904999999993
1,31,934107.899821243,6846671.504435516,5,420.789600000001
1,31,934107.899821243,6846671.504435516,6,448.7931787724197
1,31,934107.899821243,6846671.504435516,7,459.04319999999944
1,31,934107.899821243,6846671.504435516,8,448.7931787724197
1,31,934107.899821243,6846671.504435516,9,420.789600000001
1,31,934107.899821243,6846671.504435516,10,352.3904999999993
1,31,934107.899821243,6846671.504435516,11,317.15145000000075
1,31,934107.899821243,6846671.504435516,12,378.69548848773235
1,31,934107.899821243,6846671.504435516,13,433.5408
1,31,934107.899821243,6846671.504435516,14,378.69548848774065
1,31,934107.899821243,6846671.504435516,15,317.1514500000007
1,31,934107.899821243,6846671.504435516,16,352.39049999999935
1,31,934107.899821243,6846671.504435516,17,420.789600000001
1,31,934107.899821243,6846671.504435516,18,448.79317877241965
1,31,934107.899821243,6846671.504435516,19,459.04319999999944
1,31,934107.899821243,6846671.504435516,20,448.7931787724171
1,31,934107.899821243,6846671.504435516,21,420.789600000001
1,31,934107.899821243,6846671.504435516,22,352.3904999999993
1,31,934107.899821243,6846671.504435516,23,317.15145000000075
1,31,934107.899821243,6846671.504435516,24,378.69548848773786
1,31,934107.899821243,6846671.504435516,25,433.5408
1,31,934107.899821243,6846671.504435516,26,378.6954884877321
1,31,934107.899821243,6846671.504435516,27,317.15145000000075
1,31,934107.899821243,6846671.504435516,28,352.3904999999993
1,31,934107.899821243,6846671.504435516,29,420.789600000001
1,31,934107.899821243,6846671.504435516,30,448.7931787724171
1,31,934107.899821243,6846671.504435516,31,459.04319999999944
1,31,934107.899821243,6846671.504435516,32,448.7931787724171
1,31,934107.899821243,6846671.504435516,33,420.789600000001
1,31,934107.899821243,6846671.504435516,34,352.3904999999993
1,31,934107.899821243,6846671.504435516,35,317.15145000000075
1,31,934107.899821243,6846671.504435516,36,378.6954884877539
1,31,934107.899821243,6846671.504435516,37,433.5408
1,31,934107.899821243,6846671.504435516,38,378.6954884877468
1,31,934107.899821243,6846671.504435516,39,317.15145000000075
1,31,934107.899821243,6846671.504435516,40,352.3904999999993
1,31,934107.899821243,6846671.504435516,41,420.789600000001
1,31,934107.899821243,6846671.504435516,42,448.7931787724198
1,31,934107.899821243,6846671.504435516,43,459.0431999999994
1,31,934107.899821243,6846671.504435516,44,448.7931787724198
1,31,934107.899821243,6846671.504435516,45,420.789600000001
1,31,934107.899821243,6846671.504435516,46,352.3904999999993
1,31,934107.899821243,6846671.504435516,47,317.15145000000075
1,31,934107.899821243,6846671.504435516,48,378.6954884877343
1,23,933186.3998219331,6847949.604434876,1,333.402300000002
1,23,933186.3998219331,6847949.604434876,2,344.5691596299596
1,23,933186.3998219331,6847949.604434876,3,375.07758750000113
1,23,933186.3998219331,6847949.604434876,4,294.1784999999997
1,23,933186.3998219331,6847949.604434876,5,323.5963500000003
1,23,933186.3998219331,6847949.604434876,6,345.13171084944037
1,23,933186.3998219331,6847949.604434876,7,353.0141999999998
1,23,933186.3998219331,6847949.604434876,8,345.1317108494403
1,23,933186.3998219331,6847949.604434876,9,323.59635000000037
1,23,933186.3998219331,6847949.604434876,10,294.17849999999964
1,23,933186.3998219331,6847949.604434876,11,375.07758750000113
1,23,933186.3998219331,6847949.604434876,12,344.5691596299596
1,23,933186.3998219331,6847949.604434876,13,333.4023000000012
1,23,933186.3998219331,6847949.604434876,14,344.5691596299596
1,23,933186.3998219331,6847949.604434876,15,375.0775875000011
1,23,933186.3998219331,6847949.604434876,16,294.1784999999997
1,23,933186.3998219331,6847949.604434876,17,323.5963500000003
1,23,933186.3998219331,6847949.604434876,18,345.1317108494403
1,23,933186.3998219331,6847949.604434876,19,353.0141999999998
1,23,933186.3998219331,6847949.604434876,20,345.13171084944037
1,23,933186.3998219331,6847949.604434876,21,323.59635000000037
1,23,933186.3998219331,6847949.604434876,22,294.1784999999997
1,23,933186.3998219331,6847949.604434876,23,375.07758750000113
1,23,933186.3998219331,6847949.604434876,24,344.5691596299596
1,23,933186.3998219331,6847949.604434876,25,333.4023000000012
1,23,933186.3998219331,6847949.604434876,26,344.56915962996027
1,23,933186.3998219331,6847949.604434876,27,375.07758750000124
1,23,933186.3998219331,6847949.604434876,28,294.1784999999997
1,23,933186.3998219331,6847949.604434876,29,323.5963500000003
1,23,933186.3998219331,6847949.604434876,30,345.13171084944037
1,23,933186.3998219331,6847949.604434876,31,353.0141999999998
1,23,933186.3998219331,6847949.604434876,32,345.1317108494403
1,23,933186.3998219331,6847949.604434876,33,323.59635000000037
1,23,933186.3998219331,6847949.604434876,34,294.1784999999997
1,23,933186.3998219331,6847949.604434876,35,375.0775875000011
1,23,933186.3998219331,6847949.604434876,36,344.5691596299596
1,23,933186.3998219331,6847949.604434876,37,333.40230000000196
1,23,933186.3998219331,6847949.604434876,38,344.5691596299596
1,23,933186.3998219331,6847949.604434876,39,375.07758750000113
1,23,933186.3998219331,6847949.604434876,40,294.1784999999997
1,23,933186.3998219331,6847949.604434876,41,323.5963500000003
1,23,933186.3998219331,6847949.604434876,42,345.1317108494403
1,23,933186.3998219331,6847949.604434876,43,353.0141999999998
1,23,933186.3998219331,6847949.604434876,44,345.1317108494403
1,23,933186.3998219331,6847949.604434876,45,323.59635000000037
1,23,933186.3998219331,6847949.604434876,46,294.17849999999964
1,23,933186.3998219331,6847949.604434876,47,375.07758750000113
1,23,933186.3998219331,6847949.604434876,48,344.56915962996015
1,47,934432.7998209777,6848335.404434666,1,115.45380000000013
1,47,934432.7998209777,6848335.404434666,2,119.32076905913803
1,47,934432.7998209777,6848335.404434666,3,91.68389999999998
1,47,934432.7998209777,6848335.404434666,4,101.8710000000001
1,47,934432.7998209777,6848335.404434666,5,112.05810000000008
1,47,934432.7998209777,6848335.404434666,6,119.51557478178499
1,47,934432.7998209777,6848335.404434666,7,122.24520000000007
1,47,934432.7998209777,6848335.404434666,8,119.51557478178499
1,47,934432.7998209777,6848335.404434666,9,112.05810000000008
1,47,934432.7998209777,6848335.404434666,10,101.8710000000001
1,47,934432.7998209777,6848335.404434666,11,91.68389999999998
1,47,934432.7998209777,6848335.404434666,12,119.32076905913803
1,47,934432.7998209777,6848335.404434666,13,115.45380000000013
1,47,934432.7998209777,6848335.404434666,14,119.32076905913803
1,47,934432.7998209777,6848335.404434666,15,91.68389999999998
1,47,934432.7998209777,6848335.404434666,16,101.8710000000001
1,47,934432.7998209777,6848335.404434666,17,112.05810000000008
1,47,934432.7998209777,6848335.404434666,18,119.51557478178499
1,47,934432.7998209777,6848335.404434666,19,122.24520000000008
1,47,934432.7998209777,6848335.404434666,20,119.51557478178499
1,47,934432.7998209777,6848335.404434666,21,112.05810000000008
1,47,934432.7998209777,6848335.404434666,22,101.8710000000001
1,47,934432.7998209777,6848335.404434666,23,91.68389999999998
1,47,934432.7998209777,6848335.404434666,24,119.32076905913803
1,47,934432.7998209777,6848335.404434666,25,115.45380000000013
1,47,934432.7998209777,6848335.404434666,26,119.32076905913803
1,47,934432.7998209777,6848335.404434666,27,91.68389999999998
1,47,934432.7998209777,6848335.404434666,28,101.8710000000001
1,47,934432.7998209777,6848335.404434666,29,112.05810000000008
1,47,934432.7998209777,6848335.404434666,30,119.515574781785
1,47,934432.7998209777,6848335.404434666,31,122.24520000000007
1,47,934432.7998209777,6848335.404434666,32,119.51557478178499
1,47,934432.7998209777,6848335.404434666,33,112.05810000000011
1,47,934432.7998209777,6848335.404434666,34,101.8710000000001
1,47,934432.7998209777,6848335.404434666,35,91.68389999999997
1,47,934432.7998209777,6848335.404434666,36,119.32076905913803
1,47,934432.7998209777,6848335.404434666,37,115.45380000000013
1,47,934432.7998209777,6848335.404434666,38,119.32076905913803
1,47,934432.7998209777,6848335.404434666,39,91.68389999999998
1,47,934432.7998209777,6848335.404434666,40,101.87100000000008
1,47,934432.7998209777,6848335.404434666,41,112.05810000000008
1,47,934432.7998209777,6848335.404434666,42,119.51557478178499
1,47,934432.7998209777,6848335.404434666,43,122.24520000000007
1,47,934432.7998209777,6848335.404434666,44,119.51557478178496
1,47,934432.7998209777,6848335.404434666,45,112.05810000000008
1,47,934432.7998209777,6848335.404434666,46,101.8710000000001
1,47,934432.7998209777,6848335.404434666,47,91.68389999999998
1,47,934432.7998209777,6848335.404434666,48,119.32076905913803
1,17,934313.499821071,6848126.304434771,1,958.5922499999997
1,17,934313.499821071,6848126.304434771,2,958.5922499999995
1,17,934313.499821071,6848126.304434771,3,958.5922500000019
1,17,934313.499821071,6848126.304434771,4,958.5922499999997
1,17,934313.499821071,6848126.304434771,5,958.59225
1,17,934313.499821071,6848126.304434771,6,958.5922500000014
1,17,934313.499821071,6848126.304434771,7,958.5922500000016
1,17,934313.499821071,6848126.304434771,8,958.5922500000008
1,17,934313.499821071,6848126.304434771,9,958.5922500000003
1,17,934313.499821071,6848126.304434771,10,958.5922500000001
1,17,934313.499821071,6848126.304434771,11,958.5922500000015
1,17,934313.499821071,6848126.304434771,12,958.5922499999995
1,17,934313.499821071,6848126.304434771,13,958.5922499999997
1,17,934313.499821071,6848126.304434771,14,958.5922499999996
1,17,934313.499821071,6848126.304434771,15,958.592250000002
1,17,934313.499821071,6848126.304434771,16,958.5922499999996
1,17,934313.499821071,6848126.304434771,17,958.59225
1,17,934313.499821071,6848126.304434771,18,958.5922500000008
1,17,934313.499821071,6848126.304434771,19,958.5922500000016
1,17,934313.499821071,6848126.304434771,20,958.592250000001
1,17,934313.499821071,6848126.304434771,21,958.5922500000003
1,17,934313.499821071,6848126.304434771,22,958.5922499999995
1,17,934313.499821071,6848126.304434771,23,958.5922500000015
1,17,934313.499821071,6848126.304434771,24,958.5922499999992
1,17,934313.499821071,6848126.304434771,25,958.5922499999997
1,17,934313.499821071,6848126.304434771,26,958.5922499999994
1,17,934313.499821071,6848126.304434771,27,958.5922500000015
1,17,934313.499821071,6848126.304434771,28,958.5922499999991
1,17,934313.499821071,6848126.304434771,29,958.5922499999997
1,17,934313.499821071,6848126.304434771,30,958.5922500000013
1,17,934313.499821071,6848126.304434771,31,958.5922500000016
1,17,934313.499821071,6848126.304434771,32,958.5922500000013
1,17,934313.499821071,6848126.304434771,33,958.5922500000001
1,17,934313.499821071,6848126.304434771,34,958.5922499999995
1,17,934313.499821071,6848126.304434771,35,958.5922500000015
1,17,934313.499821071,6848126.304434771,36,958.5922499999998
1,17,934313.499821071,6848126.304434771,37,958.5922499999997
1,17,934313.499821071,6848126.304434771,38,958.5922499999995
1,17,934313.499821071,6848126.304434771,39,958.5922500000017
1,17,934313.499821071,6848126.304434771,40,958.5922499999996
1,17,934313.499821071,6848126.304434771,41,958.5922500000005
1,17,934313.499821071,6848126.304434771,42,958.5922500000012
1,17,934313.499821071,6848126.304434771,43,958.592250000002
1,17,934313.499821071,6848126.304434771,44,958.5922500000011
1,17,934313.499821071,6848126.304434771,45,958.5922500000003
1,17,934313.499821071,6848126.304434771,46,958.5922499999995
1,17,934313.499821071,6848126.304434771,47,958.5922500000016
1,17,934313.499821071,6848126.304434771,48,958.5922499999996
1,79,934635.7998208292,6847723.804434974,1,766.9430999999983
1,79,934635.7998208292,6847723.804434974,2,792.6308230356998
1,79,934635.7998208292,6847723.804434974,3,609.0430500000016
1,79,934635.7998208292,6847723.804434974,4,676.7144999999994
1,79,934635.7998208292,6847723.804434974,5,744.3859499999993
1,79,934635.7998208292,6847723.804434974,6,793.9248896218576
1,79,934635.7998208292,6847723.804434974,7,812.0574000000018
1,79,934635.7998208292,6847723.804434974,8,793.9248896218576
1,79,934635.7998208292,6847723.804434974,9,744.3859499999993
1,79,934635.7998208292,6847723.804434974,10,676.7144999999994
1,79,934635.7998208292,6847723.804434974,11,609.0430500000015
1,79,934635.7998208292,6847723.804434974,12,792.6308230356998
1,79,934635.7998208292,6847723.804434974,13,766.9430999999983
1,79,934635.7998208292,6847723.804434974,14,792.6308230356998
1,79,934635.7998208292,6847723.804434974,15,609.0430500000017
1,79,934635.7998208292,6847723.804434974,16,676.7144999999994
1,79,934635.7998208292,6847723.804434974,17,744.3859499999992
1,79,934635.7998208292,6847723.804434974,18,793.9248896218576
1,79,934635.7998208292,6847723.804434974,19,812.0574000000018
1,79,934635.7998208292,6847723.804434974,20,793.9248896218576
1,79,934635.7998208292,6847723.804434974,21,744.3859499999993
1,79,934635.7998208292,6847723.804434974,22,676.7144999999994
1,79,934635.7998208292,6847723.804434974,23,609.0430500000017
1,79,934635.7998208292,6847723.804434974,24,792.6308230356998
1,79,934635.7998208292,6847723.804434974,25,766.9430999999983
1,79,934635.7998208292,6847723.804434974,26,792.6308230356996
1,79,934635.7998208292,6847723.804434974,27,611.3819250000017
1,79,934635.7998208292,6847723.804434974,28,676.7144999999994
1,79,934635.7998208292,6847723.804434974,29,744.3859499999993
1,79,934635.7998208292,6847723.804434974,30,793.9248896218576
1,79,934635.7998208292,6847723.804434974,31,812.0574000000017
1,79,934635.7998208292,6847723.804434974,32,793.9248896218576
1,79,934635.7998208292,6847723.804434974,33,744.3859499999993
1,79,934635.7998208292,6847723.804434974,34,676.7144999999994
1,79,934635.7998208292,6847723.804434974,35,611.3819250000015
1,79,934635.7998208292,6847723.804434974,36,792.6308230356998
1,79,934635.7998208292,6847723.804434974,37,766.9430999999983
1,79,934635.7998208292,6847723.804434974,38,792.6308230356998
1,79,934635.7998208292,6847723.804434974,39,609.0430500000017
1,79,934635.7998208292,6847723.804434974,40,676.7144999999994
1,79,934635.7998208292,6847723.804434974,41,744.3859499999993
1,79,934635.7998208292,6847723.804434974,42,793.9248896218576
1,79,934635.7998208292,6847723.804434974,43,812.0574000000018
1,79,934635.7998208292,6847723.804434974,44,793.9248896218576
1,79,934635.7998208292,6847723.804434974,45,744.3859499999993
1,79,934635.7998208292,6847723.804434974,46,676.7144999999994
1,79,934635.7998208292,6847723.804434974,47,609.0430500000017
1,79,934635.7998208292,6847723.804434974,48,792.6308230356998
1,12,933061.759090488,6845988.289810399,1,485.96625000000006
1,12,933061.759090488,6845988.289810399,2,485.96625000000006
1,12,933061.759090488,6845988.289810399,3,485.9662500000001
1,12,933061.759090488,6845988.289810399,4,485.96624999999995
1,12,933061.759090488,6845988.289810399,5,485.9662499999999
1,12,933061.759090488,6845988.289810399,6,485.96625000000023
1,12,933061.759090488,6845988.289810399,7,485.9662500000002
1,12,933061.759090488,6845988.289810399,8,485.96624999999995
1,12,933061.759090488,6845988.289810399,9,485.9662499999998
1,12,933061.759090488,6845988.289810399,10,485.96624999999983
1,12,933061.759090488,6845988.289810399,11,485.96625000000023
1,12,933061.759090488,6845988.289810399,12,485.9662499999998
1,12,933061.759090488,6845988.289810399,13,485.96625
1,12,933061.759090488,6845988.289810399,14,485.96625
1,12,933061.759090488,6845988.289810399,15,485.96624999999966
1,12,933061.759090488,6845988.289810399,16,485.9662499999997
1,12,933061.759090488,6845988.289810399,17,485.96625000000006
1,12,933061.759090488,6845988.289810399,18,485.9662500000001
1,12,933061.759090488,6845988.289810399,19,485.96624999999983
1,12,933061.759090488,6845988.289810399,20,485.9662500000003
1,12,933061.759090488,6845988.289810399,21,485.96624999999983
1,12,933061.759090488,6845988.289810399,22,485.96624999999983
1,12,933061.759090488,6845988.289810399,23,485.9662500000003
1,12,933061.759090488,6845988.289810399,24,485.9662499999999
1,12,933061.759090488,6845988.289810399,25,485.9662499999999
1,12,933061.759090488,6845988.289810399,26,485.96624999999995
1,12,933061.759090488,6845988.289810399,27,485.9662499999999
1,12,933061.759090488,6845988.289810399,28,485.9662499999998
1,12,933061.759090488,6845988.289810399,29,485.96624999999995
1,12,933061.759090488,6845988.289810399,30,485.96625
1,12,933061.759090488,6845988.289810399,31,485.96624999999983
1,12,933061.759090488,6845988.289810399,32,485.96625000000006
1,12,933061.759090488,6845988.289810399,33,485.96624999999983
1,12,933061.759090488,6845988.289810399,34,485.96624999999966
1,12,933061.759090488,6845988.289810399,35,485.9662500000001
1,12,933061.759090488,6845988.289810399,36,485.96624999999995
1,12,933061.759090488,6845988.289810399,37,485.96624999999995
1,12,933061.759090488,6845988.289810399,38,485.96624999999995
1,12,933061.759090488,6845988.289810399,39,485.96625000000006
1,12,933061.759090488,6845988.289810399,40,485.9662499999999
1,12,933061.759090488,6845988.289810399,41,485.9662499999997
1,12,933061.759090488,6845988.289810399,42,485.96624999999955
1,12,933061.759090488,6845988.289810399,43,485.9662500000001
1,12,933061.759090488,6845988.289810399,44,485.96624999999983
1,12,933061.759090488,6845988.289810399,45,485.9662499999998
1,12,933061.759090488,6845988.289810399,46,485.9662499999996
1,12,933061.759090488,6845988.289810399,47,485.9662500000002
1,12,933061.759090488,6845988.289810399,48,485.9662499999999
1,60,933867.5998214042,6848816.004434429,1,113.09760000000004
1,60,933867.5998214042,6848816.004434429,2,116.88565132323725
1,60,933867.5998214042,6848816.004434429,3,127.23479999999999
1,60,933867.5998214042,6848816.004434429,4,141.37200000000004
1,60,933867.5998214042,6848816.004434429,5,155.5092000000001
1,60,933867.5998214042,6848816.004434429,6,77.40056271582266
1,60,933867.5998214042,6848816.004434429,7,79.16832000000005
1,60,933867.5998214042,6848816.004434429,8,77.40056271582266
1,60,933867.5998214042,6848816.004434429,9,155.50920000000008
1,60,933867.5998214042,6848816.004434429,10,141.37200000000004
1,60,933867.5998214042,6848816.004434429,11,127.2348
1,60,933867.5998214042,6848816.004434429,12,116.88565132323725
1,60,933867.5998214042,6848816.004434429,13,113.09760000000006
1,60,933867.5998214042,6848816.004434429,14,116.88565132323727
1,60,933867.5998214042,6848816.004434429,15,127.23479999999999
1,60,933867.5998214042,6848816.004434429,16,141.37200000000004
1,60,933867.5998214042,6848816.004434429,17,155.5092000000001
1,60,933867.5998214042,6848816.004434429,18,77.40056271582266
1,60,933867.5998214042,6848816.004434429,19,79.16832000000005
1,60,933867.5998214042,6848816.004434429,20,77.40056271582267
1,60,933867.5998214042,6848816.004434429,21,155.50920000000013
1,60,933867.5998214042,6848816.004434429,22,141.37200000000004
1,60,933867.5998214042,6848816.004434429,23,127.23480000000002
1,60,933867.5998214042,6848816.004434429,24,116.88565132323725
1,60,933867.5998214042,6848816.004434429,25,113.09760000000004
1,60,933867.5998214042,6848816.004434429,26,116.88565132323725
1,60,933867.5998214042,6848816.004434429,27,127.2348
1,60,933867.5998214042,6848816.004434429,28,141.37200000000004
1,60,933867.5998214042,6848816.004434429,29,155.5092000000001
1,60,933867.5998214042,6848816.004434429,30,77.40056271582266
1,60,933867.5998214042,6848816.004434429,31,79.16832000000004
1,60,933867.5998214042,6848816.004434429,32,77.40056271582267
1,60,933867.5998214042,6848816.004434429,33,155.50920000000013
1,60,933867.5998214042,6848816.004434429,34,141.37200000000004
1,60,933867.5998214042,6848816.004434429,35,127.2348
1,60,933867.5998214042,6848816.004434429,36,116.88565132323725
1,60,933867.5998214042,6848816.004434429,37,113.09760000000006
1,60,933867.5998214042,6848816.004434429,38,116.88565132323725
1,60,933867.5998214042,6848816.004434429,39,127.2348
1,60,933867.5998214042,6848816.004434429,40,141.37200000000004
1,60,933867.5998214042,6848816.004434429,41,155.50920000000013
1,60,933867.5998214042,6848816.004434429,42,77.40056271582267
1,60,933867.5998214042,6848816.004434429,43,79.16832000000005
1,60,933867.5998214042,6848816.004434429,44,77.40056271582267
1,60,933867.5998214042,6848816.004434429,45,155.5092000000001
1,60,933867.5998214042,6848816.004434429,46,141.37200000000004
1,60,933867.5998214042,6848816.004434429,47,127.23479999999999
1,60,933867.5998214042,6848816.004434429,48,116.88565132323725
1,24,932152.499822722,6847957.104434883,1,260.3601000000017
1,24,932152.499822722,6847957.104434883,2,269.08050981703735
1,24,932152.499822722,6847957.104434883,3,292.9051125000018
1,24,932152.499822722,6847957.104434883,4,325.4501250000015
1,24,932152.499822722,6847957.104434883,5,357.9951375000026
1,24,932152.499822722,6847957.104434883,6,269.5198165997412
1,24,932152.499822722,6847957.104434883,7,275.6754000000016
1,24,932152.499822722,6847957.104434883,8,269.51981659974115
1,24,932152.499822722,6847957.104434883,9,357.99513750000256
1,24,932152.499822722,6847957.104434883,10,325.4501250000015
1,24,932152.499822722,6847957.104434883,11,292.90511250000174
1,24,932152.499822722,6847957.104434883,12,269.08050981703735
1,24,932152.499822722,6847957.104434883,13,260.3601000000018
1,24,932152.499822722,6847957.104434883,14,269.0805098170374
1,24,932152.499822722,6847957.104434883,15,292.90511250000174
1,24,932152.499822722,6847957.104434883,16,325.45012500000155
1,24,932152.499822722,6847957.104434883,17,357.99513750000256
1,24,932152.499822722,6847957.104434883,18,269.51981659974115
1,24,932152.499822722,6847957.104434883,19,275.6754000000017
1,24,932152.499822722,6847957.104434883,20,269.5198165997412
1,24,932152.499822722,6847957.104434883,21,357.9951375000025
1,24,932152.499822722,6847957.104434883,22,325.45012500000155
1,24,932152.499822722,6847957.104434883,23,292.90511250000185
1,24,932152.499822722,6847957.104434883,24,269.08050981703735
1,24,932152.499822722,6847957.104434883,25,260.3601000000017
1,24,932152.499822722,6847957.104434883,26,269.08050981703724
1,24,932152.499822722,6847957.104434883,27,292.90511250000174
1,24,932152.499822722,6847957.104434883,28,325.4501250000015
1,24,932152.499822722,6847957.104434883,29,357.99513750000256
1,24,932152.499822722,6847957.104434883,30,269.5198165997412
1,24,932152.499822722,6847957.104434883,31,275.6754000000016
1,24,932152.499822722,6847957.104434883,32,269.5198165997412
1,24,932152.499822722,6847957.104434883,33,357.9951375000025
1,24,932152.499822722,6847957.104434883,34,325.45012500000155
1,24,932152.499822722,6847957.104434883,35,292.9051125000018
1,24,932152.499822722,6847957.104434883,36,269.0805098170373
1,24,932152.499822722,6847957.104434883,37,260.3601000000017
1,24,932152.499822722,6847957.104434883,38,269.08050981703735
1,24,932152.499822722,6847957.104434883,39,292.90511250000174
1,24,932152.499822722,6847957.104434883,40,325.4501250000015
1,24,932152.499822722,6847957.104434883,41,357.99513750000256
1,24,932152.499822722,6847957.104434883,42,269.5198165997411
1,24,932152.499822722,6847957.104434883,43,275.6754000000017
1,24,932152.499822722,6847957.104434883,44,269.5198165997411
1,24,932152.499822722,6847957.104434883,45,357.9951375000025
1,24,932152.499822722,6847957.104434883,46,325.45012500000155
1,24,932152.499822722,6847957.104434883,47,292.9051125000018
1,24,932152.499822722,6847957.104434883,48,269.0805098170373
1,40,932737.3998222824,6847314.2044352,10,303.2741249999998
1,40,932737.3998222824,6847314.2044352,16,303.2741249999998
1,40,932737.3998222824,6847314.2044352,40,303.27412499999974
1,40,932737.3998222824,6847314.2044352,1,241.51050000000026
1,40,932737.3998222824,6847314.2044352,2,249.59956792982967
1,40,932737.3998222824,6847314.2044352,3,271.69931250000025
1,40,932737.3998222824,6847314.2044352,4,303.27412499999974
1,40,932737.3998222824,6847314.2044352,5,234.40725000000023
1,40,932737.3998222824,6847314.2044352,6,250.00706969659112
1,40,932737.3998222824,6847314.2044352,7,255.717
1,40,932737.3998222824,6847314.2044352,8,250.0070696965911
1,40,932737.3998222824,6847314.2044352,9,234.40725000000023
1,40,932737.3998222824,6847314.2044352,11,271.6993125000002
1,40,932737.3998222824,6847314.2044352,12,249.59956792982965
1,40,932737.3998222824,6847314.2044352,13,241.5105000000003
1,40,932737.3998222824,6847314.2044352,14,249.59956792982967
1,40,932737.3998222824,6847314.2044352,15,271.69931250000025
1,40,932737.3998222824,6847314.2044352,17,234.40725000000023
1,40,932737.3998222824,6847314.2044352,18,250.0070696965911
1,40,932737.3998222824,6847314.2044352,19,255.717
1,40,932737.3998222824,6847314.2044352,20,250.00706969659115
1,40,932737.3998222824,6847314.2044352,21,234.40725000000023
1,40,932737.3998222824,6847314.2044352,22,303.27412499999974
1,40,932737.3998222824,6847314.2044352,23,271.6993125000002
1,40,932737.3998222824,6847314.2044352,24,249.59956792982965
1,40,932737.3998222824,6847314.2044352,25,241.5105000000003
1,40,932737.3998222824,6847314.2044352,26,249.59956792982965
1,40,932737.3998222824,6847314.2044352,27,271.6993125000002
1,40,932737.3998222824,6847314.2044352,28,303.27412499999974
1,40,932737.3998222824,6847314.2044352,29,234.4072500000002
1,40,932737.3998222824,6847314.2044352,30,250.00706969659115
1,40,932737.3998222824,6847314.2044352,31,255.717
1,40,932737.3998222824,6847314.2044352,32,250.00706969659115
1,40,932737.3998222824,6847314.2044352,33,234.40725000000023
1,40,932737.3998222824,6847314.2044352,34,303.2741249999998
1,40,932737.3998222824,6847314.2044352,35,271.6993125000002
1,40,932737.3998222824,6847314.2044352,36,249.59956792982965
1,40,932737.3998222824,6847314.2044352,37,241.5105000000003
1,40,932737.3998222824,6847314.2044352,38,249.59956792982967
1,40,932737.3998222824,6847314.2044352,39,271.69931250000025
1,40,932737.3998222824,6847314.2044352,41,234.40725000000023
1,40,932737.3998222824,6847314.2044352,42,250.0070696965911
1,40,932737.3998222824,6847314.2044352,43,255.717
1,40,932737.3998222824,6847314.2044352,44,250.00706969659115
1,40,932737.3998222824,6847314.2044352,45,234.40725000000026
1,40,932737.3998222824,6847314.2044352,46,303.2741249999998
1,40,932737.3998222824,6847314.2044352,47,271.69931250000025
1,40,932737.3998222824,6847314.2044352,48,249.59956792982965
1,61,932731.0998222867,6847344.104435187,1,270.963
1,61,932731.0998222867,6847344.104435187,2,280.03853962858966
1,61,932731.0998222867,6847344.104435187,3,304.83337500000033
1,61,932731.0998222867,6847344.104435187,4,337.3177499999997
1,61,932731.0998222867,6847344.104435187,5,262.9935000000002
1,61,932731.0998222867,6847344.104435187,6,280.49573673276063
1,61,932731.0998222867,6847344.104435187,7,286.90200000000004
1,61,932731.0998222867,6847344.104435187,8,280.49573673276063
1,61,932731.0998222867,6847344.104435187,9,262.9935000000002
1,61,932731.0998222867,6847344.104435187,11,304.83337500000033
1,61,932731.0998222867,6847344.104435187,12,280.03853962858966
1,61,932731.0998222867,6847344.104435187,13,270.963
1,61,932731.0998222867,6847344.104435187,14,280.0385396285896
1,61,932731.0998222867,6847344.104435187,15,304.83337500000033
1,61,932731.0998222867,6847344.104435187,17,262.9935000000002
1,61,932731.0998222867,6847344.104435187,18,280.4957367327607
1,61,932731.0998222867,6847344.104435187,19,286.902
1,61,932731.0998222867,6847344.104435187,20,280.49573673276063
1,61,932731.0998222867,6847344.104435187,21,262.9935000000002
1,61,932731.0998222867,6847344.104435187,22,337.31774999999965
1,61,932731.0998222867,6847344.104435187,23,304.8333750000003
1,61,932731.0998222867,6847344.104435187,24,280.03853962858966
1,61,932731.0998222867,6847344.104435187,25,270.963
1,61,932731.0998222867,6847344.104435187,26,280.03853962858966
1,61,932731.0998222867,6847344.104435187,27,304.83337500000033
1,61,932731.0998222867,6847344.104435187,28,337.31774999999965
1,61,932731.0998222867,6847344.104435187,29,262.99350000000015
1,61,932731.0998222867,6847344.104435187,30,280.49573673276063
1,61,932731.0998222867,6847344.104435187,31,286.90200000000004
1,61,932731.0998222867,6847344.104435187,32,280.49573673276063
1,61,932731.0998222867,6847344.104435187,33,262.9935000000002
1,61,932731.0998222867,6847344.104435187,34,337.3177499999996
1,61,932731.0998222867,6847344.104435187,35,304.83337500000033
1,61,932731.0998222867,6847344.104435187,36,280.03853962858966
1,61,932731.0998222867,6847344.104435187,37,270.963
1,61,932731.0998222867,6847344.104435187,38,280.03853962858966
1,61,932731.0998222867,6847344.104435187,39,304.8333750000003
1,61,932731.0998222867,6847344.104435187,41,262.9935000000002
1,61,932731.0998222867,6847344.104435187,42,280.4957367327607
1,61,932731.0998222867,6847344.104435187,43,286.90200000000004
1,61,932731.0998222867,6847344.104435187,44,280.49573673276063
1,61,932731.0998222867,6847344.104435187,45,262.9935000000002
1,61,932731.0998222867,6847344.104435187,46,337.31774999999965
1,61,932731.0998222867,6847344.104435187,47,304.8333750000003
1,61,932731.0998222867,6847344.104435187,48,280.03853962858966
1,61,932731.0998222867,6847344.104435187,10,337.3177499999997
1,61,932731.0998222867,6847344.104435187,16,337.3177499999997
1,61,932731.0998222867,6847344.104435187,40,337.3177499999997
1,52,933544.3998216777,6846209.704435752,1,1099.1673000000005
1,52,933544.3998216777,6846209.704435752,2,1135.9824237977107
1,52,933544.3998216777,6846209.704435752,3,1197.5732999999993
1,52,933544.3998216777,6846209.704435752,4,1107.240750000001
1,52,933544.3998216777,6846209.704435752,5,1066.83885
1,52,933544.3998216777,6846209.704435752,6,1137.837053789852
1,52,933544.3998216777,6846209.704435752,7,1163.8242000000002
1,52,933544.3998216777,6846209.704435752,8,1137.837053789852
1,52,933544.3998216777,6846209.704435752,9,1066.83885
1,52,933544.3998216777,6846209.704435752,10,1107.2407500000004
1,52,933544.3998216777,6846209.704435752,11,1197.5732999999987
1,52,933544.3998216777,6846209.704435752,12,1135.9824237977107
1,52,933544.3998216777,6846209.704435752,13,1099.1673000000008
1,52,933544.3998216777,6846209.704435752,14,1135.9824237977107
1,52,933544.3998216777,6846209.704435752,15,1197.573299999999
1,52,933544.3998216777,6846209.704435752,16,1107.2407500000002
1,52,933544.3998216777,6846209.704435752,17,1066.83885
1,52,933544.3998216777,6846209.704435752,18,1137.837053789852
1,52,933544.3998216777,6846209.704435752,19,1163.8241999999996
1,52,933544.3998216777,6846209.704435752,20,1137.8370537898522
1,52,933544.3998216777,6846209.704435752,21,1066.83885
1,52,933544.3998216777,6846209.704435752,22,1107.2407500000004
1,52,933544.3998216777,6846209.704435752,23,1197.5732999999987
1,52,933544.3998216777,6846209.704435752,24,1135.9824237977105
1,52,933544.3998216777,6846209.704435752,25,1099.1673000000005
1,52,933544.3998216777,6846209.704435752,26,1135.9824237977105
1,52,933544.3998216777,6846209.704435752,27,1197.5732999999987
1,52,933544.3998216777,6846209.704435752,28,1107.24075
1,52,933544.3998216777,6846209.704435752,29,1066.83885
1,52,933544.3998216777,6846209.704435752,30,1137.837053789852
1,52,933544.3998216777,6846209.704435752,31,1163.8242000000002
1,52,933544.3998216777,6846209.704435752,32,1137.837053789852
1,52,933544.3998216777,6846209.704435752,33,1066.83885
1,52,933544.3998216777,6846209.704435752,34,1107.2407500000006
1,52,933544.3998216777,6846209.704435752,35,1197.5732999999989
1,52,933544.3998216777,6846209.704435752,36,1135.9824237977107
1,52,933544.3998216777,6846209.704435752,37,1099.1673000000008
1,52,933544.3998216777,6846209.704435752,38,1135.9824237977107
1,52,933544.3998216777,6846209.704435752,39,1197.573299999999
1,52,933544.3998216777,6846209.704435752,40,1107.2407500000002
1,52,933544.3998216777,6846209.704435752,41,1066.83885
1,52,933544.3998216777,6846209.704435752,42,1137.8370537898522
1,52,933544.3998216777,6846209.704435752,43,1163.8242000000002
1,52,933544.3998216777,6846209.704435752,44,1137.8370537898522
1,52,933544.3998216777,6846209.704435752,45,1066.83885
1,52,933544.3998216777,6846209.704435752,46,1107.2407500000008
1,52,933544.3998216777,6846209.704435752,47,1197.5732999999989
1,52,933544.3998216777,6846209.704435752,48,1135.9824237977107
1,13,933807.2281635706,6848521.778365977,1,275.67540000000014
1,13,933807.2281635706,6848521.778365977,2,284.908775100391
1,13,933807.2281635706,6848521.778365977,3,225.25098749997804
1,13,933807.2281635706,6848521.778365977,4,243.24299999999982
1,13,933807.2281635706,6848521.778365977,5,267.5673000000004
1,13,933807.2281635706,6848521.778365977,6,285.37392345854784
1,13,933807.2281635706,6848521.778365977,7,291.8915999999998
1,13,933807.2281635706,6848521.778365977,8,285.37392345854784
1,13,933807.2281635706,6848521.778365977,9,267.56730000000033
1,13,933807.2281635706,6848521.778365977,10,243.24299999999982
1,13,933807.2281635706,6848521.778365977,11,225.25098749998276
1,13,933807.2281635706,6848521.778365977,12,284.908775100391
1,13,933807.2281635706,6848521.778365977,13,275.67540000000014
1,13,933807.2281635706,6848521.778365977,14,284.908775100391
1,13,933807.2281635706,6848521.778365977,15,225.2509874999767
1,13,933807.2281635706,6848521.778365977,16,243.24299999999982
1,13,933807.2281635706,6848521.778365977,17,267.56730000000033
1,13,933807.2281635706,6848521.778365977,18,285.3739234585479
1,13,933807.2281635706,6848521.778365977,19,291.89159999999987
1,13,933807.2281635706,6848521.778365977,20,285.3739234585479
1,13,933807.2281635706,6848521.778365977,21,267.5673000000004
1,13,933807.2281635706,6848521.778365977,22,243.24299999999982
1,13,933807.2281635706,6848521.778365977,23,225.25098749997588
1,13,933807.2281635706,6848521.778365977,24,284.908775100391
1,13,933807.2281635706,6848521.778365977,25,275.67540000000014
1,13,933807.2281635706,6848521.778365977,26,284.908775100391
1,13,933807.2281635706,6848521.778365977,27,222.91211249997363
1,13,933807.2281635706,6848521.778365977,28,243.24299999999982
1,13,933807.2281635706,6848521.778365977,29,267.5673000000004
1,13,933807.2281635706,6848521.778365977,30,285.37392345854784
1,13,933807.2281635706,6848521.778365977,31,291.8915999999998
1,13,933807.2281635706,6848521.778365977,32,285.3739234585479
1,13,933807.2281635706,6848521.778365977,33,267.56730000000033
1,13,933807.2281635706,6848521.778365977,34,243.24299999999982
1,13,933807.2281635706,6848521.778365977,35,222.91211249997565
1,13,933807.2281635706,6848521.778365977,36,284.908775100391
1,13,933807.2281635706,6848521.778365977,37,275.67540000000014
1,13,933807.2281635706,6848521.778365977,38,284.908775100391
1,13,933807.2281635706,6848521.778365977,39,225.25098749997485
1,13,933807.2281635706,6848521.778365977,40,243.24299999999982
1,13,933807.2281635706,6848521.778365977,41,267.56730000000033
1,13,933807.2281635706,6848521.778365977,42,285.3739234585479
1,13,933807.2281635706,6848521.778365977,43,291.89159999999987
1,13,933807.2281635706,6848521.778365977,44,285.3739234585479
1,13,933807.2281635706,6848521.778365977,45,267.5673000000004
1,13,933807.2281635706,6848521.778365977,46,243.24299999999982
1,13,933807.2281635706,6848521.778365977,47,225.25098749998781
1,13,933807.2281635706,6848521.778365977,48,284.908775100391
1,5,933436.0728134823,6847046.593612878,1,111.91950000000017
1,5,933436.0728134823,6847046.593612878,2,114.34499999999986
1,5,933436.0728134823,6847046.593612878,3,88.87725000000002
1,5,933436.0728134823,6847046.593612878,4,98.75250000000004
1,5,933436.0728134823,6847046.593612878,5,108.62775000000009
1,5,933436.0728134823,6847046.593612878,6,114.34500000000003
1,5,933436.0728134823,6847046.593612878,7,114.34499999999997
1,5,933436.0728134823,6847046.593612878,8,114.34500000000003
1,5,933436.0728134823,6847046.593612878,9,108.62775000000009
1,5,933436.0728134823,6847046.593612878,10,98.75250000000007
1,5,933436.0728134823,6847046.593612878,11,88.87724999999999
1,5,933436.0728134823,6847046.593612878,12,114.3449999999999
1,5,933436.0728134823,6847046.593612878,13,111.91950000000014
1,5,933436.0728134823,6847046.593612878,14,114.34499999999986
1,5,933436.0728134823,6847046.593612878,15,88.87725
1,5,933436.0728134823,6847046.593612878,16,98.75250000000007
1,5,933436.0728134823,6847046.593612878,17,108.62775000000009
1,5,933436.0728134823,6847046.593612878,18,114.34500000000003
1,5,933436.0728134823,6847046.593612878,19,114.34499999999998
1,5,933436.0728134823,6847046.593612878,20,114.34500000000004
1,5,933436.0728134823,6847046.593612878,21,108.62775000000009
1,5,933436.0728134823,6847046.593612878,22,98.75250000000007
1,5,933436.0728134823,6847046.593612878,23,88.87724999999999
1,5,933436.0728134823,6847046.593612878,24,114.34499999999989
1,5,933436.0728134823,6847046.593612878,25,111.91950000000014
1,5,933436.0728134823,6847046.593612878,26,114.34499999999989
1,5,933436.0728134823,6847046.593612878,27,88.87724999999999
1,5,933436.0728134823,6847046.593612878,28,98.75250000000007
1,5,933436.0728134823,6847046.593612878,29,108.62775000000009
1,5,933436.0728134823,6847046.593612878,30,114.34500000000003
1,5,933436.0728134823,6847046.593612878,31,114.34499999999997
1,5,933436.0728134823,6847046.593612878,32,114.34500000000003
1,5,933436.0728134823,6847046.593612878,33,108.62775000000009
1,5,933436.0728134823,6847046.593612878,34,98.75250000000007
1,5,933436.0728134823,6847046.593612878,35,88.87724999999999
1,5,933436.0728134823,6847046.593612878,36,114.34499999999986
1,5,933436.0728134823,6847046.593612878,37,111.91950000000016
1,5,933436.0728134823,6847046.593612878,38,114.34499999999989
1,5,933436.0728134823,6847046.593612878,39,88.87724999999999
1,5,933436.0728134823,6847046.593612878,40,98.75250000000007
1,5,933436.0728134823,6847046.593612878,41,108.62775000000009
1,5,933436.0728134823,6847046.593612878,42,114.34500000000003
1,5,933436.0728134823,6847046.593612878,43,114.34499999999994
1,5,933436.0728134823,6847046.593612878,44,114.34500000000003
1,5,933436.0728134823,6847046.593612878,45,108.62775000000009
1,5,933436.0728134823,6847046.593612878,46,98.75250000000007
1,5,933436.0728134823,6847046.593612878,47,88.87725
1,5,933436.0728134823,6847046.593612878,48,114.34499999999989
1,11,934096.4175246346,6847743.417716952,1,43.58970000000002
1,11,934096.4175246346,6847743.417716952,2,45.049678114164415
1,11,934096.4175246346,6847743.417716952,3,49.03841250000001
1,11,934096.4175246346,6847743.417716952,4,54.48712500000002
1,11,934096.4175246346,6847743.417716952,5,55.26675000000001
1,11,934096.4175246346,6847743.417716952,6,45.12322721353107
1,11,934096.4175246346,6847743.417716952,7,46.15380000000005
1,11,934096.4175246346,6847743.417716952,8,45.12322721353107
1,11,934096.4175246346,6847743.417716952,9,55.26675000000002
1,11,934096.4175246346,6847743.417716952,10,54.48712500000002
1,11,934096.4175246346,6847743.417716952,11,49.0384125
1,11,934096.4175246346,6847743.417716952,12,45.04967811416441
1,11,934096.4175246346,6847743.417716952,13,43.58970000000002
1,11,934096.4175246346,6847743.417716952,14,45.049678114164415
1,11,934096.4175246346,6847743.417716952,15,49.03841250000001
1,11,934096.4175246346,6847743.417716952,16,54.48712500000002
1,11,934096.4175246346,6847743.417716952,17,55.26675000000001
1,11,934096.4175246346,6847743.417716952,18,45.12322721353107
1,11,934096.4175246346,6847743.417716952,19,46.15380000000005
1,11,934096.4175246346,6847743.417716952,20,45.12322721353107
1,11,934096.4175246346,6847743.417716952,21,55.266750000000016
1,11,934096.4175246346,6847743.417716952,22,54.48712500000002
1,11,934096.4175246346,6847743.417716952,23,49.03841250000001
1,11,934096.4175246346,6847743.417716952,24,45.04967811416441
1,11,934096.4175246346,6847743.417716952,25,43.589700000000015
1,11,934096.4175246346,6847743.417716952,26,45.04967811416441
1,11,934096.4175246346,6847743.417716952,27,49.03841250000001
1,11,934096.4175246346,6847743.417716952,28,54.48712500000002
1,11,934096.4175246346,6847743.417716952,29,55.26675
1,11,934096.4175246346,6847743.417716952,30,45.12322721353107
1,11,934096.4175246346,6847743.417716952,31,46.15380000000005
1,11,934096.4175246346,6847743.417716952,32,45.12322721353107
1,11,934096.4175246346,6847743.417716952,33,55.26675
1,11,934096.4175246346,6847743.417716952,34,54.48712500000002
1,11,934096.4175246346,6847743.417716952,35,49.03841250000001
1,11,934096.4175246346,6847743.417716952,36,45.049678114164415
1,11,934096.4175246346,6847743.417716952,37,43.58970000000002
1,11,934096.4175246346,6847743.417716952,38,45.04967811416441
1,11,934096.4175246346,6847743.417716952,39,49.03841250000001
1,11,934096.4175246346,6847743.417716952,40,54.48712500000002
1,11,934096.4175246346,6847743.417716952,41,55.266750000000016
1,11,934096.4175246346,6847743.417716952,42,45.12322721353107
1,11,934096.4175246346,6847743.417716952,43,46.15380000000005
1,11,934096.4175246346,6847743.417716952,44,45.12322721353107
1,11,934096.4175246346,6847743.417716952,45,55.26675000000001
1,11,934096.4175246346,6847743.417716952,46,54.487125000000034
1,11,934096.4175246346,6847743.417716952,47,49.03841250000001
1,11,934096.4175246346,6847743.417716952,48,45.049678114164415
1,35,933588.4998216212,6848428.004434628,1,303.9498000000003
1,35,933588.4998216212,6848428.004434628,2,314.1301879312001
1,35,933588.4998216212,6848428.004434628,3,341.9435250000004
1,35,933588.4998216212,6848428.004434628,4,268.19099999999975
1,35,933588.4998216212,6848428.004434628,5,295.0101000000004
1,35,933588.4998216212,6848428.004434628,6,314.6430438132707
1,35,933588.4998216212,6848428.004434628,7,321.8291999999998
1,35,933588.4998216212,6848428.004434628,8,314.6430438132707
1,35,933588.4998216212,6848428.004434628,9,295.01010000000036
1,35,933588.4998216212,6848428.004434628,10,268.19099999999975
1,35,933588.4998216212,6848428.004434628,11,341.94352500000036
1,35,933588.4998216212,6848428.004434628,12,314.1301879312001
1,35,933588.4998216212,6848428.004434628,13,303.9498000000003
1,35,933588.4998216212,6848428.004434628,14,314.1301879312001
1,35,933588.4998216212,6848428.004434628,15,341.9435250000004
1,35,933588.4998216212,6848428.004434628,16,268.1909999999998
1,35,933588.4998216212,6848428.004434628,17,295.0101000000004
1,35,933588.4998216212,6848428.004434628,18,314.6430438132707
1,35,933588.4998216212,6848428.004434628,19,321.8291999999998
1,35,933588.4998216212,6848428.004434628,20,314.6430438132707
1,35,933588.4998216212,6848428.004434628,21,295.01010000000036
1,35,933588.4998216212,6848428.004434628,22,268.19099999999975
1,35,933588.4998216212,6848428.004434628,23,341.9435250000004
1,35,933588.4998216212,6848428.004434628,24,314.1301879312001
1,35,933588.4998216212,6848428.004434628,25,303.9498000000003
1,35,933588.4998216212,6848428.004434628,26,314.1301879312001
1,35,933588.4998216212,6848428.004434628,27,341.94352500000036
1,35,933588.4998216212,6848428.004434628,28,268.19099999999975
1,35,933588.4998216212,6848428.004434628,29,295.0101000000004
1,35,933588.4998216212,6848428.004434628,30,314.6430438132707
1,35,933588.4998216212,6848428.004434628,31,321.8291999999998
1,35,933588.4998216212,6848428.004434628,32,314.6430438132707
1,35,933588.4998216212,6848428.004434628,33,295.0101000000004
1,35,933588.4998216212,6848428.004434628,34,268.19099999999975
1,35,933588.4998216212,6848428.004434628,35,341.9435250000005
1,35,933588.4998216212,6848428.004434628,36,314.1301879312001
1,35,933588.4998216212,6848428.004434628,37,303.9498000000004
1,35,933588.4998216212,6848428.004434628,38,314.1301879312001
1,35,933588.4998216212,6848428.004434628,39,341.94352500000036
1,35,933588.4998216212,6848428.004434628,40,268.19099999999975
1,35,933588.4998216212,6848428.004434628,41,295.0101000000004
1,35,933588.4998216212,6848428.004434628,42,314.6430438132707
1,35,933588.4998216212,6848428.004434628,43,321.8291999999998
1,35,933588.4998216212,6848428.004434628,44,314.6430438132707
1,35,933588.4998216212,6848428.004434628,45,295.01010000000036
1,35,933588.4998216212,6848428.004434628,46,268.19099999999975
1,35,933588.4998216212,6848428.004434628,47,341.9435250000004
1,35,933588.4998216212,6848428.004434628,48,314.1301879312001
1,77,934467.3998209637,6847130.604435277,1,293.34690000000023
1,77,934467.3998209637,6847130.604435277,2,303.17215811964667
1,77,934467.3998209637,6847130.604435277,3,232.95195000000012
1,77,934467.3998209637,6847130.604435277,4,258.83549999999997
1,77,934467.3998209637,6847130.604435277,5,284.7190500000002
1,77,934467.3998209637,6847130.604435277,6,303.6671236802496
1,77,934467.3998209637,6847130.604435277,7,310.60260000000005
1,77,934467.3998209637,6847130.604435277,8,303.6671236802496
1,77,934467.3998209637,6847130.604435277,9,284.7190500000002
1,77,934467.3998209637,6847130.604435277,10,258.83549999999997
1,77,934467.3998209637,6847130.604435277,11,232.95195000000015
1,77,934467.3998209637,6847130.604435277,12,303.17215811964655
1,77,934467.3998209637,6847130.604435277,13,293.3469000000002
1,77,934467.3998209637,6847130.604435277,14,303.17215811964655
1,77,934467.3998209637,6847130.604435277,15,232.95195000000012
1,77,934467.3998209637,6847130.604435277,16,258.8354999999999
1,77,934467.3998209637,6847130.604435277,17,284.7190500000002
1,77,934467.3998209637,6847130.604435277,18,303.6671236802497
1,77,934467.3998209637,6847130.604435277,19,310.60260000000005
1,77,934467.3998209637,6847130.604435277,20,303.6671236802496
1,77,934467.3998209637,6847130.604435277,21,284.7190500000002
1,77,934467.3998209637,6847130.604435277,22,258.83549999999997
1,77,934467.3998209637,6847130.604435277,23,232.95195000000012
1,77,934467.3998209637,6847130.604435277,24,303.17215811964655
1,77,934467.3998209637,6847130.604435277,25,293.34690000000023
1,77,934467.3998209637,6847130.604435277,26,303.17215811964655
1,77,934467.3998209637,6847130.604435277,27,232.95195000000012
1,77,934467.3998209637,6847130.604435277,28,258.83549999999997
1,77,934467.3998209637,6847130.604435277,29,284.7190500000002
1,77,934467.3998209637,6847130.604435277,30,303.6671236802496
1,77,934467.3998209637,6847130.604435277,31,310.6026
1,77,934467.3998209637,6847130.604435277,32,303.6671236802496
1,77,934467.3998209637,6847130.604435277,33,284.7190500000002
1,77,934467.3998209637,6847130.604435277,34,258.83549999999997
1,77,934467.3998209637,6847130.604435277,35,232.9519500000001
1,77,934467.3998209637,6847130.604435277,36,303.17215811964655
1,77,934467.3998209637,6847130.604435277,37,293.3469000000002
1,77,934467.3998209637,6847130.604435277,38,303.1721581196466
1,77,934467.3998209637,6847130.604435277,39,232.9519500000001
1,77,934467.3998209637,6847130.604435277,40,258.8354999999999
1,77,934467.3998209637,6847130.604435277,41,284.7190500000002
1,77,934467.3998209637,6847130.604435277,42,303.6671236802496
1,77,934467.3998209637,6847130.604435277,43,310.60260000000005
1,77,934467.3998209637,6847130.604435277,44,303.6671236802496
1,77,934467.3998209637,6847130.604435277,45,284.7190500000002
1,77,934467.3998209637,6847130.604435277,46,258.83549999999997
1,77,934467.3998209637,6847130.604435277,47,232.9519500000001
1,77,934467.3998209637,6847130.604435277,48,303.17215811964655
1,15,934147.6454661533,6847934.640032243,1,367.8097499999998
1,15,934147.6454661533,6847934.640032243,2,367.80975
1,15,934147.6454661533,6847934.640032243,3,367.80975000000007
1,15,934147.6454661533,6847934.640032243,4,367.8097499999998
1,15,934147.6454661533,6847934.640032243,5,367.8097500000001
1,15,934147.6454661533,6847934.640032243,6,367.80974999999995
1,15,934147.6454661533,6847934.640032243,7,367.8097499999997
1,15,934147.6454661533,6847934.640032243,8,367.8097499999999
1,15,934147.6454661533,6847934.640032243,9,367.80975000000007
1,15,934147.6454661533,6847934.640032243,10,367.80974999999984
1,15,934147.6454661533,6847934.640032243,11,367.80975000000007
1,15,934147.6454661533,6847934.640032243,12,367.80974999999995
1,15,934147.6454661533,6847934.640032243,13,367.80974999999984
1,15,934147.6454661533,6847934.640032243,14,367.80974999999984
1,15,934147.6454661533,6847934.640032243,15,367.80975000000007
1,15,934147.6454661533,6847934.640032243,16,367.80974999999984
1,15,934147.6454661533,6847934.640032243,17,367.80974999999995
1,15,934147.6454661533,6847934.640032243,18,367.80974999999995
1,15,934147.6454661533,6847934.640032243,19,367.8097499999998
1,15,934147.6454661533,6847934.640032243,20,367.80974999999995
1,15,934147.6454661533,6847934.640032243,21,367.80975000000007
1,15,934147.6454661533,6847934.640032243,22,367.8097499999998
1,15,934147.6454661533,6847934.640032243,23,367.80975000000007
1,15,934147.6454661533,6847934.640032243,24,367.80974999999995
1,15,934147.6454661533,6847934.640032243,25,367.80974999999984
1,15,934147.6454661533,6847934.640032243,26,367.80974999999995
1,15,934147.6454661533,6847934.640032243,27,367.80975
1,15,934147.6454661533,6847934.640032243,28,367.80974999999984
1,15,934147.6454661533,6847934.640032243,29,367.80974999999995
1,15,934147.6454661533,6847934.640032243,30,367.8097499999999
1,15,934147.6454661533,6847934.640032243,31,367.8097499999998
1,15,934147.6454661533,6847934.640032243,32,367.80974999999995
1,15,934147.6454661533,6847934.640032243,33,367.80975000000007
1,15,934147.6454661533,6847934.640032243,34,367.80974999999984
1,15,934147.6454661533,6847934.640032243,35,367.80975
1,15,934147.6454661533,6847934.640032243,36,367.80975000000007
1,15,934147.6454661533,6847934.640032243,37,367.80974999999984
1,15,934147.6454661533,6847934.640032243,38,367.80974999999984
1,15,934147.6454661533,6847934.640032243,39,367.80975000000007
1,15,934147.6454661533,6847934.640032243,40,367.80974999999984
1,15,934147.6454661533,6847934.640032243,41,367.80975000000007
1,15,934147.6454661533,6847934.640032243,42,367.8097499999999
1,15,934147.6454661533,6847934.640032243,43,367.8097499999998
1,15,934147.6454661533,6847934.640032243,44,367.8097499999999
1,15,934147.6454661533,6847934.640032243,45,367.80975000000007
1,15,934147.6454661533,6847934.640032243,46,367.80974999999984
1,15,934147.6454661533,6847934.640032243,47,367.8097499999998
1,15,934147.6454661533,6847934.640032243,48,367.80974999999995
1,14,934219.8512487066,6847970.932334671,1,586.4512500000004
1,14,934219.8512487066,6847970.932334671,2,618.4129330398135
1,14,934219.8512487066,6847970.932334671,3,705.7338750000009
1,14,934219.8512487066,6847970.932334671,4,722.2792499999993
1,14,934219.8512487066,6847970.932334671,5,558.3847500000007
1,14,934219.8512487066,6847970.932334671,6,620.0230619718965
1,14,934219.8512487066,6847970.932334671,7,642.5842500000008
1,14,934219.8512487066,6847970.932334671,8,620.0230619718964
1,14,934219.8512487066,6847970.932334671,9,558.3847500000008
1,14,934219.8512487066,6847970.932334671,10,722.2792499999993
1,14,934219.8512487066,6847970.932334671,11,705.7338750000005
1,14,934219.8512487066,6847970.932334671,12,618.4129330398138
1,14,934219.8512487066,6847970.932334671,13,586.4512500000001
1,14,934219.8512487066,6847970.932334671,14,618.4129330398138
1,14,934219.8512487066,6847970.932334671,15,705.7338750000007
1,14,934219.8512487066,6847970.932334671,16,722.2792499999998
1,14,934219.8512487066,6847970.932334671,17,558.384750000001
1,14,934219.8512487066,6847970.932334671,18,620.0230619718965
1,14,934219.8512487066,6847970.932334671,19,642.5842500000006
1,14,934219.8512487066,6847970.932334671,20,620.0230619718964
1,14,934219.8512487066,6847970.932334671,21,558.3847500000007
1,14,934219.8512487066,6847970.932334671,22,722.2792499999998
1,14,934219.8512487066,6847970.932334671,23,705.7338750000006
1,14,934219.8512487066,6847970.932334671,24,618.4129330398134
1,14,934219.8512487066,6847970.932334671,25,586.4512500000003
1,14,934219.8512487066,6847970.932334671,26,618.4129330398138
1,14,934219.8512487066,6847970.932334671,27,705.7338750000007
1,14,934219.8512487066,6847970.932334671,28,722.2792499999998
1,14,934219.8512487066,6847970.932334671,29,558.3847500000008
1,14,934219.8512487066,6847970.932334671,30,620.0230619718966
1,14,934219.8512487066,6847970.932334671,31,642.5842500000007
1,14,934219.8512487066,6847970.932334671,32,620.0230619718965
1,14,934219.8512487066,6847970.932334671,33,558.3847500000008
1,14,934219.8512487066,6847970.932334671,34,722.2792499999993
1,14,934219.8512487066,6847970.932334671,35,705.7338750000008
1,14,934219.8512487066,6847970.932334671,36,618.4129330398137
1,14,934219.8512487066,6847970.932334671,37,586.4512500000003
1,14,934219.8512487066,6847970.932334671,38,618.4129330398138
1,14,934219.8512487066,6847970.932334671,39,705.7338750000007
1,14,934219.8512487066,6847970.932334671,40,722.2792499999999
1,14,934219.8512487066,6847970.932334671,41,558.3847500000008
1,14,934219.8512487066,6847970.932334671,42,620.0230619718965
1,14,934219.8512487066,6847970.932334671,43,642.5842500000007
1,14,934219.8512487066,6847970.932334671,44,620.0230619718965
1,14,934219.8512487066,6847970.932334671,45,558.3847500000008
1,14,934219.8512487066,6847970.932334671,46,722.2792499999999
1,14,934219.8512487066,6847970.932334671,47,705.7338750000006
1,14,934219.8512487066,6847970.932334671,48,618.4129330398138
1,30,933207.9998219206,6847554.204435076,1,733.7137499999982
1,30,933207.9998219206,6847554.204435076,2,733.7137499999978
1,30,933207.9998219206,6847554.204435076,3,733.713750000001
1,30,933207.9998219206,6847554.204435076,4,733.7137499999985
1,30,933207.9998219206,6847554.204435076,5,733.713749999999
1,30,933207.9998219206,6847554.204435076,6,733.7137500000003
1,30,933207.9998219206,6847554.204435076,7,733.713750000001
1,30,933207.9998219206,6847554.204435076,8,733.7137499999998
1,30,933207.9998219206,6847554.204435076,9,733.7137499999989
1,30,933207.9998219206,6847554.204435076,10,733.7137499999993
1,30,933207.9998219206,6847554.204435076,11,733.7137500000003
1,30,933207.9998219206,6847554.204435076,12,733.713749999998
1,30,933207.9998219206,6847554.204435076,13,733.7137499999985
1,30,933207.9998219206,6847554.204435076,14,733.713749999998
1,30,933207.9998219206,6847554.204435076,15,733.7137500000008
1,30,933207.9998219206,6847554.204435076,16,733.7137499999989
1,30,933207.9998219206,6847554.204435076,17,733.713749999999
1,30,933207.9998219206,6847554.204435076,18,733.7137499999997
1,30,933207.9998219206,6847554.204435076,19,733.7137500000006
1,30,933207.9998219206,6847554.204435076,20,733.7137499999994
1,30,933207.9998219206,6847554.204435076,21,733.7137499999985
1,30,933207.9998219206,6847554.204435076,22,733.7137499999986
1,30,933207.9998219206,6847554.204435076,23,733.7137500000011
1,30,933207.9998219206,6847554.204435076,24,733.7137499999981
1,30,933207.9998219206,6847554.204435076,25,733.713749999998
1,30,933207.9998219206,6847554.204435076,26,733.713749999998
1,30,933207.9998219206,6847554.204435076,27,733.7137500000009
1,30,933207.9998219206,6847554.204435076,28,733.713749999999
1,30,933207.9998219206,6847554.204435076,29,733.7137499999985
1,30,933207.9998219206,6847554.204435076,30,733.7137500000005
1,30,933207.9998219206,6847554.204435076,31,733.7137500000008
1,30,933207.9998219206,6847554.204435076,32,733.7137499999994
1,30,933207.9998219206,6847554.204435076,33,733.7137499999986
1,30,933207.9998219206,6847554.204435076,34,733.7137499999989
1,30,933207.9998219206,6847554.204435076,35,733.7137500000008
1,30,933207.9998219206,6847554.204435076,36,733.7137499999977
1,30,933207.9998219206,6847554.204435076,37,733.7137499999982
1,30,933207.9998219206,6847554.204435076,38,733.7137499999981
1,30,933207.9998219206,6847554.204435076,39,733.7137500000011
1,30,933207.9998219206,6847554.204435076,40,733.7137499999988
1,30,933207.9998219206,6847554.204435076,41,733.7137499999985
1,30,933207.9998219206,6847554.204435076,42,733.7137499999994
1,30,933207.9998219206,6847554.204435076,43,733.7137500000003
1,30,933207.9998219206,6847554.204435076,44,733.7137499999995
1,30,933207.9998219206,6847554.204435076,45,733.7137499999988
1,30,933207.9998219206,6847554.204435076,46,733.7137499999989
1,30,933207.9998219206,6847554.204435076,47,733.7137500000011
1,30,933207.9998219206,6847554.204435076,48,733.7137499999978
1,41,934604.5998208483,6848166.104434751,1,239.15430000000018
1,41,934604.5998208483,6848166.104434751,2,247.16445019392887
1,41,934604.5998208483,6848166.104434751,3,269.0485875000002
1,41,934604.5998208483,6848166.104434751,4,211.01850000000005
1,41,934604.5998208483,6848166.104434751,5,232.12035000000014
1,41,934604.5998208483,6848166.104434751,6,247.56797633369737
1,41,934604.5998208483,6848166.104434751,7,253.2222000000001
1,41,934604.5998208483,6848166.104434751,8,247.56797633369737
1,41,934604.5998208483,6848166.104434751,9,232.12035000000014
1,41,934604.5998208483,6848166.104434751,10,211.01850000000005
1,41,934604.5998208483,6848166.104434751,11,269.0485875000002
1,41,934604.5998208483,6848166.104434751,12,247.16445019392887
1,41,934604.5998208483,6848166.104434751,13,239.15430000000012
1,41,934604.5998208483,6848166.104434751,14,247.16445019392887
1,41,934604.5998208483,6848166.104434751,15,269.0485875000002
1,41,934604.5998208483,6848166.104434751,16,211.01850000000005
1,41,934604.5998208483,6848166.104434751,17,232.12035000000014
1,41,934604.5998208483,6848166.104434751,18,247.56797633369737
1,41,934604.5998208483,6848166.104434751,19,253.2222000000001
1,41,934604.5998208483,6848166.104434751,20,247.56797633369737
1,41,934604.5998208483,6848166.104434751,21,232.12035000000014
1,41,934604.5998208483,6848166.104434751,22,211.01850000000005
1,41,934604.5998208483,6848166.104434751,23,269.0485875000002
1,41,934604.5998208483,6848166.104434751,24,247.16445019392887
1,41,934604.5998208483,6848166.104434751,25,239.15430000000018
1,41,934604.5998208483,6848166.104434751,26,247.16445019392887
1,41,934604.5998208483,6848166.104434751,27,269.0485875000002
1,41,934604.5998208483,6848166.104434751,28,211.01850000000005
1,41,934604.5998208483,6848166.104434751,29,232.12035000000014
1,41,934604.5998208483,6848166.104434751,30,247.56797633369737
1,41,934604.5998208483,6848166.104434751,31,253.2222000000001
1,41,934604.5998208483,6848166.104434751,32,247.56797633369737
1,41,934604.5998208483,6848166.104434751,33,232.12035000000014
1,41,934604.5998208483,6848166.104434751,34,211.01850000000005
1,41,934604.5998208483,6848166.104434751,35,269.0485875000002
1,41,934604.5998208483,6848166.104434751,36,247.16445019392887
1,41,934604.5998208483,6848166.104434751,37,239.15430000000018
1,41,934604.5998208483,6848166.104434751,38,247.16445019392887
1,41,934604.5998208483,6848166.104434751,39,269.0485875000002
1,41,934604.5998208483,6848166.104434751,40,211.01850000000005
1,41,934604.5998208483,6848166.104434751,41,232.12035000000014
1,41,934604.5998208483,6848166.104434751,42,247.56797633369737
1,41,934604.5998208483,6848166.104434751,43,253.2222000000001
1,41,934604.5998208483,6848166.104434751,44,247.56797633369737
1,41,934604.5998208483,6848166.104434751,45,232.12035000000014
1,41,934604.5998208483,6848166.104434751,46,211.01850000000005
1,41,934604.5998208483,6848166.104434751,47,269.0485875000002
1,41,934604.5998208483,6848166.104434751,48,247.1644501939289
1,67,933792.4998214621,6848760.204434457,1,898.9249500000288
1,67,933792.4998214621,6848760.204434457,2,709.9084411249543
1,67,933792.4998214621,6848760.204434457,3,772.7643000000022
1,67,933792.4998214621,6848760.204434457,4,858.6269999999996
1,67,933792.4998214621,6848760.204434457,5,944.4896999999979
1,67,933792.4998214621,6848760.204434457,6,624.3440218150834
1,67,933792.4998214621,6848760.204434457,7,480.8311199999993
1,67,933792.4998214621,6848760.204434457,8,624.3440218150814
1,67,933792.4998214621,6848760.204434457,9,944.4896999999979
1,67,933792.4998214621,6848760.204434457,10,858.6269999999996
1,67,933792.4998214621,6848760.204434457,11,772.7643000000022
1,67,933792.4998214621,6848760.204434457,12,709.9084411249543
1,67,933792.4998214621,6848760.204434457,13,898.9249500000318
1,67,933792.4998214621,6848760.204434457,14,709.9084411249543
1,67,933792.4998214621,6848760.204434457,15,772.7643000000022
1,67,933792.4998214621,6848760.204434457,16,858.6269999999996
1,67,933792.4998214621,6848760.204434457,17,944.4896999999979
1,67,933792.4998214621,6848760.204434457,18,624.3440218150602
1,67,933792.4998214621,6848760.204434457,19,480.8311199999993
1,67,933792.4998214621,6848760.204434457,20,624.3440218150768
1,67,933792.4998214621,6848760.204434457,21,944.4896999999979
1,67,933792.4998214621,6848760.204434457,22,858.6269999999996
1,67,933792.4998214621,6848760.204434457,23,772.7643000000022
1,67,933792.4998214621,6848760.204434457,24,709.9084411249543
1,67,933792.4998214621,6848760.204434457,25,898.9249500000311
1,67,933792.4998214621,6848760.204434457,26,709.9084411249543
1,67,933792.4998214621,6848760.204434457,27,772.7643000000022
1,67,933792.4998214621,6848760.204434457,28,858.6269999999996
1,67,933792.4998214621,6848760.204434457,29,944.4896999999979
1,67,933792.4998214621,6848760.204434457,30,624.3440218150879
1,67,933792.4998214621,6848760.204434457,31,480.8311199999993
1,67,933792.4998214621,6848760.204434457,32,624.3440218150762
1,67,933792.4998214621,6848760.204434457,33,944.4896999999979
1,67,933792.4998214621,6848760.204434457,34,858.6269999999996
1,67,933792.4998214621,6848760.204434457,35,772.7643000000022
1,67,933792.4998214621,6848760.204434457,36,709.9084411249543
1,67,933792.4998214621,6848760.204434457,37,898.9249500000337
1,67,933792.4998214621,6848760.204434457,38,709.9084411249543
1,67,933792.4998214621,6848760.204434457,39,772.7643000000022
1,67,933792.4998214621,6848760.204434457,40,858.6269999999996
1,67,933792.4998214621,6848760.204434457,41,944.4896999999979
1,67,933792.4998214621,6848760.204434457,42,624.3440218150575
1,67,933792.4998214621,6848760.204434457,43,480.8311199999993
1,67,933792.4998214621,6848760.204434457,44,624.344021815087
1,67,933792.4998214621,6848760.204434457,45,944.4896999999979
1,67,933792.4998214621,6848760.204434457,46,858.6269999999996
1,67,933792.4998214621,6848760.204434457,47,772.7643000000022
1,67,933792.4998214621,6848760.204434457,48,709.9084411249543
1,50,933472.5998217161,6847811.904434941,1,72.4531500000014
1,50,933472.5998217161,6847811.904434941,2,94.59716192875726
1,50,933472.5998217161,6847811.904434941,3,117.95726250000028
1,50,933472.5998217161,6847811.904434941,4,163.4613750000003
1,50,933472.5998217161,6847811.904434941,5,77.37345000000005
1,50,933472.5998217161,6847811.904434941,10,163.46137500000032
1,50,933472.5998217161,6847811.904434941,11,117.9572625000003
1,50,933472.5998217161,6847811.904434941,12,94.59716192875726
1,50,933472.5998217161,6847811.904434941,13,72.4531500000014
1,50,933472.5998217161,6847811.904434941,14,94.59716192875726
1,50,933472.5998217161,6847811.904434941,15,117.95726250000028
1,50,933472.5998217161,6847811.904434941,16,163.4613750000003
1,50,933472.5998217161,6847811.904434941,17,73.18080000000005
1,50,933472.5998217161,6847811.904434941,20,102.27931501733705
1,50,933472.5998217161,6847811.904434941,22,163.4613750000003
1,50,933472.5998217161,6847811.904434941,23,117.9572625000003
1,50,933472.5998217161,6847811.904434941,24,94.59716192875726
1,50,933472.5998217161,6847811.904434941,25,72.4531500000014
1,50,933472.5998217161,6847811.904434941,26,94.59716192875726
1,50,933472.5998217161,6847811.904434941,27,117.95726250000027
1,50,933472.5998217161,6847811.904434941,28,163.4613750000003
1,50,933472.5998217161,6847811.904434941,29,61.746300000000346
1,50,933472.5998217161,6847811.904434941,30,85.26017456705688
1,50,933472.5998217161,6847811.904434941,34,163.4613750000003
1,50,933472.5998217161,6847811.904434941,35,117.95726250000027
1,50,933472.5998217161,6847811.904434941,36,94.59716192875726
1,50,933472.5998217161,6847811.904434941,37,72.4531500000014
1,50,933472.5998217161,6847811.904434941,38,94.59716192875726
1,50,933472.5998217161,6847811.904434941,39,117.95726250000027
1,50,933472.5998217161,6847811.904434941,40,163.46137500000032
1,50,933472.5998217161,6847811.904434941,46,163.46137500000026
1,50,933472.5998217161,6847811.904434941,47,117.95726250000027
1,50,933472.5998217161,6847811.904434941,48,94.59716192875726
1,50,933472.5998217161,6847811.904434941,6,85.2601745670569
1,50,933472.5998217161,6847811.904434941,8,90.24645442706209
1,50,933472.5998217161,6847811.904434941,9,61.74630000000038
1,50,933472.5998217161,6847811.904434941,19,93.86685000000034
1,50,933472.5998217161,6847811.904434941,21,61.74630000000038
1,50,933472.5998217161,6847811.904434941,31,109.43856000000008
1,50,933472.5998217161,6847811.904434941,32,93.6611851351131
1,50,933472.5998217161,6847811.904434941,33,61.74630000000038
1,50,933472.5998217161,6847811.904434941,41,61.74630000000038
1,50,933472.5998217161,6847811.904434941,42,89.43342330609757
1,50,933472.5998217161,6847811.904434941,44,91.70991044479824
1,50,933472.5998217161,6847811.904434941,45,61.7463000000004
1,50,933472.5998217161,6847811.904434941,7,93.86685000000037
1,50,933472.5998217161,6847811.904434941,18,85.26017456705691
1,50,933472.5998217161,6847811.904434941,43,93.8668500000003
1,56,934204.3998211591,6847660.904435011,1,296.8812000000001
1,56,934204.3998211591,6847660.904435011,2,306.824834723498
1,56,934204.3998211591,6847660.904435011,3,333.99135000000035
1,56,934204.3998211591,6847660.904435011,4,371.1014999999997
1,56,934204.3998211591,6847660.904435011,5,296.4220875000022
1,56,934204.3998211591,6847660.904435011,6,307.32576372458993
1,56,934204.3998211591,6847660.904435011,7,314.3447999999999
1,56,934204.3998211591,6847660.904435011,8,307.32576372458993
1,56,934204.3998211591,6847660.904435011,9,296.422087500005
1,56,934204.3998211591,6847660.904435011,10,371.10149999999976
1,56,934204.3998211591,6847660.904435011,11,333.9913500000004
1,56,934204.3998211591,6847660.904435011,12,306.82483472349804
1,56,934204.3998211591,6847660.904435011,13,296.8812000000001
1,56,934204.3998211591,6847660.904435011,14,306.82483472349804
1,56,934204.3998211591,6847660.904435011,15,333.99135000000035
1,56,934204.3998211591,6847660.904435011,16,371.1014999999997
1,56,934204.3998211591,6847660.904435011,17,296.4220875000028
1,56,934204.3998211591,6847660.904435011,18,307.3257637245899
1,56,934204.3998211591,6847660.904435011,19,314.3447999999999
1,56,934204.3998211591,6847660.904435011,20,307.32576372458993
1,56,934204.3998211591,6847660.904435011,21,296.4220875000042
1,56,934204.3998211591,6847660.904435011,22,371.1014999999997
1,56,934204.3998211591,6847660.904435011,23,333.9913500000004
1,56,934204.3998211591,6847660.904435011,24,306.8248347234981
1,56,934204.3998211591,6847660.904435011,25,296.8812000000001
1,56,934204.3998211591,6847660.904435011,26,306.82483472349804
1,56,934204.3998211591,6847660.904435011,27,333.9913500000004
1,56,934204.3998211591,6847660.904435011,28,371.1014999999997
1,56,934204.3998211591,6847660.904435011,29,296.42208749999725
1,56,934204.3998211591,6847660.904435011,30,307.32576372458993
1,56,934204.3998211591,6847660.904435011,31,314.3447999999999
1,56,934204.3998211591,6847660.904435011,32,307.32576372458993
1,56,934204.3998211591,6847660.904435011,33,296.42208750000077
1,56,934204.3998211591,6847660.904435011,34,371.1014999999997
1,56,934204.3998211591,6847660.904435011,35,333.9913500000004
1,56,934204.3998211591,6847660.904435011,36,306.82483472349804
1,56,934204.3998211591,6847660.904435011,37,296.8812000000001
1,56,934204.3998211591,6847660.904435011,38,306.82483472349804
1,56,934204.3998211591,6847660.904435011,39,333.9913500000004
1,56,934204.3998211591,6847660.904435011,40,371.10149999999976
1,56,934204.3998211591,6847660.904435011,41,296.42208750000276
1,56,934204.3998211591,6847660.904435011,42,307.32576372458993
1,56,934204.3998211591,6847660.904435011,43,314.34479999999996
1,56,934204.3998211591,6847660.904435011,44,307.32576372458993
1,56,934204.3998211591,6847660.904435011,45,296.4220874999995
1,56,934204.3998211591,6847660.904435011,46,371.10149999999976
1,56,934204.3998211591,6847660.904435011,47,333.9913500000004
1,56,934204.3998211591,6847660.904435011,48,306.82483472349804
1,21,934045.0998212856,6847194.404435249,12,46.439127645825415
1,21,934045.0998212856,6847194.404435249,39,49.054005000000025
1,21,934045.0998212856,6847194.404435249,14,39.56350109739968
1,21,934045.0998212856,6847194.404435249,37,52.97292000000002
1,21,934045.0998212856,6847194.404435249,13,42.82740000000001
1,21,934045.0998212856,6847194.404435249,24,46.467776089777196
1,21,934045.0998212856,6847194.404435249,36,54.15988329082849
1,21,934045.0998212856,6847194.404435249,38,51.72476555492771
1,21,934045.0998212856,6847194.404435249,2,49.44721426076168
1,21,934045.0998212856,6847194.404435249,3,52.06335750000002
1,21,934045.0998212856,6847194.404435249,5,46.119150000000026
1,21,934045.0998212856,6847194.404435249,7,16.216200000000008
1,21,934045.0998212856,6847194.404435249,10,37.76850000000002
1,21,934045.0998212856,6847194.404435249,11,42.099750000000014
1,21,934045.0998212856,6847194.404435249,15,53.48227500000003
1,21,934045.0998212856,6847194.404435249,21,49.85442000000003
1,21,934045.0998212856,6847194.404435249,22,34.02630000000001
1,21,934045.0998212856,6847194.404435249,29,54.04707000000004
1,21,934045.0998212856,6847194.404435249,34,34.44210000000001
1,21,934045.0998212856,6847194.404435249,45,32.931360000000026
1,21,934045.0998212856,6847194.404435249,47,71.21094750000002
1,21,934045.0998212856,6847194.404435249,48,42.90104481778135
1,21,934045.0998212856,6847194.404435249,4,39.015900000000016
1,21,934045.0998212856,6847194.404435249,9,48.93966000000004
1,21,934045.0998212856,6847194.404435249,35,44.78166000000001
1,21,934045.0998212856,6847194.404435249,1,56.25774000000003
1,21,934045.0998212856,6847194.404435249,23,53.809717500000005
1,21,934045.0998212856,6847194.404435249,17,30.339540000000024
1,21,934045.0998212856,6847194.404435249,25,43.06302
1,21,934045.0998212856,6847194.404435249,26,51.92530466259012
1,21,934045.0998212856,6847194.404435249,27,44.00203500000001
1,21,934045.0998212856,6847194.404435249,28,37.69920000000002
1,21,934045.0998212856,6847194.404435249,40,28.413000000000018
1,21,934045.0998212856,6847194.404435249,41,43.98471000000004
1,21,934045.0998212856,6847194.404435249,46,26.403300000000012
1,21,934045.0998212856,6847194.404435249,16,28.413000000000018
1,21,934045.0998212856,6847194.404435249,33,46.27161000000004
1,58,934045.0998212856,6847194.404435249,1,40.34646000000002
1,58,934045.0998212856,6847194.404435249,2,50.39261291117021
1,58,934045.0998212856,6847194.404435249,3,56.616367499999996
1,58,934045.0998212856,6847194.404435249,4,46.22310000000003
1,58,934045.0998212856,6847194.404435249,5,47.64375000000005
1,58,934045.0998212856,6847194.404435249,6,100.00282787863641
1,58,934045.0998212856,6847194.404435249,7,86.07060000000008
1,58,934045.0998212856,6847194.404435249,8,100.00282787863641
1,58,934045.0998212856,6847194.404435249,9,44.823240000000034
1,58,934045.0998212856,6847194.404435249,10,47.470500000000015
1,58,934045.0998212856,6847194.404435249,11,66.57997500000002
1,58,934045.0998212856,6847194.404435249,13,53.77680000000002
1,58,934045.0998212856,6847194.404435249,14,60.276326074532214
1,58,934045.0998212856,6847194.404435249,15,55.19745000000002
1,58,934045.0998212856,6847194.404435249,16,56.826000000000036
1,58,934045.0998212856,6847194.404435249,17,63.42336000000005
1,58,934045.0998212856,6847194.404435249,18,100.00282787863641
1,58,934045.0998212856,6847194.404435249,19,102.28680000000008
1,58,934045.0998212856,6847194.404435249,20,100.00282787863641
1,58,934045.0998212856,6847194.404435249,21,43.90848000000004
1,58,934045.0998212856,6847194.404435249,22,51.21270000000002
1,58,934045.0998212856,6847194.404435249,23,54.870007500000014
1,58,934045.0998212856,6847194.404435249,24,53.37205108215469
1,58,934045.0998212856,6847194.404435249,25,53.54118000000003
1,58,934045.0998212856,6847194.404435249,26,47.91452250934178
1,58,934045.0998212856,6847194.404435249,27,64.67769
1,58,934045.0998212856,6847194.404435249,28,47.53980000000002
1,58,934045.0998212856,6847194.404435249,29,39.715830000000025
1,58,934045.0998212856,6847194.404435249,30,100.00282787863641
1,58,934045.0998212856,6847194.404435249,31,102.28680000000008
1,58,934045.0998212856,6847194.404435249,32,100.00282787863641
1,58,934045.0998212856,6847194.404435249,33,47.491290000000035
1,58,934045.0998212856,6847194.404435249,34,50.79690000000004
1,58,934045.0998212856,6847194.404435249,35,63.898065000000024
1,58,934045.0998212856,6847194.404435249,36,45.67994388110341
1,58,934045.0998212856,6847194.404435249,37,43.63128000000002
1,58,934045.0998212856,6847194.404435249,38,48.115061617004194
1,58,934045.0998212856,6847194.404435249,40,56.82600000000003
1,58,934045.0998212856,6847194.404435249,41,49.77819000000004
1,58,934045.0998212856,6847194.404435249,42,100.00282787863641
1,58,934045.0998212856,6847194.404435249,43,102.28680000000008
1,58,934045.0998212856,6847194.404435249,44,100.00282787863641
1,58,934045.0998212856,6847194.404435249,45,60.83154000000005
1,58,934045.0998212856,6847194.404435249,46,58.83570000000005
1,58,934045.0998212856,6847194.404435249,47,37.46877750000001
1,58,934045.0998212856,6847194.404435249,48,56.93878235415054
1,58,934045.0998212856,6847194.404435249,12,53.400699526106465
1,58,934045.0998212856,6847194.404435249,39,59.62572
1,53,934203.1998211733,6846356.304435672,1,457.3800000000001
1,53,934203.1998211733,6846356.304435672,3,338.4819900000005
1,53,934203.1998211733,6846356.304435672,4,339.8471999999996
1,53,934203.1998211733,6846356.304435672,5,457.3800000000005
1,53,934203.1998211733,6846356.304435672,6,457.3800000000005
1,53,934203.1998211733,6846356.304435672,7,457.3799999999999
1,53,934203.1998211733,6846356.304435672,8,418.4671179604406
1,53,934203.1998211733,6846356.304435672,9,414.3862800000005
1,53,934203.1998211733,6846356.304435672,10,339.22349999999994
1,53,934203.1998211733,6846356.304435672,11,410.0827500000006
1,53,934203.1998211733,6846356.304435672,12,457.38000000000017
1,53,934203.1998211733,6846356.304435672,13,457.38
1,53,934203.1998211733,6846356.304435672,16,361.81529999999964
1,53,934203.1998211733,6846356.304435672,17,457.3800000000005
1,53,934203.1998211733,6846356.304435672,18,457.3800000000004
1,53,934203.1998211733,6846356.304435672,19,385.94556000000006
1,53,934203.1998211733,6846356.304435672,20,457.3800000000005
1,53,934203.1998211733,6846356.304435672,21,457.3800000000002
1,53,934203.1998211733,6846356.304435672,22,373.11119999999966
1,53,934203.1998211733,6846356.304435672,23,410.0827500000006
1,53,934203.1998211733,6846356.304435672,24,457.38000000000017
1,53,934203.1998211733,6846356.304435672,25,457.38
1,53,934203.1998211733,6846356.304435672,26,457.38000000000017
1,53,934203.1998211733,6846356.304435672,27,402.09939000000077
1,53,934203.1998211733,6846356.304435672,28,457.38
1,53,934203.1998211733,6846356.304435672,29,457.3800000000002
1,53,934203.1998211733,6846356.304435672,30,418.4671179604406
1,53,934203.1998211733,6846356.304435672,31,457.38
1,53,934203.1998211733,6846356.304435672,32,418.4671179604406
1,53,934203.1998211733,6846356.304435672,33,457.38000000000017
1,53,934203.1998211733,6846356.304435672,34,339.22349999999983
1,53,934203.1998211733,6846356.304435672,35,402.09939000000077
1,53,934203.1998211733,6846356.304435672,36,457.3800000000001
1,53,934203.1998211733,6846356.304435672,37,455.7722400000002
1,53,934203.1998211733,6846356.304435672,38,457.38000000000017
1,53,934203.1998211733,6846356.304435672,39,402.09939000000077
1,53,934203.1998211733,6846356.304435672,40,424.4624999999995
1,53,934203.1998211733,6846356.304435672,41,457.3800000000002
1,53,934203.1998211733,6846356.304435672,42,457.3800000000005
1,53,934203.1998211733,6846356.304435672,43,457.3799999999999
1,53,934203.1998211733,6846356.304435672,44,457.3800000000005
1,53,934203.1998211733,6846356.304435672,45,403.40916000000055
1,53,934203.1998211733,6846356.304435672,46,441.5102999999998
1,53,934203.1998211733,6846356.304435672,47,336.2990400000005
1,53,934203.1998211733,6846356.304435672,48,457.38000000000017
1,53,934203.1998211733,6846356.304435672,2,457.38000000000005
1,53,934203.1998211733,6846356.304435672,14,457.38000000000005
1,53,934203.1998211733,6846356.304435672,15,457.3800000000001
1,80,934194.8998211797,6846378.104435661,2,417.20382620228736
1,80,934194.8998211797,6846378.104435661,14,417.20382620228673
1,80,934194.8998211797,6846378.104435661,15,355.6129500000008
1,80,934194.8998211797,6846378.104435661,1,454.0189499999986
1,80,934194.8998211797,6846378.104435661,5,486.3473999999988
1,80,934194.8998211797,6846378.104435661,9,529.3411199999985
1,80,934194.8998211797,6846378.104435661,13,454.0189499999993
1,80,934194.8998211797,6846378.104435661,21,486.3473999999984
1,80,934194.8998211797,6846378.104435661,25,454.0189499999987
1,80,934194.8998211797,6846378.104435661,28,445.94549999999947
1,80,934194.8998211797,6846378.104435661,37,455.6267099999994
1,80,934194.8998211797,6846378.104435661,45,540.3182399999987
1,80,934194.8998211797,6846378.104435661,46,461.81519999999966
1,80,934194.8998211797,6846378.104435661,4,563.4783
1,80,934194.8998211797,6846378.104435661,16,541.5101999999998
1,80,934194.8998211797,6846378.104435661,22,530.2142999999999
1,80,934194.8998211797,6846378.104435661,40,478.8629999999999
1,80,934194.8998211797,6846378.104435661,10,564.1019999999996
1,80,934194.8998211797,6846378.104435661,34,564.1019999999997
1,80,934194.8998211797,6846378.104435661,27,410.8935600000005
1,80,934194.8998211797,6846378.104435661,29,486.3473999999986
1,80,934194.8998211797,6846378.104435661,33,486.3473999999989
1,80,934194.8998211797,6846378.104435661,35,410.8935600000005
1,80,934194.8998211797,6846378.104435661,39,410.8935600000005
1,80,934194.8998211797,6846378.104435661,41,486.34739999999897
1,80,934194.8998211797,6846378.104435661,3,474.51096000000047
1,80,934194.8998211797,6846378.104435661,6,415.34919621014893
1,80,934194.8998211797,6846378.104435661,7,389.3620499999991
1,80,934194.8998211797,6846378.104435661,8,454.26207824970834
1,80,934194.8998211797,6846378.104435661,11,402.9102000000005
1,80,934194.8998211797,6846378.104435661,12,417.20382620228685
1,80,934194.8998211797,6846378.104435661,17,486.34739999999823
1,80,934194.8998211797,6846378.104435661,18,415.34919621014893
1,80,934194.8998211797,6846378.104435661,19,460.7964899999993
1,80,934194.8998211797,6846378.104435661,20,415.349196210149
1,80,934194.8998211797,6846378.104435661,23,402.91020000000054
1,80,934194.8998211797,6846378.104435661,24,417.2038262022871
1,80,934194.8998211797,6846378.104435661,26,417.20382620228713
1,80,934194.8998211797,6846378.104435661,30,454.26207824970834
1,80,934194.8998211797,6846378.104435661,31,389.3620499999993
1,80,934194.8998211797,6846378.104435661,32,454.262078249708
1,80,934194.8998211797,6846378.104435661,36,417.20382620228736
1,80,934194.8998211797,6846378.104435661,38,417.2038262022872
1,80,934194.8998211797,6846378.104435661,42,415.3491962101485
1,80,934194.8998211797,6846378.104435661,43,389.3620499999995
1,80,934194.8998211797,6846378.104435661,44,415.34919621014893
1,80,934194.8998211797,6846378.104435661,47,476.69391000000047
1,80,934194.8998211797,6846378.104435661,48,417.20382620228736
1,3,933908.0998213802,6848138.104434771,1,142.93125000000006
1,3,933908.0998213802,6848138.104434771,2,142.93125
1,3,933908.0998213802,6848138.104434771,3,142.93124999999998
1,3,933908.0998213802,6848138.104434771,4,142.93124999999992
1,3,933908.0998213802,6848138.104434771,5,142.93125000000003
1,3,933908.0998213802,6848138.104434771,6,142.93125000000003
1,3,933908.0998213802,6848138.104434771,7,142.93124999999998
1,3,933908.0998213802,6848138.104434771,8,142.93125000000003
1,3,933908.0998213802,6848138.104434771,9,142.93125000000006
1,3,933908.0998213802,6848138.104434771,10,142.93124999999995
1,3,933908.0998213802,6848138.104434771,11,142.93125000000003
1,3,933908.0998213802,6848138.104434771,12,142.93124999999995
1,3,933908.0998213802,6848138.104434771,13,142.93125
1,3,933908.0998213802,6848138.104434771,14,142.93124999999998
1,3,933908.0998213802,6848138.104434771,15,142.93125000000003
1,3,933908.0998213802,6848138.104434771,16,142.93124999999998
1,3,933908.0998213802,6848138.104434771,17,142.93125000000006
1,3,933908.0998213802,6848138.104434771,18,142.93124999999998
1,3,933908.0998213802,6848138.104434771,19,142.93124999999995
1,3,933908.0998213802,6848138.104434771,20,142.93125
1,3,933908.0998213802,6848138.104434771,21,142.93125000000006
1,3,933908.0998213802,6848138.104434771,22,142.93124999999998
1,3,933908.0998213802,6848138.104434771,23,142.93125000000003
1,3,933908.0998213802,6848138.104434771,24,142.93124999999995
1,3,933908.0998213802,6848138.104434771,25,142.93125000000006
1,3,933908.0998213802,6848138.104434771,26,142.93124999999998
1,3,933908.0998213802,6848138.104434771,27,142.93125
1,3,933908.0998213802,6848138.104434771,28,142.93124999999998
1,3,933908.0998213802,6848138.104434771,29,142.93125000000003
1,3,933908.0998213802,6848138.104434771,30,142.93125000000006
1,3,933908.0998213802,6848138.104434771,31,142.93124999999998
1,3,933908.0998213802,6848138.104434771,32,142.93124999999998
1,3,933908.0998213802,6848138.104434771,33,142.93125000000006
1,3,933908.0998213802,6848138.104434771,34,142.93124999999992
1,3,933908.0998213802,6848138.104434771,35,142.93124999999998
1,3,933908.0998213802,6848138.104434771,36,142.93125
1,3,933908.0998213802,6848138.104434771,37,142.9312500000001
1,3,933908.0998213802,6848138.104434771,38,142.93125
1,3,933908.0998213802,6848138.104434771,39,142.93125000000003
1,3,933908.0998213802,6848138.104434771,40,142.93124999999998
1,3,933908.0998213802,6848138.104434771,41,142.93125
1,3,933908.0998213802,6848138.104434771,42,142.93125000000003
1,3,933908.0998213802,6848138.104434771,43,142.93124999999998
1,3,933908.0998213802,6848138.104434771,44,142.93125
1,3,933908.0998213802,6848138.104434771,45,142.93125000000003
1,3,933908.0998213802,6848138.104434771,46,142.93124999999992
1,3,933908.0998213802,6848138.104434771,47,142.93125
1,3,933908.0998213802,6848138.104434771,48,142.93124999999998
1,54,934764.0998207259,6848247.404434707,1,172.0026000000002
1,54,934764.0998207259,6848247.404434707,2,177.76359472075674
1,54,934764.0998207259,6848247.404434707,3,136.59029999999998
1,54,934764.0998207259,6848247.404434707,4,151.767
1,54,934764.0998207259,6848247.404434707,5,166.94370000000012
1,54,934764.0998207259,6848247.404434707,6,178.05381549123072
1,54,934764.0998207259,6848247.404434707,7,182.12040000000016
1,54,934764.0998207259,6848247.404434707,8,178.05381549123072
1,54,934764.0998207259,6848247.404434707,9,166.94370000000012
1,54,934764.0998207259,6848247.404434707,10,151.767
1,54,934764.0998207259,6848247.404434707,11,136.5903
1,54,934764.0998207259,6848247.404434707,12,177.7635947207567
1,54,934764.0998207259,6848247.404434707,13,172.0026000000002
1,54,934764.0998207259,6848247.404434707,14,177.76359472075674
1,54,934764.0998207259,6848247.404434707,15,136.59029999999996
1,54,934764.0998207259,6848247.404434707,16,151.767
1,54,934764.0998207259,6848247.404434707,17,166.94370000000012
1,54,934764.0998207259,6848247.404434707,18,178.05381549123072
1,54,934764.0998207259,6848247.404434707,19,182.12040000000016
1,54,934764.0998207259,6848247.404434707,20,178.0538154912307
1,54,934764.0998207259,6848247.404434707,21,166.94370000000012
1,54,934764.0998207259,6848247.404434707,22,151.767
1,54,934764.0998207259,6848247.404434707,23,136.59029999999996
1,54,934764.0998207259,6848247.404434707,24,177.76359472075674
1,54,934764.0998207259,6848247.404434707,25,172.00260000000023
1,54,934764.0998207259,6848247.404434707,26,177.76359472075674
1,54,934764.0998207259,6848247.404434707,27,136.59029999999998
1,54,934764.0998207259,6848247.404434707,28,151.767
1,54,934764.0998207259,6848247.404434707,29,166.94370000000012
1,54,934764.0998207259,6848247.404434707,30,178.05381549123072
1,54,934764.0998207259,6848247.404434707,31,182.12040000000016
1,54,934764.0998207259,6848247.404434707,32,178.05381549123072
1,54,934764.0998207259,6848247.404434707,33,166.94370000000012
1,54,934764.0998207259,6848247.404434707,34,151.767
1,54,934764.0998207259,6848247.404434707,35,136.59029999999996
1,54,934764.0998207259,6848247.404434707,36,177.76359472075674
1,54,934764.0998207259,6848247.404434707,37,172.00260000000023
1,54,934764.0998207259,6848247.404434707,38,177.76359472075674
1,54,934764.0998207259,6848247.404434707,39,136.59029999999998
1,54,934764.0998207259,6848247.404434707,40,151.767
1,54,934764.0998207259,6848247.404434707,41,166.94370000000012
1,54,934764.0998207259,6848247.404434707,42,178.05381549123072
1,54,934764.0998207259,6848247.404434707,43,182.12040000000013
1,54,934764.0998207259,6848247.404434707,44,178.05381549123072
1,54,934764.0998207259,6848247.404434707,45,166.94370000000015
1,54,934764.0998207259,6848247.404434707,46,151.767
1,54,934764.0998207259,6848247.404434707,47,136.59029999999998
1,54,934764.0998207259,6848247.404434707,48,177.76359472075674
1,62,933921.19982138,6847190.704435252,1,298.0593000000001
1,62,933921.19982138,6847190.704435252,2,308.0423935914482
1,62,933921.19982138,6847190.704435252,3,335.3167125000005
1,62,933921.19982138,6847190.704435252,4,262.99350000000004
1,62,933921.19982138,6847190.704435252,5,289.2928500000003
1,62,933921.19982138,6847190.704435252,6,308.5453104060367
1,62,933921.19982138,6847190.704435252,7,315.5921999999999
1,62,933921.19982138,6847190.704435252,8,308.5453104060367
1,62,933921.19982138,6847190.704435252,9,289.2928500000003
1,62,933921.19982138,6847190.704435252,10,262.99350000000004
1,62,933921.19982138,6847190.704435252,11,335.31671250000045
1,62,933921.19982138,6847190.704435252,12,308.0423935914482
1,62,933921.19982138,6847190.704435252,13,298.0593000000001
1,62,933921.19982138,6847190.704435252,14,308.0423935914482
1,62,933921.19982138,6847190.704435252,15,335.31671250000045
1,62,933921.19982138,6847190.704435252,16,262.9935000000001
1,62,933921.19982138,6847190.704435252,17,289.2928500000003
1,62,933921.19982138,6847190.704435252,18,308.5453104060367
1,62,933921.19982138,6847190.704435252,19,315.5921999999999
1,62,933921.19982138,6847190.704435252,20,308.54531040603666
1,62,933921.19982138,6847190.704435252,21,289.2928500000003
1,62,933921.19982138,6847190.704435252,22,262.9935000000001
1,62,933921.19982138,6847190.704435252,23,335.31671250000045
1,62,933921.19982138,6847190.704435252,24,308.0423935914482
1,62,933921.19982138,6847190.704435252,25,298.0593000000001
1,62,933921.19982138,6847190.704435252,26,308.0423935914482
1,62,933921.19982138,6847190.704435252,27,335.3167125000005
1,62,933921.19982138,6847190.704435252,28,262.99350000000004
1,62,933921.19982138,6847190.704435252,29,289.2928500000003
1,62,933921.19982138,6847190.704435252,30,308.5453104060367
1,62,933921.19982138,6847190.704435252,31,315.5921999999999
1,62,933921.19982138,6847190.704435252,32,308.5453104060367
1,62,933921.19982138,6847190.704435252,33,289.2928500000003
1,62,933921.19982138,6847190.704435252,34,262.9935000000001
1,62,933921.19982138,6847190.704435252,35,335.3167125000005
1,62,933921.19982138,6847190.704435252,36,308.04239359144833
1,62,933921.19982138,6847190.704435252,37,298.0593000000001
1,62,933921.19982138,6847190.704435252,38,308.0423935914482
1,62,933921.19982138,6847190.704435252,39,335.31671250000045
1,62,933921.19982138,6847190.704435252,40,262.9935000000001
1,62,933921.19982138,6847190.704435252,41,289.2928500000004
1,62,933921.19982138,6847190.704435252,42,308.5453104060367
1,62,933921.19982138,6847190.704435252,43,315.5921999999998
1,62,933921.19982138,6847190.704435252,44,308.5453104060367
1,62,933921.19982138,6847190.704435252,45,289.2928500000003
1,62,933921.19982138,6847190.704435252,46,262.9935000000001
1,62,933921.19982138,6847190.704435252,47,335.31671250000045
1,62,933921.19982138,6847190.704435252,48,308.0423935914482
1,27,932730.0998222866,6847424.704435145,1,184.85775000000024
1,27,932730.0998222866,6847424.704435145,2,184.85775000000038
1,27,932730.0998222866,6847424.704435145,3,184.8577500000001
1,27,932730.0998222866,6847424.704435145,4,184.85775000000004
1,27,932730.0998222866,6847424.704435145,5,184.85775000000015
1,27,932730.0998222866,6847424.704435145,6,184.85775000000012
1,27,932730.0998222866,6847424.704435145,7,184.85775000000018
1,27,932730.0998222866,6847424.704435145,8,184.8577500000001
1,27,932730.0998222866,6847424.704435145,9,184.8577500000002
1,27,932730.0998222866,6847424.704435145,10,184.85775000000004
1,27,932730.0998222866,6847424.704435145,11,184.85775000000018
1,27,932730.0998222866,6847424.704435145,12,184.85775000000035
1,27,932730.0998222866,6847424.704435145,13,184.8577500000002
1,27,932730.0998222866,6847424.704435145,14,184.8577500000004
1,27,932730.0998222866,6847424.704435145,15,184.85775000000027
1,27,932730.0998222866,6847424.704435145,16,184.85775
1,27,932730.0998222866,6847424.704435145,17,184.85775000000015
1,27,932730.0998222866,6847424.704435145,18,184.8577500000001
1,27,932730.0998222866,6847424.704435145,19,184.8577500000002
1,27,932730.0998222866,6847424.704435145,20,184.8577500000001
1,27,932730.0998222866,6847424.704435145,21,184.8577500000002
1,27,932730.0998222866,6847424.704435145,22,184.85775
1,27,932730.0998222866,6847424.704435145,23,184.8577500000002
1,27,932730.0998222866,6847424.704435145,24,184.85775000000038
1,27,932730.0998222866,6847424.704435145,25,184.85775000000015
1,27,932730.0998222866,6847424.704435145,26,184.8577500000003
1,27,932730.0998222866,6847424.704435145,27,184.8577500000002
1,27,932730.0998222866,6847424.704435145,28,184.85775
1,27,932730.0998222866,6847424.704435145,29,184.85775000000027
1,27,932730.0998222866,6847424.704435145,30,184.85775000000015
1,27,932730.0998222866,6847424.704435145,31,184.8577500000002
1,27,932730.0998222866,6847424.704435145,32,184.85775000000012
1,27,932730.0998222866,6847424.704435145,33,184.85775000000027
1,27,932730.0998222866,6847424.704435145,34,184.85775000000007
1,27,932730.0998222866,6847424.704435145,35,184.85775000000015
1,27,932730.0998222866,6847424.704435145,36,184.85775000000038
1,27,932730.0998222866,6847424.704435145,37,184.85775000000018
1,27,932730.0998222866,6847424.704435145,38,184.85775000000032
1,27,932730.0998222866,6847424.704435145,39,184.85775000000024
1,27,932730.0998222866,6847424.704435145,40,184.85775
1,27,932730.0998222866,6847424.704435145,41,184.85775000000024
1,27,932730.0998222866,6847424.704435145,42,184.85775000000007
1,27,932730.0998222866,6847424.704435145,43,184.8577500000002
1,27,932730.0998222866,6847424.704435145,44,184.8577500000001
1,27,932730.0998222866,6847424.704435145,45,184.85775000000024
1,27,932730.0998222866,6847424.704435145,46,184.85775
1,27,932730.0998222866,6847424.704435145,47,184.85775000000018
1,27,932730.0998222866,6847424.704435145,48,184.85775000000032
1,18,933999.1998213149,6847743.404434972,1,93.06990000000008
1,18,933999.1998213149,6847743.404434972,2,96.18715056808071
1,18,933999.1998213149,6847743.404434972,6,96.34418783429606
1,18,933999.1998213149,6847743.404434972,7,97.19324999999999
1,18,933999.1998213149,6847743.404434972,8,96.34418783429606
1,18,933999.1998213149,6847743.404434972,11,97.19324999999999
1,18,933999.1998213149,6847743.404434972,12,96.18715056808071
1,18,933999.1998213149,6847743.404434972,13,93.06990000000008
1,18,933999.1998213149,6847743.404434972,14,96.18715056808071
1,18,933999.1998213149,6847743.404434972,15,97.19324999999999
1,18,933999.1998213149,6847743.404434972,18,96.34418783429606
1,18,933999.1998213149,6847743.404434972,19,97.19324999999999
1,18,933999.1998213149,6847743.404434972,20,96.34418783429606
1,18,933999.1998213149,6847743.404434972,22,97.19324999999999
1,18,933999.1998213149,6847743.404434972,24,96.18715056808071
1,18,933999.1998213149,6847743.404434972,25,93.06990000000008
1,18,933999.1998213149,6847743.404434972,26,96.18715056808071
1,18,933999.1998213149,6847743.404434972,27,97.19324999999999
1,18,933999.1998213149,6847743.404434972,30,96.34418783429606
1,18,933999.1998213149,6847743.404434972,31,97.19324999999999
1,18,933999.1998213149,6847743.404434972,32,96.34418783429606
1,18,933999.1998213149,6847743.404434972,35,97.19324999999999
1,18,933999.1998213149,6847743.404434972,36,96.18715056808071
1,18,933999.1998213149,6847743.404434972,37,93.06990000000008
1,18,933999.1998213149,6847743.404434972,38,96.18715056808071
1,18,933999.1998213149,6847743.404434972,39,97.19324999999999
1,18,933999.1998213149,6847743.404434972,42,96.34418783429606
1,18,933999.1998213149,6847743.404434972,43,97.19324999999999
1,18,933999.1998213149,6847743.404434972,44,96.34418783429606
1,18,933999.1998213149,6847743.404434972,48,96.18715056808071
1,18,933999.1998213149,6847743.404434972,3,97.19324999999999
1,18,933999.1998213149,6847743.404434972,4,97.19324999999999
1,18,933999.1998213149,6847743.404434972,10,97.19324999999999
1,18,933999.1998213149,6847743.404434972,17,97.19324999999999
1,18,933999.1998213149,6847743.404434972,23,97.19324999999999
1,18,933999.1998213149,6847743.404434972,40,97.19324999999999
1,18,933999.1998213149,6847743.404434972,47,97.19324999999999
1,18,933999.1998213149,6847743.404434972,5,97.19324999999999
1,18,933999.1998213149,6847743.404434972,9,97.19325000000002
1,18,933999.1998213149,6847743.404434972,29,97.19324999999996
1,18,933999.1998213149,6847743.404434972,33,97.19324999999999
1,18,933999.1998213149,6847743.404434972,41,97.19324999999999
1,18,933999.1998213149,6847743.404434972,16,97.19324999999999
1,18,933999.1998213149,6847743.404434972,21,97.19325
1,18,933999.1998213149,6847743.404434972,28,97.19324999999999
1,18,933999.1998213149,6847743.404434972,34,97.19324999999999
1,18,933999.1998213149,6847743.404434972,45,97.19324999999995
1,18,933999.1998213149,6847743.404434972,46,97.19324999999999
1,64,933976.8998213315,6847785.004434952,3,10.161112500000055
1,64,933976.8998213315,6847785.004434952,4,22.08937500000007
1,64,933976.8998213315,6847785.004434952,5,38.68672500000014
1,64,933976.8998213315,6847785.004434952,9,38.68672500000013
1,64,933976.8998213315,6847785.004434952,10,22.08937500000007
1,64,933976.8998213315,6847785.004434952,16,22.08937500000006
1,64,933976.8998213315,6847785.004434952,17,38.686725000000166
1,64,933976.8998213315,6847785.004434952,21,38.68672500000013
1,64,933976.8998213315,6847785.004434952,23,10.161112500000055
1,64,933976.8998213315,6847785.004434952,28,22.089375000000057
1,64,933976.8998213315,6847785.004434952,29,38.68672500000015
1,64,933976.8998213315,6847785.004434952,33,38.68672500000014
1,64,933976.8998213315,6847785.004434952,34,22.08937500000006
1,64,933976.8998213315,6847785.004434952,40,22.08937500000006
1,64,933976.8998213315,6847785.004434952,41,38.68672500000016
1,64,933976.8998213315,6847785.004434952,45,38.68672500000017
1,64,933976.8998213315,6847785.004434952,46,22.08937500000006
1,64,933976.8998213315,6847785.004434952,47,10.161112500000055
1,64,933976.8998213315,6847785.004434952,11,10.161112500000062
1,64,933976.8998213315,6847785.004434952,15,10.161112500000062
1,64,933976.8998213315,6847785.004434952,22,22.08937500000006
1,64,933976.8998213315,6847785.004434952,27,10.161112500000062
1,64,933976.8998213315,6847785.004434952,35,10.161112500000051
1,64,933976.8998213315,6847785.004434952,39,10.161112500000062
1,64,933976.8998213315,6847785.004434952,7,3.846150000000063
1,64,933976.8998213315,6847785.004434952,19,3.846150000000063
1,64,933976.8998213315,6847785.004434952,31,3.846150000000063
1,64,933976.8998213315,6847785.004434952,43,3.846150000000063
1,64,933976.8998213315,6847785.004434952,1,2.356200000000001
1,64,933976.8998213315,6847785.004434952,2,2.4351177359007767
1,64,933976.8998213315,6847785.004434952,6,2.439093362893571
1,64,933976.8998213315,6847785.004434952,8,2.439093362893571
1,64,933976.8998213315,6847785.004434952,12,2.4351177359007767
1,64,933976.8998213315,6847785.004434952,13,2.356200000000001
1,64,933976.8998213315,6847785.004434952,14,2.4351177359007767
1,64,933976.8998213315,6847785.004434952,18,2.439093362893571
1,64,933976.8998213315,6847785.004434952,20,2.439093362893571
1,64,933976.8998213315,6847785.004434952,24,2.4351177359007767
1,64,933976.8998213315,6847785.004434952,25,2.356200000000001
1,64,933976.8998213315,6847785.004434952,26,2.4351177359007767
1,64,933976.8998213315,6847785.004434952,30,2.439093362893571
1,64,933976.8998213315,6847785.004434952,32,2.439093362893571
1,64,933976.8998213315,6847785.004434952,36,2.4351177359007767
1,64,933976.8998213315,6847785.004434952,37,2.356200000000001
1,64,933976.8998213315,6847785.004434952,38,2.4351177359007767
1,64,933976.8998213315,6847785.004434952,42,2.439093362893571
1,64,933976.8998213315,6847785.004434952,44,2.439093362893571
1,64,933976.8998213315,6847785.004434952,48,2.4351177359007767
1,26,933533.0998216621,6848578.504434551,1,62.91054000000001
1,26,933533.0998216621,6848578.504434551,4,41.926500000000026
1,26,933533.0998216621,6848578.504434551,8,56.74957224332375
1,26,933533.0998216621,6848578.504434551,9,42.536340000000024
1,26,933533.0998216621,6848578.504434551,12,45.551025883320435
1,26,933533.0998216621,6848578.504434551,17,49.092120000000016
1,26,933533.0998216621,6848578.504434551,18,45.69234899820622
1,26,933533.0998216621,6848578.504434551,19,38.41992000000002
1,26,933533.0998216621,6848578.504434551,20,51.546173069150804
1,26,933533.0998216621,6848578.504434551,21,37.20024000000003
1,26,933533.0998216621,6848578.504434551,23,41.226570000000024
1,26,933533.0998216621,6848578.504434551,26,44.04698257585231
1,26,933533.0998216621,6848578.504434551,27,32.43240000000001
1,26,933533.0998216621,6848578.504434551,28,42.27300000000002
1,26,933533.0998216621,6848578.504434551,29,47.33883000000002
1,26,933533.0998216621,6848578.504434551,30,56.668269131227305
1,26,933533.0998216621,6848578.504434551,31,48.066480000000034
1,26,933533.0998216621,6848578.504434551,32,54.473085104623074
1,26,933533.0998216621,6848578.504434551,33,48.02490000000002
1,26,933533.0998216621,6848578.504434551,34,32.57100000000001
1,26,933533.0998216621,6848578.504434551,35,40.60287
1,26,933533.0998216621,6848578.504434551,36,60.82064650961588
1,26,933533.0998216621,6848578.504434551,38,47.82857717748645
1,26,933533.0998216621,6848578.504434551,39,52.57791000000002
1,26,933533.0998216621,6848578.504434551,41,34.455960000000026
1,26,933533.0998216621,6848578.504434551,42,52.928325974790475
1,26,933533.0998216621,6848578.504434551,43,34.17876000000002
1,26,933533.0998216621,6848578.504434551,44,51.220960620765
1,26,933533.0998216621,6848578.504434551,46,53.70750000000003
1,26,933533.0998216621,6848578.504434551,47,32.245290000000004
1,26,933533.0998216621,6848578.504434551,5,48.25359000000002
1,26,933533.0998216621,6848578.504434551,10,49.688100000000034
1,26,933533.0998216621,6848578.504434551,11,34.55298000000002
1,26,933533.0998216621,6848578.504434551,13,46.97154000000002
1,26,933533.0998216621,6848578.504434551,14,60.47686518219462
1,26,933533.0998216621,6848578.504434551,24,42.08456416515578
1,26,933533.0998216621,6848578.504434551,25,43.021440000000005
1,26,933533.0998216621,6848578.504434551,48,49.260999375075144
1,26,933533.0998216621,6848578.504434551,2,37.21432869335423
1,26,933533.0998216621,6848578.504434551,15,32.24529000000002
1,26,933533.0998216621,6848578.504434551,16,46.500300000000024
1,26,933533.0998216621,6848578.504434551,22,43.17390000000002
1,26,933533.0998216621,6848578.504434551,37,39.54258
1,26,933533.0998216621,6848578.504434551,7,43.32636000000002
1,26,933533.0998216621,6848578.504434551,45,23.631300000000014
1,26,933533.0998216621,6848578.504434551,3,34.30350000000003
1,26,933533.0998216621,6848578.504434551,6,31.220395045037712
1,26,933533.0998216621,6848578.504434551,40,35.55090000000001
1,66,933533.0998216621,6848578.504434551,2,67.49573395037918
1,66,933533.0998216621,6848578.504434551,3,46.1538
1,66,933533.0998216621,6848578.504434551,5,50.08311000000004
1,66,933533.0998216621,6848578.504434551,6,73.66061955938584
1,66,933533.0998216621,6848578.504434551,7,63.95004000000005
1,66,933533.0998216621,6848578.504434551,10,39.70890000000003
1,66,933533.0998216621,6848578.504434551,11,45.90432000000001
1,66,933533.0998216621,6848578.504434551,13,54.34506000000002
1,66,933533.0998216621,6848578.504434551,14,44.23319746153882
1,66,933533.0998216621,6848578.504434551,15,48.21201000000001
1,66,933533.0998216621,6848578.504434551,16,42.896700000000045
1,66,933533.0998216621,6848578.504434551,22,46.22310000000004
1,66,933533.0998216621,6848578.504434551,24,62.62549847857765
1,66,933533.0998216621,6848578.504434551,25,58.29516000000001
1,66,933533.0998216621,6848578.504434551,37,61.774020000000014
1,66,933533.0998216621,6848578.504434551,40,53.846100000000035
1,66,933533.0998216621,6848578.504434551,45,74.70540000000007
1,66,933533.0998216621,6848578.504434551,48,55.44906326865831
1,66,933533.0998216621,6848578.504434551,4,47.47050000000003
1,66,933533.0998216621,6848578.504434551,8,48.1314423610998
1,66,933533.0998216621,6848578.504434551,9,55.80036000000004
1,66,933533.0998216621,6848578.504434551,17,49.24458000000005
1,66,933533.0998216621,6848578.504434551,19,68.85648000000005
1,66,933533.0998216621,6848578.504434551,20,53.334841535272744
1,66,933533.0998216621,6848578.504434551,21,61.13646000000004
1,66,933533.0998216621,6848578.504434551,23,39.23073000000001
1,66,933533.0998216621,6848578.504434551,26,60.66308006788115
1,66,933533.0998216621,6848578.504434551,29,50.99787000000004
1,66,933533.0998216621,6848578.504434551,30,48.21274547319625
1,66,933533.0998216621,6848578.504434551,31,59.20992000000004
1,66,933533.0998216621,6848578.504434551,33,50.31180000000005
1,66,933533.0998216621,6848578.504434551,34,56.826000000000036
1,66,933533.0998216621,6848578.504434551,38,56.881485466246986
1,66,933533.0998216621,6848578.504434551,39,27.879390000000004
1,66,933533.0998216621,6848578.504434551,41,63.88074000000007
1,66,933533.0998216621,6848578.504434551,43,73.09764000000004
1,66,933533.0998216621,6848578.504434551,44,53.66005398365856
1,66,933533.0998216621,6848578.504434551,12,59.15903676041303
1,66,933533.0998216621,6848578.504434551,18,59.18866560621733
1,66,933533.0998216621,6848578.504434551,27,48.024900000000024
1,66,933533.0998216621,6848578.504434551,42,51.952688629633066
1,66,933533.0998216621,6848578.504434551,46,35.68950000000002
1,66,933533.0998216621,6848578.504434551,32,50.407929499800474
1,66,933533.0998216621,6848578.504434551,35,39.85443000000001
1,66,933533.0998216621,6848578.504434551,36,43.88941613411757
1,66,933533.0998216621,6848578.504434551,47,48.21201000000001
1,66,933533.0998216621,6848578.504434551,28,47.12400000000004
1,66,933533.0998216621,6848578.504434551,1,38.406060000000025
1,71,933466.5998217198,6847887.004434904,1,261.0877500000001
1,71,933466.5998217198,6847887.004434904,2,261.08775
1,71,933466.5998217198,6847887.004434904,3,261.0877500000001
1,71,933466.5998217198,6847887.004434904,4,261.0877499999999
1,71,933466.5998217198,6847887.004434904,5,261.08775
1,71,933466.5998217198,6847887.004434904,6,261.08774999999997
1,71,933466.5998217198,6847887.004434904,7,261.0877499999999
1,71,933466.5998217198,6847887.004434904,8,261.08775
1,71,933466.5998217198,6847887.004434904,9,261.08775
1,71,933466.5998217198,6847887.004434904,10,261.0877499999998
1,71,933466.5998217198,6847887.004434904,11,261.0877500000001
1,71,933466.5998217198,6847887.004434904,12,261.08774999999997
1,71,933466.5998217198,6847887.004434904,13,261.08775000000014
1,71,933466.5998217198,6847887.004434904,14,261.08774999999997
1,71,933466.5998217198,6847887.004434904,15,261.0877500000001
1,71,933466.5998217198,6847887.004434904,16,261.0877499999998
1,71,933466.5998217198,6847887.004434904,17,261.08775
1,71,933466.5998217198,6847887.004434904,18,261.08775
1,71,933466.5998217198,6847887.004434904,19,261.0877499999999
1,71,933466.5998217198,6847887.004434904,20,261.08775
1,71,933466.5998217198,6847887.004434904,21,261.08775
1,71,933466.5998217198,6847887.004434904,22,261.08774999999974
1,71,933466.5998217198,6847887.004434904,23,261.0877500000001
1,71,933466.5998217198,6847887.004434904,24,261.08775
1,71,933466.5998217198,6847887.004434904,25,261.0877500000001
1,71,933466.5998217198,6847887.004434904,26,261.08774999999997
1,71,933466.5998217198,6847887.004434904,27,261.08775
1,71,933466.5998217198,6847887.004434904,28,261.0877499999998
1,71,933466.5998217198,6847887.004434904,29,261.08775000000014
1,71,933466.5998217198,6847887.004434904,30,261.08775
1,71,933466.5998217198,6847887.004434904,31,261.0877499999999
1,71,933466.5998217198,6847887.004434904,32,261.0877500000001
1,71,933466.5998217198,6847887.004434904,33,261.0877500000001
1,71,933466.5998217198,6847887.004434904,34,261.0877499999999
1,71,933466.5998217198,6847887.004434904,35,261.08775
1,71,933466.5998217198,6847887.004434904,36,261.08775
1,71,933466.5998217198,6847887.004434904,37,261.0877500000001
1,71,933466.5998217198,6847887.004434904,38,261.08775
1,71,933466.5998217198,6847887.004434904,39,261.08775
1,71,933466.5998217198,6847887.004434904,40,261.08774999999986
1,71,933466.5998217198,6847887.004434904,41,261.08775000000014
1,71,933466.5998217198,6847887.004434904,42,261.08775
1,71,933466.5998217198,6847887.004434904,43,261.08775
1,71,933466.5998217198,6847887.004434904,44,261.08774999999997
1,71,933466.5998217198,6847887.004434904,45,261.08775
1,71,933466.5998217198,6847887.004434904,46,261.0877499999998
1,71,933466.5998217198,6847887.004434904,47,261.0877500000001
1,71,933466.5998217198,6847887.004434904,48,261.08774999999997
1,46,934906.099820619,6848106.204434778,1,151.97490000000028
1,46,934906.099820619,6848106.204434778,2,110.86947809336482
1,46,934906.099820619,6848106.204434778,3,120.68595000000002
1,46,934906.099820619,6848106.204434778,4,134.0955000000001
1,46,934906.099820619,6848106.204434778,5,147.50505000000013
1,46,934906.099820619,6848106.204434778,6,157.32152190663535
1,46,934906.099820619,6848106.204434778,7,96.57648000004461
1,46,934906.099820619,6848106.204434778,8,157.32152190663535
1,46,934906.099820619,6848106.204434778,9,147.50505000000013
1,46,934906.099820619,6848106.204434778,10,134.0955000000001
1,46,934906.099820619,6848106.204434778,11,120.68595000000002
1,46,934906.099820619,6848106.204434778,12,110.86947809336482
1,46,934906.099820619,6848106.204434778,13,151.97490000000028
1,46,934906.099820619,6848106.204434778,14,110.86947809336482
1,46,934906.099820619,6848106.204434778,15,120.68595000000002
1,46,934906.099820619,6848106.204434778,16,134.0955000000001
1,46,934906.099820619,6848106.204434778,17,147.50505000000013
1,46,934906.099820619,6848106.204434778,18,157.32152190663535
1,46,934906.099820619,6848106.204434778,19,96.57648000012632
1,46,934906.099820619,6848106.204434778,20,157.32152190663535
1,46,934906.099820619,6848106.204434778,21,147.5050500000001
1,46,934906.099820619,6848106.204434778,22,134.09550000000007
1,46,934906.099820619,6848106.204434778,23,120.68594999999999
1,46,934906.099820619,6848106.204434778,24,110.86947809336482
1,46,934906.099820619,6848106.204434778,25,151.97490000000028
1,46,934906.099820619,6848106.204434778,26,110.86947809336482
1,46,934906.099820619,6848106.204434778,27,120.68594999999999
1,46,934906.099820619,6848106.204434778,28,134.0955000000001
1,46,934906.099820619,6848106.204434778,29,147.50505000000013
1,46,934906.099820619,6848106.204434778,30,157.32152190663535
1,46,934906.099820619,6848106.204434778,31,96.57648000012759
1,46,934906.099820619,6848106.204434778,32,157.32152190663535
1,46,934906.099820619,6848106.204434778,33,147.50505000000013
1,46,934906.099820619,6848106.204434778,34,134.0955000000001
1,46,934906.099820619,6848106.204434778,35,120.68594999999999
1,46,934906.099820619,6848106.204434778,36,110.86947809336482
1,46,934906.099820619,6848106.204434778,37,151.97490000000028
1,46,934906.099820619,6848106.204434778,38,110.86947809336482
1,46,934906.099820619,6848106.204434778,39,120.68595000000002
1,46,934906.099820619,6848106.204434778,40,134.09550000000007
1,46,934906.099820619,6848106.204434778,41,147.50505000000013
1,46,934906.099820619,6848106.204434778,42,157.32152190663535
1,46,934906.099820619,6848106.204434778,43,96.57648000012942
1,46,934906.099820619,6848106.204434778,44,157.32152190663535
1,46,934906.099820619,6848106.204434778,45,147.50505000000013
1,46,934906.099820619,6848106.204434778,46,134.09550000000007
1,46,934906.099820619,6848106.204434778,47,120.68595000000002
1,46,934906.099820619,6848106.204434778,48,110.86947809336482
1,63,934417.9998210015,6847132.404435275,1,23.562000000000012
1,63,934417.9998210015,6847132.404435275,2,24.351177359007774
1,63,934417.9998210015,6847132.404435275,3,18.711000000000016
1,63,934417.9998210015,6847132.404435275,4,20.79000000000001
1,63,934417.9998210015,6847132.404435275,5,22.869000000000014
1,63,934417.9998210015,6847132.404435275,6,24.390933628935706
1,63,934417.9998210015,6847132.404435275,7,24.94800000000001
1,63,934417.9998210015,6847132.404435275,8,24.39093362893571
1,63,934417.9998210015,6847132.404435275,9,22.869000000000014
1,63,934417.9998210015,6847132.404435275,10,20.79000000000001
1,63,934417.9998210015,6847132.404435275,11,18.711000000000013
1,63,934417.9998210015,6847132.404435275,12,24.35117735900778
1,63,934417.9998210015,6847132.404435275,13,23.562000000000012
1,63,934417.9998210015,6847132.404435275,14,24.351177359007778
1,63,934417.9998210015,6847132.404435275,15,18.711000000000013
1,63,934417.9998210015,6847132.404435275,16,20.790000000000006
1,63,934417.9998210015,6847132.404435275,17,22.869000000000018
1,63,934417.9998210015,6847132.404435275,18,24.39093362893571
1,63,934417.9998210015,6847132.404435275,19,24.94800000000001
1,63,934417.9998210015,6847132.404435275,20,24.39093362893571
1,63,934417.9998210015,6847132.404435275,21,22.869000000000014
1,63,934417.9998210015,6847132.404435275,22,20.79000000000001
1,63,934417.9998210015,6847132.404435275,23,18.711000000000013
1,63,934417.9998210015,6847132.404435275,24,24.351177359007774
1,63,934417.9998210015,6847132.404435275,25,23.562000000000012
1,63,934417.9998210015,6847132.404435275,26,24.351177359007774
1,63,934417.9998210015,6847132.404435275,27,18.711000000000013
1,63,934417.9998210015,6847132.404435275,28,20.790000000000013
1,63,934417.9998210015,6847132.404435275,29,22.869000000000014
1,63,934417.9998210015,6847132.404435275,30,24.39093362893571
1,63,934417.9998210015,6847132.404435275,31,24.94800000000001
1,63,934417.9998210015,6847132.404435275,32,24.39093362893571
1,63,934417.9998210015,6847132.404435275,33,22.869000000000014
1,63,934417.9998210015,6847132.404435275,34,20.79000000000001
1,63,934417.9998210015,6847132.404435275,35,18.711000000000013
1,63,934417.9998210015,6847132.404435275,36,24.351177359007774
1,63,934417.9998210015,6847132.404435275,37,23.562000000000012
1,63,934417.9998210015,6847132.404435275,38,24.351177359007778
1,63,934417.9998210015,6847132.404435275,39,18.711000000000013
1,63,934417.9998210015,6847132.404435275,40,20.79000000000001
1,63,934417.9998210015,6847132.404435275,41,22.869000000000014
1,63,934417.9998210015,6847132.404435275,42,24.39093362893571
1,63,934417.9998210015,6847132.404435275,43,24.948000000000008
1,63,934417.9998210015,6847132.404435275,44,24.39093362893571
1,63,934417.9998210015,6847132.404435275,45,22.869000000000014
1,63,934417.9998210015,6847132.404435275,46,20.79000000000001
1,63,934417.9998210015,6847132.404435275,47,18.711000000000013
1,63,934417.9998210015,6847132.404435275,48,24.351177359007778
1,32,934724.7998207612,6847726.104434972,1,60.08310000000002
1,32,934724.7998207612,6847726.104434972,2,62.09550226546984
1,32,934724.7998207612,6847726.104434972,3,47.713050000000024
1,32,934724.7998207612,6847726.104434972,4,53.014500000000034
1,32,934724.7998207612,6847726.104434972,5,58.315950000000036
1,32,934724.7998207612,6847726.104434972,6,62.196880753786054
1,32,934724.7998207612,6847726.104434972,7,63.61740000000004
1,32,934724.7998207612,6847726.104434972,8,62.19688075378604
1,32,934724.7998207612,6847726.104434972,9,58.315950000000036
1,32,934724.7998207612,6847726.104434972,10,53.01450000000003
1,32,934724.7998207612,6847726.104434972,11,47.713050000000024
1,32,934724.7998207612,6847726.104434972,12,62.095502265469854
1,32,934724.7998207612,6847726.104434972,13,60.08310000000003
1,32,934724.7998207612,6847726.104434972,14,62.095502265469854
1,32,934724.7998207612,6847726.104434972,15,47.713050000000024
1,32,934724.7998207612,6847726.104434972,16,53.01450000000004
1,32,934724.7998207612,6847726.104434972,17,58.31595000000004
1,32,934724.7998207612,6847726.104434972,18,62.19688075378606
1,32,934724.7998207612,6847726.104434972,19,63.617400000000046
1,32,934724.7998207612,6847726.104434972,20,62.196880753786054
1,32,934724.7998207612,6847726.104434972,21,58.315950000000036
1,32,934724.7998207612,6847726.104434972,22,53.01450000000004
1,32,934724.7998207612,6847726.104434972,23,47.713050000000024
1,32,934724.7998207612,6847726.104434972,24,62.09550226546984
1,32,934724.7998207612,6847726.104434972,25,60.08310000000003
1,32,934724.7998207612,6847726.104434972,26,62.095502265469854
1,32,934724.7998207612,6847726.104434972,27,47.713050000000024
1,32,934724.7998207612,6847726.104434972,28,53.014500000000034
1,32,934724.7998207612,6847726.104434972,29,58.315950000000036
1,32,934724.7998207612,6847726.104434972,30,62.196880753786054
1,32,934724.7998207612,6847726.104434972,31,63.617400000000046
1,32,934724.7998207612,6847726.104434972,32,62.196880753786054
1,32,934724.7998207612,6847726.104434972,33,58.315950000000036
1,32,934724.7998207612,6847726.104434972,34,53.014500000000034
1,32,934724.7998207612,6847726.104434972,35,47.71305000000001
1,32,934724.7998207612,6847726.104434972,36,62.095502265469854
1,32,934724.7998207612,6847726.104434972,37,60.08310000000003
1,32,934724.7998207612,6847726.104434972,38,62.09550226546984
1,32,934724.7998207612,6847726.104434972,39,47.713050000000024
1,32,934724.7998207612,6847726.104434972,40,53.014500000000034
1,32,934724.7998207612,6847726.104434972,41,58.315950000000036
1,32,934724.7998207612,6847726.104434972,42,62.19688075378605
1,32,934724.7998207612,6847726.104434972,43,63.617400000000046
1,32,934724.7998207612,6847726.104434972,44,62.19688075378605
1,32,934724.7998207612,6847726.104434972,45,58.315950000000036
1,32,934724.7998207612,6847726.104434972,46,53.014500000000034
1,32,934724.7998207612,6847726.104434972,47,47.713050000000024
1,32,934724.7998207612,6847726.104434972,48,62.095502265469854
1,43,934084.1998212618,6846602.604435545,1,15.800400000000009
1,43,934084.1998212618,6846602.604435545,2,16.329613052511096
1,43,934084.1998212618,6846602.604435545,3,17.77545000000001
1,43,934084.1998212618,6846602.604435545,4,19.75050000000001
1,43,934084.1998212618,6846602.604435545,5,22.869000000000014
1,43,934084.1998212618,6846602.604435545,6,10.813313908828164
1,43,934084.1998212618,6846602.604435545,7,11.060280000000006
1,43,934084.1998212618,6846602.604435545,8,10.813313908828164
1,43,934084.1998212618,6846602.604435545,9,22.869000000000014
1,43,934084.1998212618,6846602.604435545,10,19.75050000000001
1,43,934084.1998212618,6846602.604435545,11,17.77545000000001
1,43,934084.1998212618,6846602.604435545,12,16.329613052511096
1,43,934084.1998212618,6846602.604435545,13,15.800400000000009
1,43,934084.1998212618,6846602.604435545,14,16.329613052511093
1,43,934084.1998212618,6846602.604435545,15,17.77545000000001
1,43,934084.1998212618,6846602.604435545,16,19.75050000000001
1,43,934084.1998212618,6846602.604435545,17,22.86900000000001
1,43,934084.1998212618,6846602.604435545,18,10.813313908828164
1,43,934084.1998212618,6846602.604435545,19,11.060280000000006
1,43,934084.1998212618,6846602.604435545,20,10.813313908828164
1,43,934084.1998212618,6846602.604435545,21,22.86900000000001
1,43,934084.1998212618,6846602.604435545,22,19.75050000000001
1,43,934084.1998212618,6846602.604435545,23,17.77545000000001
1,43,934084.1998212618,6846602.604435545,24,16.329613052511093
1,43,934084.1998212618,6846602.604435545,25,15.800400000000009
1,43,934084.1998212618,6846602.604435545,26,16.329613052511096
1,43,934084.1998212618,6846602.604435545,27,17.77545000000001
1,43,934084.1998212618,6846602.604435545,28,19.75050000000001
1,43,934084.1998212618,6846602.604435545,29,22.869000000000014
1,43,934084.1998212618,6846602.604435545,30,10.813313908828164
1,43,934084.1998212618,6846602.604435545,31,11.060280000000006
1,43,934084.1998212618,6846602.604435545,32,10.813313908828164
1,43,934084.1998212618,6846602.604435545,33,22.86900000000001
1,43,934084.1998212618,6846602.604435545,34,19.750500000000006
1,43,934084.1998212618,6846602.604435545,35,17.77545000000001
1,43,934084.1998212618,6846602.604435545,36,16.329613052511096
1,43,934084.1998212618,6846602.604435545,37,15.800400000000009
1,43,934084.1998212618,6846602.604435545,38,16.329613052511096
1,43,934084.1998212618,6846602.604435545,39,17.77545000000001
1,43,934084.1998212618,6846602.604435545,40,19.75050000000001
1,43,934084.1998212618,6846602.604435545,41,22.86900000000001
1,43,934084.1998212618,6846602.604435545,42,10.813313908828164
1,43,934084.1998212618,6846602.604435545,43,11.060280000000006
1,43,934084.1998212618,6846602.604435545,44,10.813313908828164
1,43,934084.1998212618,6846602.604435545,45,22.86900000000001
1,43,934084.1998212618,6846602.604435545,46,19.75050000000001
1,43,934084.1998212618,6846602.604435545,47,17.77545000000001
1,43,934084.1998212618,6846602.604435545,48,16.329613052511096
2,7,933780.291513979,6846818.296141294,1,215.3844000000003
2,7,933780.291513979,6846818.296141294,2,222.59840950528292
2,7,933780.291513979,6846818.296141294,3,242.30745000000024
2,7,933780.291513979,6846818.296141294,4,269.2304999999998
2,7,933780.291513979,6846818.296141294,5,296.1535500000003
2,7,933780.291513979,6846818.296141294,6,315.8625904947175
2,7,933780.291513979,6846818.296141294,7,323.0765999999997
2,7,933780.291513979,6846818.296141294,8,315.8625904947175
2,7,933780.291513979,6846818.296141294,9,296.1535500000003
2,7,933780.291513979,6846818.296141294,10,269.2304999999998
2,7,933780.291513979,6846818.296141294,11,242.30745000000024
2,7,933780.291513979,6846818.296141294,12,222.59840950528292
2,7,933780.291513979,6846818.296141294,13,215.3844000000003
2,7,933780.291513979,6846818.296141294,14,222.59840950528292
2,7,933780.291513979,6846818.296141294,15,242.30745000000024
2,7,933780.291513979,6846818.296141294,16,269.2304999999998
2,7,933780.291513979,6846818.296141294,17,296.1535500000003
2,7,933780.291513979,6846818.296141294,18,315.8625904947175
2,7,933780.291513979,6846818.296141294,19,323.0765999999997
2,7,933780.291513979,6846818.296141294,20,315.8625904947175
2,7,933780.291513979,6846818.296141294,21,296.1535500000003
2,7,933780.291513979,6846818.296141294,22,269.2304999999998
2,7,933780.291513979,6846818.296141294,23,242.30745000000024
2,7,933780.291513979,6846818.296141294,24,222.59840950528292
2,7,933780.291513979,6846818.296141294,25,215.3844000000003
2,7,933780.291513979,6846818.296141294,26,222.59840950528292
2,7,933780.291513979,6846818.296141294,27,242.30745000000024
2,7,933780.291513979,6846818.296141294,28,269.2304999999998
2,7,933780.291513979,6846818.296141294,29,296.1535500000003
2,7,933780.291513979,6846818.296141294,30,315.8625904947175
2,7,933780.291513979,6846818.296141294,31,323.0765999999997
2,7,933780.291513979,6846818.296141294,32,315.8625904947175
2,7,933780.291513979,6846818.296141294,33,296.1535500000003
2,7,933780.291513979,6846818.296141294,34,269.2304999999998
2,7,933780.291513979,6846818.296141294,35,242.30745000000024
2,7,933780.291513979,6846818.296141294,36,222.59840950528292
2,7,933780.291513979,6846818.296141294,37,215.3844000000003
2,7,933780.291513979,6846818.296141294,38,222.59840950528292
2,7,933780.291513979,6846818.296141294,39,242.30745000000024
2,7,933780.291513979,6846818.296141294,40,269.2304999999998
2,7,933780.291513979,6846818.296141294,41,296.1535500000003
2,7,933780.291513979,6846818.296141294,42,315.8625904947175
2,7,933780.291513979,6846818.296141294,43,323.0765999999997
2,7,933780.291513979,6846818.296141294,44,315.8625904947175
2,7,933780.291513979,6846818.296141294,45,296.1535500000003
2,7,933780.291513979,6846818.296141294,46,269.2304999999998
2,7,933780.291513979,6846818.296141294,47,242.30745000000024
2,7,933780.291513979,6846818.296141294,48,222.59840950528292
2,50,933472.5998217161,6847811.904434941,1,119.91672000000011
2,50,933472.5998217161,6847811.904434941,2,123.9331685353737
2,50,933472.5998217161,6847811.904434941,3,289.0849500000003
2,50,933472.5998217161,6847811.904434941,7,179.8750800000002
2,50,933472.5998217161,6847811.904434941,8,291.5797499999998
2,50,933472.5998217161,6847811.904434941,9,291.57974999999993
2,50,933472.5998217161,6847811.904434941,10,291.5797499999995
2,50,933472.5998217161,6847811.904434941,13,119.91672000000011
2,50,933472.5998217161,6847811.904434941,14,123.9331685353737
2,50,933472.5998217161,6847811.904434941,17,291.57974999999993
2,50,933472.5998217161,6847811.904434941,18,175.85863146462643
2,50,933472.5998217161,6847811.904434941,19,291.5797499999998
2,50,933472.5998217161,6847811.904434941,21,164.8854900000002
2,50,933472.5998217161,6847811.904434941,22,291.5797499999995
2,50,933472.5998217161,6847811.904434941,24,123.9331685353737
2,50,933472.5998217161,6847811.904434941,25,119.91672000000011
2,50,933472.5998217161,6847811.904434941,26,265.57107543294353
2,50,933472.5998217161,6847811.904434941,27,289.0849500000003
2,50,933472.5998217161,6847811.904434941,28,291.5797499999995
2,50,933472.5998217161,6847811.904434941,29,291.57974999999993
2,50,933472.5998217161,6847811.904434941,32,175.85863146462643
2,50,933472.5998217161,6847811.904434941,34,149.89589999999998
2,50,933472.5998217161,6847811.904434941,35,134.90631000000002
2,50,933472.5998217161,6847811.904434941,36,123.9331685353737
2,50,933472.5998217161,6847811.904434941,37,256.9644000000004
2,50,933472.5998217161,6847811.904434941,38,265.57107543294353
2,50,933472.5998217161,6847811.904434941,41,164.8854900000002
2,50,933472.5998217161,6847811.904434941,42,291.5797499999999
2,50,933472.5998217161,6847811.904434941,44,291.5797499999999
2,50,933472.5998217161,6847811.904434941,46,149.89589999999998
2,50,933472.5998217161,6847811.904434941,5,188.4405600000001
2,50,933472.5998217161,6847811.904434941,11,154.1786400000001
2,50,933472.5998217161,6847811.904434941,15,154.1786400000001
2,50,933472.5998217161,6847811.904434941,16,171.30959999999993
2,50,933472.5998217161,6847811.904434941,20,200.98129310243033
2,50,933472.5998217161,6847811.904434941,40,171.30959999999993
2,50,933472.5998217161,6847811.904434941,47,154.1786400000001
2,50,933472.5998217161,6847811.904434941,6,85.26017456705686
2,50,933472.5998217161,6847811.904434941,30,85.26017456705686
2,50,933472.5998217161,6847811.904434941,31,93.86685000000027
2,50,933472.5998217161,6847811.904434941,43,93.8668500000003
2,50,933472.5998217161,6847811.904434941,45,61.746300000000474
2,50,933472.5998217161,6847811.904434941,33,61.74630000000047
2,50,933472.5998217161,6847811.904434941,4,29.6257500000002
2,76,933472.5998217161,6847811.904434941,4,291.5797499999995
2,76,933472.5998217161,6847811.904434941,5,164.8854900000002
2,76,933472.5998217161,6847811.904434941,6,291.5797499999998
2,76,933472.5998217161,6847811.904434941,11,134.90631000000002
2,76,933472.5998217161,6847811.904434941,12,265.57107543294353
2,76,933472.5998217161,6847811.904434941,15,134.90631000000002
2,76,933472.5998217161,6847811.904434941,16,149.89589999999998
2,76,933472.5998217161,6847811.904434941,20,175.85863146462643
2,76,933472.5998217161,6847811.904434941,23,289.0849500000003
2,76,933472.5998217161,6847811.904434941,30,291.5797499999998
2,76,933472.5998217161,6847811.904434941,31,291.57974999999976
2,76,933472.5998217161,6847811.904434941,33,291.57974999999993
2,76,933472.5998217161,6847811.904434941,39,289.0849500000003
2,76,933472.5998217161,6847811.904434941,40,149.89589999999998
2,76,933472.5998217161,6847811.904434941,43,291.5797499999997
2,76,933472.5998217161,6847811.904434941,45,291.57975
2,76,933472.5998217161,6847811.904434941,47,134.90631000000002
2,76,933472.5998217161,6847811.904434941,48,265.57107543294353
2,76,933472.5998217161,6847811.904434941,1,137.04768000000013
2,76,933472.5998217161,6847811.904434941,2,141.63790689756988
2,76,933472.5998217161,6847811.904434941,7,205.57151999999996
2,76,933472.5998217161,6847811.904434941,13,137.04768000000013
2,76,933472.5998217161,6847811.904434941,14,141.63790689756988
2,76,933472.5998217161,6847811.904434941,18,200.98129310243033
2,76,933472.5998217161,6847811.904434941,21,188.4405600000001
2,76,933472.5998217161,6847811.904434941,24,141.63790689756988
2,76,933472.5998217161,6847811.904434941,25,137.04768000000013
2,76,933472.5998217161,6847811.904434941,32,200.98129310243033
2,76,933472.5998217161,6847811.904434941,34,171.30959999999993
2,76,933472.5998217161,6847811.904434941,35,154.1786400000001
2,76,933472.5998217161,6847811.904434941,36,141.63790689756988
2,76,933472.5998217161,6847811.904434941,41,188.4405600000001
2,76,933472.5998217161,6847811.904434941,46,171.30959999999993
2,76,933472.5998217161,6847811.904434941,8,85.26017456705686
2,76,933472.5998217161,6847811.904434941,19,93.86685000000026
2,76,933472.5998217161,6847811.904434941,42,85.26017456705686
2,76,933472.5998217161,6847811.904434941,44,85.26017456705686
2,76,933472.5998217161,6847811.904434941,29,61.74630000000051
2,76,933472.5998217161,6847811.904434941,9,61.74630000000047
2,76,933472.5998217161,6847811.904434941,17,61.74630000000047
2,76,933472.5998217161,6847811.904434941,10,29.6257500000002
2,76,933472.5998217161,6847811.904434941,22,29.6257500000002
2,76,933472.5998217161,6847811.904434941,28,29.6257500000002
2,8,932794.3604016128,6848981.7958182,1,434.0952000000004
2,8,932794.3604016128,6848981.7958182,2,448.6346322847785
2,8,932794.3604016128,6848981.7958182,3,488.3571000000006
2,8,932794.3604016128,6848981.7958182,4,542.6189999999997
2,8,932794.3604016128,6848981.7958182,5,573.6307499999996
2,8,932794.3604016128,6848981.7958182,6,573.6307499999999
2,8,932794.3604016128,6848981.7958182,7,573.63075
2,8,932794.3604016128,6848981.7958182,8,573.6307499999999
2,8,932794.3604016128,6848981.7958182,9,573.6307499999996
2,8,932794.3604016128,6848981.7958182,10,542.6189999999997
2,8,932794.3604016128,6848981.7958182,11,488.3571000000006
2,8,932794.3604016128,6848981.7958182,12,448.6346322847785
2,8,932794.3604016128,6848981.7958182,13,434.0952000000004
2,8,932794.3604016128,6848981.7958182,14,448.6346322847785
2,8,932794.3604016128,6848981.7958182,15,488.3571000000006
2,8,932794.3604016128,6848981.7958182,16,542.6189999999997
2,8,932794.3604016128,6848981.7958182,17,573.6307499999996
2,8,932794.3604016128,6848981.7958182,18,573.6307499999999
2,8,932794.3604016128,6848981.7958182,19,573.6307500000001
2,8,932794.3604016128,6848981.7958182,20,573.6307499999999
2,8,932794.3604016128,6848981.7958182,21,573.6307499999996
2,8,932794.3604016128,6848981.7958182,22,542.6189999999997
2,8,932794.3604016128,6848981.7958182,23,488.3571000000006
2,8,932794.3604016128,6848981.7958182,24,448.6346322847785
2,8,932794.3604016128,6848981.7958182,25,434.0952000000004
2,8,932794.3604016128,6848981.7958182,26,448.6346322847785
2,8,932794.3604016128,6848981.7958182,27,488.3571000000006
2,8,932794.3604016128,6848981.7958182,28,542.6189999999997
2,8,932794.3604016128,6848981.7958182,29,573.6307499999996
2,8,932794.3604016128,6848981.7958182,30,573.6307499999999
2,8,932794.3604016128,6848981.7958182,31,573.6307500000001
2,8,932794.3604016128,6848981.7958182,32,573.6307499999999
2,8,932794.3604016128,6848981.7958182,33,573.6307499999996
2,8,932794.3604016128,6848981.7958182,34,542.6189999999997
2,8,932794.3604016128,6848981.7958182,35,488.3571000000006
2,8,932794.3604016128,6848981.7958182,36,448.6346322847785
2,8,932794.3604016128,6848981.7958182,37,434.0952000000004
2,8,932794.3604016128,6848981.7958182,38,448.6346322847785
2,8,932794.3604016128,6848981.7958182,39,488.3571000000006
2,8,932794.3604016128,6848981.7958182,40,542.6189999999997
2,8,932794.3604016128,6848981.7958182,41,573.6307499999995
2,8,932794.3604016128,6848981.7958182,42,573.63075
2,8,932794.3604016128,6848981.7958182,43,573.63075
2,8,932794.3604016128,6848981.7958182,44,573.63075
2,8,932794.3604016128,6848981.7958182,45,573.6307499999995
2,8,932794.3604016128,6848981.7958182,46,542.6189999999997
2,8,932794.3604016128,6848981.7958182,47,488.3571000000006
2,8,932794.3604016128,6848981.7958182,48,448.6346322847785
2,69,934334.8998210647,6847164.004435261,1,182.952
2,69,934334.8998210647,6847164.004435261,2,182.952
2,69,934334.8998210647,6847164.004435261,3,182.952
2,69,934334.8998210647,6847164.004435261,4,182.952
2,69,934334.8998210647,6847164.004435261,5,182.95199999999997
2,69,934334.8998210647,6847164.004435261,6,182.95199999999997
2,69,934334.8998210647,6847164.004435261,7,182.95200000000003
2,69,934334.8998210647,6847164.004435261,8,182.95199999999997
2,69,934334.8998210647,6847164.004435261,9,182.95199999999997
2,69,934334.8998210647,6847164.004435261,10,182.952
2,69,934334.8998210647,6847164.004435261,11,182.952
2,69,934334.8998210647,6847164.004435261,12,182.952
2,69,934334.8998210647,6847164.004435261,13,182.952
2,69,934334.8998210647,6847164.004435261,14,182.952
2,69,934334.8998210647,6847164.004435261,15,182.952
2,69,934334.8998210647,6847164.004435261,16,182.952
2,69,934334.8998210647,6847164.004435261,17,182.95199999999997
2,69,934334.8998210647,6847164.004435261,18,182.95199999999997
2,69,934334.8998210647,6847164.004435261,19,182.95200000000003
2,69,934334.8998210647,6847164.004435261,20,182.95199999999997
2,69,934334.8998210647,6847164.004435261,21,182.95199999999997
2,69,934334.8998210647,6847164.004435261,22,182.952
2,69,934334.8998210647,6847164.004435261,23,182.952
2,69,934334.8998210647,6847164.004435261,24,182.952
2,69,934334.8998210647,6847164.004435261,25,182.952
2,69,934334.8998210647,6847164.004435261,26,182.952
2,69,934334.8998210647,6847164.004435261,27,182.952
2,69,934334.8998210647,6847164.004435261,28,182.952
2,69,934334.8998210647,6847164.004435261,29,182.95199999999997
2,69,934334.8998210647,6847164.004435261,30,182.95199999999997
2,69,934334.8998210647,6847164.004435261,31,182.95200000000003
2,69,934334.8998210647,6847164.004435261,32,182.95199999999997
2,69,934334.8998210647,6847164.004435261,33,182.95199999999997
2,69,934334.8998210647,6847164.004435261,34,182.952
2,69,934334.8998210647,6847164.004435261,35,182.952
2,69,934334.8998210647,6847164.004435261,36,182.952
2,69,934334.8998210647,6847164.004435261,37,182.952
2,69,934334.8998210647,6847164.004435261,38,182.952
2,69,934334.8998210647,6847164.004435261,39,182.952
2,69,934334.8998210647,6847164.004435261,40,182.952
2,69,934334.8998210647,6847164.004435261,41,182.95199999999997
2,69,934334.8998210647,6847164.004435261,42,182.95199999999997
2,69,934334.8998210647,6847164.004435261,43,182.95200000000003
2,69,934334.8998210647,6847164.004435261,44,182.95199999999997
2,69,934334.8998210647,6847164.004435261,45,182.95199999999997
2,69,934334.8998210647,6847164.004435261,46,182.952
2,69,934334.8998210647,6847164.004435261,47,182.952
2,69,934334.8998210647,6847164.004435261,48,182.952
2,38,933906.9998213904,6847232.504435231,1,538.0452000000005
2,38,933906.9998213904,6847232.504435231,2,556.0662971039296
2,38,933906.9998213904,6847232.504435231,3,605.3008500000012
2,38,933906.9998213904,6847232.504435231,4,672.5564999999982
2,38,933906.9998213904,6847232.504435231,5,739.8121499999994
2,38,933906.9998213904,6847232.504435231,6,789.0467028960704
2,38,933906.9998213904,6847232.504435231,7,807.0678000000015
2,38,933906.9998213904,6847232.504435231,8,789.0467028960704
2,38,933906.9998213904,6847232.504435231,9,739.8121499999994
2,38,933906.9998213904,6847232.504435231,10,672.5564999999982
2,38,933906.9998213904,6847232.504435231,11,605.3008500000012
2,38,933906.9998213904,6847232.504435231,12,556.0662971039296
2,38,933906.9998213904,6847232.504435231,13,538.0452000000005
2,38,933906.9998213904,6847232.504435231,14,556.0662971039296
2,38,933906.9998213904,6847232.504435231,15,605.3008500000012
2,38,933906.9998213904,6847232.504435231,16,672.5564999999982
2,38,933906.9998213904,6847232.504435231,17,739.8121499999994
2,38,933906.9998213904,6847232.504435231,18,789.0467028960704
2,38,933906.9998213904,6847232.504435231,19,807.0678000000015
2,38,933906.9998213904,6847232.504435231,20,789.0467028960704
2,38,933906.9998213904,6847232.504435231,21,739.8121499999994
2,38,933906.9998213904,6847232.504435231,22,672.5564999999982
2,38,933906.9998213904,6847232.504435231,23,605.3008500000012
2,38,933906.9998213904,6847232.504435231,24,556.0662971039296
2,38,933906.9998213904,6847232.504435231,25,538.0452000000005
2,38,933906.9998213904,6847232.504435231,26,556.0662971039296
2,38,933906.9998213904,6847232.504435231,27,605.3008500000012
2,38,933906.9998213904,6847232.504435231,28,672.5564999999982
2,38,933906.9998213904,6847232.504435231,29,739.8121499999994
2,38,933906.9998213904,6847232.504435231,30,789.0467028960704
2,38,933906.9998213904,6847232.504435231,31,807.0678000000015
2,38,933906.9998213904,6847232.504435231,32,789.0467028960704
2,38,933906.9998213904,6847232.504435231,33,739.8121499999994
2,38,933906.9998213904,6847232.504435231,34,672.5564999999982
2,38,933906.9998213904,6847232.504435231,35,605.3008500000012
2,38,933906.9998213904,6847232.504435231,36,556.0662971039296
2,38,933906.9998213904,6847232.504435231,37,538.0452000000005
2,38,933906.9998213904,6847232.504435231,38,556.0662971039296
2,38,933906.9998213904,6847232.504435231,39,605.3008500000012
2,38,933906.9998213904,6847232.504435231,40,672.5564999999982
2,38,933906.9998213904,6847232.504435231,41,739.8121499999994
2,38,933906.9998213904,6847232.504435231,42,789.0467028960704
2,38,933906.9998213904,6847232.504435231,43,807.0678000000015
2,38,933906.9998213904,6847232.504435231,44,789.0467028960704
2,38,933906.9998213904,6847232.504435231,45,739.8121499999994
2,38,933906.9998213904,6847232.504435231,46,672.5564999999982
2,38,933906.9998213904,6847232.504435231,47,605.3008500000012
2,38,933906.9998213904,6847232.504435231,48,556.0662971039296
2,37,934585.699820864,6848050.504434808,1,423.28440000000035
2,37,934585.699820864,6848050.504434808,2,437.46173914358656
2,37,934585.699820864,6848050.504434808,3,476.19495000000074
2,37,934585.699820864,6848050.504434808,4,529.1054999999993
2,37,934585.699820864,6848050.504434808,5,626.2294499999995
2,37,934585.699820864,6848050.504434808,6,731.6994504852443
2,37,934585.699820864,6848050.504434808,7,765.9036000000016
2,37,934585.699820864,6848050.504434808,8,124.36520312474462
2,37,934585.699820864,6848050.504434808,18,124.36520312474462
2,37,934585.699820864,6848050.504434808,19,144.69840000000005
2,37,934585.699820864,6848050.504434808,20,124.36520312474462
2,37,934585.699820864,6848050.504434808,30,124.36520312474462
2,37,934585.699820864,6848050.504434808,31,144.69840000000005
2,37,934585.699820864,6848050.504434808,32,124.36520312474462
2,37,934585.699820864,6848050.504434808,42,124.36520312474462
2,37,934585.699820864,6848050.504434808,43,144.69840000000005
2,37,934585.699820864,6848050.504434808,44,124.36520312474462
2,37,934585.699820864,6848050.504434808,9,86.90220000000005
2,37,934585.699820864,6848050.504434808,10,79.00200000000005
2,37,934585.699820864,6848050.504434808,11,71.10180000000003
2,37,934585.699820864,6848050.504434808,12,65.31845221004437
2,37,934585.699820864,6848050.504434808,13,63.20160000000003
2,37,934585.699820864,6848050.504434808,14,65.31845221004437
2,37,934585.699820864,6848050.504434808,15,71.10180000000003
2,37,934585.699820864,6848050.504434808,16,79.00200000000005
2,37,934585.699820864,6848050.504434808,17,86.90220000000005
2,37,934585.699820864,6848050.504434808,21,86.90220000000005
2,37,934585.699820864,6848050.504434808,22,79.00200000000005
2,37,934585.699820864,6848050.504434808,23,71.10180000000003
2,37,934585.699820864,6848050.504434808,24,65.31845221004437
2,37,934585.699820864,6848050.504434808,25,63.20160000000003
2,37,934585.699820864,6848050.504434808,26,65.31845221004437
2,37,934585.699820864,6848050.504434808,27,71.10180000000003
2,37,934585.699820864,6848050.504434808,28,79.00200000000005
2,37,934585.699820864,6848050.504434808,29,86.90220000000005
2,37,934585.699820864,6848050.504434808,33,86.90220000000005
2,37,934585.699820864,6848050.504434808,34,79.00200000000005
2,37,934585.699820864,6848050.504434808,35,71.10180000000003
2,37,934585.699820864,6848050.504434808,36,65.31845221004437
2,37,934585.699820864,6848050.504434808,37,63.20160000000003
2,37,934585.699820864,6848050.504434808,38,65.31845221004437
2,37,934585.699820864,6848050.504434808,39,71.10180000000003
2,37,934585.699820864,6848050.504434808,40,79.00200000000005
2,37,934585.699820864,6848050.504434808,41,86.90220000000005
2,37,934585.699820864,6848050.504434808,45,86.90220000000005
2,37,934585.699820864,6848050.504434808,46,79.00200000000005
2,37,934585.699820864,6848050.504434808,47,71.10180000000003
2,37,934585.699820864,6848050.504434808,48,65.31845221004437
2,57,934687.8998207864,6848019.504434823,8,230.4943227934425
2,57,934687.8998207864,6848019.504434823,9,216.11205000000018
2,57,934687.8998207864,6848019.504434823,10,196.46550000000005
2,57,934687.8998207864,6848019.504434823,11,176.81895000000003
2,57,934687.8998207864,6848019.504434823,12,162.43667720655768
2,57,934687.8998207864,6848019.504434823,13,157.17240000000018
2,57,934687.8998207864,6848019.504434823,14,162.43667720655768
2,57,934687.8998207864,6848019.504434823,15,176.81895000000003
2,57,934687.8998207864,6848019.504434823,16,196.46550000000005
2,57,934687.8998207864,6848019.504434823,17,216.11205000000018
2,57,934687.8998207864,6848019.504434823,18,230.4943227934425
2,57,934687.8998207864,6848019.504434823,19,235.75860000000011
2,57,934687.8998207864,6848019.504434823,20,230.4943227934425
2,57,934687.8998207864,6848019.504434823,21,216.11205000000018
2,57,934687.8998207864,6848019.504434823,22,196.46550000000005
2,57,934687.8998207864,6848019.504434823,23,176.81895000000003
2,57,934687.8998207864,6848019.504434823,24,162.43667720655768
2,57,934687.8998207864,6848019.504434823,25,157.17240000000018
2,57,934687.8998207864,6848019.504434823,26,162.43667720655768
2,57,934687.8998207864,6848019.504434823,27,176.81895000000003
2,57,934687.8998207864,6848019.504434823,28,196.46550000000005
2,57,934687.8998207864,6848019.504434823,29,216.11205000000018
2,57,934687.8998207864,6848019.504434823,30,230.4943227934425
2,57,934687.8998207864,6848019.504434823,31,235.75860000000011
2,57,934687.8998207864,6848019.504434823,32,230.4943227934425
2,57,934687.8998207864,6848019.504434823,33,216.11205000000018
2,57,934687.8998207864,6848019.504434823,34,196.46550000000005
2,57,934687.8998207864,6848019.504434823,35,176.81895000000003
2,57,934687.8998207864,6848019.504434823,36,162.43667720655768
2,57,934687.8998207864,6848019.504434823,37,157.17240000000018
2,57,934687.8998207864,6848019.504434823,38,162.43667720655768
2,57,934687.8998207864,6848019.504434823,39,176.81895000000003
2,57,934687.8998207864,6848019.504434823,40,196.46550000000005
2,57,934687.8998207864,6848019.504434823,41,216.11205000000018
2,57,934687.8998207864,6848019.504434823,42,230.4943227934425
2,57,934687.8998207864,6848019.504434823,43,235.75860000000011
2,57,934687.8998207864,6848019.504434823,44,230.4943227934425
2,57,934687.8998207864,6848019.504434823,45,216.11205000000018
2,57,934687.8998207864,6848019.504434823,46,196.46550000000005
2,57,934687.8998207864,6848019.504434823,47,176.81895000000003
2,57,934687.8998207864,6848019.504434823,48,162.43667720655768
2,31,934107.899821243,6846671.504435516,1,91.47600000000008
2,31,934107.899821243,6846671.504435516,2,94.5398650408537
2,31,934107.899821243,6846671.504435516,3,102.91049999999998
2,31,934107.899821243,6846671.504435516,4,114.34500000000013
2,31,934107.899821243,6846671.504435516,5,125.7795000000001
2,31,934107.899821243,6846671.504435516,6,144.6474774422063
2,31,934107.899821243,6846671.504435516,7,152.39070000000012
2,31,934107.899821243,6846671.504435516,8,144.6474774422063
2,31,934107.899821243,6846671.504435516,9,125.7795000000001
2,31,934107.899821243,6846671.504435516,10,114.34500000000013
2,31,934107.899821243,6846671.504435516,11,102.91049999999998
2,31,934107.899821243,6846671.504435516,12,94.5398650408537
2,31,934107.899821243,6846671.504435516,13,91.47600000000008
2,31,934107.899821243,6846671.504435516,14,94.5398650408537
2,31,934107.899821243,6846671.504435516,15,102.91049999999998
2,31,934107.899821243,6846671.504435516,16,114.34500000000013
2,31,934107.899821243,6846671.504435516,17,125.7795000000001
2,31,934107.899821243,6846671.504435516,18,144.6474774422063
2,31,934107.899821243,6846671.504435516,19,152.39070000000012
2,31,934107.899821243,6846671.504435516,20,144.6474774422063
2,31,934107.899821243,6846671.504435516,21,125.7795000000001
2,31,934107.899821243,6846671.504435516,22,114.34500000000013
2,31,934107.899821243,6846671.504435516,23,102.91049999999998
2,31,934107.899821243,6846671.504435516,24,94.5398650408537
2,31,934107.899821243,6846671.504435516,25,91.47600000000008
2,31,934107.899821243,6846671.504435516,26,94.5398650408537
2,31,934107.899821243,6846671.504435516,27,102.91049999999998
2,31,934107.899821243,6846671.504435516,28,114.34500000000013
2,31,934107.899821243,6846671.504435516,29,125.7795000000001
2,31,934107.899821243,6846671.504435516,30,144.6474774422063
2,31,934107.899821243,6846671.504435516,31,152.39070000000012
2,31,934107.899821243,6846671.504435516,32,144.6474774422063
2,31,934107.899821243,6846671.504435516,33,125.7795000000001
2,31,934107.899821243,6846671.504435516,34,114.34500000000013
2,31,934107.899821243,6846671.504435516,35,102.91049999999998
2,31,934107.899821243,6846671.504435516,36,94.5398650408537
2,31,934107.899821243,6846671.504435516,37,91.47600000000008
2,31,934107.899821243,6846671.504435516,38,94.5398650408537
2,31,934107.899821243,6846671.504435516,39,102.91049999999998
2,31,934107.899821243,6846671.504435516,40,114.34500000000013
2,31,934107.899821243,6846671.504435516,41,125.7795000000001
2,31,934107.899821243,6846671.504435516,42,144.6474774422063
2,31,934107.899821243,6846671.504435516,43,152.39070000000012
2,31,934107.899821243,6846671.504435516,44,144.6474774422063
2,31,934107.899821243,6846671.504435516,45,125.7795000000001
2,31,934107.899821243,6846671.504435516,46,114.34500000000013
2,31,934107.899821243,6846671.504435516,47,102.91049999999998
2,31,934107.899821243,6846671.504435516,48,94.5398650408537
2,23,933186.3998219331,6847949.604434876,1,235.3428000000004
2,23,933186.3998219331,6847949.604434876,2,243.22528915056012
2,23,933186.3998219331,6847949.604434876,3,264.76065000000017
2,23,933186.3998219331,6847949.604434876,4,294.1784999999997
2,23,933186.3998219331,6847949.604434876,5,323.59635000000037
2,23,933186.3998219331,6847949.604434876,6,345.1317108494403
2,23,933186.3998219331,6847949.604434876,7,353.0141999999998
2,23,933186.3998219331,6847949.604434876,8,345.1317108494403
2,23,933186.3998219331,6847949.604434876,9,323.59635000000037
2,23,933186.3998219331,6847949.604434876,10,294.1784999999997
2,23,933186.3998219331,6847949.604434876,11,264.76065000000017
2,23,933186.3998219331,6847949.604434876,12,243.22528915056012
2,23,933186.3998219331,6847949.604434876,13,235.3428000000004
2,23,933186.3998219331,6847949.604434876,14,243.22528915056012
2,23,933186.3998219331,6847949.604434876,15,264.76065000000017
2,23,933186.3998219331,6847949.604434876,16,294.1784999999997
2,23,933186.3998219331,6847949.604434876,17,323.59635000000037
2,23,933186.3998219331,6847949.604434876,18,345.1317108494403
2,23,933186.3998219331,6847949.604434876,19,353.0141999999998
2,23,933186.3998219331,6847949.604434876,20,345.1317108494403
2,23,933186.3998219331,6847949.604434876,21,323.59635000000037
2,23,933186.3998219331,6847949.604434876,22,294.1784999999997
2,23,933186.3998219331,6847949.604434876,23,264.76065000000017
2,23,933186.3998219331,6847949.604434876,24,243.22528915056012
2,23,933186.3998219331,6847949.604434876,25,235.3428000000004
2,23,933186.3998219331,6847949.604434876,26,243.22528915056012
2,23,933186.3998219331,6847949.604434876,27,264.76065000000017
2,23,933186.3998219331,6847949.604434876,28,294.1784999999997
2,23,933186.3998219331,6847949.604434876,29,323.59635000000037
2,23,933186.3998219331,6847949.604434876,30,345.1317108494403
2,23,933186.3998219331,6847949.604434876,31,353.0141999999998
2,23,933186.3998219331,6847949.604434876,32,345.1317108494403
2,23,933186.3998219331,6847949.604434876,33,323.59635000000037
2,23,933186.3998219331,6847949.604434876,34,294.1784999999997
2,23,933186.3998219331,6847949.604434876,35,264.76065000000017
2,23,933186.3998219331,6847949.604434876,36,243.22528915056012
2,23,933186.3998219331,6847949.604434876,37,235.3428000000004
2,23,933186.3998219331,6847949.604434876,38,243.22528915056012
2,23,933186.3998219331,6847949.604434876,39,264.76065000000017
2,23,933186.3998219331,6847949.604434876,40,294.1784999999997
2,23,933186.3998219331,6847949.604434876,41,323.59635000000037
2,23,933186.3998219331,6847949.604434876,42,345.1317108494403
2,23,933186.3998219331,6847949.604434876,43,353.0141999999998
2,23,933186.3998219331,6847949.604434876,44,345.1317108494403
2,23,933186.3998219331,6847949.604434876,45,323.59635000000037
2,23,933186.3998219331,6847949.604434876,46,294.1784999999997
2,23,933186.3998219331,6847949.604434876,47,264.76065000000017
2,23,933186.3998219331,6847949.604434876,48,243.22528915056012
2,74,933841.6998214169,6849513.504434072,8,370.7421911598228
2,74,933841.6998214169,6849513.504434072,9,347.6088000000003
2,74,933841.6998214169,6849513.504434072,10,316.00799999999975
2,74,933841.6998214169,6849513.504434072,11,284.40720000000016
2,74,933841.6998214169,6849513.504434072,12,261.2738088401776
2,74,933841.6998214169,6849513.504434072,13,252.80640000000034
2,74,933841.6998214169,6849513.504434072,14,261.2738088401776
2,74,933841.6998214169,6849513.504434072,15,284.40720000000016
2,74,933841.6998214169,6849513.504434072,16,316.00799999999975
2,74,933841.6998214169,6849513.504434072,17,347.6088000000003
2,74,933841.6998214169,6849513.504434072,18,370.7421911598228
2,74,933841.6998214169,6849513.504434072,19,379.2096
2,74,933841.6998214169,6849513.504434072,20,370.7421911598228
2,74,933841.6998214169,6849513.504434072,21,347.6088000000003
2,74,933841.6998214169,6849513.504434072,22,316.00799999999975
2,74,933841.6998214169,6849513.504434072,23,284.40720000000016
2,74,933841.6998214169,6849513.504434072,24,261.2738088401776
2,74,933841.6998214169,6849513.504434072,25,252.80640000000034
2,74,933841.6998214169,6849513.504434072,26,261.2738088401776
2,74,933841.6998214169,6849513.504434072,27,284.40720000000016
2,74,933841.6998214169,6849513.504434072,28,316.00799999999975
2,74,933841.6998214169,6849513.504434072,29,347.6088000000003
2,74,933841.6998214169,6849513.504434072,30,370.7421911598228
2,74,933841.6998214169,6849513.504434072,31,379.2096
2,74,933841.6998214169,6849513.504434072,32,370.7421911598228
2,74,933841.6998214169,6849513.504434072,33,347.6088000000003
2,74,933841.6998214169,6849513.504434072,34,316.00799999999975
2,74,933841.6998214169,6849513.504434072,35,284.40720000000016
2,74,933841.6998214169,6849513.504434072,36,261.2738088401776
2,74,933841.6998214169,6849513.504434072,37,252.80640000000034
2,74,933841.6998214169,6849513.504434072,38,261.2738088401776
2,74,933841.6998214169,6849513.504434072,39,284.40720000000016
2,74,933841.6998214169,6849513.504434072,40,316.00799999999975
2,74,933841.6998214169,6849513.504434072,41,347.6088000000003
2,74,933841.6998214169,6849513.504434072,42,370.7421911598228
2,74,933841.6998214169,6849513.504434072,43,379.2096
2,74,933841.6998214169,6849513.504434072,44,370.7421911598228
2,74,933841.6998214169,6849513.504434072,45,347.6088000000003
2,74,933841.6998214169,6849513.504434072,46,316.00799999999975
2,74,933841.6998214169,6849513.504434072,47,284.40720000000016
2,74,933841.6998214169,6849513.504434072,48,261.2738088401776
2,74,933841.6998214169,6849513.504434072,1,36.590400000000024
2,74,933841.6998214169,6849513.504434072,2,37.81594601634149
2,74,933841.6998214169,6849513.504434072,3,41.164200000000015
2,74,933841.6998214169,6849513.504434072,4,45.73800000000002
2,74,933841.6998214169,6849513.504434072,5,50.311800000000034
2,74,933841.6998214169,6849513.504434072,6,53.66005398365856
2,74,933841.6998214169,6849513.504434072,7,54.885600000000025
2,78,933743.3998214928,6849429.204434117,1,601.2468
2,78,933743.3998214928,6849429.204434117,2,621.3847493139743
2,78,933743.3998214928,6849429.204434117,3,676.4026500000016
2,78,933743.3998214928,6849429.204434117,4,726.0907499999997
2,78,933743.3998214928,6849429.204434117,5,726.0907499999997
2,78,933743.3998214928,6849429.204434117,6,726.0907499999996
2,78,933743.3998214928,6849429.204434117,7,726.0907499999997
2,78,933743.3998214928,6849429.204434117,8,595.1387805460314
2,78,933743.3998214928,6849429.204434117,9,558.0036000000008
2,78,933743.3998214928,6849429.204434117,10,507.2759999999997
2,78,933743.3998214928,6849429.204434117,11,456.5484000000006
2,78,933743.3998214928,6849429.204434117,12,419.4132194539691
2,78,933743.3998214928,6849429.204434117,13,405.82080000000025
2,78,933743.3998214928,6849429.204434117,14,419.4132194539691
2,78,933743.3998214928,6849429.204434117,15,456.5484000000006
2,78,933743.3998214928,6849429.204434117,16,507.2759999999997
2,78,933743.3998214928,6849429.204434117,17,558.0036000000008
2,78,933743.3998214928,6849429.204434117,18,595.1387805460314
2,78,933743.3998214928,6849429.204434117,19,608.7311999999995
2,78,933743.3998214928,6849429.204434117,20,595.1387805460314
2,78,933743.3998214928,6849429.204434117,21,558.0036000000008
2,78,933743.3998214928,6849429.204434117,22,507.2759999999997
2,78,933743.3998214928,6849429.204434117,23,456.5484000000006
2,78,933743.3998214928,6849429.204434117,24,419.4132194539691
2,78,933743.3998214928,6849429.204434117,25,405.82080000000025
2,78,933743.3998214928,6849429.204434117,26,419.4132194539691
2,78,933743.3998214928,6849429.204434117,27,456.5484000000006
2,78,933743.3998214928,6849429.204434117,28,507.2759999999997
2,78,933743.3998214928,6849429.204434117,29,558.0036000000008
2,78,933743.3998214928,6849429.204434117,30,595.1387805460314
2,78,933743.3998214928,6849429.204434117,31,608.7311999999995
2,78,933743.3998214928,6849429.204434117,32,595.1387805460314
2,78,933743.3998214928,6849429.204434117,33,558.0036000000008
2,78,933743.3998214928,6849429.204434117,34,507.2759999999997
2,78,933743.3998214928,6849429.204434117,35,456.5484000000006
2,78,933743.3998214928,6849429.204434117,36,419.4132194539691
2,78,933743.3998214928,6849429.204434117,37,405.82080000000025
2,78,933743.3998214928,6849429.204434117,38,419.4132194539691
2,78,933743.3998214928,6849429.204434117,39,456.5484000000006
2,78,933743.3998214928,6849429.204434117,40,507.2759999999997
2,78,933743.3998214928,6849429.204434117,41,558.0036000000008
2,78,933743.3998214928,6849429.204434117,42,595.1387805460314
2,78,933743.3998214928,6849429.204434117,43,608.7311999999995
2,78,933743.3998214928,6849429.204434117,44,595.1387805460314
2,78,933743.3998214928,6849429.204434117,45,558.0036000000008
2,78,933743.3998214928,6849429.204434117,46,507.2759999999997
2,78,933743.3998214928,6849429.204434117,47,456.5484000000006
2,78,933743.3998214928,6849429.204434117,48,419.4132194539691
2,41,934604.5998208483,6848166.104434751,8,532.9418997922454
2,41,934604.5998208483,6848166.104434751,9,469.5767999999998
2,41,934604.5998208483,6848166.104434751,10,386.6939999999997
2,41,934604.5998208483,6848166.104434751,11,348.02460000000036
2,41,934604.5998208483,6848166.104434751,12,319.71663450179614
2,41,934604.5998208483,6848166.104434751,13,309.35520000000037
2,41,934604.5998208483,6848166.104434751,14,319.71663450179614
2,41,934604.5998208483,6848166.104434751,15,348.02460000000036
2,41,934604.5998208483,6848166.104434751,16,386.6939999999997
2,41,934604.5998208483,6848166.104434751,17,469.5767999999998
2,41,934604.5998208483,6848166.104434751,18,532.9418997922454
2,41,934604.5998208483,6848166.104434751,19,545.1138000000001
2,41,934604.5998208483,6848166.104434751,20,532.9418997922454
2,41,934604.5998208483,6848166.104434751,21,469.5767999999998
2,41,934604.5998208483,6848166.104434751,22,386.6939999999997
2,41,934604.5998208483,6848166.104434751,23,348.02460000000036
2,41,934604.5998208483,6848166.104434751,24,319.71663450179614
2,41,934604.5998208483,6848166.104434751,25,309.35520000000037
2,41,934604.5998208483,6848166.104434751,26,319.71663450179614
2,41,934604.5998208483,6848166.104434751,27,348.02460000000036
2,41,934604.5998208483,6848166.104434751,28,386.6939999999997
2,41,934604.5998208483,6848166.104434751,29,469.5767999999998
2,41,934604.5998208483,6848166.104434751,30,532.9418997922454
2,41,934604.5998208483,6848166.104434751,31,545.1138000000001
2,41,934604.5998208483,6848166.104434751,32,532.9418997922454
2,41,934604.5998208483,6848166.104434751,33,469.5767999999998
2,41,934604.5998208483,6848166.104434751,34,386.6939999999997
2,41,934604.5998208483,6848166.104434751,35,348.02460000000036
2,41,934604.5998208483,6848166.104434751,36,319.71663450179614
2,41,934604.5998208483,6848166.104434751,37,309.35520000000037
2,41,934604.5998208483,6848166.104434751,38,319.71663450179614
2,41,934604.5998208483,6848166.104434751,39,348.02460000000036
2,41,934604.5998208483,6848166.104434751,40,386.6939999999997
2,41,934604.5998208483,6848166.104434751,41,469.5767999999998
2,41,934604.5998208483,6848166.104434751,42,532.9418997922454
2,41,934604.5998208483,6848166.104434751,43,545.1138000000001
2,41,934604.5998208483,6848166.104434751,44,532.9418997922454
2,41,934604.5998208483,6848166.104434751,45,469.5767999999998
2,41,934604.5998208483,6848166.104434751,46,386.6939999999997
2,41,934604.5998208483,6848166.104434751,47,348.02460000000036
2,41,934604.5998208483,6848166.104434751,48,319.71663450179614
2,41,934604.5998208483,6848166.104434751,1,168.81480000000016
2,41,934604.5998208483,6848166.104434751,2,174.46902366630275
2,41,934604.5998208483,6848166.104434751,3,189.91665000000003
2,41,934604.5998208483,6848166.104434751,4,211.01850000000005
2,41,934604.5998208483,6848166.104434751,5,232.12035000000014
2,41,934604.5998208483,6848166.104434751,6,247.56797633369737
2,41,934604.5998208483,6848166.104434751,7,253.2222000000001
2,47,934432.7998209777,6848335.404434666,1,81.49680000000006
2,47,934432.7998209777,6848335.404434666,2,84.22642521821513
2,47,934432.7998209777,6848335.404434666,3,91.68389999999998
2,47,934432.7998209777,6848335.404434666,4,101.8710000000001
2,47,934432.7998209777,6848335.404434666,5,112.05810000000008
2,47,934432.7998209777,6848335.404434666,6,119.51557478178499
2,47,934432.7998209777,6848335.404434666,7,122.24520000000007
2,47,934432.7998209777,6848335.404434666,8,119.51557478178499
2,47,934432.7998209777,6848335.404434666,9,112.05810000000008
2,47,934432.7998209777,6848335.404434666,10,101.8710000000001
2,47,934432.7998209777,6848335.404434666,11,91.68389999999998
2,47,934432.7998209777,6848335.404434666,12,84.22642521821513
2,47,934432.7998209777,6848335.404434666,13,81.49680000000006
2,47,934432.7998209777,6848335.404434666,14,84.22642521821513
2,47,934432.7998209777,6848335.404434666,15,91.68389999999998
2,47,934432.7998209777,6848335.404434666,16,101.8710000000001
2,47,934432.7998209777,6848335.404434666,17,112.05810000000008
2,47,934432.7998209777,6848335.404434666,18,119.51557478178499
2,47,934432.7998209777,6848335.404434666,19,122.24520000000007
2,47,934432.7998209777,6848335.404434666,20,119.51557478178499
2,47,934432.7998209777,6848335.404434666,21,112.05810000000008
2,47,934432.7998209777,6848335.404434666,22,101.8710000000001
2,47,934432.7998209777,6848335.404434666,23,91.68389999999998
2,47,934432.7998209777,6848335.404434666,24,84.22642521821513
2,47,934432.7998209777,6848335.404434666,25,81.49680000000006
2,47,934432.7998209777,6848335.404434666,26,84.22642521821513
2,47,934432.7998209777,6848335.404434666,27,91.68389999999998
2,47,934432.7998209777,6848335.404434666,28,101.8710000000001
2,47,934432.7998209777,6848335.404434666,29,112.05810000000008
2,47,934432.7998209777,6848335.404434666,30,119.51557478178499
2,47,934432.7998209777,6848335.404434666,31,122.24520000000007
2,47,934432.7998209777,6848335.404434666,32,119.51557478178499
2,47,934432.7998209777,6848335.404434666,33,112.05810000000008
2,47,934432.7998209777,6848335.404434666,34,101.8710000000001
2,47,934432.7998209777,6848335.404434666,35,91.68389999999998
2,47,934432.7998209777,6848335.404434666,36,84.22642521821513
2,47,934432.7998209777,6848335.404434666,37,81.49680000000006
2,47,934432.7998209777,6848335.404434666,38,84.22642521821513
2,47,934432.7998209777,6848335.404434666,39,91.68389999999998
2,47,934432.7998209777,6848335.404434666,40,101.8710000000001
2,47,934432.7998209777,6848335.404434666,41,112.05810000000008
2,47,934432.7998209777,6848335.404434666,42,119.51557478178499
2,47,934432.7998209777,6848335.404434666,43,122.24520000000007
2,47,934432.7998209777,6848335.404434666,44,119.51557478178499
2,47,934432.7998209777,6848335.404434666,45,112.05810000000008
2,47,934432.7998209777,6848335.404434666,46,101.8710000000001
2,47,934432.7998209777,6848335.404434666,47,91.68389999999998
2,47,934432.7998209777,6848335.404434666,48,84.22642521821513
2,39,932773.3998222386,6848897.604434397,1,211.53825000000003
2,39,932773.3998222386,6848897.604434397,2,211.53825000000003
2,39,932773.3998222386,6848897.604434397,3,211.53825000000012
2,39,932773.3998222386,6848897.604434397,4,211.53824999999995
2,39,932773.3998222386,6848897.604434397,5,211.53825000000026
2,39,932773.3998222386,6848897.604434397,6,211.53825000000015
2,39,932773.3998222386,6848897.604434397,7,211.53825000000003
2,39,932773.3998222386,6848897.604434397,8,211.53825000000015
2,39,932773.3998222386,6848897.604434397,9,211.5382500000003
2,39,932773.3998222386,6848897.604434397,10,211.53824999999995
2,39,932773.3998222386,6848897.604434397,11,211.53825000000012
2,39,932773.3998222386,6848897.604434397,12,211.53825000000003
2,39,932773.3998222386,6848897.604434397,13,211.53825000000003
2,39,932773.3998222386,6848897.604434397,14,211.53825000000003
2,39,932773.3998222386,6848897.604434397,15,211.53825000000012
2,39,932773.3998222386,6848897.604434397,16,211.53824999999995
2,39,932773.3998222386,6848897.604434397,17,211.5382500000003
2,39,932773.3998222386,6848897.604434397,18,211.53825000000015
2,39,932773.3998222386,6848897.604434397,19,211.53825000000003
2,39,932773.3998222386,6848897.604434397,20,211.53825000000015
2,39,932773.3998222386,6848897.604434397,21,211.5382500000003
2,39,932773.3998222386,6848897.604434397,22,211.53824999999995
2,39,932773.3998222386,6848897.604434397,23,211.53825000000012
2,39,932773.3998222386,6848897.604434397,24,211.53825
2,39,932773.3998222386,6848897.604434397,25,211.53825000000003
2,39,932773.3998222386,6848897.604434397,26,211.53825
2,39,932773.3998222386,6848897.604434397,27,211.53825000000012
2,39,932773.3998222386,6848897.604434397,28,211.53824999999998
2,39,932773.3998222386,6848897.604434397,29,211.53825000000026
2,39,932773.3998222386,6848897.604434397,30,211.53825000000015
2,39,932773.3998222386,6848897.604434397,31,211.53825000000003
2,39,932773.3998222386,6848897.604434397,32,211.53825000000015
2,39,932773.3998222386,6848897.604434397,33,211.5382500000003
2,39,932773.3998222386,6848897.604434397,34,211.53824999999995
2,39,932773.3998222386,6848897.604434397,35,211.53825000000012
2,39,932773.3998222386,6848897.604434397,36,211.53825000000003
2,39,932773.3998222386,6848897.604434397,37,211.53825000000003
2,39,932773.3998222386,6848897.604434397,38,211.53825000000003
2,39,932773.3998222386,6848897.604434397,39,211.53825000000012
2,39,932773.3998222386,6848897.604434397,40,211.53824999999998
2,39,932773.3998222386,6848897.604434397,41,211.53825000000026
2,39,932773.3998222386,6848897.604434397,42,211.5382500000001
2,39,932773.3998222386,6848897.604434397,43,211.53825000000003
2,39,932773.3998222386,6848897.604434397,44,211.5382500000001
2,39,932773.3998222386,6848897.604434397,45,211.53825000000026
2,39,932773.3998222386,6848897.604434397,46,211.53824999999995
2,39,932773.3998222386,6848897.604434397,47,211.53825000000012
2,39,932773.3998222386,6848897.604434397,48,211.53825
2,17,934313.499821071,6848126.304434771,1,729.3131999999998
2,17,934313.499821071,6848126.304434771,2,753.7405603711688
2,17,934313.499821071,6848126.304434771,3,820.4773500000022
2,17,934313.499821071,6848126.304434771,4,911.6414999999986
2,17,934313.499821071,6848126.304434771,5,958.5922500000011
2,17,934313.499821071,6848126.304434771,6,958.5922500000011
2,17,934313.499821071,6848126.304434771,7,958.5922500000011
2,17,934313.499821071,6848126.304434771,8,958.5922500000011
2,17,934313.499821071,6848126.304434771,9,958.5922500000012
2,17,934313.499821071,6848126.304434771,10,911.6414999999986
2,17,934313.499821071,6848126.304434771,11,820.4773500000022
2,17,934313.499821071,6848126.304434771,12,753.7405603711688
2,17,934313.499821071,6848126.304434771,13,729.3131999999998
2,17,934313.499821071,6848126.304434771,14,753.7405603711688
2,17,934313.499821071,6848126.304434771,15,820.4773500000022
2,17,934313.499821071,6848126.304434771,16,911.6414999999986
2,17,934313.499821071,6848126.304434771,17,958.5922500000012
2,17,934313.499821071,6848126.304434771,18,958.5922500000011
2,17,934313.499821071,6848126.304434771,19,958.5922500000011
2,17,934313.499821071,6848126.304434771,20,958.5922500000011
2,17,934313.499821071,6848126.304434771,21,958.5922500000012
2,17,934313.499821071,6848126.304434771,22,911.6414999999986
2,17,934313.499821071,6848126.304434771,23,820.4773500000022
2,17,934313.499821071,6848126.304434771,24,753.7405603711688
2,17,934313.499821071,6848126.304434771,25,729.3131999999998
2,17,934313.499821071,6848126.304434771,26,753.7405603711688
2,17,934313.499821071,6848126.304434771,27,820.4773500000022
2,17,934313.499821071,6848126.304434771,28,911.6414999999986
2,17,934313.499821071,6848126.304434771,29,958.5922500000012
2,17,934313.499821071,6848126.304434771,30,958.5922500000011
2,17,934313.499821071,6848126.304434771,31,958.5922500000011
2,17,934313.499821071,6848126.304434771,32,958.5922500000011
2,17,934313.499821071,6848126.304434771,33,958.5922500000012
2,17,934313.499821071,6848126.304434771,34,911.6414999999986
2,17,934313.499821071,6848126.304434771,35,820.4773500000022
2,17,934313.499821071,6848126.304434771,36,753.7405603711688
2,17,934313.499821071,6848126.304434771,37,729.3131999999998
2,17,934313.499821071,6848126.304434771,38,753.7405603711688
2,17,934313.499821071,6848126.304434771,39,820.4773500000022
2,17,934313.499821071,6848126.304434771,40,911.6414999999986
2,17,934313.499821071,6848126.304434771,41,958.5922500000012
2,17,934313.499821071,6848126.304434771,42,958.5922500000011
2,17,934313.499821071,6848126.304434771,43,958.5922500000011
2,17,934313.499821071,6848126.304434771,44,958.5922500000011
2,17,934313.499821071,6848126.304434771,45,958.5922500000012
2,17,934313.499821071,6848126.304434771,46,911.6414999999986
2,17,934313.499821071,6848126.304434771,47,820.4773500000022
2,17,934313.499821071,6848126.304434771,48,753.7405603711688
2,79,934635.7998208292,6847723.804434974,1,541.3715999999998
2,79,934635.7998208292,6847723.804434974,2,559.5041103781426
2,79,934635.7998208292,6847723.804434974,3,609.0430500000017
2,79,934635.7998208292,6847723.804434974,4,676.7144999999994
2,79,934635.7998208292,6847723.804434974,5,744.3859499999993
2,79,934635.7998208292,6847723.804434974,6,793.9248896218576
2,79,934635.7998208292,6847723.804434974,7,812.0574000000018
2,79,934635.7998208292,6847723.804434974,8,361.8463170570906
2,79,934635.7998208292,6847723.804434974,9,308.35035000000084
2,79,934635.7998208292,6847723.804434974,10,235.27349999999967
2,79,934635.7998208292,6847723.804434974,11,200.20770000000005
2,79,934635.7998208292,6847723.804434974,12,183.92301017038812
2,79,934635.7998208292,6847723.804434974,13,177.9624000000003
2,79,934635.7998208292,6847723.804434974,14,183.92301017038812
2,79,934635.7998208292,6847723.804434974,15,200.20770000000005
2,79,934635.7998208292,6847723.804434974,16,235.27349999999967
2,79,934635.7998208292,6847723.804434974,17,308.35035000000084
2,79,934635.7998208292,6847723.804434974,18,361.8463170570906
2,79,934635.7998208292,6847723.804434974,19,381.42720000000014
2,79,934635.7998208292,6847723.804434974,20,361.8463170570906
2,79,934635.7998208292,6847723.804434974,21,308.35035000000084
2,79,934635.7998208292,6847723.804434974,22,235.27349999999967
2,79,934635.7998208292,6847723.804434974,23,200.20770000000005
2,79,934635.7998208292,6847723.804434974,24,183.92301017038812
2,79,934635.7998208292,6847723.804434974,25,177.9624000000003
2,79,934635.7998208292,6847723.804434974,26,183.92301017038812
2,79,934635.7998208292,6847723.804434974,27,200.20770000000005
2,79,934635.7998208292,6847723.804434974,28,235.27349999999967
2,79,934635.7998208292,6847723.804434974,29,308.35035000000084
2,79,934635.7998208292,6847723.804434974,30,361.8463170570906
2,79,934635.7998208292,6847723.804434974,31,381.42720000000014
2,79,934635.7998208292,6847723.804434974,32,361.8463170570906
2,79,934635.7998208292,6847723.804434974,33,308.35035000000084
2,79,934635.7998208292,6847723.804434974,34,235.27349999999967
2,79,934635.7998208292,6847723.804434974,35,200.20770000000005
2,79,934635.7998208292,6847723.804434974,36,183.92301017038812
2,79,934635.7998208292,6847723.804434974,37,177.9624000000003
2,79,934635.7998208292,6847723.804434974,38,183.92301017038812
2,79,934635.7998208292,6847723.804434974,39,200.20770000000005
2,79,934635.7998208292,6847723.804434974,40,235.27349999999967
2,79,934635.7998208292,6847723.804434974,41,308.35035000000084
2,79,934635.7998208292,6847723.804434974,42,361.8463170570906
2,79,934635.7998208292,6847723.804434974,43,381.42720000000014
2,79,934635.7998208292,6847723.804434974,44,361.8463170570906
2,79,934635.7998208292,6847723.804434974,45,308.35035000000084
2,79,934635.7998208292,6847723.804434974,46,235.27349999999967
2,79,934635.7998208292,6847723.804434974,47,200.20770000000005
2,79,934635.7998208292,6847723.804434974,48,183.92301017038812
2,12,933061.759090488,6845988.289810399,1,485.96624999999983
2,12,933061.759090488,6845988.289810399,2,485.9662499999999
2,12,933061.759090488,6845988.289810399,3,485.96624999999995
2,12,933061.759090488,6845988.289810399,4,485.96624999999983
2,12,933061.759090488,6845988.289810399,5,485.96625
2,12,933061.759090488,6845988.289810399,6,485.9662499999999
2,12,933061.759090488,6845988.289810399,7,485.9662499999999
2,12,933061.759090488,6845988.289810399,8,485.9662499999999
2,12,933061.759090488,6845988.289810399,9,485.96625
2,12,933061.759090488,6845988.289810399,10,485.96624999999983
2,12,933061.759090488,6845988.289810399,11,485.96624999999995
2,12,933061.759090488,6845988.289810399,12,485.9662499999999
2,12,933061.759090488,6845988.289810399,13,485.96624999999983
2,12,933061.759090488,6845988.289810399,14,485.9662499999999
2,12,933061.759090488,6845988.289810399,15,485.96624999999995
2,12,933061.759090488,6845988.289810399,16,485.96624999999983
2,12,933061.759090488,6845988.289810399,17,485.96625
2,12,933061.759090488,6845988.289810399,18,485.9662499999999
2,12,933061.759090488,6845988.289810399,19,485.9662499999999
2,12,933061.759090488,6845988.289810399,20,485.9662499999999
2,12,933061.759090488,6845988.289810399,21,485.96625
2,12,933061.759090488,6845988.289810399,22,485.96624999999983
2,12,933061.759090488,6845988.289810399,23,485.96624999999995
2,12,933061.759090488,6845988.289810399,24,485.9662499999999
2,12,933061.759090488,6845988.289810399,25,485.96624999999983
2,12,933061.759090488,6845988.289810399,26,485.9662499999999
2,12,933061.759090488,6845988.289810399,27,485.96624999999995
2,12,933061.759090488,6845988.289810399,28,485.96624999999983
2,12,933061.759090488,6845988.289810399,29,485.96625
2,12,933061.759090488,6845988.289810399,30,485.9662499999999
2,12,933061.759090488,6845988.289810399,31,485.9662499999999
2,12,933061.759090488,6845988.289810399,32,485.9662499999999
2,12,933061.759090488,6845988.289810399,33,485.96625
2,12,933061.759090488,6845988.289810399,34,485.96624999999983
2,12,933061.759090488,6845988.289810399,35,485.96624999999995
2,12,933061.759090488,6845988.289810399,36,485.9662499999999
2,12,933061.759090488,6845988.289810399,37,485.96624999999983
2,12,933061.759090488,6845988.289810399,38,485.9662499999999
2,12,933061.759090488,6845988.289810399,39,485.96624999999995
2,12,933061.759090488,6845988.289810399,40,485.96624999999983
2,12,933061.759090488,6845988.289810399,41,485.96625
2,12,933061.759090488,6845988.289810399,42,485.9662499999999
2,12,933061.759090488,6845988.289810399,43,485.9662499999999
2,12,933061.759090488,6845988.289810399,44,485.9662499999999
2,12,933061.759090488,6845988.289810399,45,485.96625
2,12,933061.759090488,6845988.289810399,46,485.96624999999983
2,12,933061.759090488,6845988.289810399,47,485.96624999999995
2,12,933061.759090488,6845988.289810399,48,485.9662499999999
2,60,933867.5998214042,6848816.004434429,1,77.33880000000003
2,60,933867.5998214042,6848816.004434429,2,79.929158625449
2,60,933867.5998214042,6848816.004434429,3,87.00615
2,60,933867.5998214042,6848816.004434429,4,96.67350000000006
2,60,933867.5998214042,6848816.004434429,5,106.34085000000005
2,60,933867.5998214042,6848816.004434429,6,113.41784137455105
2,60,933867.5998214042,6848816.004434429,7,118.57230000000014
2,60,933867.5998214042,6848816.004434429,8,947.157750000001
2,60,933867.5998214042,6848816.004434429,9,947.1577499999989
2,60,933867.5998214042,6848816.004434429,10,891.8909999999995
2,60,933867.5998214042,6848816.004434429,11,802.7019000000017
2,60,933867.5998214042,6848816.004434429,12,737.410947318657
2,60,933867.5998214042,6848816.004434429,13,713.5127999999994
2,60,933867.5998214042,6848816.004434429,14,737.410947318657
2,60,933867.5998214042,6848816.004434429,15,802.7019000000017
2,60,933867.5998214042,6848816.004434429,16,891.8909999999995
2,60,933867.5998214042,6848816.004434429,17,947.1577499999989
2,60,933867.5998214042,6848816.004434429,18,947.157750000001
2,60,933867.5998214042,6848816.004434429,19,947.1577500000035
2,60,933867.5998214042,6848816.004434429,20,947.157750000001
2,60,933867.5998214042,6848816.004434429,21,947.1577499999989
2,60,933867.5998214042,6848816.004434429,22,891.8909999999995
2,60,933867.5998214042,6848816.004434429,23,802.7019000000017
2,60,933867.5998214042,6848816.004434429,24,737.410947318657
2,60,933867.5998214042,6848816.004434429,25,713.5127999999994
2,60,933867.5998214042,6848816.004434429,26,737.410947318657
2,60,933867.5998214042,6848816.004434429,27,802.7019000000017
2,60,933867.5998214042,6848816.004434429,28,891.8909999999995
2,60,933867.5998214042,6848816.004434429,29,947.1577499999989
2,60,933867.5998214042,6848816.004434429,30,947.157750000001
2,60,933867.5998214042,6848816.004434429,31,947.1577500000035
2,60,933867.5998214042,6848816.004434429,32,947.157750000001
2,60,933867.5998214042,6848816.004434429,33,947.1577499999989
2,60,933867.5998214042,6848816.004434429,34,891.8909999999995
2,60,933867.5998214042,6848816.004434429,35,802.7019000000017
2,60,933867.5998214042,6848816.004434429,36,737.410947318657
2,60,933867.5998214042,6848816.004434429,37,713.5127999999994
2,60,933867.5998214042,6848816.004434429,38,737.410947318657
2,60,933867.5998214042,6848816.004434429,39,802.7019000000017
2,60,933867.5998214042,6848816.004434429,40,891.8909999999995
2,60,933867.5998214042,6848816.004434429,41,947.1577499999989
2,60,933867.5998214042,6848816.004434429,42,947.157750000001
2,60,933867.5998214042,6848816.004434429,43,947.1577500000035
2,60,933867.5998214042,6848816.004434429,44,947.157750000001
2,60,933867.5998214042,6848816.004434429,45,947.1577499999989
2,60,933867.5998214042,6848816.004434429,46,891.8909999999995
2,60,933867.5998214042,6848816.004434429,47,802.7019000000017
2,60,933867.5998214042,6848816.004434429,48,737.410947318657
2,33,933229.2998218873,6849228.104434224,1,455.4742499999998
2,33,933229.2998218873,6849228.104434224,2,455.4742499999998
2,33,933229.2998218873,6849228.104434224,3,455.47424999999987
2,33,933229.2998218873,6849228.104434224,4,455.4742499999998
2,33,933229.2998218873,6849228.104434224,5,455.4742499999997
2,33,933229.2998218873,6849228.104434224,6,455.4742499999997
2,33,933229.2998218873,6849228.104434224,7,455.47424999999987
2,33,933229.2998218873,6849228.104434224,8,455.4742499999997
2,33,933229.2998218873,6849228.104434224,9,455.4742499999997
2,33,933229.2998218873,6849228.104434224,10,455.4742499999998
2,33,933229.2998218873,6849228.104434224,11,455.47424999999987
2,33,933229.2998218873,6849228.104434224,12,455.4742499999998
2,33,933229.2998218873,6849228.104434224,13,455.4742499999998
2,33,933229.2998218873,6849228.104434224,14,455.4742499999998
2,33,933229.2998218873,6849228.104434224,15,455.4742499999998
2,33,933229.2998218873,6849228.104434224,16,455.4742499999998
2,33,933229.2998218873,6849228.104434224,17,455.4742499999997
2,33,933229.2998218873,6849228.104434224,18,455.4742499999997
2,33,933229.2998218873,6849228.104434224,19,455.47424999999987
2,33,933229.2998218873,6849228.104434224,20,455.4742499999997
2,33,933229.2998218873,6849228.104434224,21,455.4742499999997
2,33,933229.2998218873,6849228.104434224,22,455.4742499999998
2,33,933229.2998218873,6849228.104434224,23,455.47424999999987
2,33,933229.2998218873,6849228.104434224,24,455.4742499999998
2,33,933229.2998218873,6849228.104434224,25,455.4742499999998
2,33,933229.2998218873,6849228.104434224,26,455.4742499999998
2,33,933229.2998218873,6849228.104434224,27,455.47424999999987
2,33,933229.2998218873,6849228.104434224,28,455.4742499999998
2,33,933229.2998218873,6849228.104434224,29,455.4742499999997
2,33,933229.2998218873,6849228.104434224,30,455.4742499999997
2,33,933229.2998218873,6849228.104434224,31,455.47424999999987
2,33,933229.2998218873,6849228.104434224,32,455.4742499999997
2,33,933229.2998218873,6849228.104434224,33,455.4742499999997
2,33,933229.2998218873,6849228.104434224,34,455.4742499999998
2,33,933229.2998218873,6849228.104434224,35,455.47424999999987
2,33,933229.2998218873,6849228.104434224,36,455.4742499999998
2,33,933229.2998218873,6849228.104434224,37,455.4742499999998
2,33,933229.2998218873,6849228.104434224,38,455.4742499999998
2,33,933229.2998218873,6849228.104434224,39,455.47424999999987
2,33,933229.2998218873,6849228.104434224,40,455.4742499999998
2,33,933229.2998218873,6849228.104434224,41,455.4742499999997
2,33,933229.2998218873,6849228.104434224,42,455.4742499999998
2,33,933229.2998218873,6849228.104434224,43,455.47424999999987
2,33,933229.2998218873,6849228.104434224,44,455.4742499999998
2,33,933229.2998218873,6849228.104434224,45,455.4742499999997
2,33,933229.2998218873,6849228.104434224,46,455.4742499999998
2,33,933229.2998218873,6849228.104434224,47,455.4742499999998
2,33,933229.2998218873,6849228.104434224,48,455.4742499999998
2,73,933230.5998218857,6849269.904434204,5,295.77240000000097
2,73,933230.5998218857,6849269.904434204,9,295.77240000000097
2,73,933230.5998218857,6849269.904434204,17,295.77240000000097
2,73,933230.5998218857,6849269.904434204,21,295.77240000000097
2,73,933230.5998218857,6849269.904434204,29,295.77240000000097
2,73,933230.5998218857,6849269.904434204,33,295.77240000000097
2,73,933230.5998218857,6849269.904434204,41,295.77240000000097
2,73,933230.5998218857,6849269.904434204,45,295.77240000000097
2,73,933230.5998218857,6849269.904434204,6,345.7679197105385
2,73,933230.5998218857,6849269.904434204,7,364.06755
2,73,933230.5998218857,6849269.904434204,8,345.7679197105385
2,73,933230.5998218857,6849269.904434204,18,345.7679197105385
2,73,933230.5998218857,6849269.904434204,19,364.06755
2,73,933230.5998218857,6849269.904434204,20,345.7679197105385
2,73,933230.5998218857,6849269.904434204,30,345.7679197105385
2,73,933230.5998218857,6849269.904434204,31,364.06755
2,73,933230.5998218857,6849269.904434204,32,345.7679197105385
2,73,933230.5998218857,6849269.904434204,42,345.7679197105383
2,73,933230.5998218857,6849269.904434204,43,364.06755
2,73,933230.5998218857,6849269.904434204,44,345.7679197105383
2,73,933230.5998218857,6849269.904434204,3,159.1821000000008
2,73,933230.5998218857,6849269.904434204,11,159.1821000000008
2,73,933230.5998218857,6849269.904434204,15,159.18210000000084
2,73,933230.5998218857,6849269.904434204,23,159.18210000000076
2,73,933230.5998218857,6849269.904434204,27,159.18210000000076
2,73,933230.5998218857,6849269.904434204,35,159.18210000000076
2,73,933230.5998218857,6849269.904434204,39,159.18210000000076
2,73,933230.5998218857,6849269.904434204,47,159.18210000000084
2,73,933230.5998218857,6849269.904434204,36,109.18658028946255
2,73,933230.5998218857,6849269.904434204,13,90.8869500000006
2,73,933230.5998218857,6849269.904434204,25,90.88695000000058
2,73,933230.5998218857,6849269.904434204,37,90.8869500000006
2,73,933230.5998218857,6849269.904434204,1,90.8869500000006
2,73,933230.5998218857,6849269.904434204,28,227.47725000000017
2,73,933230.5998218857,6849269.904434204,34,227.47725000000017
2,73,933230.5998218857,6849269.904434204,40,227.47725000000017
2,73,933230.5998218857,6849269.904434204,46,227.47725000000017
2,73,933230.5998218857,6849269.904434204,2,109.1865802894625
2,73,933230.5998218857,6849269.904434204,4,227.47725000000017
2,73,933230.5998218857,6849269.904434204,10,227.47725000000017
2,73,933230.5998218857,6849269.904434204,12,109.1865802894625
2,73,933230.5998218857,6849269.904434204,14,109.1865802894625
2,73,933230.5998218857,6849269.904434204,16,227.47725000000017
2,73,933230.5998218857,6849269.904434204,22,227.47725000000017
2,73,933230.5998218857,6849269.904434204,24,109.1865802894625
2,73,933230.5998218857,6849269.904434204,26,109.1865802894625
2,73,933230.5998218857,6849269.904434204,38,109.1865802894625
2,73,933230.5998218857,6849269.904434204,48,109.1865802894625
2,10,933074.0319191051,6846600.749738233,1,354.26160000000044
2,10,933074.0319191051,6846600.749738233,2,366.12711370366975
2,10,933074.0319191051,6846600.749738233,3,398.5443000000003
2,10,933074.0319191051,6846600.749738233,4,405.9247500000003
2,10,933074.0319191051,6846600.749738233,5,405.92475000000024
2,10,933074.0319191051,6846600.749738233,6,405.9247500000002
2,10,933074.0319191051,6846600.749738233,7,405.9247499999996
2,10,933074.0319191051,6846600.749738233,8,405.9247500000002
2,10,933074.0319191051,6846600.749738233,9,405.92475000000024
2,10,933074.0319191051,6846600.749738233,10,405.92475000000024
2,10,933074.0319191051,6846600.749738233,11,398.5443000000003
2,10,933074.0319191051,6846600.749738233,12,366.12711370366975
2,10,933074.0319191051,6846600.749738233,13,354.26160000000044
2,10,933074.0319191051,6846600.749738233,14,366.12711370366975
2,10,933074.0319191051,6846600.749738233,15,398.5443000000003
2,10,933074.0319191051,6846600.749738233,16,405.9247500000003
2,10,933074.0319191051,6846600.749738233,17,405.92475000000024
2,10,933074.0319191051,6846600.749738233,18,405.9247500000002
2,10,933074.0319191051,6846600.749738233,19,405.9247499999996
2,10,933074.0319191051,6846600.749738233,20,405.9247500000002
2,10,933074.0319191051,6846600.749738233,21,405.92475000000024
2,10,933074.0319191051,6846600.749738233,22,405.9247500000003
2,10,933074.0319191051,6846600.749738233,23,398.5443000000003
2,10,933074.0319191051,6846600.749738233,24,366.12711370366975
2,10,933074.0319191051,6846600.749738233,25,354.26160000000044
2,10,933074.0319191051,6846600.749738233,26,366.12711370366975
2,10,933074.0319191051,6846600.749738233,27,398.5443000000003
2,10,933074.0319191051,6846600.749738233,28,405.9247500000003
2,10,933074.0319191051,6846600.749738233,29,405.92475000000024
2,10,933074.0319191051,6846600.749738233,30,405.9247500000002
2,10,933074.0319191051,6846600.749738233,31,405.9247499999996
2,10,933074.0319191051,6846600.749738233,32,405.9247500000002
2,10,933074.0319191051,6846600.749738233,33,405.92475000000024
2,10,933074.0319191051,6846600.749738233,34,405.92475000000024
2,10,933074.0319191051,6846600.749738233,35,398.5443000000003
2,10,933074.0319191051,6846600.749738233,36,366.12711370366975
2,10,933074.0319191051,6846600.749738233,37,354.26160000000044
2,10,933074.0319191051,6846600.749738233,38,366.12711370366975
2,10,933074.0319191051,6846600.749738233,39,398.5443000000003
2,10,933074.0319191051,6846600.749738233,40,405.9247500000003
2,10,933074.0319191051,6846600.749738233,41,405.9247500000002
2,10,933074.0319191051,6846600.749738233,42,405.9247500000002
2,10,933074.0319191051,6846600.749738233,43,405.9247499999996
2,10,933074.0319191051,6846600.749738233,44,405.9247500000002
2,10,933074.0319191051,6846600.749738233,45,405.9247500000002
2,10,933074.0319191051,6846600.749738233,46,405.9247500000003
2,10,933074.0319191051,6846600.749738233,47,398.5443000000003
2,10,933074.0319191051,6846600.749738233,48,366.12711370366975
2,24,932152.499822722,6847957.104434883,1,183.78360000000032
2,24,932152.499822722,6847957.104434883,2,189.93918340026067
2,24,932152.499822722,6847957.104434883,3,206.75655
2,24,932152.499822722,6847957.104434883,4,229.72950000000003
2,24,932152.499822722,6847957.104434883,5,252.70245000000025
2,24,932152.499822722,6847957.104434883,6,269.51981659973967
2,24,932152.499822722,6847957.104434883,7,275.6754000000001
2,24,932152.499822722,6847957.104434883,8,269.51981659973967
2,24,932152.499822722,6847957.104434883,9,252.70245000000025
2,24,932152.499822722,6847957.104434883,10,229.72950000000003
2,24,932152.499822722,6847957.104434883,11,206.75655
2,24,932152.499822722,6847957.104434883,12,189.93918340026067
2,24,932152.499822722,6847957.104434883,13,183.78360000000032
2,24,932152.499822722,6847957.104434883,14,189.93918340026067
2,24,932152.499822722,6847957.104434883,15,206.75655
2,24,932152.499822722,6847957.104434883,16,229.72950000000003
2,24,932152.499822722,6847957.104434883,17,252.70245000000025
2,24,932152.499822722,6847957.104434883,18,269.51981659973967
2,24,932152.499822722,6847957.104434883,19,275.6754000000001
2,24,932152.499822722,6847957.104434883,20,269.51981659973967
2,24,932152.499822722,6847957.104434883,21,252.70245000000025
2,24,932152.499822722,6847957.104434883,22,229.72950000000003
2,24,932152.499822722,6847957.104434883,23,206.75655
2,24,932152.499822722,6847957.104434883,24,189.93918340026067
2,24,932152.499822722,6847957.104434883,25,183.78360000000032
2,24,932152.499822722,6847957.104434883,26,189.93918340026067
2,24,932152.499822722,6847957.104434883,27,206.75655
2,24,932152.499822722,6847957.104434883,28,229.72950000000003
2,24,932152.499822722,6847957.104434883,29,252.70245000000025
2,24,932152.499822722,6847957.104434883,30,269.51981659973967
2,24,932152.499822722,6847957.104434883,31,275.6754000000001
2,24,932152.499822722,6847957.104434883,32,269.51981659973967
2,24,932152.499822722,6847957.104434883,33,252.70245000000025
2,24,932152.499822722,6847957.104434883,34,229.72950000000003
2,24,932152.499822722,6847957.104434883,35,206.75655
2,24,932152.499822722,6847957.104434883,36,189.93918340026067
2,24,932152.499822722,6847957.104434883,37,183.78360000000032
2,24,932152.499822722,6847957.104434883,38,189.93918340026067
2,24,932152.499822722,6847957.104434883,39,206.75655
2,24,932152.499822722,6847957.104434883,40,229.72950000000003
2,24,932152.499822722,6847957.104434883,41,252.70245000000025
2,24,932152.499822722,6847957.104434883,42,269.51981659973967
2,24,932152.499822722,6847957.104434883,43,275.6754000000001
2,24,932152.499822722,6847957.104434883,44,269.51981659973967
2,24,932152.499822722,6847957.104434883,45,252.70245000000025
2,24,932152.499822722,6847957.104434883,46,229.72950000000003
2,24,932152.499822722,6847957.104434883,47,206.75655
2,24,932152.499822722,6847957.104434883,48,189.93918340026067
2,61,932731.0998222867,6847344.104435187,1,191.26800000000017
2,61,932731.0998222867,6847344.104435187,2,197.67426326723958
2,61,932731.0998222867,6847344.104435187,3,215.1765000000001
2,61,932731.0998222867,6847344.104435187,4,239.0849999999998
2,61,932731.0998222867,6847344.104435187,5,262.9935000000002
2,61,932731.0998222867,6847344.104435187,6,280.49573673276063
2,61,932731.0998222867,6847344.104435187,7,286.90200000000004
2,61,932731.0998222867,6847344.104435187,8,280.49573673276063
2,61,932731.0998222867,6847344.104435187,9,262.9935000000002
2,61,932731.0998222867,6847344.104435187,10,239.0849999999998
2,61,932731.0998222867,6847344.104435187,11,215.1765000000001
2,61,932731.0998222867,6847344.104435187,12,197.67426326723958
2,61,932731.0998222867,6847344.104435187,13,191.26800000000017
2,61,932731.0998222867,6847344.104435187,14,197.67426326723958
2,61,932731.0998222867,6847344.104435187,15,215.1765000000001
2,61,932731.0998222867,6847344.104435187,16,239.0849999999998
2,61,932731.0998222867,6847344.104435187,17,262.9935000000002
2,61,932731.0998222867,6847344.104435187,18,280.49573673276063
2,61,932731.0998222867,6847344.104435187,19,286.90200000000004
2,61,932731.0998222867,6847344.104435187,20,280.49573673276063
2,61,932731.0998222867,6847344.104435187,21,262.9935000000002
2,61,932731.0998222867,6847344.104435187,22,239.0849999999998
2,61,932731.0998222867,6847344.104435187,23,215.1765000000001
2,61,932731.0998222867,6847344.104435187,24,197.67426326723958
2,61,932731.0998222867,6847344.104435187,25,191.26800000000017
2,61,932731.0998222867,6847344.104435187,26,197.67426326723958
2,61,932731.0998222867,6847344.104435187,27,215.1765000000001
2,61,932731.0998222867,6847344.104435187,28,239.0849999999998
2,61,932731.0998222867,6847344.104435187,29,262.9935000000002
2,61,932731.0998222867,6847344.104435187,30,280.49573673276063
2,61,932731.0998222867,6847344.104435187,31,286.90200000000004
2,61,932731.0998222867,6847344.104435187,32,280.49573673276063
2,61,932731.0998222867,6847344.104435187,33,262.9935000000002
2,61,932731.0998222867,6847344.104435187,34,239.0849999999998
2,61,932731.0998222867,6847344.104435187,35,215.1765000000001
2,61,932731.0998222867,6847344.104435187,36,197.67426326723958
2,61,932731.0998222867,6847344.104435187,37,191.26800000000017
2,61,932731.0998222867,6847344.104435187,38,197.67426326723958
2,61,932731.0998222867,6847344.104435187,39,215.1765000000001
2,61,932731.0998222867,6847344.104435187,40,239.0849999999998
2,61,932731.0998222867,6847344.104435187,41,262.9935000000002
2,61,932731.0998222867,6847344.104435187,42,280.49573673276063
2,61,932731.0998222867,6847344.104435187,43,286.90200000000004
2,61,932731.0998222867,6847344.104435187,44,280.49573673276063
2,61,932731.0998222867,6847344.104435187,45,262.9935000000002
2,61,932731.0998222867,6847344.104435187,46,239.0849999999998
2,61,932731.0998222867,6847344.104435187,47,215.1765000000001
2,61,932731.0998222867,6847344.104435187,48,197.67426326723958
2,52,933544.3998216777,6846209.704435752,1,775.8828000000004
2,52,933544.3998216777,6846209.704435752,2,801.8699462101491
2,52,933544.3998216777,6846209.704435752,3,872.8681500000009
2,52,933544.3998216777,6846209.704435752,4,969.8534999999995
2,52,933544.3998216777,6846209.704435752,5,1066.83885
2,52,933544.3998216777,6846209.704435752,6,1137.8370537898522
2,52,933544.3998216777,6846209.704435752,7,1163.8242000000002
2,52,933544.3998216777,6846209.704435752,8,1137.8370537898522
2,52,933544.3998216777,6846209.704435752,9,1066.83885
2,52,933544.3998216777,6846209.704435752,10,969.8534999999995
2,52,933544.3998216777,6846209.704435752,11,872.8681500000009
2,52,933544.3998216777,6846209.704435752,12,801.8699462101491
2,52,933544.3998216777,6846209.704435752,13,775.8828000000004
2,52,933544.3998216777,6846209.704435752,14,801.8699462101491
2,52,933544.3998216777,6846209.704435752,15,872.8681500000009
2,52,933544.3998216777,6846209.704435752,16,969.8534999999995
2,52,933544.3998216777,6846209.704435752,17,1066.83885
2,52,933544.3998216777,6846209.704435752,18,1137.8370537898522
2,52,933544.3998216777,6846209.704435752,19,1163.8242000000002
2,52,933544.3998216777,6846209.704435752,20,1137.8370537898522
2,52,933544.3998216777,6846209.704435752,21,1066.83885
2,52,933544.3998216777,6846209.704435752,22,969.8534999999995
2,52,933544.3998216777,6846209.704435752,23,872.8681500000009
2,52,933544.3998216777,6846209.704435752,24,801.8699462101491
2,52,933544.3998216777,6846209.704435752,25,775.8828000000004
2,52,933544.3998216777,6846209.704435752,26,801.8699462101491
2,52,933544.3998216777,6846209.704435752,27,872.8681500000009
2,52,933544.3998216777,6846209.704435752,28,969.8534999999995
2,52,933544.3998216777,6846209.704435752,29,1066.83885
2,52,933544.3998216777,6846209.704435752,30,1137.8370537898522
2,52,933544.3998216777,6846209.704435752,31,1163.8242000000002
2,52,933544.3998216777,6846209.704435752,32,1137.8370537898522
2,52,933544.3998216777,6846209.704435752,33,1066.83885
2,52,933544.3998216777,6846209.704435752,34,969.8534999999995
2,52,933544.3998216777,6846209.704435752,35,872.8681500000009
2,52,933544.3998216777,6846209.704435752,36,801.8699462101491
2,52,933544.3998216777,6846209.704435752,37,775.8828000000004
2,52,933544.3998216777,6846209.704435752,38,801.8699462101491
2,52,933544.3998216777,6846209.704435752,39,872.8681500000009
2,52,933544.3998216777,6846209.704435752,40,969.8534999999995
2,52,933544.3998216777,6846209.704435752,41,1066.83885
2,52,933544.3998216777,6846209.704435752,42,1137.8370537898522
2,52,933544.3998216777,6846209.704435752,43,1163.8242000000002
2,52,933544.3998216777,6846209.704435752,44,1137.8370537898522
2,52,933544.3998216777,6846209.704435752,45,1066.83885
2,52,933544.3998216777,6846209.704435752,46,969.8534999999995
2,52,933544.3998216777,6846209.704435752,47,872.8681500000009
2,52,933544.3998216777,6846209.704435752,48,801.8699462101491
2,65,930937.2998236478,6848136.804434802,2,139.17414071771734
2,65,930937.2998236478,6848136.804434802,3,186.17445
2,65,930937.2998236478,6848136.804434802,4,206.86049999999994
2,65,930937.2998236478,6848136.804434802,6,113.25523515035816
2,65,930937.2998236478,6848136.804434802,7,248.23260000000008
2,65,930937.2998236478,6848136.804434802,9,227.54655000000022
2,65,930937.2998236478,6848136.804434802,12,171.0312103920899
2,65,930937.2998236478,6848136.804434802,16,206.86049999999994
2,65,930937.2998236478,6848136.804434802,17,106.18839000000007
2,65,930937.2998236478,6848136.804434802,18,113.25523515035816
2,65,930937.2998236478,6848136.804434802,19,115.8418800000001
2,65,930937.2998236478,6848136.804434802,20,242.68978960791037
2,65,930937.2998236478,6848136.804434802,21,106.18839000000007
2,65,930937.2998236478,6848136.804434802,27,186.17445
2,65,930937.2998236478,6848136.804434802,29,106.18839000000007
2,65,930937.2998236478,6848136.804434802,30,113.25523515035816
2,65,930937.2998236478,6848136.804434802,32,113.25523515035816
2,65,930937.2998236478,6848136.804434802,33,106.18839000000007
2,65,930937.2998236478,6848136.804434802,36,171.0312103920899
2,65,930937.2998236478,6848136.804434802,38,171.0312103920899
2,65,930937.2998236478,6848136.804434802,39,186.17445
2,65,930937.2998236478,6848136.804434802,42,113.25523515035816
2,65,930937.2998236478,6848136.804434802,43,248.23260000000008
2,65,930937.2998236478,6848136.804434802,47,186.17445
2,65,930937.2998236478,6848136.804434802,48,171.0312103920899
2,65,930937.2998236478,6848136.804434802,5,121.35816000000014
2,65,930937.2998236478,6848136.804434802,41,121.35816000000014
2,65,930937.2998236478,6848136.804434802,44,129.43455445755217
2,65,930937.2998236478,6848136.804434802,45,121.35816000000014
2,65,930937.2998236478,6848136.804434802,1,35.59248000000001
2,70,930937.2998236478,6848136.804434802,1,129.8959200000001
2,70,930937.2998236478,6848136.804434802,5,106.18839000000007
2,70,930937.2998236478,6848136.804434802,8,242.68978960791037
2,70,930937.2998236478,6848136.804434802,10,206.86049999999994
2,70,930937.2998236478,6848136.804434802,11,186.17445
2,70,930937.2998236478,6848136.804434802,13,165.48840000000013
2,70,930937.2998236478,6848136.804434802,14,171.0312103920899
2,70,930937.2998236478,6848136.804434802,15,186.17445
2,70,930937.2998236478,6848136.804434802,22,206.86049999999994
2,70,930937.2998236478,6848136.804434802,23,186.17445
2,70,930937.2998236478,6848136.804434802,24,171.0312103920899
2,70,930937.2998236478,6848136.804434802,25,165.48840000000013
2,70,930937.2998236478,6848136.804434802,26,171.0312103920899
2,70,930937.2998236478,6848136.804434802,28,206.86049999999994
2,70,930937.2998236478,6848136.804434802,31,248.23260000000008
2,70,930937.2998236478,6848136.804434802,34,206.86049999999994
2,70,930937.2998236478,6848136.804434802,35,186.17445
2,70,930937.2998236478,6848136.804434802,37,165.48840000000013
2,70,930937.2998236478,6848136.804434802,40,206.86049999999994
2,70,930937.2998236478,6848136.804434802,41,106.18839000000007
2,70,930937.2998236478,6848136.804434802,44,113.25523515035816
2,70,930937.2998236478,6848136.804434802,45,106.18839000000007
2,70,930937.2998236478,6848136.804434802,46,206.86049999999994
2,70,930937.2998236478,6848136.804434802,6,129.43455445755217
2,70,930937.2998236478,6848136.804434802,17,121.35816000000014
2,70,930937.2998236478,6848136.804434802,18,129.43455445755217
2,70,930937.2998236478,6848136.804434802,19,132.39072000000002
2,70,930937.2998236478,6848136.804434802,21,121.35816000000014
2,70,930937.2998236478,6848136.804434802,29,121.35816000000014
2,70,930937.2998236478,6848136.804434802,30,129.43455445755217
2,70,930937.2998236478,6848136.804434802,32,129.43455445755217
2,70,930937.2998236478,6848136.804434802,33,121.35816000000014
2,70,930937.2998236478,6848136.804434802,42,129.43455445755217
2,70,930937.2998236478,6848136.804434802,2,31.85706967437252
2,1,933761.3998214833,6849018.604434323,1,370.8936000000003
2,1,933761.3998214833,6849018.604434323,2,383.3161800747339
2,1,933761.3998214833,6849018.604434323,3,417.25530000000083
2,1,933761.3998214833,6849018.604434323,4,463.61699999999945
2,1,933761.3998214833,6849018.604434323,5,509.978700000001
2,1,933761.3998214833,6849018.604434323,6,543.9178199252665
2,1,933761.3998214833,6849018.604434323,7,556.3403999999999
2,1,933761.3998214833,6849018.604434323,8,543.9178199252665
2,1,933761.3998214833,6849018.604434323,9,509.978700000001
2,1,933761.3998214833,6849018.604434323,10,463.61699999999945
2,1,933761.3998214833,6849018.604434323,11,417.25530000000083
2,1,933761.3998214833,6849018.604434323,12,383.3161800747339
2,1,933761.3998214833,6849018.604434323,13,370.8936000000003
2,1,933761.3998214833,6849018.604434323,14,383.3161800747339
2,1,933761.3998214833,6849018.604434323,15,417.25530000000083
2,1,933761.3998214833,6849018.604434323,16,463.61699999999945
2,1,933761.3998214833,6849018.604434323,17,509.978700000001
2,1,933761.3998214833,6849018.604434323,18,543.9178199252665
2,1,933761.3998214833,6849018.604434323,19,556.3403999999999
2,1,933761.3998214833,6849018.604434323,20,543.9178199252665
2,1,933761.3998214833,6849018.604434323,21,509.978700000001
2,1,933761.3998214833,6849018.604434323,22,463.61699999999945
2,1,933761.3998214833,6849018.604434323,23,417.25530000000083
2,1,933761.3998214833,6849018.604434323,24,383.3161800747339
2,1,933761.3998214833,6849018.604434323,25,370.8936000000003
2,1,933761.3998214833,6849018.604434323,26,383.3161800747339
2,1,933761.3998214833,6849018.604434323,27,417.25530000000083
2,1,933761.3998214833,6849018.604434323,28,463.61699999999945
2,1,933761.3998214833,6849018.604434323,29,509.978700000001
2,1,933761.3998214833,6849018.604434323,30,543.9178199252665
2,1,933761.3998214833,6849018.604434323,31,556.3403999999999
2,1,933761.3998214833,6849018.604434323,32,543.9178199252665
2,1,933761.3998214833,6849018.604434323,33,509.978700000001
2,1,933761.3998214833,6849018.604434323,34,463.61699999999945
2,1,933761.3998214833,6849018.604434323,35,417.25530000000083
2,1,933761.3998214833,6849018.604434323,36,383.3161800747339
2,1,933761.3998214833,6849018.604434323,37,370.8936000000003
2,1,933761.3998214833,6849018.604434323,38,383.3161800747339
2,1,933761.3998214833,6849018.604434323,39,417.25530000000083
2,1,933761.3998214833,6849018.604434323,40,463.61699999999945
2,1,933761.3998214833,6849018.604434323,41,509.978700000001
2,1,933761.3998214833,6849018.604434323,42,543.9178199252665
2,1,933761.3998214833,6849018.604434323,43,556.3403999999999
2,1,933761.3998214833,6849018.604434323,44,543.9178199252665
2,1,933761.3998214833,6849018.604434323,45,509.978700000001
2,1,933761.3998214833,6849018.604434323,46,463.61699999999945
2,1,933761.3998214833,6849018.604434323,47,417.25530000000083
2,1,933761.3998214833,6849018.604434323,48,383.3161800747339
2,55,934305.7998210939,6846479.404435608,1,467.91360000000066
2,55,934305.7998210939,6846479.404435608,2,502.4795683245406
2,55,934305.7998210939,6846479.404435608,3,596.9155500000016
2,55,934305.7998210939,6846479.404435608,4,725.9174999999991
2,55,934305.7998210939,6846479.404435608,5,819.4724999999986
2,55,934305.7998210939,6846479.404435608,6,819.4725000000011
2,55,934305.7998210939,6846479.404435608,7,819.4725000000026
2,55,934305.7998210939,6846479.404435608,8,819.4725000000011
2,55,934305.7998210939,6846479.404435608,9,819.4724999999986
2,55,934305.7998210939,6846479.404435608,10,725.9174999999993
2,55,934305.7998210939,6846479.404435608,11,596.9155500000016
2,55,934305.7998210939,6846479.404435608,12,502.4795683245406
2,55,934305.7998210939,6846479.404435608,13,467.91360000000066
2,55,934305.7998210939,6846479.404435608,14,502.4795683245406
2,55,934305.7998210939,6846479.404435608,15,596.9155500000016
2,55,934305.7998210939,6846479.404435608,16,725.9174999999993
2,55,934305.7998210939,6846479.404435608,17,819.4724999999986
2,55,934305.7998210939,6846479.404435608,18,819.4725000000011
2,55,934305.7998210939,6846479.404435608,19,819.4725000000026
2,55,934305.7998210939,6846479.404435608,20,819.4725000000009
2,55,934305.7998210939,6846479.404435608,21,819.4724999999986
2,55,934305.7998210939,6846479.404435608,22,725.9174999999993
2,55,934305.7998210939,6846479.404435608,23,596.9155500000016
2,55,934305.7998210939,6846479.404435608,24,502.4795683245406
2,55,934305.7998210939,6846479.404435608,25,467.91360000000066
2,55,934305.7998210939,6846479.404435608,26,502.4795683245406
2,55,934305.7998210939,6846479.404435608,27,596.9155500000016
2,55,934305.7998210939,6846479.404435608,28,725.9174999999993
2,55,934305.7998210939,6846479.404435608,29,819.4724999999986
2,55,934305.7998210939,6846479.404435608,30,819.4725000000011
2,55,934305.7998210939,6846479.404435608,31,819.4725000000026
2,55,934305.7998210939,6846479.404435608,32,819.4725000000011
2,55,934305.7998210939,6846479.404435608,33,819.4724999999986
2,55,934305.7998210939,6846479.404435608,34,725.9174999999993
2,55,934305.7998210939,6846479.404435608,35,596.9155500000016
2,55,934305.7998210939,6846479.404435608,36,502.4795683245406
2,55,934305.7998210939,6846479.404435608,37,467.91360000000066
2,55,934305.7998210939,6846479.404435608,38,502.4795683245406
2,55,934305.7998210939,6846479.404435608,39,596.9155500000016
2,55,934305.7998210939,6846479.404435608,40,725.9174999999991
2,55,934305.7998210939,6846479.404435608,41,819.4724999999986
2,55,934305.7998210939,6846479.404435608,42,819.4725000000011
2,55,934305.7998210939,6846479.404435608,43,819.4725000000026
2,55,934305.7998210939,6846479.404435608,44,819.4725000000011
2,55,934305.7998210939,6846479.404435608,45,819.4724999999986
2,55,934305.7998210939,6846479.404435608,46,725.9174999999993
2,55,934305.7998210939,6846479.404435608,47,596.9155500000016
2,55,934305.7998210939,6846479.404435608,48,502.4795683245406
2,28,933302.5998218316,6849201.904434238,1,143.0352000000002
2,28,933302.5998218316,6849201.904434238,2,147.82597079115297
2,28,933302.5998218316,6849201.904434238,3,160.91459999999998
2,28,933302.5998218316,6849201.904434238,4,178.79399999999987
2,28,933302.5998218316,6849201.904434238,5,196.67340000000016
2,28,933302.5998218316,6849201.904434238,6,209.76202920884714
2,28,933302.5998218316,6849201.904434238,7,214.5528
2,28,933302.5998218316,6849201.904434238,8,209.76202920884714
2,28,933302.5998218316,6849201.904434238,9,196.67340000000016
2,28,933302.5998218316,6849201.904434238,10,178.79399999999987
2,28,933302.5998218316,6849201.904434238,11,160.91459999999998
2,28,933302.5998218316,6849201.904434238,12,147.82597079115297
2,28,933302.5998218316,6849201.904434238,13,143.0352000000002
2,28,933302.5998218316,6849201.904434238,14,147.82597079115297
2,28,933302.5998218316,6849201.904434238,15,160.91459999999998
2,28,933302.5998218316,6849201.904434238,16,178.79399999999987
2,28,933302.5998218316,6849201.904434238,17,196.67340000000016
2,28,933302.5998218316,6849201.904434238,18,209.76202920884714
2,28,933302.5998218316,6849201.904434238,19,214.5528
2,28,933302.5998218316,6849201.904434238,20,209.76202920884714
2,28,933302.5998218316,6849201.904434238,21,196.67340000000016
2,28,933302.5998218316,6849201.904434238,22,178.79399999999987
2,28,933302.5998218316,6849201.904434238,23,160.91459999999998
2,28,933302.5998218316,6849201.904434238,24,147.82597079115297
2,28,933302.5998218316,6849201.904434238,25,143.0352000000002
2,28,933302.5998218316,6849201.904434238,26,147.82597079115297
2,28,933302.5998218316,6849201.904434238,27,160.91459999999998
2,28,933302.5998218316,6849201.904434238,28,178.79399999999987
2,28,933302.5998218316,6849201.904434238,29,196.67340000000016
2,28,933302.5998218316,6849201.904434238,30,209.76202920884714
2,28,933302.5998218316,6849201.904434238,31,214.5528
2,28,933302.5998218316,6849201.904434238,32,209.76202920884714
2,28,933302.5998218316,6849201.904434238,33,196.67340000000016
2,28,933302.5998218316,6849201.904434238,34,178.79399999999987
2,28,933302.5998218316,6849201.904434238,35,160.91459999999998
2,28,933302.5998218316,6849201.904434238,36,147.82597079115297
2,28,933302.5998218316,6849201.904434238,37,143.0352000000002
2,28,933302.5998218316,6849201.904434238,38,147.82597079115297
2,28,933302.5998218316,6849201.904434238,39,160.91459999999998
2,28,933302.5998218316,6849201.904434238,40,178.79399999999987
2,28,933302.5998218316,6849201.904434238,41,196.67340000000016
2,28,933302.5998218316,6849201.904434238,42,209.76202920884714
2,28,933302.5998218316,6849201.904434238,43,214.5528
2,28,933302.5998218316,6849201.904434238,44,209.76202920884714
2,28,933302.5998218316,6849201.904434238,45,196.67340000000016
2,28,933302.5998218316,6849201.904434238,46,178.79399999999987
2,28,933302.5998218316,6849201.904434238,47,160.91459999999998
2,28,933302.5998218316,6849201.904434238,48,147.82597079115297
2,13,933807.2281635706,6848521.778365977,1,194.5944000000003
2,13,933807.2281635706,6848521.778365977,2,201.11207654145247
2,13,933807.2281635706,6848521.778365977,3,218.9187000000001
2,13,933807.2281635706,6848521.778365977,4,243.24299999999982
2,13,933807.2281635706,6848521.778365977,5,267.5673000000004
2,13,933807.2281635706,6848521.778365977,6,285.3739234585479
2,13,933807.2281635706,6848521.778365977,7,291.89159999999987
2,13,933807.2281635706,6848521.778365977,8,285.3739234585479
2,13,933807.2281635706,6848521.778365977,9,267.5673000000004
2,13,933807.2281635706,6848521.778365977,10,243.24299999999982
2,13,933807.2281635706,6848521.778365977,11,218.9187000000001
2,13,933807.2281635706,6848521.778365977,12,201.11207654145247
2,13,933807.2281635706,6848521.778365977,13,194.5944000000003
2,13,933807.2281635706,6848521.778365977,14,201.11207654145247
2,13,933807.2281635706,6848521.778365977,15,218.9187000000001
2,13,933807.2281635706,6848521.778365977,16,243.24299999999982
2,13,933807.2281635706,6848521.778365977,17,267.5673000000004
2,13,933807.2281635706,6848521.778365977,18,285.3739234585479
2,13,933807.2281635706,6848521.778365977,19,291.89159999999987
2,13,933807.2281635706,6848521.778365977,20,285.3739234585479
2,13,933807.2281635706,6848521.778365977,21,267.5673000000004
2,13,933807.2281635706,6848521.778365977,22,243.24299999999982
2,13,933807.2281635706,6848521.778365977,23,218.9187000000001
2,13,933807.2281635706,6848521.778365977,24,201.11207654145247
2,13,933807.2281635706,6848521.778365977,25,194.5944000000003
2,13,933807.2281635706,6848521.778365977,26,201.11207654145247
2,13,933807.2281635706,6848521.778365977,27,218.9187000000001
2,13,933807.2281635706,6848521.778365977,28,243.24299999999982
2,13,933807.2281635706,6848521.778365977,29,267.5673000000004
2,13,933807.2281635706,6848521.778365977,30,285.3739234585479
2,13,933807.2281635706,6848521.778365977,31,291.89159999999987
2,13,933807.2281635706,6848521.778365977,32,285.3739234585479
2,13,933807.2281635706,6848521.778365977,33,267.5673000000004
2,13,933807.2281635706,6848521.778365977,34,243.24299999999982
2,13,933807.2281635706,6848521.778365977,35,218.9187000000001
2,13,933807.2281635706,6848521.778365977,36,201.11207654145247
2,13,933807.2281635706,6848521.778365977,37,194.5944000000003
2,13,933807.2281635706,6848521.778365977,38,201.11207654145247
2,13,933807.2281635706,6848521.778365977,39,218.9187000000001
2,13,933807.2281635706,6848521.778365977,40,243.24299999999982
2,13,933807.2281635706,6848521.778365977,41,267.5673000000004
2,13,933807.2281635706,6848521.778365977,42,285.3739234585479
2,13,933807.2281635706,6848521.778365977,43,291.89159999999987
2,13,933807.2281635706,6848521.778365977,44,285.3739234585479
2,13,933807.2281635706,6848521.778365977,45,267.5673000000004
2,13,933807.2281635706,6848521.778365977,46,243.24299999999982
2,13,933807.2281635706,6848521.778365977,47,218.9187000000001
2,13,933807.2281635706,6848521.778365977,48,201.11207654145247
2,5,933436.0728134823,6847046.593612878,1,79.00200000000007
2,5,933436.0728134823,6847046.593612878,2,81.64806526255546
2,5,933436.0728134823,6847046.593612878,3,88.87725
2,5,933436.0728134823,6847046.593612878,4,98.75250000000007
2,5,933436.0728134823,6847046.593612878,5,108.62775000000009
2,5,933436.0728134823,6847046.593612878,6,114.34500000000006
2,5,933436.0728134823,6847046.593612878,7,114.34499999999996
2,5,933436.0728134823,6847046.593612878,8,114.34500000000006
2,5,933436.0728134823,6847046.593612878,9,108.62775000000009
2,5,933436.0728134823,6847046.593612878,10,98.75250000000007
2,5,933436.0728134823,6847046.593612878,11,88.87725
2,5,933436.0728134823,6847046.593612878,12,81.64806526255546
2,5,933436.0728134823,6847046.593612878,13,79.00200000000007
2,5,933436.0728134823,6847046.593612878,14,81.64806526255546
2,5,933436.0728134823,6847046.593612878,15,88.87725
2,5,933436.0728134823,6847046.593612878,16,98.75250000000007
2,5,933436.0728134823,6847046.593612878,17,108.62775000000009
2,5,933436.0728134823,6847046.593612878,18,114.34500000000006
2,5,933436.0728134823,6847046.593612878,19,114.34499999999996
2,5,933436.0728134823,6847046.593612878,20,114.34500000000006
2,5,933436.0728134823,6847046.593612878,21,108.62775000000009
2,5,933436.0728134823,6847046.593612878,22,98.75250000000007
2,5,933436.0728134823,6847046.593612878,23,88.87725
2,5,933436.0728134823,6847046.593612878,24,81.64806526255546
2,5,933436.0728134823,6847046.593612878,25,79.00200000000007
2,5,933436.0728134823,6847046.593612878,26,81.64806526255546
2,5,933436.0728134823,6847046.593612878,27,88.87725
2,5,933436.0728134823,6847046.593612878,28,98.75250000000007
2,5,933436.0728134823,6847046.593612878,29,108.62775000000009
2,5,933436.0728134823,6847046.593612878,30,114.34500000000006
2,5,933436.0728134823,6847046.593612878,31,114.34499999999996
2,5,933436.0728134823,6847046.593612878,32,114.34500000000006
2,5,933436.0728134823,6847046.593612878,33,108.62775000000009
2,5,933436.0728134823,6847046.593612878,34,98.75250000000007
2,5,933436.0728134823,6847046.593612878,35,88.87725
2,5,933436.0728134823,6847046.593612878,36,81.64806526255546
2,5,933436.0728134823,6847046.593612878,37,79.00200000000007
2,5,933436.0728134823,6847046.593612878,38,81.64806526255546
2,5,933436.0728134823,6847046.593612878,39,88.87725
2,5,933436.0728134823,6847046.593612878,40,98.75250000000007
2,5,933436.0728134823,6847046.593612878,41,108.62775000000009
2,5,933436.0728134823,6847046.593612878,42,114.34500000000006
2,5,933436.0728134823,6847046.593612878,43,114.34499999999996
2,5,933436.0728134823,6847046.593612878,44,114.34500000000006
2,5,933436.0728134823,6847046.593612878,45,108.62775000000009
2,5,933436.0728134823,6847046.593612878,46,98.75250000000007
2,5,933436.0728134823,6847046.593612878,47,88.87725
2,5,933436.0728134823,6847046.593612878,48,81.64806526255546
2,11,934096.4175246346,6847743.417716952,1,30.769200000000005
2,11,934096.4175246346,6847743.417716952,2,31.79977278646897
2,11,934096.4175246346,6847743.417716952,3,34.61535000000001
2,11,934096.4175246346,6847743.417716952,4,38.46150000000003
2,11,934096.4175246346,6847743.417716952,5,42.30765000000003
2,11,934096.4175246346,6847743.417716952,6,45.12322721353107
2,11,934096.4175246346,6847743.417716952,7,46.15380000000005
2,11,934096.4175246346,6847743.417716952,8,45.12322721353107
2,11,934096.4175246346,6847743.417716952,9,42.30765000000003
2,11,934096.4175246346,6847743.417716952,10,38.46150000000003
2,11,934096.4175246346,6847743.417716952,11,34.61535000000001
2,11,934096.4175246346,6847743.417716952,12,31.79977278646897
2,11,934096.4175246346,6847743.417716952,13,30.769200000000005
2,11,934096.4175246346,6847743.417716952,14,31.79977278646897
2,11,934096.4175246346,6847743.417716952,15,34.61535000000001
2,11,934096.4175246346,6847743.417716952,16,38.46150000000003
2,11,934096.4175246346,6847743.417716952,17,42.30765000000003
2,11,934096.4175246346,6847743.417716952,18,45.12322721353107
2,11,934096.4175246346,6847743.417716952,19,46.15380000000005
2,11,934096.4175246346,6847743.417716952,20,45.12322721353107
2,11,934096.4175246346,6847743.417716952,21,42.30765000000003
2,11,934096.4175246346,6847743.417716952,22,38.46150000000003
2,11,934096.4175246346,6847743.417716952,23,34.61535000000001
2,11,934096.4175246346,6847743.417716952,24,31.79977278646897
2,11,934096.4175246346,6847743.417716952,25,30.769200000000005
2,11,934096.4175246346,6847743.417716952,26,31.79977278646897
2,11,934096.4175246346,6847743.417716952,27,34.61535000000001
2,11,934096.4175246346,6847743.417716952,28,38.46150000000003
2,11,934096.4175246346,6847743.417716952,29,42.30765000000003
2,11,934096.4175246346,6847743.417716952,30,45.12322721353107
2,11,934096.4175246346,6847743.417716952,31,46.15380000000005
2,11,934096.4175246346,6847743.417716952,32,45.12322721353107
2,11,934096.4175246346,6847743.417716952,33,42.30765000000003
2,11,934096.4175246346,6847743.417716952,34,38.46150000000003
2,11,934096.4175246346,6847743.417716952,35,34.61535000000001
2,11,934096.4175246346,6847743.417716952,36,31.79977278646897
2,11,934096.4175246346,6847743.417716952,37,30.769200000000005
2,11,934096.4175246346,6847743.417716952,38,31.79977278646897
2,11,934096.4175246346,6847743.417716952,39,34.61535000000001
2,11,934096.4175246346,6847743.417716952,40,38.46150000000003
2,11,934096.4175246346,6847743.417716952,41,42.30765000000003
2,11,934096.4175246346,6847743.417716952,42,45.12322721353107
2,11,934096.4175246346,6847743.417716952,43,46.15380000000005
2,11,934096.4175246346,6847743.417716952,44,45.12322721353107
2,11,934096.4175246346,6847743.417716952,45,42.30765000000003
2,11,934096.4175246346,6847743.417716952,46,38.46150000000003
2,11,934096.4175246346,6847743.417716952,47,34.61535000000001
2,11,934096.4175246346,6847743.417716952,48,31.79977278646897
2,35,933588.4998216212,6848428.004434628,1,214.55280000000033
2,35,933588.4998216212,6848428.004434628,2,221.73895618672978
2,35,933588.4998216212,6848428.004434628,3,241.37190000000012
2,35,933588.4998216212,6848428.004434628,4,268.19099999999975
2,35,933588.4998216212,6848428.004434628,5,295.0101000000004
2,35,933588.4998216212,6848428.004434628,6,314.6430438132707
2,35,933588.4998216212,6848428.004434628,7,321.8291999999998
2,35,933588.4998216212,6848428.004434628,8,314.6430438132707
2,35,933588.4998216212,6848428.004434628,9,295.0101000000004
2,35,933588.4998216212,6848428.004434628,10,268.19099999999975
2,35,933588.4998216212,6848428.004434628,11,241.37190000000012
2,35,933588.4998216212,6848428.004434628,12,221.73895618672978
2,35,933588.4998216212,6848428.004434628,13,214.55280000000033
2,35,933588.4998216212,6848428.004434628,14,221.73895618672978
2,35,933588.4998216212,6848428.004434628,15,241.37190000000012
2,35,933588.4998216212,6848428.004434628,16,268.19099999999975
2,35,933588.4998216212,6848428.004434628,17,295.0101000000004
2,35,933588.4998216212,6848428.004434628,18,314.6430438132707
2,35,933588.4998216212,6848428.004434628,19,321.8291999999998
2,35,933588.4998216212,6848428.004434628,20,314.6430438132707
2,35,933588.4998216212,6848428.004434628,21,295.0101000000004
2,35,933588.4998216212,6848428.004434628,22,268.19099999999975
2,35,933588.4998216212,6848428.004434628,23,241.37190000000012
2,35,933588.4998216212,6848428.004434628,24,221.73895618672978
2,35,933588.4998216212,6848428.004434628,25,214.55280000000033
2,35,933588.4998216212,6848428.004434628,26,221.73895618672978
2,35,933588.4998216212,6848428.004434628,27,241.37190000000012
2,35,933588.4998216212,6848428.004434628,28,268.19099999999975
2,35,933588.4998216212,6848428.004434628,29,295.0101000000004
2,35,933588.4998216212,6848428.004434628,30,314.6430438132707
2,35,933588.4998216212,6848428.004434628,31,321.8291999999998
2,35,933588.4998216212,6848428.004434628,32,314.6430438132707
2,35,933588.4998216212,6848428.004434628,33,295.0101000000004
2,35,933588.4998216212,6848428.004434628,34,268.19099999999975
2,35,933588.4998216212,6848428.004434628,35,241.37190000000012
2,35,933588.4998216212,6848428.004434628,36,221.73895618672978
2,35,933588.4998216212,6848428.004434628,37,214.55280000000033
2,35,933588.4998216212,6848428.004434628,38,221.73895618672978
2,35,933588.4998216212,6848428.004434628,39,241.37190000000012
2,35,933588.4998216212,6848428.004434628,40,268.19099999999975
2,35,933588.4998216212,6848428.004434628,41,295.0101000000004
2,35,933588.4998216212,6848428.004434628,42,314.6430438132707
2,35,933588.4998216212,6848428.004434628,43,321.8291999999998
2,35,933588.4998216212,6848428.004434628,44,314.6430438132707
2,35,933588.4998216212,6848428.004434628,45,295.0101000000004
2,35,933588.4998216212,6848428.004434628,46,268.19099999999975
2,35,933588.4998216212,6848428.004434628,47,241.37190000000012
2,35,933588.4998216212,6848428.004434628,48,221.73895618672978
2,63,934417.9998210015,6847132.404435275,1,108.93960000000007
2,63,934417.9998210015,6847132.404435275,2,112.58838473047122
2,63,934417.9998210015,6847132.404435275,3,122.55705000000002
2,63,934417.9998210015,6847132.404435275,4,136.17450000000005
2,63,934417.9998210015,6847132.404435275,5,149.79195000000013
2,63,934417.9998210015,6847132.404435275,6,159.76061526952893
2,63,934417.9998210015,6847132.404435275,7,163.40940000000006
2,63,934417.9998210015,6847132.404435275,8,159.76061526952893
2,63,934417.9998210015,6847132.404435275,9,149.79195000000013
2,63,934417.9998210015,6847132.404435275,10,136.17450000000005
2,63,934417.9998210015,6847132.404435275,11,122.55705000000002
2,63,934417.9998210015,6847132.404435275,12,112.58838473047122
2,63,934417.9998210015,6847132.404435275,13,108.93960000000007
2,63,934417.9998210015,6847132.404435275,14,112.58838473047122
2,63,934417.9998210015,6847132.404435275,15,122.55705000000002
2,63,934417.9998210015,6847132.404435275,16,136.17450000000005
2,63,934417.9998210015,6847132.404435275,17,149.79195000000013
2,63,934417.9998210015,6847132.404435275,18,159.76061526952893
2,63,934417.9998210015,6847132.404435275,19,163.40940000000006
2,63,934417.9998210015,6847132.404435275,20,159.76061526952893
2,63,934417.9998210015,6847132.404435275,21,149.79195000000013
2,63,934417.9998210015,6847132.404435275,22,136.17450000000005
2,63,934417.9998210015,6847132.404435275,23,122.55705000000002
2,63,934417.9998210015,6847132.404435275,24,112.58838473047122
2,63,934417.9998210015,6847132.404435275,25,108.93960000000007
2,63,934417.9998210015,6847132.404435275,26,112.58838473047122
2,63,934417.9998210015,6847132.404435275,27,122.55705000000002
2,63,934417.9998210015,6847132.404435275,28,136.17450000000005
2,63,934417.9998210015,6847132.404435275,29,149.79195000000013
2,63,934417.9998210015,6847132.404435275,30,159.76061526952893
2,63,934417.9998210015,6847132.404435275,31,163.40940000000006
2,63,934417.9998210015,6847132.404435275,32,159.76061526952893
2,63,934417.9998210015,6847132.404435275,33,149.79195000000013
2,63,934417.9998210015,6847132.404435275,34,136.17450000000005
2,63,934417.9998210015,6847132.404435275,35,122.55705000000002
2,63,934417.9998210015,6847132.404435275,36,112.58838473047122
2,63,934417.9998210015,6847132.404435275,37,108.93960000000007
2,63,934417.9998210015,6847132.404435275,38,112.58838473047122
2,63,934417.9998210015,6847132.404435275,39,122.55705000000002
2,63,934417.9998210015,6847132.404435275,40,136.17450000000005
2,63,934417.9998210015,6847132.404435275,41,149.79195000000013
2,63,934417.9998210015,6847132.404435275,42,159.76061526952893
2,63,934417.9998210015,6847132.404435275,43,163.40940000000006
2,63,934417.9998210015,6847132.404435275,44,159.76061526952893
2,63,934417.9998210015,6847132.404435275,45,149.79195000000013
2,63,934417.9998210015,6847132.404435275,46,136.17450000000005
2,63,934417.9998210015,6847132.404435275,47,122.55705000000002
2,63,934417.9998210015,6847132.404435275,48,112.58838473047122
2,15,934147.6454661533,6847934.640032243,1,301.03920000000016
2,15,934147.6454661533,6847934.640032243,2,311.1221013162641
2,15,934147.6454661533,6847934.640032243,3,338.66910000000036
2,15,934147.6454661533,6847934.640032243,4,367.8097499999998
2,15,934147.6454661533,6847934.640032243,5,367.80975000000007
2,15,934147.6454661533,6847934.640032243,6,367.80974999999995
2,15,934147.6454661533,6847934.640032243,7,367.8097499999997
2,15,934147.6454661533,6847934.640032243,8,367.80974999999995
2,15,934147.6454661533,6847934.640032243,9,367.80975000000007
2,15,934147.6454661533,6847934.640032243,10,367.8097499999998
2,15,934147.6454661533,6847934.640032243,11,338.66910000000036
2,15,934147.6454661533,6847934.640032243,12,311.1221013162641
2,15,934147.6454661533,6847934.640032243,13,301.03920000000016
2,15,934147.6454661533,6847934.640032243,14,311.1221013162641
2,15,934147.6454661533,6847934.640032243,15,338.66910000000036
2,15,934147.6454661533,6847934.640032243,16,367.8097499999998
2,15,934147.6454661533,6847934.640032243,17,367.80975000000007
2,15,934147.6454661533,6847934.640032243,18,367.80974999999995
2,15,934147.6454661533,6847934.640032243,19,367.8097499999997
2,15,934147.6454661533,6847934.640032243,20,367.80974999999995
2,15,934147.6454661533,6847934.640032243,21,367.80975000000007
2,15,934147.6454661533,6847934.640032243,22,367.8097499999998
2,15,934147.6454661533,6847934.640032243,23,338.66910000000036
2,15,934147.6454661533,6847934.640032243,24,311.1221013162641
2,15,934147.6454661533,6847934.640032243,25,301.03920000000016
2,15,934147.6454661533,6847934.640032243,26,311.1221013162641
2,15,934147.6454661533,6847934.640032243,27,338.66910000000036
2,15,934147.6454661533,6847934.640032243,28,367.8097499999998
2,15,934147.6454661533,6847934.640032243,29,367.80975000000007
2,15,934147.6454661533,6847934.640032243,30,367.80974999999995
2,15,934147.6454661533,6847934.640032243,31,367.8097499999997
2,15,934147.6454661533,6847934.640032243,32,367.80974999999995
2,15,934147.6454661533,6847934.640032243,33,367.80975000000007
2,15,934147.6454661533,6847934.640032243,34,367.8097499999998
2,15,934147.6454661533,6847934.640032243,35,338.66910000000036
2,15,934147.6454661533,6847934.640032243,36,311.1221013162641
2,15,934147.6454661533,6847934.640032243,37,301.03920000000016
2,15,934147.6454661533,6847934.640032243,38,311.1221013162641
2,15,934147.6454661533,6847934.640032243,39,338.66910000000036
2,15,934147.6454661533,6847934.640032243,40,367.8097499999998
2,15,934147.6454661533,6847934.640032243,41,367.80975000000007
2,15,934147.6454661533,6847934.640032243,42,367.80974999999995
2,15,934147.6454661533,6847934.640032243,43,367.8097499999997
2,15,934147.6454661533,6847934.640032243,44,367.80974999999995
2,15,934147.6454661533,6847934.640032243,45,367.80975000000007
2,15,934147.6454661533,6847934.640032243,46,367.8097499999998
2,15,934147.6454661533,6847934.640032243,47,338.66910000000036
2,15,934147.6454661533,6847934.640032243,48,311.1221013162641
2,14,934219.8512487066,6847970.932334671,1,399.99960000000016
2,14,934219.8512487066,6847970.932334671,2,413.39704622409636
2,14,934219.8512487066,6847970.932334671,3,449.9995500000005
2,14,934219.8512487066,6847970.932334671,4,499.99950000000007
2,14,934219.8512487066,6847970.932334671,5,558.3847500000008
2,14,934219.8512487066,6847970.932334671,6,620.0230619718965
2,14,934219.8512487066,6847970.932334671,7,642.5842500000008
2,14,934219.8512487066,6847970.932334671,8,620.0230619718965
2,14,934219.8512487066,6847970.932334671,9,558.3847500000008
2,14,934219.8512487066,6847970.932334671,10,499.99950000000007
2,14,934219.8512487066,6847970.932334671,11,449.9995500000005
2,14,934219.8512487066,6847970.932334671,12,413.39704622409636
2,14,934219.8512487066,6847970.932334671,13,399.99960000000016
2,14,934219.8512487066,6847970.932334671,14,413.39704622409636
2,14,934219.8512487066,6847970.932334671,15,449.9995500000005
2,14,934219.8512487066,6847970.932334671,16,499.99950000000007
2,14,934219.8512487066,6847970.932334671,17,558.3847500000008
2,14,934219.8512487066,6847970.932334671,18,620.0230619718965
2,14,934219.8512487066,6847970.932334671,19,642.5842500000008
2,14,934219.8512487066,6847970.932334671,20,620.0230619718965
2,14,934219.8512487066,6847970.932334671,21,558.3847500000008
2,14,934219.8512487066,6847970.932334671,22,499.99950000000007
2,14,934219.8512487066,6847970.932334671,23,449.9995500000005
2,14,934219.8512487066,6847970.932334671,24,413.39704622409636
2,14,934219.8512487066,6847970.932334671,25,399.99960000000016
2,14,934219.8512487066,6847970.932334671,26,413.39704622409636
2,14,934219.8512487066,6847970.932334671,27,449.9995500000005
2,14,934219.8512487066,6847970.932334671,28,499.99950000000007
2,14,934219.8512487066,6847970.932334671,29,558.3847500000008
2,14,934219.8512487066,6847970.932334671,30,620.0230619718965
2,14,934219.8512487066,6847970.932334671,31,642.5842500000008
2,14,934219.8512487066,6847970.932334671,32,620.0230619718965
2,14,934219.8512487066,6847970.932334671,33,558.3847500000008
2,14,934219.8512487066,6847970.932334671,34,499.99950000000007
2,14,934219.8512487066,6847970.932334671,35,449.9995500000005
2,14,934219.8512487066,6847970.932334671,36,413.39704622409636
2,14,934219.8512487066,6847970.932334671,37,399.99960000000016
2,14,934219.8512487066,6847970.932334671,38,413.39704622409636
2,14,934219.8512487066,6847970.932334671,39,449.9995500000005
2,14,934219.8512487066,6847970.932334671,40,499.99950000000007
2,14,934219.8512487066,6847970.932334671,41,558.3847500000008
2,14,934219.8512487066,6847970.932334671,42,620.0230619718965
2,14,934219.8512487066,6847970.932334671,43,642.5842500000008
2,14,934219.8512487066,6847970.932334671,44,620.0230619718965
2,14,934219.8512487066,6847970.932334671,45,558.3847500000008
2,14,934219.8512487066,6847970.932334671,46,499.99950000000007
2,14,934219.8512487066,6847970.932334671,47,449.9995500000005
2,14,934219.8512487066,6847970.932334671,48,413.39704622409636
2,30,933207.9998219206,6847554.204435076,1,733.4711999999989
2,30,933207.9998219206,6847554.204435076,2,733.7137499999999
2,30,933207.9998219206,6847554.204435076,3,733.7137499999999
2,30,933207.9998219206,6847554.204435076,4,733.7137499999999
2,30,933207.9998219206,6847554.204435076,5,733.7137499999999
2,30,933207.9998219206,6847554.204435076,6,733.7137499999997
2,30,933207.9998219206,6847554.204435076,7,733.71375
2,30,933207.9998219206,6847554.204435076,8,733.7137499999997
2,30,933207.9998219206,6847554.204435076,9,733.7137499999999
2,30,933207.9998219206,6847554.204435076,10,733.7137499999999
2,30,933207.9998219206,6847554.204435076,11,733.7137499999999
2,30,933207.9998219206,6847554.204435076,12,733.7137499999999
2,30,933207.9998219206,6847554.204435076,13,733.4711999999989
2,30,933207.9998219206,6847554.204435076,14,733.7137499999999
2,30,933207.9998219206,6847554.204435076,15,733.7137499999999
2,30,933207.9998219206,6847554.204435076,16,733.7137499999999
2,30,933207.9998219206,6847554.204435076,17,733.7137499999999
2,30,933207.9998219206,6847554.204435076,18,733.7137499999997
2,30,933207.9998219206,6847554.204435076,19,733.71375
2,30,933207.9998219206,6847554.204435076,20,733.7137499999997
2,30,933207.9998219206,6847554.204435076,21,733.7137499999999
2,30,933207.9998219206,6847554.204435076,22,733.7137499999999
2,30,933207.9998219206,6847554.204435076,23,733.7137499999999
2,30,933207.9998219206,6847554.204435076,24,733.7137499999999
2,30,933207.9998219206,6847554.204435076,25,733.4711999999989
2,30,933207.9998219206,6847554.204435076,26,733.7137499999999
2,30,933207.9998219206,6847554.204435076,27,733.7137499999999
2,30,933207.9998219206,6847554.204435076,28,733.7137499999999
2,30,933207.9998219206,6847554.204435076,29,733.7137499999999
2,30,933207.9998219206,6847554.204435076,30,733.7137499999997
2,30,933207.9998219206,6847554.204435076,31,733.71375
2,30,933207.9998219206,6847554.204435076,32,733.7137499999997
2,30,933207.9998219206,6847554.204435076,33,733.7137499999999
2,30,933207.9998219206,6847554.204435076,34,733.7137499999999
2,30,933207.9998219206,6847554.204435076,35,733.7137499999999
2,30,933207.9998219206,6847554.204435076,36,733.7137499999999
2,30,933207.9998219206,6847554.204435076,37,733.4711999999989
2,30,933207.9998219206,6847554.204435076,38,733.7137499999999
2,30,933207.9998219206,6847554.204435076,39,733.7137499999999
2,30,933207.9998219206,6847554.204435076,40,733.7137499999999
2,30,933207.9998219206,6847554.204435076,41,733.7137499999999
2,30,933207.9998219206,6847554.204435076,42,733.7137499999997
2,30,933207.9998219206,6847554.204435076,43,733.71375
2,30,933207.9998219206,6847554.204435076,44,733.7137499999997
2,30,933207.9998219206,6847554.204435076,45,733.7137499999999
2,30,933207.9998219206,6847554.204435076,46,733.7137499999999
2,30,933207.9998219206,6847554.204435076,47,733.7137499999999
2,30,933207.9998219206,6847554.204435076,48,733.7137499999999
2,67,933792.4998214621,6848760.204434457,1,639.5003999999997
2,67,933792.4998214621,6848760.204434457,2,660.9196019674215
2,67,933792.4998214621,6848760.204434457,3,719.4379500000015
2,67,933792.4998214621,6848760.204434457,4,799.3754999999995
2,67,933792.4998214621,6848760.204434457,5,879.3130499999986
2,67,933792.4998214621,6848760.204434457,6,937.8313980325781
2,67,933792.4998214621,6848760.204434457,7,956.6865000000024
2,67,933792.4998214621,6848760.204434457,8,104.09148940712822
2,67,933792.4998214621,6848760.204434457,9,38.496149999999304
2,67,933792.4998214621,6848760.204434457,17,38.496149999999304
2,67,933792.4998214621,6848760.204434457,18,104.09148940712822
2,67,933792.4998214621,6848760.204434457,20,104.09148940712822
2,67,933792.4998214621,6848760.204434457,21,38.496149999999304
2,67,933792.4998214621,6848760.204434457,29,38.496149999999304
2,67,933792.4998214621,6848760.204434457,30,104.09148940712822
2,67,933792.4998214621,6848760.204434457,32,104.09148940712822
2,67,933792.4998214621,6848760.204434457,33,38.496149999999304
2,67,933792.4998214621,6848760.204434457,41,38.496149999999304
2,67,933792.4998214621,6848760.204434457,42,104.09148940712822
2,67,933792.4998214621,6848760.204434457,44,104.09148940712822
2,67,933792.4998214621,6848760.204434457,45,38.496149999999304
2,67,933792.4998214621,6848760.204434457,19,128.10104999999982
2,67,933792.4998214621,6848760.204434457,31,128.10104999999982
2,67,933792.4998214621,6848760.204434457,43,128.10104999999982
2,67,933792.4998214621,6848760.204434457,10,4.158000000000002
2,67,933792.4998214621,6848760.204434457,11,3.742200000000002
2,67,933792.4998214621,6848760.204434457,12,3.4378132742128624
2,67,933792.4998214621,6848760.204434457,13,3.3264000000000022
2,67,933792.4998214621,6848760.204434457,14,3.4378132742128624
2,67,933792.4998214621,6848760.204434457,15,3.742200000000002
2,67,933792.4998214621,6848760.204434457,16,4.158000000000002
2,67,933792.4998214621,6848760.204434457,22,4.158000000000002
2,67,933792.4998214621,6848760.204434457,23,3.742200000000002
2,67,933792.4998214621,6848760.204434457,24,3.4378132742128624
2,67,933792.4998214621,6848760.204434457,25,3.3264000000000022
2,67,933792.4998214621,6848760.204434457,26,3.4378132742128624
2,67,933792.4998214621,6848760.204434457,27,3.742200000000002
2,67,933792.4998214621,6848760.204434457,28,4.158000000000002
2,67,933792.4998214621,6848760.204434457,34,4.158000000000002
2,67,933792.4998214621,6848760.204434457,35,3.742200000000002
2,67,933792.4998214621,6848760.204434457,36,3.4378132742128624
2,67,933792.4998214621,6848760.204434457,37,3.3264000000000022
2,67,933792.4998214621,6848760.204434457,38,3.4378132742128624
2,67,933792.4998214621,6848760.204434457,39,3.742200000000002
2,67,933792.4998214621,6848760.204434457,40,4.158000000000002
2,67,933792.4998214621,6848760.204434457,46,4.158000000000002
2,67,933792.4998214621,6848760.204434457,47,3.742200000000002
2,67,933792.4998214621,6848760.204434457,48,3.4378132742128624
2,32,934724.7998207612,6847726.104434972,8,495.4949999999997
2,32,934724.7998207612,6847726.104434972,10,495.4949999999998
2,32,934724.7998207612,6847726.104434972,11,457.4839500000009
2,32,934724.7998207612,6847726.104434972,12,420.2726727725223
2,32,934724.7998207612,6847726.104434972,13,406.65240000000006
2,32,934724.7998207612,6847726.104434972,14,420.2726727725223
2,32,934724.7998207612,6847726.104434972,15,457.4839500000009
2,32,934724.7998207612,6847726.104434972,16,495.4949999999998
2,32,934724.7998207612,6847726.104434972,18,495.4949999999997
2,32,934724.7998207612,6847726.104434972,19,495.49499999999915
2,32,934724.7998207612,6847726.104434972,20,495.4949999999997
2,32,934724.7998207612,6847726.104434972,22,495.4949999999998
2,32,934724.7998207612,6847726.104434972,23,457.4839500000009
2,32,934724.7998207612,6847726.104434972,24,420.2726727725223
2,32,934724.7998207612,6847726.104434972,25,406.65240000000006
2,32,934724.7998207612,6847726.104434972,26,420.2726727725223
2,32,934724.7998207612,6847726.104434972,27,457.4839500000009
2,32,934724.7998207612,6847726.104434972,28,495.4949999999998
2,32,934724.7998207612,6847726.104434972,30,495.4949999999997
2,32,934724.7998207612,6847726.104434972,31,495.49499999999915
2,32,934724.7998207612,6847726.104434972,32,495.4949999999997
2,32,934724.7998207612,6847726.104434972,34,495.4949999999998
2,32,934724.7998207612,6847726.104434972,35,457.4839500000009
2,32,934724.7998207612,6847726.104434972,36,420.2726727725223
2,32,934724.7998207612,6847726.104434972,37,406.65240000000006
2,32,934724.7998207612,6847726.104434972,38,420.2726727725223
2,32,934724.7998207612,6847726.104434972,39,457.4839500000009
2,32,934724.7998207612,6847726.104434972,40,495.4949999999998
2,32,934724.7998207612,6847726.104434972,42,495.4949999999997
2,32,934724.7998207612,6847726.104434972,43,495.49499999999915
2,32,934724.7998207612,6847726.104434972,44,495.4949999999997
2,32,934724.7998207612,6847726.104434972,46,495.4949999999998
2,32,934724.7998207612,6847726.104434972,47,457.4839500000009
2,32,934724.7998207612,6847726.104434972,48,420.2726727725223
2,32,934724.7998207612,6847726.104434972,9,495.4950000000002
2,32,934724.7998207612,6847726.104434972,17,495.4950000000002
2,32,934724.7998207612,6847726.104434972,21,495.4950000000002
2,32,934724.7998207612,6847726.104434972,29,495.4950000000002
2,32,934724.7998207612,6847726.104434972,33,495.4950000000002
2,32,934724.7998207612,6847726.104434972,41,495.4950000000002
2,32,934724.7998207612,6847726.104434972,45,495.4950000000002
2,32,934724.7998207612,6847726.104434972,1,42.411600000000014
2,32,934724.7998207612,6847726.104434972,2,43.832119246214006
2,32,934724.7998207612,6847726.104434972,3,47.713050000000024
2,32,934724.7998207612,6847726.104434972,4,53.014500000000034
2,32,934724.7998207612,6847726.104434972,5,58.315950000000036
2,32,934724.7998207612,6847726.104434972,6,62.196880753786054
2,32,934724.7998207612,6847726.104434972,7,63.617400000000046
2,40,932737.3998222824,6847314.2044352,1,170.47800000000024
2,40,932737.3998222824,6847314.2044352,2,176.18793030340922
2,40,932737.3998222824,6847314.2044352,3,191.78775000000005
2,40,932737.3998222824,6847314.2044352,4,213.09749999999977
2,40,932737.3998222824,6847314.2044352,5,234.40725000000023
2,40,932737.3998222824,6847314.2044352,6,250.00706969659115
2,40,932737.3998222824,6847314.2044352,7,255.717
2,40,932737.3998222824,6847314.2044352,8,250.00706969659115
2,40,932737.3998222824,6847314.2044352,9,234.40725000000023
2,40,932737.3998222824,6847314.2044352,10,213.09749999999977
2,40,932737.3998222824,6847314.2044352,11,191.78775000000005
2,40,932737.3998222824,6847314.2044352,12,176.18793030340922
2,40,932737.3998222824,6847314.2044352,13,170.47800000000024
2,40,932737.3998222824,6847314.2044352,14,176.18793030340922
2,40,932737.3998222824,6847314.2044352,15,191.78775000000005
2,40,932737.3998222824,6847314.2044352,16,213.09749999999977
2,40,932737.3998222824,6847314.2044352,17,234.40725000000023
2,40,932737.3998222824,6847314.2044352,18,250.00706969659115
2,40,932737.3998222824,6847314.2044352,19,255.717
2,40,932737.3998222824,6847314.2044352,20,250.00706969659115
2,40,932737.3998222824,6847314.2044352,21,234.40725000000023
2,40,932737.3998222824,6847314.2044352,22,213.09749999999977
2,40,932737.3998222824,6847314.2044352,23,191.78775000000005
2,40,932737.3998222824,6847314.2044352,24,176.18793030340922
2,40,932737.3998222824,6847314.2044352,25,170.47800000000024
2,40,932737.3998222824,6847314.2044352,26,176.18793030340922
2,40,932737.3998222824,6847314.2044352,27,191.78775000000005
2,40,932737.3998222824,6847314.2044352,28,213.09749999999977
2,40,932737.3998222824,6847314.2044352,29,234.40725000000023
2,40,932737.3998222824,6847314.2044352,30,250.00706969659115
2,40,932737.3998222824,6847314.2044352,31,255.717
2,40,932737.3998222824,6847314.2044352,32,250.00706969659115
2,40,932737.3998222824,6847314.2044352,33,234.40725000000023
2,40,932737.3998222824,6847314.2044352,34,213.09749999999977
2,40,932737.3998222824,6847314.2044352,35,191.78775000000005
2,40,932737.3998222824,6847314.2044352,36,176.18793030340922
2,40,932737.3998222824,6847314.2044352,37,170.47800000000024
2,40,932737.3998222824,6847314.2044352,38,176.18793030340922
2,40,932737.3998222824,6847314.2044352,39,191.78775000000005
2,40,932737.3998222824,6847314.2044352,40,213.09749999999977
2,40,932737.3998222824,6847314.2044352,41,234.40725000000023
2,40,932737.3998222824,6847314.2044352,42,250.00706969659115
2,40,932737.3998222824,6847314.2044352,43,255.717
2,40,932737.3998222824,6847314.2044352,44,250.00706969659115
2,40,932737.3998222824,6847314.2044352,45,234.40725000000023
2,40,932737.3998222824,6847314.2044352,46,213.09749999999977
2,40,932737.3998222824,6847314.2044352,47,191.78775000000005
2,40,932737.3998222824,6847314.2044352,48,176.18793030340922
2,56,934204.3998211591,6847660.904435011,1,182.1204000000002
2,56,934204.3998211591,6847660.904435011,2,188.22027676315415
2,56,934204.3998211591,6847660.904435011,3,204.88545000000002
2,56,934204.3998211591,6847660.904435011,4,236.13975000000013
2,56,934204.3998211591,6847660.904435011,5,288.1494000000004
2,56,934204.3998211591,6847660.904435011,6,307.32576372458993
2,56,934204.3998211591,6847660.904435011,7,314.3447999999999
2,56,934204.3998211591,6847660.904435011,8,307.32576372458993
2,56,934204.3998211591,6847660.904435011,9,288.1494000000004
2,56,934204.3998211591,6847660.904435011,10,236.13975000000013
2,56,934204.3998211591,6847660.904435011,11,204.88545000000002
2,56,934204.3998211591,6847660.904435011,12,188.22027676315415
2,56,934204.3998211591,6847660.904435011,13,182.1204000000002
2,56,934204.3998211591,6847660.904435011,14,188.22027676315415
2,56,934204.3998211591,6847660.904435011,15,204.88545000000002
2,56,934204.3998211591,6847660.904435011,16,236.13975000000013
2,56,934204.3998211591,6847660.904435011,17,288.1494000000004
2,56,934204.3998211591,6847660.904435011,18,307.32576372458993
2,56,934204.3998211591,6847660.904435011,19,314.3447999999999
2,56,934204.3998211591,6847660.904435011,20,307.32576372458993
2,56,934204.3998211591,6847660.904435011,21,288.1494000000004
2,56,934204.3998211591,6847660.904435011,22,236.13975000000013
2,56,934204.3998211591,6847660.904435011,23,204.88545000000002
2,56,934204.3998211591,6847660.904435011,24,188.22027676315415
2,56,934204.3998211591,6847660.904435011,25,182.1204000000002
2,56,934204.3998211591,6847660.904435011,26,188.22027676315415
2,56,934204.3998211591,6847660.904435011,27,204.88545000000002
2,56,934204.3998211591,6847660.904435011,28,236.13975000000013
2,56,934204.3998211591,6847660.904435011,29,288.1494000000004
2,56,934204.3998211591,6847660.904435011,30,307.32576372458993
2,56,934204.3998211591,6847660.904435011,31,314.3447999999999
2,56,934204.3998211591,6847660.904435011,32,307.32576372458993
2,56,934204.3998211591,6847660.904435011,33,288.1494000000004
2,56,934204.3998211591,6847660.904435011,34,236.13975000000013
2,56,934204.3998211591,6847660.904435011,35,204.88545000000002
2,56,934204.3998211591,6847660.904435011,36,188.22027676315415
2,56,934204.3998211591,6847660.904435011,37,182.1204000000002
2,56,934204.3998211591,6847660.904435011,38,188.22027676315415
2,56,934204.3998211591,6847660.904435011,39,204.88545000000002
2,56,934204.3998211591,6847660.904435011,40,236.13975000000013
2,56,934204.3998211591,6847660.904435011,41,288.1494000000004
2,56,934204.3998211591,6847660.904435011,42,307.32576372458993
2,56,934204.3998211591,6847660.904435011,43,314.3447999999999
2,56,934204.3998211591,6847660.904435011,44,307.32576372458993
2,56,934204.3998211591,6847660.904435011,45,288.1494000000004
2,56,934204.3998211591,6847660.904435011,46,236.13975000000013
2,56,934204.3998211591,6847660.904435011,47,204.88545000000002
2,56,934204.3998211591,6847660.904435011,48,188.22027676315415
2,21,934045.0998212856,6847194.404435249,3,76.71509999999999
2,21,934045.0998212856,6847194.404435249,6,46.66798634336367
2,21,934045.0998212856,6847194.404435249,7,47.73384000000002
2,21,934045.0998212856,6847194.404435249,9,93.76290000000009
2,21,934045.0998212856,6847194.404435249,11,76.71509999999999
2,21,934045.0998212856,6847194.404435249,12,70.4751721213637
2,21,934045.0998212856,6847194.404435249,13,68.19120000000005
2,21,934045.0998212856,6847194.404435249,14,70.4751721213637
2,21,934045.0998212856,6847194.404435249,16,85.23900000000008
2,21,934045.0998212856,6847194.404435249,18,100.00282787863641
2,21,934045.0998212856,6847194.404435249,19,47.73384000000002
2,21,934045.0998212856,6847194.404435249,20,46.66798634336367
2,21,934045.0998212856,6847194.404435249,21,93.76290000000009
2,21,934045.0998212856,6847194.404435249,22,39.77820000000002
2,21,934045.0998212856,6847194.404435249,23,76.71509999999999
2,21,934045.0998212856,6847194.404435249,24,70.4751721213637
2,21,934045.0998212856,6847194.404435249,26,32.88841365663639
2,21,934045.0998212856,6847194.404435249,27,76.71509999999999
2,21,934045.0998212856,6847194.404435249,28,39.77820000000002
2,21,934045.0998212856,6847194.404435249,29,93.76290000000009
2,21,934045.0998212856,6847194.404435249,31,102.28680000000008
2,21,934045.0998212856,6847194.404435249,36,70.4751721213637
2,21,934045.0998212856,6847194.404435249,38,70.4751721213637
2,21,934045.0998212856,6847194.404435249,40,39.77820000000002
2,21,934045.0998212856,6847194.404435249,42,46.66798634336367
2,21,934045.0998212856,6847194.404435249,43,102.28680000000008
2,21,934045.0998212856,6847194.404435249,45,93.76290000000009
2,21,934045.0998212856,6847194.404435249,46,85.23900000000008
2,21,934045.0998212856,6847194.404435249,48,70.4751721213637
2,21,934045.0998212856,6847194.404435249,1,36.36864000000001
2,21,934045.0998212856,6847194.404435249,4,45.46080000000002
2,21,934045.0998212856,6847194.404435249,5,50.006880000000024
2,21,934045.0998212856,6847194.404435249,8,53.33484153527274
2,21,934045.0998212856,6847194.404435249,15,40.91472000000002
2,21,934045.0998212856,6847194.404435249,17,50.006880000000024
2,21,934045.0998212856,6847194.404435249,32,53.33484153527274
2,21,934045.0998212856,6847194.404435249,33,50.006880000000024
2,21,934045.0998212856,6847194.404435249,35,40.91472000000002
2,21,934045.0998212856,6847194.404435249,39,40.91472000000002
2,21,934045.0998212856,6847194.404435249,41,50.006880000000024
2,21,934045.0998212856,6847194.404435249,47,40.91472000000002
2,58,934045.0998212856,6847194.404435249,1,31.822560000000014
2,58,934045.0998212856,6847194.404435249,2,70.4751721213637
2,58,934045.0998212856,6847194.404435249,4,39.77820000000002
2,58,934045.0998212856,6847194.404435249,5,43.75602000000004
2,58,934045.0998212856,6847194.404435249,8,46.66798634336367
2,58,934045.0998212856,6847194.404435249,10,85.23900000000008
2,58,934045.0998212856,6847194.404435249,15,35.800380000000025
2,58,934045.0998212856,6847194.404435249,17,43.75602000000004
2,58,934045.0998212856,6847194.404435249,25,68.19120000000005
2,58,934045.0998212856,6847194.404435249,30,100.00282787863641
2,58,934045.0998212856,6847194.404435249,32,46.66798634336367
2,58,934045.0998212856,6847194.404435249,33,43.75602000000004
2,58,934045.0998212856,6847194.404435249,34,85.23900000000008
2,58,934045.0998212856,6847194.404435249,35,35.800380000000025
2,58,934045.0998212856,6847194.404435249,37,68.19120000000005
2,58,934045.0998212856,6847194.404435249,39,35.800380000000025
2,58,934045.0998212856,6847194.404435249,41,43.75602000000004
2,58,934045.0998212856,6847194.404435249,44,100.00282787863641
2,58,934045.0998212856,6847194.404435249,47,35.800380000000025
2,58,934045.0998212856,6847194.404435249,6,53.33484153527274
2,58,934045.0998212856,6847194.404435249,7,54.55296000000003
2,58,934045.0998212856,6847194.404435249,19,54.55296000000003
2,58,934045.0998212856,6847194.404435249,20,53.33484153527274
2,58,934045.0998212856,6847194.404435249,22,45.46080000000002
2,58,934045.0998212856,6847194.404435249,26,37.58675846472729
2,58,934045.0998212856,6847194.404435249,28,45.46080000000002
2,58,934045.0998212856,6847194.404435249,40,45.46080000000002
2,58,934045.0998212856,6847194.404435249,42,53.33484153527274
2,80,934194.8998211797,6846378.104435661,1,564.1019999999996
2,80,934194.8998211797,6846378.104435661,2,564.1019999999996
2,80,934194.8998211797,6846378.104435661,3,564.1020000000001
2,80,934194.8998211797,6846378.104435661,4,564.1019999999997
2,80,934194.8998211797,6846378.104435661,5,564.1019999999999
2,80,934194.8998211797,6846378.104435661,6,564.1019999999996
2,80,934194.8998211797,6846378.104435661,7,564.1019999999997
2,80,934194.8998211797,6846378.104435661,8,564.1019999999996
2,80,934194.8998211797,6846378.104435661,9,564.1019999999999
2,80,934194.8998211797,6846378.104435661,10,564.1019999999997
2,80,934194.8998211797,6846378.104435661,11,564.1020000000001
2,80,934194.8998211797,6846378.104435661,12,564.1019999999996
2,80,934194.8998211797,6846378.104435661,13,564.1019999999996
2,80,934194.8998211797,6846378.104435661,14,564.1019999999996
2,80,934194.8998211797,6846378.104435661,15,564.1020000000001
2,80,934194.8998211797,6846378.104435661,16,564.1019999999997
2,80,934194.8998211797,6846378.104435661,17,564.1019999999999
2,80,934194.8998211797,6846378.104435661,18,564.1019999999996
2,80,934194.8998211797,6846378.104435661,19,564.1019999999997
2,80,934194.8998211797,6846378.104435661,20,564.1019999999999
2,80,934194.8998211797,6846378.104435661,21,564.1019999999999
2,80,934194.8998211797,6846378.104435661,22,564.1019999999997
2,80,934194.8998211797,6846378.104435661,23,564.1020000000001
2,80,934194.8998211797,6846378.104435661,24,564.1019999999996
2,80,934194.8998211797,6846378.104435661,25,564.1019999999996
2,80,934194.8998211797,6846378.104435661,26,564.1019999999996
2,80,934194.8998211797,6846378.104435661,27,564.1020000000001
2,80,934194.8998211797,6846378.104435661,28,564.1019999999997
2,80,934194.8998211797,6846378.104435661,29,564.1019999999999
2,80,934194.8998211797,6846378.104435661,30,564.1019999999996
2,80,934194.8998211797,6846378.104435661,31,564.1019999999997
2,80,934194.8998211797,6846378.104435661,32,564.1019999999996
2,80,934194.8998211797,6846378.104435661,33,564.1019999999999
2,80,934194.8998211797,6846378.104435661,34,564.1019999999997
2,80,934194.8998211797,6846378.104435661,35,564.1020000000001
2,80,934194.8998211797,6846378.104435661,36,564.1019999999996
2,80,934194.8998211797,6846378.104435661,37,564.1019999999996
2,80,934194.8998211797,6846378.104435661,38,564.1019999999996
2,80,934194.8998211797,6846378.104435661,39,564.1020000000001
2,80,934194.8998211797,6846378.104435661,40,564.1019999999997
2,80,934194.8998211797,6846378.104435661,41,564.1019999999999
2,80,934194.8998211797,6846378.104435661,42,564.1019999999996
2,80,934194.8998211797,6846378.104435661,43,564.1019999999997
2,80,934194.8998211797,6846378.104435661,44,564.1019999999996
2,80,934194.8998211797,6846378.104435661,45,564.1019999999999
2,80,934194.8998211797,6846378.104435661,46,564.1019999999997
2,80,934194.8998211797,6846378.104435661,47,564.1020000000001
2,80,934194.8998211797,6846378.104435661,48,564.1019999999996
2,53,934203.1998211733,6846356.304435672,7,164.44889999999938
2,53,934203.1998211733,6846356.304435672,19,164.44889999999938
2,53,934203.1998211733,6846356.304435672,31,164.44889999999938
2,53,934203.1998211733,6846356.304435672,43,164.44889999999938
2,53,934203.1998211733,6846356.304435672,6,129.8829316754602
2,53,934203.1998211733,6846356.304435672,8,129.8829316754602
2,53,934203.1998211733,6846356.304435672,18,129.8829316754602
2,53,934203.1998211733,6846356.304435672,20,129.88293167546016
2,53,934203.1998211733,6846356.304435672,30,129.8829316754602
2,53,934203.1998211733,6846356.304435672,32,129.8829316754602
2,53,934203.1998211733,6846356.304435672,42,129.8829316754602
2,53,934203.1998211733,6846356.304435672,44,129.8829316754602
2,53,934203.1998211733,6846356.304435672,5,35.44695000000043
2,53,934203.1998211733,6846356.304435672,9,35.44695000000043
2,53,934203.1998211733,6846356.304435672,17,35.44695000000043
2,53,934203.1998211733,6846356.304435672,21,35.44695000000043
2,53,934203.1998211733,6846356.304435672,29,35.44695000000043
2,53,934203.1998211733,6846356.304435672,33,35.44695000000043
2,53,934203.1998211733,6846356.304435672,41,35.44695000000043
2,53,934203.1998211733,6846356.304435672,45,35.44695000000043
2,3,933908.0998213802,6848138.104434771,1,142.93125000000006
2,3,933908.0998213802,6848138.104434771,2,142.93124999999998
2,3,933908.0998213802,6848138.104434771,3,142.93125
2,3,933908.0998213802,6848138.104434771,4,142.93124999999995
2,3,933908.0998213802,6848138.104434771,5,142.93125000000003
2,3,933908.0998213802,6848138.104434771,6,142.93125
2,3,933908.0998213802,6848138.104434771,7,142.93124999999998
2,3,933908.0998213802,6848138.104434771,8,142.93125
2,3,933908.0998213802,6848138.104434771,9,142.93125000000003
2,3,933908.0998213802,6848138.104434771,10,142.93124999999995
2,3,933908.0998213802,6848138.104434771,11,142.93125000000003
2,3,933908.0998213802,6848138.104434771,12,142.93124999999998
2,3,933908.0998213802,6848138.104434771,13,142.93125000000006
2,3,933908.0998213802,6848138.104434771,14,142.93124999999998
2,3,933908.0998213802,6848138.104434771,15,142.93125000000003
2,3,933908.0998213802,6848138.104434771,16,142.93124999999995
2,3,933908.0998213802,6848138.104434771,17,142.93125000000003
2,3,933908.0998213802,6848138.104434771,18,142.93125
2,3,933908.0998213802,6848138.104434771,19,142.93124999999998
2,3,933908.0998213802,6848138.104434771,20,142.93125
2,3,933908.0998213802,6848138.104434771,21,142.93125000000003
2,3,933908.0998213802,6848138.104434771,22,142.93124999999995
2,3,933908.0998213802,6848138.104434771,23,142.93125000000003
2,3,933908.0998213802,6848138.104434771,24,142.93124999999998
2,3,933908.0998213802,6848138.104434771,25,142.93125000000006
2,3,933908.0998213802,6848138.104434771,26,142.93124999999998
2,3,933908.0998213802,6848138.104434771,27,142.93125
2,3,933908.0998213802,6848138.104434771,28,142.93124999999995
2,3,933908.0998213802,6848138.104434771,29,142.93125000000003
2,3,933908.0998213802,6848138.104434771,30,142.93125
2,3,933908.0998213802,6848138.104434771,31,142.93124999999998
2,3,933908.0998213802,6848138.104434771,32,142.93125
2,3,933908.0998213802,6848138.104434771,33,142.93125000000003
2,3,933908.0998213802,6848138.104434771,34,142.93124999999995
2,3,933908.0998213802,6848138.104434771,35,142.93125000000003
2,3,933908.0998213802,6848138.104434771,36,142.93124999999998
2,3,933908.0998213802,6848138.104434771,37,142.93125000000006
2,3,933908.0998213802,6848138.104434771,38,142.93124999999998
2,3,933908.0998213802,6848138.104434771,39,142.93125
2,3,933908.0998213802,6848138.104434771,40,142.93124999999995
2,3,933908.0998213802,6848138.104434771,41,142.93125000000003
2,3,933908.0998213802,6848138.104434771,42,142.93125
2,3,933908.0998213802,6848138.104434771,43,142.93124999999998
2,3,933908.0998213802,6848138.104434771,44,142.93125
2,3,933908.0998213802,6848138.104434771,45,142.93125000000003
2,3,933908.0998213802,6848138.104434771,46,142.93124999999995
2,3,933908.0998213802,6848138.104434771,47,142.93125000000003
2,3,933908.0998213802,6848138.104434771,48,142.93124999999998
2,49,935012.7998205305,6848802.404434423,8,247.56797633369746
2,49,935012.7998205305,6848802.404434423,9,232.12035000000017
2,49,935012.7998205305,6848802.404434423,10,211.0184999999998
2,49,935012.7998205305,6848802.404434423,11,189.91665000000015
2,49,935012.7998205305,6848802.404434423,12,174.4690236663027
2,49,935012.7998205305,6848802.404434423,13,168.8148000000002
2,49,935012.7998205305,6848802.404434423,14,174.4690236663027
2,49,935012.7998205305,6848802.404434423,15,189.91665000000015
2,49,935012.7998205305,6848802.404434423,16,211.0184999999998
2,49,935012.7998205305,6848802.404434423,17,232.12035000000017
2,49,935012.7998205305,6848802.404434423,18,247.56797633369746
2,49,935012.7998205305,6848802.404434423,19,253.2222000000001
2,49,935012.7998205305,6848802.404434423,20,247.56797633369746
2,49,935012.7998205305,6848802.404434423,21,232.12035000000017
2,49,935012.7998205305,6848802.404434423,22,211.0184999999998
2,49,935012.7998205305,6848802.404434423,23,189.91665000000015
2,49,935012.7998205305,6848802.404434423,24,174.4690236663027
2,49,935012.7998205305,6848802.404434423,25,168.8148000000002
2,49,935012.7998205305,6848802.404434423,26,174.4690236663027
2,49,935012.7998205305,6848802.404434423,27,189.91665000000015
2,49,935012.7998205305,6848802.404434423,28,211.0184999999998
2,49,935012.7998205305,6848802.404434423,29,232.12035000000017
2,49,935012.7998205305,6848802.404434423,30,247.56797633369746
2,49,935012.7998205305,6848802.404434423,31,253.2222000000001
2,49,935012.7998205305,6848802.404434423,32,247.56797633369746
2,49,935012.7998205305,6848802.404434423,33,232.12035000000017
2,49,935012.7998205305,6848802.404434423,34,211.0184999999998
2,49,935012.7998205305,6848802.404434423,35,189.91665000000015
2,49,935012.7998205305,6848802.404434423,36,174.4690236663027
2,49,935012.7998205305,6848802.404434423,37,168.8148000000002
2,49,935012.7998205305,6848802.404434423,38,174.4690236663027
2,49,935012.7998205305,6848802.404434423,39,189.91665000000015
2,49,935012.7998205305,6848802.404434423,40,211.0184999999998
2,49,935012.7998205305,6848802.404434423,41,232.12035000000017
2,49,935012.7998205305,6848802.404434423,42,247.56797633369746
2,49,935012.7998205305,6848802.404434423,43,253.2222000000001
2,49,935012.7998205305,6848802.404434423,44,247.56797633369746
2,49,935012.7998205305,6848802.404434423,45,232.12035000000017
2,49,935012.7998205305,6848802.404434423,46,211.0184999999998
2,49,935012.7998205305,6848802.404434423,47,189.91665000000015
2,49,935012.7998205305,6848802.404434423,48,174.4690236663027
2,54,934764.0998207259,6848247.404434707,1,121.41360000000017
2,54,934764.0998207259,6848247.404434707,2,125.48018450876938
2,54,934764.0998207259,6848247.404434707,3,136.59029999999998
2,54,934764.0998207259,6848247.404434707,4,151.767
2,54,934764.0998207259,6848247.404434707,5,166.94370000000015
2,54,934764.0998207259,6848247.404434707,6,178.05381549123072
2,54,934764.0998207259,6848247.404434707,7,182.12040000000016
2,54,934764.0998207259,6848247.404434707,8,268.3002699182929
2,54,934764.0998207259,6848247.404434707,9,251.5590000000002
2,54,934764.0998207259,6848247.404434707,10,228.6899999999999
2,54,934764.0998207259,6848247.404434707,11,205.82100000000014
2,54,934764.0998207259,6848247.404434707,12,189.07973008170748
2,54,934764.0998207259,6848247.404434707,13,182.95200000000023
2,54,934764.0998207259,6848247.404434707,14,189.07973008170748
2,54,934764.0998207259,6848247.404434707,15,205.82100000000014
2,54,934764.0998207259,6848247.404434707,16,228.6899999999999
2,54,934764.0998207259,6848247.404434707,17,251.5590000000002
2,54,934764.0998207259,6848247.404434707,18,268.3002699182929
2,54,934764.0998207259,6848247.404434707,19,274.42800000000005
2,54,934764.0998207259,6848247.404434707,20,268.3002699182929
2,54,934764.0998207259,6848247.404434707,21,251.5590000000002
2,54,934764.0998207259,6848247.404434707,22,228.6899999999999
2,54,934764.0998207259,6848247.404434707,23,205.82100000000014
2,54,934764.0998207259,6848247.404434707,24,189.07973008170748
2,54,934764.0998207259,6848247.404434707,25,182.95200000000023
2,54,934764.0998207259,6848247.404434707,26,189.07973008170748
2,54,934764.0998207259,6848247.404434707,27,205.82100000000014
2,54,934764.0998207259,6848247.404434707,28,228.6899999999999
2,54,934764.0998207259,6848247.404434707,29,251.5590000000002
2,54,934764.0998207259,6848247.404434707,30,268.3002699182929
2,54,934764.0998207259,6848247.404434707,31,274.42800000000005
2,54,934764.0998207259,6848247.404434707,32,268.3002699182929
2,54,934764.0998207259,6848247.404434707,33,251.5590000000002
2,54,934764.0998207259,6848247.404434707,34,228.6899999999999
2,54,934764.0998207259,6848247.404434707,35,205.82100000000014
2,54,934764.0998207259,6848247.404434707,36,189.07973008170748
2,54,934764.0998207259,6848247.404434707,37,182.95200000000023
2,54,934764.0998207259,6848247.404434707,38,189.07973008170748
2,54,934764.0998207259,6848247.404434707,39,205.82100000000014
2,54,934764.0998207259,6848247.404434707,40,228.6899999999999
2,54,934764.0998207259,6848247.404434707,41,251.5590000000002
2,54,934764.0998207259,6848247.404434707,42,268.3002699182929
2,54,934764.0998207259,6848247.404434707,43,274.42800000000005
2,54,934764.0998207259,6848247.404434707,44,268.3002699182929
2,54,934764.0998207259,6848247.404434707,45,251.5590000000002
2,54,934764.0998207259,6848247.404434707,46,228.6899999999999
2,54,934764.0998207259,6848247.404434707,47,205.82100000000014
2,54,934764.0998207259,6848247.404434707,48,189.07973008170748
2,9,935423.408715666,6848507.683366759,8,67.07506747957319
2,9,935423.408715666,6848507.683366759,9,62.889750000000035
2,9,935423.408715666,6848507.683366759,10,57.172500000000035
2,9,935423.408715666,6848507.683366759,11,51.45525000000002
2,9,935423.408715666,6848507.683366759,12,47.269932520426856
2,9,935423.408715666,6848507.683366759,13,45.73800000000003
2,9,935423.408715666,6848507.683366759,14,47.269932520426856
2,9,935423.408715666,6848507.683366759,15,51.45525000000002
2,9,935423.408715666,6848507.683366759,16,57.172500000000035
2,9,935423.408715666,6848507.683366759,17,62.889750000000035
2,9,935423.408715666,6848507.683366759,18,67.07506747957319
2,9,935423.408715666,6848507.683366759,19,68.60700000000003
2,9,935423.408715666,6848507.683366759,20,67.07506747957319
2,9,935423.408715666,6848507.683366759,21,62.889750000000035
2,9,935423.408715666,6848507.683366759,22,57.172500000000035
2,9,935423.408715666,6848507.683366759,23,51.45525000000002
2,9,935423.408715666,6848507.683366759,24,47.269932520426856
2,9,935423.408715666,6848507.683366759,25,45.73800000000003
2,9,935423.408715666,6848507.683366759,26,47.269932520426856
2,9,935423.408715666,6848507.683366759,27,51.45525000000002
2,9,935423.408715666,6848507.683366759,28,57.172500000000035
2,9,935423.408715666,6848507.683366759,29,62.889750000000035
2,9,935423.408715666,6848507.683366759,30,67.07506747957319
2,9,935423.408715666,6848507.683366759,31,68.60700000000003
2,9,935423.408715666,6848507.683366759,32,67.07506747957319
2,9,935423.408715666,6848507.683366759,33,62.889750000000035
2,9,935423.408715666,6848507.683366759,34,57.172500000000035
2,9,935423.408715666,6848507.683366759,35,51.45525000000002
2,9,935423.408715666,6848507.683366759,36,47.269932520426856
2,9,935423.408715666,6848507.683366759,37,45.73800000000003
2,9,935423.408715666,6848507.683366759,38,47.269932520426856
2,9,935423.408715666,6848507.683366759,39,51.45525000000002
2,9,935423.408715666,6848507.683366759,40,57.172500000000035
2,9,935423.408715666,6848507.683366759,41,62.889750000000035
2,9,935423.408715666,6848507.683366759,42,67.07506747957319
2,9,935423.408715666,6848507.683366759,43,68.60700000000003
2,9,935423.408715666,6848507.683366759,44,67.07506747957319
2,9,935423.408715666,6848507.683366759,45,62.889750000000035
2,9,935423.408715666,6848507.683366759,46,57.172500000000035
2,9,935423.408715666,6848507.683366759,47,51.45525000000002
2,9,935423.408715666,6848507.683366759,48,47.269932520426856
2,62,933921.19982138,6847190.704435252,1,210.39480000000026
2,62,933921.19982138,6847190.704435252,2,217.44168959396347
2,62,933921.19982138,6847190.704435252,3,236.69415000000006
2,62,933921.19982138,6847190.704435252,4,262.9935000000001
2,62,933921.19982138,6847190.704435252,5,289.2928500000003
2,62,933921.19982138,6847190.704435252,6,308.5453104060367
2,62,933921.19982138,6847190.704435252,7,315.5921999999999
2,62,933921.19982138,6847190.704435252,8,308.5453104060367
2,62,933921.19982138,6847190.704435252,9,289.2928500000003
2,62,933921.19982138,6847190.704435252,10,262.9935000000001
2,62,933921.19982138,6847190.704435252,11,236.69415000000006
2,62,933921.19982138,6847190.704435252,12,217.44168959396347
2,62,933921.19982138,6847190.704435252,13,210.39480000000026
2,62,933921.19982138,6847190.704435252,14,217.44168959396347
2,62,933921.19982138,6847190.704435252,15,236.69415000000006
2,62,933921.19982138,6847190.704435252,16,262.9935000000001
2,62,933921.19982138,6847190.704435252,17,289.2928500000003
2,62,933921.19982138,6847190.704435252,18,308.5453104060367
2,62,933921.19982138,6847190.704435252,19,315.5921999999999
2,62,933921.19982138,6847190.704435252,20,308.5453104060367
2,62,933921.19982138,6847190.704435252,21,289.2928500000003
2,62,933921.19982138,6847190.704435252,22,262.9935000000001
2,62,933921.19982138,6847190.704435252,23,236.69415000000006
2,62,933921.19982138,6847190.704435252,24,217.44168959396347
2,62,933921.19982138,6847190.704435252,25,210.39480000000026
2,62,933921.19982138,6847190.704435252,26,217.44168959396347
2,62,933921.19982138,6847190.704435252,27,236.69415000000006
2,62,933921.19982138,6847190.704435252,28,262.9935000000001
2,62,933921.19982138,6847190.704435252,29,289.2928500000003
2,62,933921.19982138,6847190.704435252,30,308.5453104060367
2,62,933921.19982138,6847190.704435252,31,315.5921999999999
2,62,933921.19982138,6847190.704435252,32,308.5453104060367
2,62,933921.19982138,6847190.704435252,33,289.2928500000003
2,62,933921.19982138,6847190.704435252,34,262.9935000000001
2,62,933921.19982138,6847190.704435252,35,236.69415000000006
2,62,933921.19982138,6847190.704435252,36,217.44168959396347
2,62,933921.19982138,6847190.704435252,37,210.39480000000026
2,62,933921.19982138,6847190.704435252,38,217.44168959396347
2,62,933921.19982138,6847190.704435252,39,236.69415000000006
2,62,933921.19982138,6847190.704435252,40,262.9935000000001
2,62,933921.19982138,6847190.704435252,41,289.2928500000003
2,62,933921.19982138,6847190.704435252,42,308.5453104060367
2,62,933921.19982138,6847190.704435252,43,315.5921999999999
2,62,933921.19982138,6847190.704435252,44,308.5453104060367
2,62,933921.19982138,6847190.704435252,45,289.2928500000003
2,62,933921.19982138,6847190.704435252,46,262.9935000000001
2,62,933921.19982138,6847190.704435252,47,236.69415000000006
2,62,933921.19982138,6847190.704435252,48,217.44168959396347
2,25,933734.0998215002,6849385.604434141,4,129.41774999999998
2,25,933734.0998215002,6849385.604434141,5,214.96860000000117
2,25,933734.0998215002,6849385.604434141,6,277.59616883070476
2,25,933734.0998215002,6849385.604434141,7,300.5194499999996
2,25,933734.0998215002,6849385.604434141,1,83.1600000000001
2,25,933734.0998215002,6849385.604434141,2,85.94533185532147
2,25,933734.0998215002,6849385.604434141,3,93.55499999999996
2,25,933734.0998215002,6849385.604434141,8,91.46600110850892
2,25,933734.0998215002,6849385.604434141,9,85.75875000000008
2,25,933734.0998215002,6849385.604434141,10,77.96250000000005
2,25,933734.0998215002,6849385.604434141,11,70.16625000000002
2,25,933734.0998215002,6849385.604434141,12,64.45899889149118
2,25,933734.0998215002,6849385.604434141,13,62.370000000000026
2,25,933734.0998215002,6849385.604434141,14,64.45899889149118
2,25,933734.0998215002,6849385.604434141,15,70.16625000000002
2,25,933734.0998215002,6849385.604434141,16,77.96250000000005
2,25,933734.0998215002,6849385.604434141,17,85.75875000000008
2,25,933734.0998215002,6849385.604434141,18,91.46600110850892
2,25,933734.0998215002,6849385.604434141,19,93.55499999999999
2,25,933734.0998215002,6849385.604434141,20,91.46600110850892
2,25,933734.0998215002,6849385.604434141,21,85.75875000000008
2,25,933734.0998215002,6849385.604434141,22,77.96250000000005
2,25,933734.0998215002,6849385.604434141,23,70.16625000000002
2,25,933734.0998215002,6849385.604434141,24,64.45899889149118
2,25,933734.0998215002,6849385.604434141,25,62.370000000000026
2,25,933734.0998215002,6849385.604434141,26,64.45899889149118
2,25,933734.0998215002,6849385.604434141,27,70.16625000000002
2,25,933734.0998215002,6849385.604434141,28,77.96250000000005
2,25,933734.0998215002,6849385.604434141,29,85.75875000000008
2,25,933734.0998215002,6849385.604434141,30,91.46600110850892
2,25,933734.0998215002,6849385.604434141,31,93.55499999999999
2,25,933734.0998215002,6849385.604434141,32,91.46600110850892
2,25,933734.0998215002,6849385.604434141,33,85.75875000000008
2,25,933734.0998215002,6849385.604434141,34,77.96250000000005
2,25,933734.0998215002,6849385.604434141,35,70.16625000000002
2,25,933734.0998215002,6849385.604434141,36,64.45899889149118
2,25,933734.0998215002,6849385.604434141,37,62.370000000000026
2,25,933734.0998215002,6849385.604434141,38,64.45899889149118
2,25,933734.0998215002,6849385.604434141,39,70.16625000000002
2,25,933734.0998215002,6849385.604434141,40,77.96250000000005
2,25,933734.0998215002,6849385.604434141,41,85.75875000000008
2,25,933734.0998215002,6849385.604434141,42,91.46600110850892
2,25,933734.0998215002,6849385.604434141,43,93.55499999999999
2,25,933734.0998215002,6849385.604434141,44,91.46600110850892
2,25,933734.0998215002,6849385.604434141,45,85.75875000000008
2,25,933734.0998215002,6849385.604434141,46,77.96250000000005
2,25,933734.0998215002,6849385.604434141,47,70.16625000000002
2,25,933734.0998215002,6849385.604434141,48,64.45899889149118
2,81,934977.2998205577,6848768.304434442,8,73.17280088680714
2,81,934977.2998205577,6848768.304434442,9,68.60700000000004
2,81,934977.2998205577,6848768.304434442,10,62.37000000000005
2,81,934977.2998205577,6848768.304434442,11,56.133000000000024
2,81,934977.2998205577,6848768.304434442,12,51.567199113192956
2,81,934977.2998205577,6848768.304434442,13,49.89600000000003
2,81,934977.2998205577,6848768.304434442,14,51.567199113192956
2,81,934977.2998205577,6848768.304434442,15,56.133000000000024
2,81,934977.2998205577,6848768.304434442,16,62.37000000000005
2,81,934977.2998205577,6848768.304434442,17,68.60700000000004
2,81,934977.2998205577,6848768.304434442,18,73.17280088680714
2,81,934977.2998205577,6848768.304434442,19,74.84400000000002
2,81,934977.2998205577,6848768.304434442,20,73.17280088680714
2,81,934977.2998205577,6848768.304434442,21,68.60700000000004
2,81,934977.2998205577,6848768.304434442,22,62.37000000000005
2,81,934977.2998205577,6848768.304434442,23,56.133000000000024
2,81,934977.2998205577,6848768.304434442,24,51.567199113192956
2,81,934977.2998205577,6848768.304434442,25,49.89600000000003
2,81,934977.2998205577,6848768.304434442,26,51.567199113192956
2,81,934977.2998205577,6848768.304434442,27,56.133000000000024
2,81,934977.2998205577,6848768.304434442,28,62.37000000000005
2,81,934977.2998205577,6848768.304434442,29,68.60700000000004
2,81,934977.2998205577,6848768.304434442,30,73.17280088680714
2,81,934977.2998205577,6848768.304434442,31,74.84400000000002
2,81,934977.2998205577,6848768.304434442,32,73.17280088680714
2,81,934977.2998205577,6848768.304434442,33,68.60700000000004
2,81,934977.2998205577,6848768.304434442,34,62.37000000000005
2,81,934977.2998205577,6848768.304434442,35,56.133000000000024
2,81,934977.2998205577,6848768.304434442,36,51.567199113192956
2,81,934977.2998205577,6848768.304434442,37,49.89600000000003
2,81,934977.2998205577,6848768.304434442,38,51.567199113192956
2,81,934977.2998205577,6848768.304434442,39,56.133000000000024
2,81,934977.2998205577,6848768.304434442,40,62.37000000000005
2,81,934977.2998205577,6848768.304434442,41,68.60700000000004
2,81,934977.2998205577,6848768.304434442,42,73.17280088680714
2,81,934977.2998205577,6848768.304434442,43,74.84400000000002
2,81,934977.2998205577,6848768.304434442,44,73.17280088680714
2,81,934977.2998205577,6848768.304434442,45,68.60700000000004
2,81,934977.2998205577,6848768.304434442,46,62.37000000000005
2,81,934977.2998205577,6848768.304434442,47,56.133000000000024
2,81,934977.2998205577,6848768.304434442,48,51.567199113192956
2,27,932730.0998222866,6847424.704435145,1,184.85775000000027
2,27,932730.0998222866,6847424.704435145,2,184.85775000000046
2,27,932730.0998222866,6847424.704435145,3,184.8577500000002
2,27,932730.0998222866,6847424.704435145,4,184.85775000000007
2,27,932730.0998222866,6847424.704435145,5,184.85775000000024
2,27,932730.0998222866,6847424.704435145,6,184.8577500000001
2,27,932730.0998222866,6847424.704435145,7,184.85775000000015
2,27,932730.0998222866,6847424.704435145,8,184.8577500000001
2,27,932730.0998222866,6847424.704435145,9,184.85775000000024
2,27,932730.0998222866,6847424.704435145,10,184.85775000000007
2,27,932730.0998222866,6847424.704435145,11,184.8577500000002
2,27,932730.0998222866,6847424.704435145,12,184.85775000000046
2,27,932730.0998222866,6847424.704435145,13,184.85775000000027
2,27,932730.0998222866,6847424.704435145,14,184.85775000000046
2,27,932730.0998222866,6847424.704435145,15,184.8577500000002
2,27,932730.0998222866,6847424.704435145,16,184.85775000000007
2,27,932730.0998222866,6847424.704435145,17,184.85775000000024
2,27,932730.0998222866,6847424.704435145,18,184.8577500000001
2,27,932730.0998222866,6847424.704435145,19,184.85775000000015
2,27,932730.0998222866,6847424.704435145,20,184.8577500000001
2,27,932730.0998222866,6847424.704435145,21,184.85775000000024
2,27,932730.0998222866,6847424.704435145,22,184.85775000000007
2,27,932730.0998222866,6847424.704435145,23,184.8577500000002
2,27,932730.0998222866,6847424.704435145,24,184.85775000000046
2,27,932730.0998222866,6847424.704435145,25,184.85775000000027
2,27,932730.0998222866,6847424.704435145,26,184.85775000000046
2,27,932730.0998222866,6847424.704435145,27,184.8577500000002
2,27,932730.0998222866,6847424.704435145,28,184.85775000000007
2,27,932730.0998222866,6847424.704435145,29,184.85775000000024
2,27,932730.0998222866,6847424.704435145,30,184.8577500000001
2,27,932730.0998222866,6847424.704435145,31,184.85775000000015
2,27,932730.0998222866,6847424.704435145,32,184.8577500000001
2,27,932730.0998222866,6847424.704435145,33,184.85775000000024
2,27,932730.0998222866,6847424.704435145,34,184.85775000000007
2,27,932730.0998222866,6847424.704435145,35,184.8577500000002
2,27,932730.0998222866,6847424.704435145,36,184.85775000000046
2,27,932730.0998222866,6847424.704435145,37,184.85775000000027
2,27,932730.0998222866,6847424.704435145,38,184.85775000000046
2,27,932730.0998222866,6847424.704435145,39,184.8577500000002
2,27,932730.0998222866,6847424.704435145,40,184.85775000000007
2,27,932730.0998222866,6847424.704435145,41,184.85775000000024
2,27,932730.0998222866,6847424.704435145,42,184.8577500000001
2,27,932730.0998222866,6847424.704435145,43,184.85775000000015
2,27,932730.0998222866,6847424.704435145,44,184.8577500000001
2,27,932730.0998222866,6847424.704435145,45,184.85775000000024
2,27,932730.0998222866,6847424.704435145,46,184.85775000000007
2,27,932730.0998222866,6847424.704435145,47,184.8577500000002
2,27,932730.0998222866,6847424.704435145,48,184.85775000000046
2,42,934990.5998205657,6847039.104435317,1,464.86440000000016
2,42,934990.5998205657,6847039.104435317,2,480.43440507124734
2,42,934990.5998205657,6847039.104435317,3,522.972450000001
2,42,934990.5998205657,6847039.104435317,4,581.0804999999992
2,42,934990.5998205657,6847039.104435317,5,617.4629999999999
2,42,934990.5998205657,6847039.104435317,6,617.4629999999999
2,42,934990.5998205657,6847039.104435317,7,617.4630000000002
2,42,934990.5998205657,6847039.104435317,8,617.4629999999999
2,42,934990.5998205657,6847039.104435317,9,617.4629999999999
2,42,934990.5998205657,6847039.104435317,10,567.5669999999993
2,42,934990.5998205657,6847039.104435317,11,510.810300000001
2,42,934990.5998205657,6847039.104435317,12,469.2615119300556
2,42,934990.5998205657,6847039.104435317,13,454.0536000000002
2,42,934990.5998205657,6847039.104435317,14,469.2615119300556
2,42,934990.5998205657,6847039.104435317,15,510.810300000001
2,42,934990.5998205657,6847039.104435317,16,567.5669999999993
2,42,934990.5998205657,6847039.104435317,17,617.4629999999999
2,42,934990.5998205657,6847039.104435317,18,617.4629999999999
2,42,934990.5998205657,6847039.104435317,19,617.4630000000002
2,42,934990.5998205657,6847039.104435317,20,617.4629999999999
2,42,934990.5998205657,6847039.104435317,21,617.4629999999999
2,42,934990.5998205657,6847039.104435317,22,567.5669999999993
2,42,934990.5998205657,6847039.104435317,23,510.810300000001
2,42,934990.5998205657,6847039.104435317,24,469.2615119300556
2,42,934990.5998205657,6847039.104435317,25,454.0536000000002
2,42,934990.5998205657,6847039.104435317,26,469.2615119300556
2,42,934990.5998205657,6847039.104435317,27,510.810300000001
2,42,934990.5998205657,6847039.104435317,28,567.5669999999993
2,42,934990.5998205657,6847039.104435317,29,617.4629999999999
2,42,934990.5998205657,6847039.104435317,30,617.4629999999999
2,42,934990.5998205657,6847039.104435317,31,617.4630000000002
2,42,934990.5998205657,6847039.104435317,32,617.4629999999999
2,42,934990.5998205657,6847039.104435317,33,617.4629999999999
2,42,934990.5998205657,6847039.104435317,34,567.5669999999993
2,42,934990.5998205657,6847039.104435317,35,510.810300000001
2,42,934990.5998205657,6847039.104435317,36,469.2615119300556
2,42,934990.5998205657,6847039.104435317,37,454.0536000000002
2,42,934990.5998205657,6847039.104435317,38,469.2615119300556
2,42,934990.5998205657,6847039.104435317,39,510.810300000001
2,42,934990.5998205657,6847039.104435317,40,567.5669999999993
2,42,934990.5998205657,6847039.104435317,41,617.4629999999999
2,42,934990.5998205657,6847039.104435317,42,617.4629999999999
2,42,934990.5998205657,6847039.104435317,43,617.4630000000002
2,42,934990.5998205657,6847039.104435317,44,617.4629999999999
2,42,934990.5998205657,6847039.104435317,45,617.4629999999999
2,42,934990.5998205657,6847039.104435317,46,567.5669999999993
2,42,934990.5998205657,6847039.104435317,47,510.810300000001
2,42,934990.5998205657,6847039.104435317,48,469.2615119300556
2,18,933999.1998213149,6847743.404434972,1,65.69640000000005
2,18,933999.1998213149,6847743.404434972,2,67.89681216570405
2,18,933999.1998213149,6847743.404434972,3,73.90845000000003
2,18,933999.1998213149,6847743.404434972,4,82.12050000000005
2,18,933999.1998213149,6847743.404434972,5,90.33255000000007
2,18,933999.1998213149,6847743.404434972,6,96.34418783429606
2,18,933999.1998213149,6847743.404434972,7,97.19324999999999
2,18,933999.1998213149,6847743.404434972,8,96.34418783429606
2,18,933999.1998213149,6847743.404434972,9,90.33255000000007
2,18,933999.1998213149,6847743.404434972,10,82.12050000000005
2,18,933999.1998213149,6847743.404434972,11,73.90845000000003
2,18,933999.1998213149,6847743.404434972,12,67.89681216570405
2,18,933999.1998213149,6847743.404434972,13,65.69640000000005
2,18,933999.1998213149,6847743.404434972,14,67.89681216570405
2,18,933999.1998213149,6847743.404434972,15,73.90845000000003
2,18,933999.1998213149,6847743.404434972,16,82.12050000000005
2,18,933999.1998213149,6847743.404434972,17,90.33255000000007
2,18,933999.1998213149,6847743.404434972,18,96.34418783429606
2,18,933999.1998213149,6847743.404434972,19,97.19324999999999
2,18,933999.1998213149,6847743.404434972,20,96.34418783429606
2,18,933999.1998213149,6847743.404434972,21,90.33255000000007
2,18,933999.1998213149,6847743.404434972,22,82.12050000000005
2,18,933999.1998213149,6847743.404434972,23,73.90845000000003
2,18,933999.1998213149,6847743.404434972,24,67.89681216570405
2,18,933999.1998213149,6847743.404434972,25,65.69640000000005
2,18,933999.1998213149,6847743.404434972,26,67.89681216570405
2,18,933999.1998213149,6847743.404434972,27,73.90845000000003
2,18,933999.1998213149,6847743.404434972,28,82.12050000000005
2,18,933999.1998213149,6847743.404434972,29,90.33255000000007
2,18,933999.1998213149,6847743.404434972,30,96.34418783429606
2,18,933999.1998213149,6847743.404434972,31,97.19324999999999
2,18,933999.1998213149,6847743.404434972,32,96.34418783429606
2,18,933999.1998213149,6847743.404434972,33,90.33255000000007
2,18,933999.1998213149,6847743.404434972,34,82.12050000000005
2,18,933999.1998213149,6847743.404434972,35,73.90845000000003
2,18,933999.1998213149,6847743.404434972,36,67.89681216570405
2,18,933999.1998213149,6847743.404434972,37,65.69640000000005
2,18,933999.1998213149,6847743.404434972,38,67.89681216570405
2,18,933999.1998213149,6847743.404434972,39,73.90845000000003
2,18,933999.1998213149,6847743.404434972,40,82.12050000000005
2,18,933999.1998213149,6847743.404434972,41,90.33255000000007
2,18,933999.1998213149,6847743.404434972,42,96.34418783429606
2,18,933999.1998213149,6847743.404434972,43,97.19324999999999
2,18,933999.1998213149,6847743.404434972,44,96.34418783429606
2,18,933999.1998213149,6847743.404434972,45,90.33255000000007
2,18,933999.1998213149,6847743.404434972,46,82.12050000000005
2,18,933999.1998213149,6847743.404434972,47,73.90845000000003
2,18,933999.1998213149,6847743.404434972,48,67.89681216570405
2,26,933533.0998216621,6848578.504434551,3,80.4573
2,26,933533.0998216621,6848578.504434551,5,45.89046000000005
2,26,933533.0998216621,6848578.504434551,7,107.27640000000007
2,26,933533.0998216621,6848578.504434551,8,104.88101460442357
2,26,933533.0998216621,6848578.504434551,11,80.4573
2,26,933533.0998216621,6848578.504434551,13,33.37488000000002
2,26,933533.0998216621,6848578.504434551,18,104.88101460442357
2,26,933533.0998216621,6848578.504434551,19,50.062320000000035
2,26,933533.0998216621,6848578.504434551,20,104.88101460442357
2,26,933533.0998216621,6848578.504434551,23,80.4573
2,26,933533.0998216621,6848578.504434551,27,80.4573
2,26,933533.0998216621,6848578.504434551,28,89.39700000000006
2,26,933533.0998216621,6848578.504434551,31,50.062320000000035
2,26,933533.0998216621,6848578.504434551,37,33.37488000000002
2,26,933533.0998216621,6848578.504434551,39,37.54674000000002
2,26,933533.0998216621,6848578.504434551,42,104.88101460442357
2,26,933533.0998216621,6848578.504434551,46,89.39700000000006
2,26,933533.0998216621,6848578.504434551,47,37.54674000000002
2,26,933533.0998216621,6848578.504434551,1,38.14272000000001
2,26,933533.0998216621,6848578.504434551,6,55.93654112235921
2,26,933533.0998216621,6848578.504434551,9,52.446240000000024
2,26,933533.0998216621,6848578.504434551,10,47.67840000000003
2,26,933533.0998216621,6848578.504434551,15,42.910560000000004
2,26,933533.0998216621,6848578.504434551,16,47.67840000000003
2,26,933533.0998216621,6848578.504434551,21,52.446240000000024
2,26,933533.0998216621,6848578.504434551,22,47.67840000000003
2,26,933533.0998216621,6848578.504434551,29,52.446240000000024
2,26,933533.0998216621,6848578.504434551,34,47.67840000000003
2,26,933533.0998216621,6848578.504434551,35,42.910560000000004
2,26,933533.0998216621,6848578.504434551,40,47.67840000000003
2,26,933533.0998216621,6848578.504434551,43,57.21408000000003
2,26,933533.0998216621,6848578.504434551,44,55.93654112235921
2,66,933533.0998216621,6848578.504434551,1,33.37488000000002
2,66,933533.0998216621,6848578.504434551,2,73.91298539557654
2,66,933533.0998216621,6848578.504434551,4,89.39700000000006
2,66,933533.0998216621,6848578.504434551,6,48.944473482064346
2,66,933533.0998216621,6848578.504434551,9,45.89046000000005
2,66,933533.0998216621,6848578.504434551,10,41.71860000000002
2,66,933533.0998216621,6848578.504434551,12,73.91298539557654
2,66,933533.0998216621,6848578.504434551,14,73.91298539557654
2,66,933533.0998216621,6848578.504434551,15,37.54674000000002
2,66,933533.0998216621,6848578.504434551,16,41.71860000000002
2,66,933533.0998216621,6848578.504434551,17,98.33670000000006
2,66,933533.0998216621,6848578.504434551,21,45.89046000000005
2,66,933533.0998216621,6848578.504434551,22,41.71860000000002
2,66,933533.0998216621,6848578.504434551,24,73.91298539557654
2,66,933533.0998216621,6848578.504434551,25,71.51760000000004
2,66,933533.0998216621,6848578.504434551,26,73.91298539557654
2,66,933533.0998216621,6848578.504434551,29,45.89046000000005
2,66,933533.0998216621,6848578.504434551,30,104.88101460442357
2,66,933533.0998216621,6848578.504434551,32,104.88101460442357
2,66,933533.0998216621,6848578.504434551,33,98.33670000000006
2,66,933533.0998216621,6848578.504434551,34,41.71860000000002
2,66,933533.0998216621,6848578.504434551,35,37.54674000000002
2,66,933533.0998216621,6848578.504434551,36,73.91298539557654
2,66,933533.0998216621,6848578.504434551,38,73.91298539557654
2,66,933533.0998216621,6848578.504434551,40,41.71860000000002
2,66,933533.0998216621,6848578.504434551,41,98.33670000000006
2,66,933533.0998216621,6848578.504434551,43,50.062320000000035
2,66,933533.0998216621,6848578.504434551,44,48.944473482064346
2,66,933533.0998216621,6848578.504434551,45,98.33670000000006
2,66,933533.0998216621,6848578.504434551,48,73.91298539557654
2,66,933533.0998216621,6848578.504434551,5,52.446240000000024
2,66,933533.0998216621,6848578.504434551,13,38.14272000000001
2,66,933533.0998216621,6848578.504434551,19,57.21408000000003
2,66,933533.0998216621,6848578.504434551,31,57.21408000000003
2,66,933533.0998216621,6848578.504434551,37,38.14272000000001
2,66,933533.0998216621,6848578.504434551,39,42.910560000000004
2,66,933533.0998216621,6848578.504434551,47,42.910560000000004
2,48,931239.099823409,6848973.804434372,3,153.43020000000004
2,48,931239.099823409,6848973.804434372,5,187.52580000000017
2,48,931239.099823409,6848973.804434372,9,187.52580000000017
2,48,931239.099823409,6848973.804434372,10,170.47799999999998
2,48,931239.099823409,6848973.804434372,12,140.95034424272737
2,48,931239.099823409,6848973.804434372,13,136.38240000000013
2,48,931239.099823409,6848973.804434372,14,140.95034424272737
2,48,931239.099823409,6848973.804434372,15,153.43020000000004
2,48,931239.099823409,6848973.804434372,16,170.47799999999998
2,48,931239.099823409,6848973.804434372,17,187.52580000000017
2,48,931239.099823409,6848973.804434372,18,200.00565575727288
2,48,931239.099823409,6848973.804434372,19,204.57360000000008
2,48,931239.099823409,6848973.804434372,20,200.00565575727288
2,48,931239.099823409,6848973.804434372,22,170.47799999999998
2,48,931239.099823409,6848973.804434372,26,140.95034424272737
2,48,931239.099823409,6848973.804434372,27,153.43020000000004
2,48,931239.099823409,6848973.804434372,29,187.52580000000017
2,48,931239.099823409,6848973.804434372,30,200.00565575727288
2,48,931239.099823409,6848973.804434372,31,204.57360000000008
2,48,931239.099823409,6848973.804434372,32,200.00565575727288
2,48,931239.099823409,6848973.804434372,33,187.52580000000017
2,48,931239.099823409,6848973.804434372,37,136.38240000000013
2,48,931239.099823409,6848973.804434372,39,153.43020000000004
2,48,931239.099823409,6848973.804434372,41,187.52580000000017
2,48,931239.099823409,6848973.804434372,42,200.00565575727288
2,48,931239.099823409,6848973.804434372,43,204.57360000000008
2,48,931239.099823409,6848973.804434372,44,200.00565575727288
2,48,931239.099823409,6848973.804434372,45,187.52580000000017
2,48,931239.099823409,6848973.804434372,46,170.47799999999998
2,48,931239.099823409,6848973.804434372,47,153.43020000000004
2,48,931239.099823409,6848973.804434372,25,72.73728000000003
2,59,931239.099823409,6848973.804434372,1,136.38240000000013
2,59,931239.099823409,6848973.804434372,2,140.95034424272737
2,59,931239.099823409,6848973.804434372,4,170.47799999999998
2,59,931239.099823409,6848973.804434372,6,200.00565575727288
2,59,931239.099823409,6848973.804434372,7,204.57360000000008
2,59,931239.099823409,6848973.804434372,8,200.00565575727288
2,59,931239.099823409,6848973.804434372,11,153.43020000000004
2,59,931239.099823409,6848973.804434372,21,187.52580000000017
2,59,931239.099823409,6848973.804434372,23,153.43020000000004
2,59,931239.099823409,6848973.804434372,24,140.95034424272737
2,59,931239.099823409,6848973.804434372,25,63.64512000000004
2,59,931239.099823409,6848973.804434372,28,170.47799999999998
2,59,931239.099823409,6848973.804434372,34,170.47799999999998
2,59,931239.099823409,6848973.804434372,35,153.43020000000004
2,59,931239.099823409,6848973.804434372,36,140.95034424272737
2,59,931239.099823409,6848973.804434372,38,140.95034424272737
2,59,931239.099823409,6848973.804434372,40,170.47799999999998
2,59,931239.099823409,6848973.804434372,48,140.95034424272737
2,77,934467.3998209637,6847130.604435277,1,103.95000000000032
2,77,934467.3998209637,6847130.604435277,2,113.55939490085925
2,77,934467.3998209637,6847130.604435277,3,129.1059
2,77,934467.3998209637,6847130.604435277,4,143.45100000000014
2,77,934467.3998209637,6847130.604435277,5,157.79610000000008
2,77,934467.3998209637,6847130.604435277,6,168.2974420396564
2,77,934467.3998209637,6847130.604435277,7,172.14120000000005
2,77,934467.3998209637,6847130.604435277,8,168.2974420396564
2,77,934467.3998209637,6847130.604435277,9,157.79610000000008
2,77,934467.3998209637,6847130.604435277,10,143.45100000000014
2,77,934467.3998209637,6847130.604435277,11,129.1059
2,77,934467.3998209637,6847130.604435277,12,113.55939490085925
2,77,934467.3998209637,6847130.604435277,13,103.95000000000032
2,77,934467.3998209637,6847130.604435277,14,113.55939490085925
2,77,934467.3998209637,6847130.604435277,15,129.1059
2,77,934467.3998209637,6847130.604435277,16,143.45100000000014
2,77,934467.3998209637,6847130.604435277,17,157.79610000000008
2,77,934467.3998209637,6847130.604435277,18,168.2974420396564
2,77,934467.3998209637,6847130.604435277,19,172.14120000000005
2,77,934467.3998209637,6847130.604435277,20,168.2974420396564
2,77,934467.3998209637,6847130.604435277,21,157.79610000000008
2,77,934467.3998209637,6847130.604435277,22,143.45100000000014
2,77,934467.3998209637,6847130.604435277,23,129.1059
2,77,934467.3998209637,6847130.604435277,24,113.55939490085925
2,77,934467.3998209637,6847130.604435277,25,103.95000000000032
2,77,934467.3998209637,6847130.604435277,26,113.55939490085925
2,77,934467.3998209637,6847130.604435277,27,129.1059
2,77,934467.3998209637,6847130.604435277,28,143.45100000000014
2,77,934467.3998209637,6847130.604435277,29,157.79610000000008
2,77,934467.3998209637,6847130.604435277,30,168.2974420396564
2,77,934467.3998209637,6847130.604435277,31,172.14120000000005
2,77,934467.3998209637,6847130.604435277,32,168.2974420396564
2,77,934467.3998209637,6847130.604435277,33,157.79610000000008
2,77,934467.3998209637,6847130.604435277,34,143.45100000000014
2,77,934467.3998209637,6847130.604435277,35,129.1059
2,77,934467.3998209637,6847130.604435277,36,113.55939490085925
2,77,934467.3998209637,6847130.604435277,37,103.95000000000032
2,77,934467.3998209637,6847130.604435277,38,113.55939490085925
2,77,934467.3998209637,6847130.604435277,39,129.1059
2,77,934467.3998209637,6847130.604435277,40,143.45100000000014
2,77,934467.3998209637,6847130.604435277,41,157.79610000000008
2,77,934467.3998209637,6847130.604435277,42,168.2974420396564
2,77,934467.3998209637,6847130.604435277,43,172.14120000000005
2,77,934467.3998209637,6847130.604435277,44,168.2974420396564
2,77,934467.3998209637,6847130.604435277,45,157.79610000000008
2,77,934467.3998209637,6847130.604435277,46,143.45100000000014
2,77,934467.3998209637,6847130.604435277,47,129.1059
2,77,934467.3998209637,6847130.604435277,48,113.55939490085925
2,71,933466.5998217198,6847887.004434904,1,199.58400000000015
2,71,933466.5998217198,6847887.004434904,2,206.2687964527717
2,71,933466.5998217198,6847887.004434904,3,224.53200000000007
2,71,933466.5998217198,6847887.004434904,4,249.47999999999996
2,71,933466.5998217198,6847887.004434904,5,261.0877500000001
2,71,933466.5998217198,6847887.004434904,6,261.08775
2,71,933466.5998217198,6847887.004434904,7,261.0877499999999
2,71,933466.5998217198,6847887.004434904,8,261.08775
2,71,933466.5998217198,6847887.004434904,9,261.0877500000001
2,71,933466.5998217198,6847887.004434904,10,249.47999999999996
2,71,933466.5998217198,6847887.004434904,11,224.53200000000007
2,71,933466.5998217198,6847887.004434904,12,206.2687964527717
2,71,933466.5998217198,6847887.004434904,13,199.58400000000015
2,71,933466.5998217198,6847887.004434904,14,206.2687964527717
2,71,933466.5998217198,6847887.004434904,15,224.53200000000007
2,71,933466.5998217198,6847887.004434904,16,249.47999999999996
2,71,933466.5998217198,6847887.004434904,17,261.0877500000001
2,71,933466.5998217198,6847887.004434904,18,261.08775
2,71,933466.5998217198,6847887.004434904,19,261.0877499999999
2,71,933466.5998217198,6847887.004434904,20,261.08775
2,71,933466.5998217198,6847887.004434904,21,261.0877500000001
2,71,933466.5998217198,6847887.004434904,22,249.47999999999996
2,71,933466.5998217198,6847887.004434904,23,224.53200000000007
2,71,933466.5998217198,6847887.004434904,24,206.2687964527717
2,71,933466.5998217198,6847887.004434904,25,199.58400000000015
2,71,933466.5998217198,6847887.004434904,26,206.2687964527717
2,71,933466.5998217198,6847887.004434904,27,224.53200000000007
2,71,933466.5998217198,6847887.004434904,28,249.47999999999996
2,71,933466.5998217198,6847887.004434904,29,261.0877500000001
2,71,933466.5998217198,6847887.004434904,30,261.08775
2,71,933466.5998217198,6847887.004434904,31,261.0877499999999
2,71,933466.5998217198,6847887.004434904,32,261.08775
2,71,933466.5998217198,6847887.004434904,33,261.0877500000001
2,71,933466.5998217198,6847887.004434904,34,249.47999999999996
2,71,933466.5998217198,6847887.004434904,35,224.53200000000007
2,71,933466.5998217198,6847887.004434904,36,206.2687964527717
2,71,933466.5998217198,6847887.004434904,37,199.58400000000015
2,71,933466.5998217198,6847887.004434904,38,206.2687964527717
2,71,933466.5998217198,6847887.004434904,39,224.53200000000007
2,71,933466.5998217198,6847887.004434904,40,249.47999999999996
2,71,933466.5998217198,6847887.004434904,41,261.0877500000001
2,71,933466.5998217198,6847887.004434904,42,261.08775
2,71,933466.5998217198,6847887.004434904,43,261.0877499999999
2,71,933466.5998217198,6847887.004434904,44,261.08775
2,71,933466.5998217198,6847887.004434904,45,261.0877500000001
2,71,933466.5998217198,6847887.004434904,46,249.47999999999996
2,71,933466.5998217198,6847887.004434904,47,224.53200000000007
2,71,933466.5998217198,6847887.004434904,48,206.2687964527717
2,16,934880.899820648,6847145.104435267,1,55.71720000000001
2,16,934880.899820648,6847145.104435267,2,57.583372343065456
2,16,934880.899820648,6847145.104435267,3,62.68185000000003
2,16,934880.899820648,6847145.104435267,4,69.64650000000006
2,16,934880.899820648,6847145.104435267,5,91.4760000000001
2,16,934880.899820648,6847145.104435267,6,97.56373451574284
2,16,934880.899820648,6847145.104435267,7,99.79200000000003
2,16,934880.899820648,6847145.104435267,8,97.56373451574284
2,16,934880.899820648,6847145.104435267,9,91.4760000000001
2,16,934880.899820648,6847145.104435267,10,83.16000000000007
2,16,934880.899820648,6847145.104435267,11,74.84400000000002
2,16,934880.899820648,6847145.104435267,12,68.75626548425726
2,16,934880.899820648,6847145.104435267,13,66.52800000000002
2,16,934880.899820648,6847145.104435267,14,68.75626548425726
2,16,934880.899820648,6847145.104435267,15,74.84400000000002
2,16,934880.899820648,6847145.104435267,16,83.16000000000007
2,16,934880.899820648,6847145.104435267,17,91.4760000000001
2,16,934880.899820648,6847145.104435267,18,97.56373451574284
2,16,934880.899820648,6847145.104435267,19,99.79200000000003
2,16,934880.899820648,6847145.104435267,20,97.56373451574284
2,16,934880.899820648,6847145.104435267,21,91.4760000000001
2,16,934880.899820648,6847145.104435267,22,83.16000000000007
2,16,934880.899820648,6847145.104435267,23,74.84400000000002
2,16,934880.899820648,6847145.104435267,24,68.75626548425726
2,16,934880.899820648,6847145.104435267,25,66.52800000000002
2,16,934880.899820648,6847145.104435267,26,68.75626548425726
2,16,934880.899820648,6847145.104435267,27,74.84400000000002
2,16,934880.899820648,6847145.104435267,28,83.16000000000007
2,16,934880.899820648,6847145.104435267,29,91.4760000000001
2,16,934880.899820648,6847145.104435267,30,97.56373451574284
2,16,934880.899820648,6847145.104435267,31,99.79200000000003
2,16,934880.899820648,6847145.104435267,32,97.56373451574284
2,16,934880.899820648,6847145.104435267,33,91.4760000000001
2,16,934880.899820648,6847145.104435267,34,83.16000000000007
2,16,934880.899820648,6847145.104435267,35,74.84400000000002
2,16,934880.899820648,6847145.104435267,36,68.75626548425726
2,16,934880.899820648,6847145.104435267,37,66.52800000000002
2,16,934880.899820648,6847145.104435267,38,68.75626548425726
2,16,934880.899820648,6847145.104435267,39,74.84400000000002
2,16,934880.899820648,6847145.104435267,40,83.16000000000007
2,16,934880.899820648,6847145.104435267,41,91.4760000000001
2,16,934880.899820648,6847145.104435267,42,97.56373451574284
2,16,934880.899820648,6847145.104435267,43,99.79200000000003
2,16,934880.899820648,6847145.104435267,44,97.56373451574284
2,16,934880.899820648,6847145.104435267,45,91.4760000000001
2,16,934880.899820648,6847145.104435267,46,83.16000000000007
2,16,934880.899820648,6847145.104435267,47,74.84400000000002
2,16,934880.899820648,6847145.104435267,48,68.75626548425726
2,46,934906.099820619,6848106.204434778,1,107.27640000000014
2,46,934906.099820619,6848106.204434778,2,110.86947809336482
2,46,934906.099820619,6848106.204434778,3,120.68595000000002
2,46,934906.099820619,6848106.204434778,4,134.0955000000001
2,46,934906.099820619,6848106.204434778,5,147.50505000000013
2,46,934906.099820619,6848106.204434778,6,157.32152190663535
2,46,934906.099820619,6848106.204434778,7,160.91460000000006
2,46,934906.099820619,6848106.204434778,8,157.32152190663535
2,46,934906.099820619,6848106.204434778,9,147.50505000000013
2,46,934906.099820619,6848106.204434778,10,134.0955000000001
2,46,934906.099820619,6848106.204434778,11,120.68595000000002
2,46,934906.099820619,6848106.204434778,12,110.86947809336482
2,46,934906.099820619,6848106.204434778,13,107.27640000000014
2,46,934906.099820619,6848106.204434778,14,110.86947809336482
2,46,934906.099820619,6848106.204434778,15,120.68595000000002
2,46,934906.099820619,6848106.204434778,16,134.0955000000001
2,46,934906.099820619,6848106.204434778,17,147.50505000000013
2,46,934906.099820619,6848106.204434778,18,157.32152190663535
2,46,934906.099820619,6848106.204434778,19,160.91460000000006
2,46,934906.099820619,6848106.204434778,20,157.32152190663535
2,46,934906.099820619,6848106.204434778,21,147.50505000000013
2,46,934906.099820619,6848106.204434778,22,134.0955000000001
2,46,934906.099820619,6848106.204434778,23,120.68595000000002
2,46,934906.099820619,6848106.204434778,24,110.86947809336482
2,46,934906.099820619,6848106.204434778,25,107.27640000000014
2,46,934906.099820619,6848106.204434778,26,110.86947809336482
2,46,934906.099820619,6848106.204434778,27,120.68595000000002
2,46,934906.099820619,6848106.204434778,28,134.0955000000001
2,46,934906.099820619,6848106.204434778,29,147.50505000000013
2,46,934906.099820619,6848106.204434778,30,157.32152190663535
2,46,934906.099820619,6848106.204434778,31,160.91460000000006
2,46,934906.099820619,6848106.204434778,32,157.32152190663535
2,46,934906.099820619,6848106.204434778,33,147.50505000000013
2,46,934906.099820619,6848106.204434778,34,134.0955000000001
2,46,934906.099820619,6848106.204434778,35,120.68595000000002
2,46,934906.099820619,6848106.204434778,36,110.86947809336482
2,46,934906.099820619,6848106.204434778,37,107.27640000000014
2,46,934906.099820619,6848106.204434778,38,110.86947809336482
2,46,934906.099820619,6848106.204434778,39,120.68595000000002
2,46,934906.099820619,6848106.204434778,40,134.0955000000001
2,46,934906.099820619,6848106.204434778,41,147.50505000000013
2,46,934906.099820619,6848106.204434778,42,157.32152190663535
2,46,934906.099820619,6848106.204434778,43,160.91460000000006
2,46,934906.099820619,6848106.204434778,44,157.32152190663535
2,46,934906.099820619,6848106.204434778,45,147.50505000000013
2,46,934906.099820619,6848106.204434778,46,134.0955000000001
2,46,934906.099820619,6848106.204434778,47,120.68595000000002
2,46,934906.099820619,6848106.204434778,48,110.86947809336482
2,43,934084.1998212618,6846602.604435545,1,139.7088000000002
2,43,934084.1998212618,6846602.604435545,2,144.3881575169402
2,43,934084.1998212618,6846602.604435545,3,157.1724000000001
2,43,934084.1998212618,6846602.604435545,4,174.6359999999999
2,43,934084.1998212618,6846602.604435545,5,192.09960000000012
2,43,934084.1998212618,6846602.604435545,6,194.38650000000004
2,43,934084.1998212618,6846602.604435545,7,194.3865
2,43,934084.1998212618,6846602.604435545,8,194.38650000000004
2,43,934084.1998212618,6846602.604435545,9,192.09960000000012
2,43,934084.1998212618,6846602.604435545,10,174.6359999999999
2,43,934084.1998212618,6846602.604435545,11,157.1724000000001
2,43,934084.1998212618,6846602.604435545,12,144.3881575169402
2,43,934084.1998212618,6846602.604435545,13,139.7088000000002
2,43,934084.1998212618,6846602.604435545,14,144.3881575169402
2,43,934084.1998212618,6846602.604435545,15,157.1724000000001
2,43,934084.1998212618,6846602.604435545,16,174.6359999999999
2,43,934084.1998212618,6846602.604435545,17,192.09960000000012
2,43,934084.1998212618,6846602.604435545,18,194.38650000000004
2,43,934084.1998212618,6846602.604435545,19,194.3865
2,43,934084.1998212618,6846602.604435545,20,194.38650000000004
2,43,934084.1998212618,6846602.604435545,21,192.09960000000012
2,43,934084.1998212618,6846602.604435545,22,174.6359999999999
2,43,934084.1998212618,6846602.604435545,23,157.1724000000001
2,43,934084.1998212618,6846602.604435545,24,144.3881575169402
2,43,934084.1998212618,6846602.604435545,25,139.7088000000002
2,43,934084.1998212618,6846602.604435545,26,144.3881575169402
2,43,934084.1998212618,6846602.604435545,27,157.1724000000001
2,43,934084.1998212618,6846602.604435545,28,174.6359999999999
2,43,934084.1998212618,6846602.604435545,29,192.09960000000012
2,43,934084.1998212618,6846602.604435545,30,194.38650000000004
2,43,934084.1998212618,6846602.604435545,31,194.38649999999996
2,43,934084.1998212618,6846602.604435545,32,194.38650000000004
2,43,934084.1998212618,6846602.604435545,33,192.09960000000012
2,43,934084.1998212618,6846602.604435545,34,174.6359999999999
2,43,934084.1998212618,6846602.604435545,35,157.1724000000001
2,43,934084.1998212618,6846602.604435545,36,144.3881575169402
2,43,934084.1998212618,6846602.604435545,37,139.7088000000002
2,43,934084.1998212618,6846602.604435545,38,144.3881575169402
2,43,934084.1998212618,6846602.604435545,39,157.1724000000001
2,43,934084.1998212618,6846602.604435545,40,174.6359999999999
2,43,934084.1998212618,6846602.604435545,41,192.09960000000012
2,43,934084.1998212618,6846602.604435545,42,194.38650000000004
2,43,934084.1998212618,6846602.604435545,43,194.38649999999996
2,43,934084.1998212618,6846602.604435545,44,194.38650000000004
2,43,934084.1998212618,6846602.604435545,45,192.09960000000012
2,43,934084.1998212618,6846602.604435545,46,174.6359999999999
2,43,934084.1998212618,6846602.604435545,47,157.1724000000001
2,43,934084.1998212618,6846602.604435545,48,144.3881575169402
2,6,931976.7421459949,6849371.227088254,1,18.29520000000001
2,6,931976.7421459949,6849371.227088254,2,18.90797300817074
2,6,931976.7421459949,6849371.227088254,3,20.58210000000001
2,6,931976.7421459949,6849371.227088254,4,22.86900000000001
2,6,931976.7421459949,6849371.227088254,5,25.155900000000017
2,6,931976.7421459949,6849371.227088254,6,26.83002699182928
2,6,931976.7421459949,6849371.227088254,7,27.44280000000001
2,6,931976.7421459949,6849371.227088254,8,26.83002699182928
2,6,931976.7421459949,6849371.227088254,9,25.155900000000017
2,6,931976.7421459949,6849371.227088254,10,22.86900000000001
2,6,931976.7421459949,6849371.227088254,11,20.58210000000001
2,6,931976.7421459949,6849371.227088254,12,18.90797300817074
2,6,931976.7421459949,6849371.227088254,13,18.29520000000001
2,6,931976.7421459949,6849371.227088254,14,18.90797300817074
2,6,931976.7421459949,6849371.227088254,15,20.58210000000001
2,6,931976.7421459949,6849371.227088254,16,22.86900000000001
2,6,931976.7421459949,6849371.227088254,17,25.155900000000017
2,6,931976.7421459949,6849371.227088254,18,26.83002699182928
2,6,931976.7421459949,6849371.227088254,19,27.44280000000001
2,6,931976.7421459949,6849371.227088254,20,26.83002699182928
2,6,931976.7421459949,6849371.227088254,21,25.155900000000017
2,6,931976.7421459949,6849371.227088254,22,22.86900000000001
2,6,931976.7421459949,6849371.227088254,23,20.58210000000001
2,6,931976.7421459949,6849371.227088254,24,18.90797300817074
2,6,931976.7421459949,6849371.227088254,25,18.29520000000001
2,6,931976.7421459949,6849371.227088254,26,18.90797300817074
2,6,931976.7421459949,6849371.227088254,27,20.58210000000001
2,6,931976.7421459949,6849371.227088254,28,22.86900000000001
2,6,931976.7421459949,6849371.227088254,29,25.155900000000017
2,6,931976.7421459949,6849371.227088254,30,26.83002699182928
2,6,931976.7421459949,6849371.227088254,31,27.44280000000001
2,6,931976.7421459949,6849371.227088254,32,26.83002699182928
2,6,931976.7421459949,6849371.227088254,33,25.155900000000017
2,6,931976.7421459949,6849371.227088254,34,22.86900000000001
2,6,931976.7421459949,6849371.227088254,35,20.58210000000001
2,6,931976.7421459949,6849371.227088254,36,18.90797300817074
2,6,931976.7421459949,6849371.227088254,37,18.29520000000001
2,6,931976.7421459949,6849371.227088254,38,18.90797300817074
2,6,931976.7421459949,6849371.227088254,39,20.58210000000001
2,6,931976.7421459949,6849371.227088254,40,22.86900000000001
2,6,931976.7421459949,6849371.227088254,41,25.155900000000017
2,6,931976.7421459949,6849371.227088254,42,26.83002699182928
2,6,931976.7421459949,6849371.227088254,43,27.44280000000001
2,6,931976.7421459949,6849371.227088254,44,26.83002699182928
2,6,931976.7421459949,6849371.227088254,45,25.155900000000017
2,6,931976.7421459949,6849371.227088254,46,22.86900000000001
2,6,931976.7421459949,6849371.227088254,47,20.58210000000001
2,6,931976.7421459949,6849371.227088254,48,18.90797300817074
2,64,933976.8998213315,6847785.004434952,7,3.8461500000000557
2,64,933976.8998213315,6847785.004434952,19,3.8461500000000557
2,64,933976.8998213315,6847785.004434952,31,3.8461500000000557
2,64,933976.8998213315,6847785.004434952,43,3.8461500000000557
2,64,933976.8998213315,6847785.004434952,1,1.663200000000001
2,64,933976.8998213315,6847785.004434952,2,1.7189066371064312
2,64,933976.8998213315,6847785.004434952,3,1.8711000000000009
2,64,933976.8998213315,6847785.004434952,4,2.079000000000001
2,64,933976.8998213315,6847785.004434952,5,2.2869000000000015
2,64,933976.8998213315,6847785.004434952,6,2.439093362893571
2,64,933976.8998213315,6847785.004434952,8,2.439093362893571
2,64,933976.8998213315,6847785.004434952,9,2.2869000000000015
2,64,933976.8998213315,6847785.004434952,10,2.079000000000001
2,64,933976.8998213315,6847785.004434952,11,1.8711000000000009
2,64,933976.8998213315,6847785.004434952,12,1.7189066371064312
2,64,933976.8998213315,6847785.004434952,13,1.663200000000001
2,64,933976.8998213315,6847785.004434952,14,1.7189066371064312
2,64,933976.8998213315,6847785.004434952,15,1.8711000000000009
2,64,933976.8998213315,6847785.004434952,16,2.079000000000001
2,64,933976.8998213315,6847785.004434952,17,2.2869000000000015
2,64,933976.8998213315,6847785.004434952,18,2.439093362893571
2,64,933976.8998213315,6847785.004434952,20,2.439093362893571
2,64,933976.8998213315,6847785.004434952,21,2.2869000000000015
2,64,933976.8998213315,6847785.004434952,22,2.079000000000001
2,64,933976.8998213315,6847785.004434952,23,1.8711000000000009
2,64,933976.8998213315,6847785.004434952,24,1.7189066371064312
2,64,933976.8998213315,6847785.004434952,25,1.663200000000001
2,64,933976.8998213315,6847785.004434952,26,1.7189066371064312
2,64,933976.8998213315,6847785.004434952,27,1.8711000000000009
2,64,933976.8998213315,6847785.004434952,28,2.079000000000001
2,64,933976.8998213315,6847785.004434952,29,2.2869000000000015
2,64,933976.8998213315,6847785.004434952,30,2.439093362893571
2,64,933976.8998213315,6847785.004434952,32,2.439093362893571
2,64,933976.8998213315,6847785.004434952,33,2.2869000000000015
2,64,933976.8998213315,6847785.004434952,34,2.079000000000001
2,64,933976.8998213315,6847785.004434952,35,1.8711000000000009
2,64,933976.8998213315,6847785.004434952,36,1.7189066371064312
2,64,933976.8998213315,6847785.004434952,37,1.663200000000001
2,64,933976.8998213315,6847785.004434952,38,1.7189066371064312
2,64,933976.8998213315,6847785.004434952,39,1.8711000000000009
2,64,933976.8998213315,6847785.004434952,40,2.079000000000001
2,64,933976.8998213315,6847785.004434952,41,2.2869000000000015
2,64,933976.8998213315,6847785.004434952,42,2.439093362893571
2,64,933976.8998213315,6847785.004434952,44,2.439093362893571
2,64,933976.8998213315,6847785.004434952,45,2.2869000000000015
2,64,933976.8998213315,6847785.004434952,46,2.079000000000001
2,64,933976.8998213315,6847785.004434952,47,1.8711000000000009
2,64,933976.8998213315,6847785.004434952,48,1.7189066371064312
2,4,935353.7998202943,6846475.604435598,1,14.137200000000007
2,4,935353.7998202943,6846475.604435598,2,14.610706415404664
2,4,935353.7998202943,6846475.604435598,3,15.90435000000001
2,4,935353.7998202943,6846475.604435598,4,17.67150000000001
2,4,935353.7998202943,6846475.604435598,5,19.05750000000001
2,4,935353.7998202943,6846475.604435598,6,19.05750000000001
2,4,935353.7998202943,6846475.604435598,7,19.05750000000001
2,4,935353.7998202943,6846475.604435598,8,19.05750000000001
2,4,935353.7998202943,6846475.604435598,9,19.05750000000001
2,4,935353.7998202943,6846475.604435598,10,17.67150000000001
2,4,935353.7998202943,6846475.604435598,11,15.90435000000001
2,4,935353.7998202943,6846475.604435598,12,14.610706415404664
2,4,935353.7998202943,6846475.604435598,13,14.137200000000007
2,4,935353.7998202943,6846475.604435598,14,14.610706415404664
2,4,935353.7998202943,6846475.604435598,15,15.90435000000001
2,4,935353.7998202943,6846475.604435598,16,17.67150000000001
2,4,935353.7998202943,6846475.604435598,17,19.05750000000001
2,4,935353.7998202943,6846475.604435598,18,19.05750000000001
2,4,935353.7998202943,6846475.604435598,19,19.05750000000001
2,4,935353.7998202943,6846475.604435598,20,19.05750000000001
2,4,935353.7998202943,6846475.604435598,21,19.05750000000001
2,4,935353.7998202943,6846475.604435598,22,17.67150000000001
2,4,935353.7998202943,6846475.604435598,23,15.90435000000001
2,4,935353.7998202943,6846475.604435598,24,14.610706415404664
2,4,935353.7998202943,6846475.604435598,25,14.137200000000007
2,4,935353.7998202943,6846475.604435598,26,14.610706415404664
2,4,935353.7998202943,6846475.604435598,27,15.90435000000001
2,4,935353.7998202943,6846475.604435598,28,17.67150000000001
2,4,935353.7998202943,6846475.604435598,29,19.05750000000001
2,4,935353.7998202943,6846475.604435598,30,19.05750000000001
2,4,935353.7998202943,6846475.604435598,31,19.05750000000001
2,4,935353.7998202943,6846475.604435598,32,19.05750000000001
2,4,935353.7998202943,6846475.604435598,33,19.05750000000001
2,4,935353.7998202943,6846475.604435598,34,17.67150000000001
2,4,935353.7998202943,6846475.604435598,35,15.90435000000001
2,4,935353.7998202943,6846475.604435598,36,14.610706415404664
2,4,935353.7998202943,6846475.604435598,37,14.137200000000007
2,4,935353.7998202943,6846475.604435598,38,14.610706415404664
2,4,935353.7998202943,6846475.604435598,39,15.90435000000001
2,4,935353.7998202943,6846475.604435598,40,17.67150000000001
2,4,935353.7998202943,6846475.604435598,41,19.05750000000001
2,4,935353.7998202943,6846475.604435598,42,19.05750000000001
2,4,935353.7998202943,6846475.604435598,43,19.05750000000001
2,4,935353.7998202943,6846475.604435598,44,19.05750000000001
2,4,935353.7998202943,6846475.604435598,45,19.05750000000001
2,4,935353.7998202943,6846475.604435598,46,17.67150000000001
2,4,935353.7998202943,6846475.604435598,47,15.90435000000001
2,4,935353.7998202943,6846475.604435598,48,14.610706415404664
2,20,932322.3998225784,6849328.204434182,1,11.642400000000006
2,20,932322.3998225784,6849328.204434182,2,12.032346459745018
2,20,932322.3998225784,6849328.204434182,3,13.097700000000009
2,20,932322.3998225784,6849328.204434182,4,14.553000000000006
2,20,932322.3998225784,6849328.204434182,5,16.00830000000001
2,20,932322.3998225784,6849328.204434182,6,17.073653540255
2,20,932322.3998225784,6849328.204434182,7,17.463600000000007
2,20,932322.3998225784,6849328.204434182,8,17.073653540255
2,20,932322.3998225784,6849328.204434182,9,16.00830000000001
2,20,932322.3998225784,6849328.204434182,10,14.553000000000006
2,20,932322.3998225784,6849328.204434182,11,13.097700000000009
2,20,932322.3998225784,6849328.204434182,12,12.032346459745018
2,20,932322.3998225784,6849328.204434182,13,11.642400000000006
2,20,932322.3998225784,6849328.204434182,14,12.032346459745018
2,20,932322.3998225784,6849328.204434182,15,13.097700000000009
2,20,932322.3998225784,6849328.204434182,16,14.553000000000006
2,20,932322.3998225784,6849328.204434182,17,16.00830000000001
2,20,932322.3998225784,6849328.204434182,18,17.073653540255
2,20,932322.3998225784,6849328.204434182,19,17.463600000000007
2,20,932322.3998225784,6849328.204434182,20,17.073653540255
2,20,932322.3998225784,6849328.204434182,21,16.00830000000001
2,20,932322.3998225784,6849328.204434182,22,14.553000000000006
2,20,932322.3998225784,6849328.204434182,23,13.097700000000009
2,20,932322.3998225784,6849328.204434182,24,12.032346459745018
2,20,932322.3998225784,6849328.204434182,25,11.642400000000006
2,20,932322.3998225784,6849328.204434182,26,12.032346459745018
2,20,932322.3998225784,6849328.204434182,27,13.097700000000009
2,20,932322.3998225784,6849328.204434182,28,14.553000000000006
2,20,932322.3998225784,6849328.204434182,29,16.00830000000001
2,20,932322.3998225784,6849328.204434182,30,17.073653540255
2,20,932322.3998225784,6849328.204434182,31,17.463600000000007
2,20,932322.3998225784,6849328.204434182,32,17.073653540255
2,20,932322.3998225784,6849328.204434182,33,16.00830000000001
2,20,932322.3998225784,6849328.204434182,34,14.553000000000006
2,20,932322.3998225784,6849328.204434182,35,13.097700000000009
2,20,932322.3998225784,6849328.204434182,36,12.032346459745018
2,20,932322.3998225784,6849328.204434182,37,11.642400000000006
2,20,932322.3998225784,6849328.204434182,38,12.032346459745018
2,20,932322.3998225784,6849328.204434182,39,13.097700000000009
2,20,932322.3998225784,6849328.204434182,40,14.553000000000006
2,20,932322.3998225784,6849328.204434182,41,16.00830000000001
2,20,932322.3998225784,6849328.204434182,42,17.073653540255
2,20,932322.3998225784,6849328.204434182,43,17.463600000000007
2,20,932322.3998225784,6849328.204434182,44,17.073653540255
2,20,932322.3998225784,6849328.204434182,45,16.00830000000001
2,20,932322.3998225784,6849328.204434182,46,14.553000000000006
2,20,932322.3998225784,6849328.204434182,47,13.097700000000009
2,20,932322.3998225784,6849328.204434182,48,12.032346459745018
2,82,931908.399822898,6848998.204434354,1,5.821200000000003
2,82,931908.399822898,6848998.204434354,2,6.016173229872509
2,82,931908.399822898,6848998.204434354,3,6.548850000000003
2,82,931908.399822898,6848998.204434354,4,7.276500000000003
2,82,931908.399822898,6848998.204434354,5,8.004150000000005
2,82,931908.399822898,6848998.204434354,6,8.536826770127497
2,82,931908.399822898,6848998.204434354,7,8.731800000000003
2,82,931908.399822898,6848998.204434354,8,8.536826770127497
2,82,931908.399822898,6848998.204434354,9,8.004150000000005
2,82,931908.399822898,6848998.204434354,10,7.276500000000003
2,82,931908.399822898,6848998.204434354,11,6.548850000000003
2,82,931908.399822898,6848998.204434354,12,6.016173229872509
2,82,931908.399822898,6848998.204434354,13,5.821200000000003
2,82,931908.399822898,6848998.204434354,14,6.016173229872509
2,82,931908.399822898,6848998.204434354,15,6.548850000000003
2,82,931908.399822898,6848998.204434354,16,7.276500000000003
2,82,931908.399822898,6848998.204434354,17,8.004150000000005
2,82,931908.399822898,6848998.204434354,18,8.536826770127497
2,82,931908.399822898,6848998.204434354,19,8.731800000000003
2,82,931908.399822898,6848998.204434354,20,8.536826770127497
2,82,931908.399822898,6848998.204434354,21,8.004150000000005
2,82,931908.399822898,6848998.204434354,22,7.276500000000003
2,82,931908.399822898,6848998.204434354,23,6.548850000000003
2,82,931908.399822898,6848998.204434354,24,6.016173229872509
2,82,931908.399822898,6848998.204434354,25,5.821200000000003
2,82,931908.399822898,6848998.204434354,26,6.016173229872509
2,82,931908.399822898,6848998.204434354,27,6.548850000000003
2,82,931908.399822898,6848998.204434354,28,7.276500000000003
2,82,931908.399822898,6848998.204434354,29,8.004150000000005
2,82,931908.399822898,6848998.204434354,30,8.536826770127497
2,82,931908.399822898,6848998.204434354,31,8.731800000000003
2,82,931908.399822898,6848998.204434354,32,8.536826770127497
2,82,931908.399822898,6848998.204434354,33,8.004150000000005
2,82,931908.399822898,6848998.204434354,34,7.276500000000003
2,82,931908.399822898,6848998.204434354,35,6.548850000000003
2,82,931908.399822898,6848998.204434354,36,6.016173229872509
2,82,931908.399822898,6848998.204434354,37,5.821200000000003
2,82,931908.399822898,6848998.204434354,38,6.016173229872509
2,82,931908.399822898,6848998.204434354,39,6.548850000000003
2,82,931908.399822898,6848998.204434354,40,7.276500000000003
2,82,931908.399822898,6848998.204434354,41,8.004150000000005
2,82,931908.399822898,6848998.204434354,42,8.536826770127497
2,82,931908.399822898,6848998.204434354,43,8.731800000000003
2,82,931908.399822898,6848998.204434354,44,8.536826770127497
2,82,931908.399822898,6848998.204434354,45,8.004150000000005
2,82,931908.399822898,6848998.204434354,46,7.276500000000003
2,82,931908.399822898,6848998.204434354,47,6.548850000000003
2,82,931908.399822898,6848998.204434354,48,6.016173229872509
2,44,932588.1998224115,6845816.204435961,1,3.3264000000000022
2,44,932588.1998224115,6845816.204435961,2,3.4378132742128624
2,44,932588.1998224115,6845816.204435961,3,3.742200000000002
2,44,932588.1998224115,6845816.204435961,4,4.158000000000002
2,44,932588.1998224115,6845816.204435961,5,4.573800000000003
2,44,932588.1998224115,6845816.204435961,6,4.878186725787142
2,44,932588.1998224115,6845816.204435961,7,4.989600000000002
2,44,932588.1998224115,6845816.204435961,8,4.878186725787142
2,44,932588.1998224115,6845816.204435961,9,4.573800000000003
2,44,932588.1998224115,6845816.204435961,10,4.158000000000002
2,44,932588.1998224115,6845816.204435961,11,3.742200000000002
2,44,932588.1998224115,6845816.204435961,12,3.4378132742128624
2,44,932588.1998224115,6845816.204435961,13,3.3264000000000022
2,44,932588.1998224115,6845816.204435961,14,3.4378132742128624
2,44,932588.1998224115,6845816.204435961,15,3.742200000000002
2,44,932588.1998224115,6845816.204435961,16,4.158000000000002
2,44,932588.1998224115,6845816.204435961,17,4.573800000000003
2,44,932588.1998224115,6845816.204435961,18,4.878186725787142
2,44,932588.1998224115,6845816.204435961,19,4.989600000000002
2,44,932588.1998224115,6845816.204435961,20,4.878186725787142
2,44,932588.1998224115,6845816.204435961,21,4.573800000000003
2,44,932588.1998224115,6845816.204435961,22,4.158000000000002
2,44,932588.1998224115,6845816.204435961,23,3.742200000000002
2,44,932588.1998224115,6845816.204435961,24,3.4378132742128624
2,44,932588.1998224115,6845816.204435961,25,3.3264000000000022
2,44,932588.1998224115,6845816.204435961,26,3.4378132742128624
2,44,932588.1998224115,6845816.204435961,27,3.742200000000002
2,44,932588.1998224115,6845816.204435961,28,4.158000000000002
2,44,932588.1998224115,6845816.204435961,29,4.573800000000003
2,44,932588.1998224115,6845816.204435961,30,4.878186725787142
2,44,932588.1998224115,6845816.204435961,31,4.989600000000002
2,44,932588.1998224115,6845816.204435961,32,4.878186725787142
2,44,932588.1998224115,6845816.204435961,33,4.573800000000003
2,44,932588.1998224115,6845816.204435961,34,4.158000000000002
2,44,932588.1998224115,6845816.204435961,35,3.742200000000002
2,44,932588.1998224115,6845816.204435961,36,3.4378132742128624
2,44,932588.1998224115,6845816.204435961,37,3.3264000000000022
2,44,932588.1998224115,6845816.204435961,38,3.4378132742128624
2,44,932588.1998224115,6845816.204435961,39,3.742200000000002
2,44,932588.1998224115,6845816.204435961,40,4.158000000000002
2,44,932588.1998224115,6845816.204435961,41,4.573800000000003
2,44,932588.1998224115,6845816.204435961,42,4.878186725787142
2,44,932588.1998224115,6845816.204435961,43,4.989600000000002
2,44,932588.1998224115,6845816.204435961,44,4.878186725787142
2,44,932588.1998224115,6845816.204435961,45,4.573800000000003
2,44,932588.1998224115,6845816.204435961,46,4.158000000000002
2,44,932588.1998224115,6845816.204435961,47,3.742200000000002
2,44,932588.1998224115,6845816.204435961,48,3.4378132742128624
2,75,932222.5998226551,6849264.004434216,1,2.4948000000000015
2,75,932222.5998226551,6849264.004434216,2,2.578359955659647
2,75,932222.5998226551,6849264.004434216,3,2.8066500000000016
2,75,932222.5998226551,6849264.004434216,4,3.118500000000002
2,75,932222.5998226551,6849264.004434216,5,3.430350000000002
2,75,932222.5998226551,6849264.004434216,6,3.6586400443403564
2,75,932222.5998226551,6849264.004434216,7,3.7422000000000013
2,75,932222.5998226551,6849264.004434216,8,3.6586400443403564
2,75,932222.5998226551,6849264.004434216,9,3.430350000000002
2,75,932222.5998226551,6849264.004434216,10,3.118500000000002
2,75,932222.5998226551,6849264.004434216,11,2.8066500000000016
2,75,932222.5998226551,6849264.004434216,12,2.578359955659647
2,75,932222.5998226551,6849264.004434216,13,2.4948000000000015
2,75,932222.5998226551,6849264.004434216,14,2.578359955659647
2,75,932222.5998226551,6849264.004434216,15,2.8066500000000016
2,75,932222.5998226551,6849264.004434216,16,3.118500000000002
2,75,932222.5998226551,6849264.004434216,17,3.430350000000002
2,75,932222.5998226551,6849264.004434216,18,3.6586400443403564
2,75,932222.5998226551,6849264.004434216,19,3.7422000000000013
2,75,932222.5998226551,6849264.004434216,20,3.6586400443403564
2,75,932222.5998226551,6849264.004434216,21,3.430350000000002
2,75,932222.5998226551,6849264.004434216,22,3.118500000000002
2,75,932222.5998226551,6849264.004434216,23,2.8066500000000016
2,75,932222.5998226551,6849264.004434216,24,2.578359955659647
2,75,932222.5998226551,6849264.004434216,25,2.4948000000000015
2,75,932222.5998226551,6849264.004434216,26,2.578359955659647
2,75,932222.5998226551,6849264.004434216,27,2.8066500000000016
2,75,932222.5998226551,6849264.004434216,28,3.118500000000002
2,75,932222.5998226551,6849264.004434216,29,3.430350000000002
2,75,932222.5998226551,6849264.004434216,30,3.6586400443403564
2,75,932222.5998226551,6849264.004434216,31,3.7422000000000013
2,75,932222.5998226551,6849264.004434216,32,3.6586400443403564
2,75,932222.5998226551,6849264.004434216,33,3.430350000000002
2,75,932222.5998226551,6849264.004434216,34,3.118500000000002
2,75,932222.5998226551,6849264.004434216,35,2.8066500000000016
2,75,932222.5998226551,6849264.004434216,36,2.578359955659647
2,75,932222.5998226551,6849264.004434216,37,2.4948000000000015
2,75,932222.5998226551,6849264.004434216,38,2.578359955659647
2,75,932222.5998226551,6849264.004434216,39,2.8066500000000016
2,75,932222.5998226551,6849264.004434216,40,3.118500000000002
2,75,932222.5998226551,6849264.004434216,41,3.430350000000002
2,75,932222.5998226551,6849264.004434216,42,3.6586400443403564
2,75,932222.5998226551,6849264.004434216,43,3.7422000000000013
2,75,932222.5998226551,6849264.004434216,44,3.6586400443403564
2,75,932222.5998226551,6849264.004434216,45,3.430350000000002
2,75,932222.5998226551,6849264.004434216,46,3.118500000000002
2,75,932222.5998226551,6849264.004434216,47,2.8066500000000016
2,75,932222.5998226551,6849264.004434216,48,2.578359955659647
3,7,933780.291513979,6846818.296141294,1,346.8464999999999
3,7,933780.291513979,6846818.296141294,2,346.8464999999999
3,7,933780.291513979,6846818.296141294,3,346.8464999999999
3,7,933780.291513979,6846818.296141294,4,346.84649999999993
3,7,933780.291513979,6846818.296141294,5,346.8464999999999
3,7,933780.291513979,6846818.296141294,6,346.8464999999999
3,7,933780.291513979,6846818.296141294,7,346.8464999999999
3,7,933780.291513979,6846818.296141294,8,346.8464999999999
3,7,933780.291513979,6846818.296141294,9,346.8464999999999
3,7,933780.291513979,6846818.296141294,10,346.84649999999993
3,7,933780.291513979,6846818.296141294,11,346.8464999999999
3,7,933780.291513979,6846818.296141294,12,346.84649999999993
3,7,933780.291513979,6846818.296141294,13,346.8464999999999
3,7,933780.291513979,6846818.296141294,14,346.84649999999993
3,7,933780.291513979,6846818.296141294,15,346.8464999999999
3,7,933780.291513979,6846818.296141294,16,346.8464999999999
3,7,933780.291513979,6846818.296141294,17,346.8464999999999
3,7,933780.291513979,6846818.296141294,18,346.8464999999998
3,7,933780.291513979,6846818.296141294,19,346.8464999999999
3,7,933780.291513979,6846818.296141294,20,346.8464999999998
3,7,933780.291513979,6846818.296141294,21,346.8464999999999
3,7,933780.291513979,6846818.296141294,22,346.8464999999998
3,7,933780.291513979,6846818.296141294,23,346.8464999999999
3,7,933780.291513979,6846818.296141294,24,346.84649999999993
3,7,933780.291513979,6846818.296141294,25,346.8464999999999
3,7,933780.291513979,6846818.296141294,26,346.84649999999993
3,7,933780.291513979,6846818.296141294,27,346.8464999999999
3,7,933780.291513979,6846818.296141294,28,346.8464999999998
3,7,933780.291513979,6846818.296141294,29,346.8464999999999
3,7,933780.291513979,6846818.296141294,30,346.8464999999998
3,7,933780.291513979,6846818.296141294,31,346.8464999999999
3,7,933780.291513979,6846818.296141294,32,346.8464999999998
3,7,933780.291513979,6846818.296141294,33,346.8464999999999
3,7,933780.291513979,6846818.296141294,34,346.8464999999998
3,7,933780.291513979,6846818.296141294,35,346.8464999999999
3,7,933780.291513979,6846818.296141294,36,346.84649999999993
3,7,933780.291513979,6846818.296141294,37,346.8464999999999
3,7,933780.291513979,6846818.296141294,38,346.8464999999999
3,7,933780.291513979,6846818.296141294,39,346.8464999999999
3,7,933780.291513979,6846818.296141294,40,346.84649999999993
3,7,933780.291513979,6846818.296141294,41,346.8464999999999
3,7,933780.291513979,6846818.296141294,42,346.8464999999999
3,7,933780.291513979,6846818.296141294,43,346.8464999999998
3,7,933780.291513979,6846818.296141294,44,346.8464999999998
3,7,933780.291513979,6846818.296141294,45,346.8464999999999
3,7,933780.291513979,6846818.296141294,46,346.84649999999993
3,7,933780.291513979,6846818.296141294,47,346.8464999999999
3,7,933780.291513979,6846818.296141294,48,346.84649999999993
3,50,933472.5998217161,6847811.904434941,1,227.81682000000015
3,50,933472.5998217161,6847811.904434941,4,291.5797499999995
3,50,933472.5998217161,6847811.904434941,6,291.5797499999997
3,50,933472.5998217161,6847811.904434941,8,291.5797499999997
3,50,933472.5998217161,6847811.904434941,10,291.5797499999998
3,50,933472.5998217161,6847811.904434941,13,238.0316400000001
3,50,933472.5998217161,6847811.904434941,16,291.57974999999976
3,50,933472.5998217161,6847811.904434941,18,291.57974999999965
3,50,933472.5998217161,6847811.904434941,20,291.5797499999998
3,50,933472.5998217161,6847811.904434941,22,291.57974999999976
3,50,933472.5998217161,6847811.904434941,25,251.54514000000012
3,50,933472.5998217161,6847811.904434941,26,246.8779657544111
3,50,933472.5998217161,6847811.904434941,28,291.57974999999954
3,50,933472.5998217161,6847811.904434941,30,291.5797499999997
3,50,933472.5998217161,6847811.904434941,32,291.57974999999976
3,50,933472.5998217161,6847811.904434941,34,291.5797499999994
3,50,933472.5998217161,6847811.904434941,36,233.59941198276397
3,50,933472.5998217161,6847811.904434941,37,226.86048000000014
3,50,933472.5998217161,6847811.904434941,38,242.62367182757265
3,50,933472.5998217161,6847811.904434941,40,291.57974999999965
3,50,933472.5998217161,6847811.904434941,42,291.5797499999999
3,50,933472.5998217161,6847811.904434941,44,291.5797499999999
3,50,933472.5998217161,6847811.904434941,46,291.5797499999995
3,50,933472.5998217161,6847811.904434941,48,273.6785850712956
3,50,933472.5998217161,6847811.904434941,2,291.5797499999999
3,50,933472.5998217161,6847811.904434941,7,291.5797499999997
3,50,933472.5998217161,6847811.904434941,12,262.2048832686101
3,50,933472.5998217161,6847811.904434941,14,265.0554034418116
3,50,933472.5998217161,6847811.904434941,19,291.57974999999965
3,50,933472.5998217161,6847811.904434941,24,291.57974999999976
3,50,933472.5998217161,6847811.904434941,31,291.57974999999965
3,50,933472.5998217161,6847811.904434941,43,291.5797499999996
3,50,933472.5998217161,6847811.904434941,3,262.49973750000044
3,50,933472.5998217161,6847811.904434941,5,291.5797499999999
3,50,933472.5998217161,6847811.904434941,9,291.5797499999999
3,50,933472.5998217161,6847811.904434941,11,262.4997375000004
3,50,933472.5998217161,6847811.904434941,15,291.57975
3,50,933472.5998217161,6847811.904434941,17,291.5797499999999
3,50,933472.5998217161,6847811.904434941,21,291.5797499999999
3,50,933472.5998217161,6847811.904434941,23,262.49973750000044
3,50,933472.5998217161,6847811.904434941,27,262.4997375000004
3,50,933472.5998217161,6847811.904434941,29,291.5797499999999
3,50,933472.5998217161,6847811.904434941,33,291.5797499999999
3,50,933472.5998217161,6847811.904434941,35,291.57974999999993
3,50,933472.5998217161,6847811.904434941,39,291.57975000000005
3,50,933472.5998217161,6847811.904434941,41,291.5797499999999
3,50,933472.5998217161,6847811.904434941,45,291.57974999999993
3,50,933472.5998217161,6847811.904434941,47,291.57975000000005
3,76,933472.5998217161,6847811.904434941,2,217.43147791314212
3,76,933472.5998217161,6847811.904434941,3,291.57975
3,76,933472.5998217161,6847811.904434941,5,291.5797499999998
3,76,933472.5998217161,6847811.904434941,7,291.5797499999995
3,76,933472.5998217161,6847811.904434941,9,291.57974999999976
3,76,933472.5998217161,6847811.904434941,11,291.57975000000005
3,76,933472.5998217161,6847811.904434941,12,246.8063446445318
3,76,933472.5998217161,6847811.904434941,14,243.9558244713302
3,76,933472.5998217161,6847811.904434941,15,262.49973750000026
3,76,933472.5998217161,6847811.904434941,17,291.5797499999997
3,76,933472.5998217161,6847811.904434941,19,291.5797499999996
3,76,933472.5998217161,6847811.904434941,21,291.5797499999998
3,76,933472.5998217161,6847811.904434941,23,291.57974999999993
3,76,933472.5998217161,6847811.904434941,24,217.4314779131422
3,76,933472.5998217161,6847811.904434941,27,291.57975000000016
3,76,933472.5998217161,6847811.904434941,29,291.5797499999998
3,76,933472.5998217161,6847811.904434941,31,291.57974999999954
3,76,933472.5998217161,6847811.904434941,33,291.5797499999998
3,76,933472.5998217161,6847811.904434941,35,262.4997375000004
3,76,933472.5998217161,6847811.904434941,39,262.4997375000003
3,76,933472.5998217161,6847811.904434941,41,291.57974999999976
3,76,933472.5998217161,6847811.904434941,43,291.5797499999996
3,76,933472.5998217161,6847811.904434941,45,291.5797499999997
3,76,933472.5998217161,6847811.904434941,47,262.4997375000002
3,76,933472.5998217161,6847811.904434941,1,264.6982800000002
3,76,933472.5998217161,6847811.904434941,4,291.5797499999997
3,76,933472.5998217161,6847811.904434941,6,291.5797499999998
3,76,933472.5998217161,6847811.904434941,8,291.5797499999999
3,76,933472.5998217161,6847811.904434941,10,291.57974999999954
3,76,933472.5998217161,6847811.904434941,13,254.4834600000002
3,76,933472.5998217161,6847811.904434941,16,291.57974999999954
3,76,933472.5998217161,6847811.904434941,18,291.57975000000005
3,76,933472.5998217161,6847811.904434941,20,291.5797499999998
3,76,933472.5998217161,6847811.904434941,22,291.5797499999996
3,76,933472.5998217161,6847811.904434941,25,240.9699600000002
3,76,933472.5998217161,6847811.904434941,28,291.5797499999996
3,76,933472.5998217161,6847811.904434941,30,291.57974999999993
3,76,933472.5998217161,6847811.904434941,32,291.5797499999999
3,76,933472.5998217161,6847811.904434941,34,291.5797499999996
3,76,933472.5998217161,6847811.904434941,37,265.65462000000014
3,76,933472.5998217161,6847811.904434941,40,291.5797499999996
3,76,933472.5998217161,6847811.904434941,42,291.5797499999999
3,76,933472.5998217161,6847811.904434941,44,291.5797499999999
3,76,933472.5998217161,6847811.904434941,46,291.57974999999965
3,76,933472.5998217161,6847811.904434941,26,262.13326215873076
3,76,933472.5998217161,6847811.904434941,36,275.41181593037794
3,76,933472.5998217161,6847811.904434941,38,266.38755608556914
3,76,933472.5998217161,6847811.904434941,48,235.33264284184634
3,8,932794.3604016128,6848981.7958182,1,573.6307499999991
3,8,932794.3604016128,6848981.7958182,2,573.6307499999995
3,8,932794.3604016128,6848981.7958182,3,573.6307500000001
3,8,932794.3604016128,6848981.7958182,4,573.6307500000004
3,8,932794.3604016128,6848981.7958182,5,573.6307499999997
3,8,932794.3604016128,6848981.7958182,6,573.6307499999998
3,8,932794.3604016128,6848981.7958182,7,573.6307499999998
3,8,932794.3604016128,6848981.7958182,8,573.6307499999998
3,8,932794.3604016128,6848981.7958182,9,573.6307499999997
3,8,932794.3604016128,6848981.7958182,10,573.6307500000004
3,8,932794.3604016128,6848981.7958182,11,573.6307500000004
3,8,932794.3604016128,6848981.7958182,12,573.6307499999995
3,8,932794.3604016128,6848981.7958182,13,573.6307499999991
3,8,932794.3604016128,6848981.7958182,14,573.6307499999995
3,8,932794.3604016128,6848981.7958182,15,573.6307500000004
3,8,932794.3604016128,6848981.7958182,16,573.6307500000004
3,8,932794.3604016128,6848981.7958182,17,573.6307499999997
3,8,932794.3604016128,6848981.7958182,18,573.6307499999998
3,8,932794.3604016128,6848981.7958182,19,573.6307499999998
3,8,932794.3604016128,6848981.7958182,20,573.6307499999999
3,8,932794.3604016128,6848981.7958182,21,573.6307499999997
3,8,932794.3604016128,6848981.7958182,22,573.6307500000004
3,8,932794.3604016128,6848981.7958182,23,573.6307500000004
3,8,932794.3604016128,6848981.7958182,24,573.6307499999995
3,8,932794.3604016128,6848981.7958182,25,573.6307499999991
3,8,932794.3604016128,6848981.7958182,26,573.6307499999995
3,8,932794.3604016128,6848981.7958182,27,573.6307500000004
3,8,932794.3604016128,6848981.7958182,28,573.6307500000004
3,8,932794.3604016128,6848981.7958182,29,573.6307499999997
3,8,932794.3604016128,6848981.7958182,30,573.6307499999999
3,8,932794.3604016128,6848981.7958182,31,573.6307499999998
3,8,932794.3604016128,6848981.7958182,32,573.6307499999998
3,8,932794.3604016128,6848981.7958182,33,573.6307499999996
3,8,932794.3604016128,6848981.7958182,34,573.6307500000004
3,8,932794.3604016128,6848981.7958182,35,573.6307500000003
3,8,932794.3604016128,6848981.7958182,36,573.6307499999995
3,8,932794.3604016128,6848981.7958182,37,573.6307499999992
3,8,932794.3604016128,6848981.7958182,38,573.6307499999995
3,8,932794.3604016128,6848981.7958182,39,573.6307500000001
3,8,932794.3604016128,6848981.7958182,40,573.6307500000004
3,8,932794.3604016128,6848981.7958182,41,573.6307499999997
3,8,932794.3604016128,6848981.7958182,42,573.6307499999999
3,8,932794.3604016128,6848981.7958182,43,573.6307499999998
3,8,932794.3604016128,6848981.7958182,44,573.6307499999998
3,8,932794.3604016128,6848981.7958182,45,573.6307499999996
3,8,932794.3604016128,6848981.7958182,46,573.6307500000004
3,8,932794.3604016128,6848981.7958182,47,573.6307500000001
3,8,932794.3604016128,6848981.7958182,48,573.6307499999995
3,69,934334.8998210647,6847164.004435261,1,182.952
3,69,934334.8998210647,6847164.004435261,2,182.952
3,69,934334.8998210647,6847164.004435261,3,182.952
3,69,934334.8998210647,6847164.004435261,4,182.952
3,69,934334.8998210647,6847164.004435261,5,182.952
3,69,934334.8998210647,6847164.004435261,6,182.952
3,69,934334.8998210647,6847164.004435261,7,182.952
3,69,934334.8998210647,6847164.004435261,8,182.952
3,69,934334.8998210647,6847164.004435261,9,182.952
3,69,934334.8998210647,6847164.004435261,10,182.952
3,69,934334.8998210647,6847164.004435261,11,182.95199999999994
3,69,934334.8998210647,6847164.004435261,12,182.952
3,69,934334.8998210647,6847164.004435261,13,182.952
3,69,934334.8998210647,6847164.004435261,14,182.952
3,69,934334.8998210647,6847164.004435261,15,182.952
3,69,934334.8998210647,6847164.004435261,16,182.952
3,69,934334.8998210647,6847164.004435261,17,182.952
3,69,934334.8998210647,6847164.004435261,18,182.952
3,69,934334.8998210647,6847164.004435261,19,182.952
3,69,934334.8998210647,6847164.004435261,20,182.952
3,69,934334.8998210647,6847164.004435261,21,182.952
3,69,934334.8998210647,6847164.004435261,22,182.952
3,69,934334.8998210647,6847164.004435261,23,182.95199999999997
3,69,934334.8998210647,6847164.004435261,24,182.952
3,69,934334.8998210647,6847164.004435261,25,182.952
3,69,934334.8998210647,6847164.004435261,26,182.952
3,69,934334.8998210647,6847164.004435261,27,182.95199999999997
3,69,934334.8998210647,6847164.004435261,28,182.952
3,69,934334.8998210647,6847164.004435261,29,182.952
3,69,934334.8998210647,6847164.004435261,30,182.952
3,69,934334.8998210647,6847164.004435261,31,182.952
3,69,934334.8998210647,6847164.004435261,32,182.952
3,69,934334.8998210647,6847164.004435261,33,182.952
3,69,934334.8998210647,6847164.004435261,34,182.952
3,69,934334.8998210647,6847164.004435261,35,182.952
3,69,934334.8998210647,6847164.004435261,36,182.952
3,69,934334.8998210647,6847164.004435261,37,182.952
3,69,934334.8998210647,6847164.004435261,38,182.952
3,69,934334.8998210647,6847164.004435261,39,182.952
3,69,934334.8998210647,6847164.004435261,40,182.952
3,69,934334.8998210647,6847164.004435261,41,182.952
3,69,934334.8998210647,6847164.004435261,42,182.952
3,69,934334.8998210647,6847164.004435261,43,182.952
3,69,934334.8998210647,6847164.004435261,44,182.952
3,69,934334.8998210647,6847164.004435261,45,182.952
3,69,934334.8998210647,6847164.004435261,46,182.952
3,69,934334.8998210647,6847164.004435261,47,182.95199999999997
3,69,934334.8998210647,6847164.004435261,48,182.952
3,21,934045.0998212856,6847194.404435249,9,139.3103250000001
3,21,934045.0998212856,6847194.404435249,29,157.60552500000014
3,21,934045.0998212856,6847194.404435249,42,175.20820656785494
3,21,934045.0998212856,6847194.404435249,45,149.20116750000008
3,21,934045.0998212856,6847194.404435249,18,177.20013281421808
3,21,934045.0998212856,6847194.404435249,19,222.7648499999999
3,21,934045.0998212856,6847194.404435249,20,160.81755572678287
3,21,934045.0998212856,6847194.404435249,21,153.96554250000014
3,21,934045.0998212856,6847194.404435249,33,172.20357000000016
3,21,934045.0998212856,6847194.404435249,41,140.3394300000001
3,21,934045.0998212856,6847194.404435249,43,195.61310999999984
3,21,934045.0998212856,6847194.404435249,7,213.59645999999842
3,21,934045.0998212856,6847194.404435249,31,220.3532100000001
3,21,934045.0998212856,6847194.404435249,8,182.11897109605343
3,21,934045.0998212856,6847194.404435249,30,176.22449546906063
3,21,934045.0998212856,6847194.404435249,6,194.5380214687865
3,21,934045.0998212856,6847194.404435249,32,156.99630945824956
3,21,934045.0998212856,6847194.404435249,34,88.4614500000001
3,21,934045.0998212856,6847194.404435249,35,74.76603750000004
3,21,934045.0998212856,6847194.404435249,36,72.55218430786731
3,21,934045.0998212856,6847194.404435249,38,77.37944711374121
3,21,934045.0998212856,6847194.404435249,39,75.74836500000002
3,21,934045.0998212856,6847194.404435249,46,92.3076000000001
3,21,934045.0998212856,6847194.404435249,47,70.80554250000003
3,21,934045.0998212856,6847194.404435249,48,68.51275371066718
3,21,934045.0998212856,6847194.404435249,1,63.146160000000016
3,21,934045.0998212856,6847194.404435249,3,77.30761500000003
3,21,934045.0998212856,6847194.404435249,4,81.82597500000007
3,21,934045.0998212856,6847194.404435249,5,154.6325550000001
3,21,934045.0998212856,6847194.404435249,12,65.9773664209352
3,21,934045.0998212856,6847194.404435249,13,68.87034000000003
3,21,934045.0998212856,6847194.404435249,25,67.27644000000002
3,21,934045.0998212856,6847194.404435249,27,82.40636250000006
3,21,934045.0998212856,6847194.404435249,37,67.49820000000003
3,21,934045.0998212856,6847194.404435249,11,72.62986500000002
3,21,934045.0998212856,6847194.404435249,14,60.72037695578472
3,21,934045.0998212856,6847194.404435249,16,91.97842500000007
3,21,934045.0998212856,6847194.404435249,22,90.7656750000001
3,21,934045.0998212856,6847194.404435249,24,66.92276507134373
3,21,934045.0998212856,6847194.404435249,26,69.88787902035233
3,21,934045.0998212856,6847194.404435249,2,52.28341021198731
3,21,934045.0998212856,6847194.404435249,28,87.7857750000001
3,21,934045.0998212856,6847194.404435249,40,93.95347500000013
3,21,934045.0998212856,6847194.404435249,44,218.78967754632154
3,21,934045.0998212856,6847194.404435249,10,91.9784250000001
3,21,934045.0998212856,6847194.404435249,15,81.28370250000003
3,21,934045.0998212856,6847194.404435249,17,140.05356749999694
3,21,934045.0998212856,6847194.404435249,23,73.17560250000002
3,38,933906.9998213904,6847232.504435231,1,1031.2533000000137
3,38,933906.9998213904,6847232.504435231,2,1065.7937361158802
3,38,933906.9998213904,6847232.504435231,3,1160.1599625000194
3,38,933906.9998213904,6847232.504435231,4,1289.0666250000195
3,38,933906.9998213904,6847232.504435231,5,1320.6847500000024
3,38,933906.9998213904,6847232.504435231,7,1320.6847500000022
3,38,933906.9998213904,6847232.504435231,8,1320.6847500000029
3,38,933906.9998213904,6847232.504435231,10,1289.066625000014
3,38,933906.9998213904,6847232.504435231,11,1160.1599625000147
3,38,933906.9998213904,6847232.504435231,12,1065.7937361158802
3,38,933906.9998213904,6847232.504435231,13,1031.2533000000137
3,38,933906.9998213904,6847232.504435231,14,1065.7937361158802
3,38,933906.9998213904,6847232.504435231,15,1160.1599625000147
3,38,933906.9998213904,6847232.504435231,16,1289.066625000014
3,38,933906.9998213904,6847232.504435231,17,1320.684750000003
3,38,933906.9998213904,6847232.504435231,19,1320.684750000001
3,38,933906.9998213904,6847232.504435231,21,1320.6847500000026
3,38,933906.9998213904,6847232.504435231,22,1289.0666250000195
3,38,933906.9998213904,6847232.504435231,23,1160.1599625000147
3,38,933906.9998213904,6847232.504435231,24,1065.7937361158802
3,38,933906.9998213904,6847232.504435231,25,1031.2533000000137
3,38,933906.9998213904,6847232.504435231,26,1065.7937361158802
3,38,933906.9998213904,6847232.504435231,27,1160.1599625000197
3,38,933906.9998213904,6847232.504435231,28,1289.066625000014
3,38,933906.9998213904,6847232.504435231,30,1320.6847500000029
3,38,933906.9998213904,6847232.504435231,31,1320.684750000002
3,38,933906.9998213904,6847232.504435231,32,1320.6847500000038
3,38,933906.9998213904,6847232.504435231,33,1320.6847500000026
3,38,933906.9998213904,6847232.504435231,34,1289.066625000014
3,38,933906.9998213904,6847232.504435231,35,1160.1599625000197
3,38,933906.9998213904,6847232.504435231,36,1065.7937361158802
3,38,933906.9998213904,6847232.504435231,37,1031.2533000000137
3,38,933906.9998213904,6847232.504435231,38,1065.7937361158802
3,38,933906.9998213904,6847232.504435231,39,1160.1599625000147
3,38,933906.9998213904,6847232.504435231,40,1289.066625000014
3,38,933906.9998213904,6847232.504435231,41,1320.6847500000026
3,38,933906.9998213904,6847232.504435231,44,1320.6847500000042
3,38,933906.9998213904,6847232.504435231,46,1289.066625000014
3,38,933906.9998213904,6847232.504435231,47,1160.1599625000194
3,38,933906.9998213904,6847232.504435231,48,1065.7937361158802
3,38,933906.9998213904,6847232.504435231,6,1320.6847500000035
3,38,933906.9998213904,6847232.504435231,9,1320.6847500000026
3,38,933906.9998213904,6847232.504435231,29,1320.6847500000024
3,38,933906.9998213904,6847232.504435231,42,1320.684750000004
3,38,933906.9998213904,6847232.504435231,43,1320.684750000002
3,38,933906.9998213904,6847232.504435231,45,1320.6847500000024
3,38,933906.9998213904,6847232.504435231,18,1320.6847500000029
3,38,933906.9998213904,6847232.504435231,20,1320.6847500000035
3,58,934045.0998212856,6847194.404435249,6,188.78882918273084
3,58,934045.0998212856,6847194.404435249,18,206.12671783729962
3,58,934045.0998212856,6847194.404435249,20,222.50929492473423
3,58,934045.0998212856,6847194.404435249,43,226.63179000000005
3,58,934045.0998212856,6847194.404435249,31,201.89168999999953
3,58,934045.0998212856,6847194.404435249,8,201.20787955546393
3,58,934045.0998212856,6847194.404435249,30,207.10235518245673
3,58,934045.0998212856,6847194.404435249,42,208.11864408366196
3,58,934045.0998212856,6847194.404435249,32,226.33054119326724
3,58,934045.0998212856,6847194.404435249,44,164.53717310519548
3,58,934045.0998212856,6847194.404435249,7,208.64843999999994
3,58,934045.0998212856,6847194.404435249,19,199.4800500000002
3,58,934045.0998212856,6847194.404435249,1,67.55364000000006
3,58,934045.0998212856,6847194.404435249,2,82.79400302062645
3,58,934045.0998212856,6847194.404435249,3,69.72966000000002
3,58,934045.0998212856,6847194.404435249,4,81.54877500000002
3,58,934045.0998212856,6847194.404435249,5,122.36820749999708
3,58,934045.0998212856,6847194.404435249,9,137.6904374999969
3,58,934045.0998212856,6847194.404435249,10,71.39632500000003
3,58,934045.0998212856,6847194.404435249,11,74.40741000000004
3,58,934045.0998212856,6847194.404435249,12,69.10004681167857
3,58,934045.0998212856,6847194.404435249,13,61.82946000000003
3,58,934045.0998212856,6847194.404435249,14,74.35703627682905
3,58,934045.0998212856,6847194.404435249,15,65.75357250000003
3,58,934045.0998212856,6847194.404435249,16,71.39632500000002
3,58,934045.0998212856,6847194.404435249,17,136.9471950000001
3,58,934045.0998212856,6847194.404435249,21,123.03521999999685
3,58,934045.0998212856,6847194.404435249,22,72.60907500000003
3,58,934045.0998212856,6847194.404435249,23,73.86167250000004
3,58,934045.0998212856,6847194.404435249,24,68.15464816127
3,58,934045.0998212856,6847194.404435249,25,63.42336000000003
3,58,934045.0998212856,6847194.404435249,26,65.18953421226144
3,58,934045.0998212856,6847194.404435249,27,64.63091250000004
3,58,934045.0998212856,6847194.404435249,28,75.588975
3,58,934045.0998212856,6847194.404435249,29,119.39523749999715
3,58,934045.0998212856,6847194.404435249,33,104.79719249999683
3,58,934045.0998212856,6847194.404435249,37,63.20160000000004
3,58,934045.0998212856,6847194.404435249,40,69.42127500000002
3,58,934045.0998212856,6847194.404435249,35,72.27123750000003
3,58,934045.0998212856,6847194.404435249,36,62.52522892474645
3,58,934045.0998212856,6847194.404435249,38,57.69796611887255
3,58,934045.0998212856,6847194.404435249,39,71.28891000000003
3,58,934045.0998212856,6847194.404435249,41,136.6613324999968
3,58,934045.0998212856,6847194.404435249,45,127.79959499999717
3,58,934045.0998212856,6847194.404435249,46,71.06715000000003
3,58,934045.0998212856,6847194.404435249,47,76.23173250000004
3,58,934045.0998212856,6847194.404435249,34,74.9133
3,58,934045.0998212856,6847194.404435249,48,66.56465952194657
3,37,934585.699820864,6848050.504434808,6,544.7597597827713
3,37,934585.699820864,6848050.504434808,30,544.7597597827712
3,37,934585.699820864,6848050.504434808,32,544.7597597827711
3,37,934585.699820864,6848050.504434808,7,588.3223499999993
3,37,934585.699820864,6848050.504434808,18,544.7597597827713
3,37,934585.699820864,6848050.504434808,19,588.3223499999997
3,37,934585.699820864,6848050.504434808,20,544.7597597827713
3,37,934585.699820864,6848050.504434808,31,588.3223499999996
3,37,934585.699820864,6848050.504434808,42,544.7597597827712
3,37,934585.699820864,6848050.504434808,43,588.3223499999997
3,37,934585.699820864,6848050.504434808,44,544.7597597827714
3,37,934585.699820864,6848050.504434808,17,391.91748750000164
3,37,934585.699820864,6848050.504434808,21,391.91748750000176
3,37,934585.699820864,6848050.504434808,41,391.9174875000015
3,37,934585.699820864,6848050.504434808,5,391.9174875000016
3,37,934585.699820864,6848050.504434808,8,544.7597597827713
3,37,934585.699820864,6848050.504434808,9,391.9174875000016
3,37,934585.699820864,6848050.504434808,33,391.91748750000164
3,37,934585.699820864,6848050.504434808,45,391.9174875000017
3,37,934585.699820864,6848050.504434808,29,391.91748750000176
3,37,934585.699820864,6848050.504434808,1,184.89240000000012
3,37,934585.699820864,6848050.504434808,2,191.08512115833156
3,37,934585.699820864,6848050.504434808,3,208.0039500000001
3,37,934585.699820864,6848050.504434808,4,231.11549999999994
3,37,934585.699820864,6848050.504434808,10,231.11549999999994
3,37,934585.699820864,6848050.504434808,11,208.0039500000001
3,37,934585.699820864,6848050.504434808,12,191.08512115833156
3,37,934585.699820864,6848050.504434808,13,184.89240000000012
3,37,934585.699820864,6848050.504434808,14,191.08512115833156
3,37,934585.699820864,6848050.504434808,15,208.0039500000001
3,37,934585.699820864,6848050.504434808,16,231.11549999999994
3,37,934585.699820864,6848050.504434808,22,231.11549999999994
3,37,934585.699820864,6848050.504434808,23,208.0039500000001
3,37,934585.699820864,6848050.504434808,24,191.08512115833156
3,37,934585.699820864,6848050.504434808,25,184.89240000000012
3,37,934585.699820864,6848050.504434808,26,191.08512115833156
3,37,934585.699820864,6848050.504434808,27,208.0039500000001
3,37,934585.699820864,6848050.504434808,28,231.11549999999994
3,37,934585.699820864,6848050.504434808,34,231.11549999999994
3,37,934585.699820864,6848050.504434808,35,208.0039500000001
3,37,934585.699820864,6848050.504434808,36,191.08512115833156
3,37,934585.699820864,6848050.504434808,37,184.89240000000012
3,37,934585.699820864,6848050.504434808,38,191.08512115833156
3,37,934585.699820864,6848050.504434808,39,208.0039500000001
3,37,934585.699820864,6848050.504434808,40,231.11549999999994
3,37,934585.699820864,6848050.504434808,46,231.11549999999994
3,37,934585.699820864,6848050.504434808,47,208.0039500000001
3,37,934585.699820864,6848050.504434808,48,191.08512115833156
3,57,934687.8998207864,6848019.504434823,1,332.67464999999964
3,57,934687.8998207864,6848019.504434823,2,368.86142047218505
3,57,934687.8998207864,6848019.504434823,3,486.56396250000074
3,57,934687.8998207864,6848019.504434823,4,647.3486249999975
3,57,934687.8998207864,6848019.504434823,5,697.5044999999992
3,57,934687.8998207864,6848019.504434823,6,697.5044999999992
3,57,934687.8998207864,6848019.504434823,7,697.5045000000006
3,57,934687.8998207864,6848019.504434823,8,697.5044999999991
3,57,934687.8998207864,6848019.504434823,9,697.5044999999991
3,57,934687.8998207864,6848019.504434823,10,647.3486249999975
3,57,934687.8998207864,6848019.504434823,11,486.5639625000003
3,57,934687.8998207864,6848019.504434823,12,368.8614204721847
3,57,934687.8998207864,6848019.504434823,13,332.67464999999976
3,57,934687.8998207864,6848019.504434823,14,368.8614204721847
3,57,934687.8998207864,6848019.504434823,15,486.56396250000034
3,57,934687.8998207864,6848019.504434823,16,647.3486249999979
3,57,934687.8998207864,6848019.504434823,17,697.5044999999993
3,57,934687.8998207864,6848019.504434823,18,697.5044999999991
3,57,934687.8998207864,6848019.504434823,19,697.5045000000007
3,57,934687.8998207864,6848019.504434823,20,697.5044999999991
3,57,934687.8998207864,6848019.504434823,21,697.5044999999991
3,57,934687.8998207864,6848019.504434823,22,647.3486249999979
3,57,934687.8998207864,6848019.504434823,23,486.56396250000097
3,57,934687.8998207864,6848019.504434823,24,368.86142047218505
3,57,934687.8998207864,6848019.504434823,25,332.67464999999964
3,57,934687.8998207864,6848019.504434823,26,368.8614204721847
3,57,934687.8998207864,6848019.504434823,27,486.56396250000086
3,57,934687.8998207864,6848019.504434823,28,647.3486249999975
3,57,934687.8998207864,6848019.504434823,29,697.504499999999
3,57,934687.8998207864,6848019.504434823,30,697.5044999999992
3,57,934687.8998207864,6848019.504434823,31,697.5045000000008
3,57,934687.8998207864,6848019.504434823,32,697.5044999999992
3,57,934687.8998207864,6848019.504434823,33,697.5044999999992
3,57,934687.8998207864,6848019.504434823,34,647.3486249999979
3,57,934687.8998207864,6848019.504434823,35,486.56396250000023
3,57,934687.8998207864,6848019.504434823,36,368.86142047218516
3,57,934687.8998207864,6848019.504434823,37,332.6746499999996
3,57,934687.8998207864,6848019.504434823,38,368.8614204721847
3,57,934687.8998207864,6848019.504434823,39,486.56396250000074
3,57,934687.8998207864,6848019.504434823,40,647.3486249999975
3,57,934687.8998207864,6848019.504434823,41,697.5044999999989
3,57,934687.8998207864,6848019.504434823,42,697.5044999999993
3,57,934687.8998207864,6848019.504434823,43,697.5045000000006
3,57,934687.8998207864,6848019.504434823,44,697.5044999999992
3,57,934687.8998207864,6848019.504434823,45,697.5044999999991
3,57,934687.8998207864,6848019.504434823,46,647.3486249999978
3,57,934687.8998207864,6848019.504434823,47,486.56396250000086
3,57,934687.8998207864,6848019.504434823,48,368.86142047218505
3,31,934107.899821243,6846671.504435516,1,385.7931
3,31,934107.899821243,6846671.504435516,2,444.76028456407465
3,31,934107.899821243,6846671.504435516,3,485.96625000000057
3,31,934107.899821243,6846671.504435516,4,485.96625
3,31,934107.899821243,6846671.504435516,5,485.96625
3,31,934107.899821243,6846671.504435516,6,485.966249999999
3,31,934107.899821243,6846671.504435516,7,485.9662499999994
3,31,934107.899821243,6846671.504435516,8,485.966249999999
3,31,934107.899821243,6846671.504435516,9,485.9662499999997
3,31,934107.899821243,6846671.504435516,10,485.9662500000001
3,31,934107.899821243,6846671.504435516,11,485.96625000000046
3,31,934107.899821243,6846671.504435516,12,444.76028456407477
3,31,934107.899821243,6846671.504435516,13,385.79310000000044
3,31,934107.899821243,6846671.504435516,14,444.76028456407477
3,31,934107.899821243,6846671.504435516,15,485.9662500000004
3,31,934107.899821243,6846671.504435516,16,485.9662500000001
3,31,934107.899821243,6846671.504435516,17,485.96624999999955
3,31,934107.899821243,6846671.504435516,18,485.966249999999
3,31,934107.899821243,6846671.504435516,19,485.9662499999992
3,31,934107.899821243,6846671.504435516,20,485.966249999999
3,31,934107.899821243,6846671.504435516,21,485.9662499999996
3,31,934107.899821243,6846671.504435516,22,485.9662500000001
3,31,934107.899821243,6846671.504435516,23,485.9662500000007
3,31,934107.899821243,6846671.504435516,24,444.76028456407465
3,31,934107.899821243,6846671.504435516,25,385.79309999999987
3,31,934107.899821243,6846671.504435516,26,444.7602845640747
3,31,934107.899821243,6846671.504435516,27,485.96625000000057
3,31,934107.899821243,6846671.504435516,28,485.9662500000001
3,31,934107.899821243,6846671.504435516,29,485.96624999999966
3,31,934107.899821243,6846671.504435516,30,485.96624999999887
3,31,934107.899821243,6846671.504435516,31,485.9662499999994
3,31,934107.899821243,6846671.504435516,32,485.96624999999887
3,31,934107.899821243,6846671.504435516,33,485.96624999999943
3,31,934107.899821243,6846671.504435516,34,485.96625
3,31,934107.899821243,6846671.504435516,35,485.96625000000057
3,31,934107.899821243,6846671.504435516,36,444.76028456407465
3,31,934107.899821243,6846671.504435516,37,385.79309999999987
3,31,934107.899821243,6846671.504435516,38,444.76028456407465
3,31,934107.899821243,6846671.504435516,39,485.9662500000006
3,31,934107.899821243,6846671.504435516,40,485.9662500000002
3,31,934107.899821243,6846671.504435516,41,485.9662499999996
3,31,934107.899821243,6846671.504435516,42,485.9662499999991
3,31,934107.899821243,6846671.504435516,43,485.96624999999926
3,31,934107.899821243,6846671.504435516,44,485.9662499999991
3,31,934107.899821243,6846671.504435516,45,485.96624999999943
3,31,934107.899821243,6846671.504435516,46,485.96624999999983
3,31,934107.899821243,6846671.504435516,47,485.96625000000074
3,31,934107.899821243,6846671.504435516,48,444.76028456407465
3,23,933186.3998219331,6847949.604434876,1,451.07370000000014
3,23,933186.3998219331,6847949.604434876,2,466.18180420523964
3,23,933186.3998219331,6847949.604434876,3,507.4579125000005
3,23,933186.3998219331,6847949.604434876,4,563.8421249999996
3,23,933186.3998219331,6847949.604434876,5,620.2263374999994
3,23,933186.3998219331,6847949.604434876,6,661.5024457947598
3,23,933186.3998219331,6847949.604434876,7,676.6105500000003
3,23,933186.3998219331,6847949.604434876,8,661.5024457947598
3,23,933186.3998219331,6847949.604434876,9,620.2263374999994
3,23,933186.3998219331,6847949.604434876,10,563.8421249999996
3,23,933186.3998219331,6847949.604434876,11,507.4579125000005
3,23,933186.3998219331,6847949.604434876,12,466.18180420523964
3,23,933186.3998219331,6847949.604434876,13,451.07370000000014
3,23,933186.3998219331,6847949.604434876,14,466.18180420523964
3,23,933186.3998219331,6847949.604434876,15,507.4579125000005
3,23,933186.3998219331,6847949.604434876,16,563.8421249999996
3,23,933186.3998219331,6847949.604434876,17,620.2263374999994
3,23,933186.3998219331,6847949.604434876,18,661.5024457947598
3,23,933186.3998219331,6847949.604434876,19,676.6105500000003
3,23,933186.3998219331,6847949.604434876,20,661.5024457947598
3,23,933186.3998219331,6847949.604434876,21,620.2263374999994
3,23,933186.3998219331,6847949.604434876,22,563.8421249999996
3,23,933186.3998219331,6847949.604434876,23,507.4579125000005
3,23,933186.3998219331,6847949.604434876,24,466.18180420523964
3,23,933186.3998219331,6847949.604434876,25,451.07370000000014
3,23,933186.3998219331,6847949.604434876,26,466.18180420523964
3,23,933186.3998219331,6847949.604434876,27,507.4579125000005
3,23,933186.3998219331,6847949.604434876,28,563.8421249999996
3,23,933186.3998219331,6847949.604434876,29,620.2263374999994
3,23,933186.3998219331,6847949.604434876,30,661.5024457947598
3,23,933186.3998219331,6847949.604434876,31,676.6105500000003
3,23,933186.3998219331,6847949.604434876,32,661.5024457947598
3,23,933186.3998219331,6847949.604434876,33,620.2263374999994
3,23,933186.3998219331,6847949.604434876,34,563.8421249999996
3,23,933186.3998219331,6847949.604434876,35,507.4579125000005
3,23,933186.3998219331,6847949.604434876,36,466.18180420523964
3,23,933186.3998219331,6847949.604434876,37,451.07370000000014
3,23,933186.3998219331,6847949.604434876,38,466.18180420523964
3,23,933186.3998219331,6847949.604434876,39,507.4579125000005
3,23,933186.3998219331,6847949.604434876,40,563.8421249999996
3,23,933186.3998219331,6847949.604434876,41,620.2263374999994
3,23,933186.3998219331,6847949.604434876,42,661.5024457947598
3,23,933186.3998219331,6847949.604434876,43,676.6105500000003
3,23,933186.3998219331,6847949.604434876,44,661.5024457947598
3,23,933186.3998219331,6847949.604434876,45,620.2263374999994
3,23,933186.3998219331,6847949.604434876,46,563.8421249999996
3,23,933186.3998219331,6847949.604434876,47,507.4579125000005
3,23,933186.3998219331,6847949.604434876,48,466.18180420523964
3,25,933734.0998215002,6849385.604434141,18,784.0326978941937
3,25,933734.0998215002,6849385.604434141,19,798.5092500000026
3,25,933734.0998215002,6849385.604434141,20,784.0326978941935
3,25,933734.0998215002,6849385.604434141,23,312.1012125000012
3,25,933734.0998215002,6849385.604434141,32,784.0326978941932
3,25,933734.0998215002,6849385.604434141,39,312.10121250000145
3,25,933734.0998215002,6849385.604434141,42,784.032697894193
3,25,933734.0998215002,6849385.604434141,43,798.509250000002
3,25,933734.0998215002,6849385.604434141,44,784.032697894193
3,25,933734.0998215002,6849385.604434141,47,312.10121250000117
3,25,933734.0998215002,6849385.604434141,5,657.5790375000005
3,25,933734.0998215002,6849385.604434141,6,784.0326978941936
3,25,933734.0998215002,6849385.604434141,7,798.5092500000021
3,25,933734.0998215002,6849385.604434141,8,784.0326978941932
3,25,933734.0998215002,6849385.604434141,9,657.5790375000006
3,25,933734.0998215002,6849385.604434141,30,784.0326978941936
3,25,933734.0998215002,6849385.604434141,31,798.5092500000019
3,25,933734.0998215002,6849385.604434141,21,657.5790374999998
3,25,933734.0998215002,6849385.604434141,29,657.5790375000006
3,25,933734.0998215002,6849385.604434141,33,657.5790375000001
3,25,933734.0998215002,6849385.604434141,41,657.5790375000003
3,25,933734.0998215002,6849385.604434141,45,657.5790375000001
3,25,933734.0998215002,6849385.604434141,17,657.5790374999999
3,25,933734.0998215002,6849385.604434141,40,484.840125
3,25,933734.0998215002,6849385.604434141,46,484.8401250000003
3,25,933734.0998215002,6849385.604434141,22,484.84012500000046
3,25,933734.0998215002,6849385.604434141,10,484.84012499999994
3,25,933734.0998215002,6849385.604434141,28,484.84012500000017
3,25,933734.0998215002,6849385.604434141,34,484.84012500000034
3,25,933734.0998215002,6849385.604434141,12,201.33100182879903
3,25,933734.0998215002,6849385.604434141,15,312.1012125000012
3,25,933734.0998215002,6849385.604434141,35,312.10121250000134
3,25,933734.0998215002,6849385.604434141,48,201.33100182879906
3,25,933734.0998215002,6849385.604434141,2,201.33100182879886
3,25,933734.0998215002,6849385.604434141,27,312.10121250000094
3,25,933734.0998215002,6849385.604434141,4,484.84012500000034
3,25,933734.0998215002,6849385.604434141,11,312.10121250000117
3,25,933734.0998215002,6849385.604434141,16,484.8401250000001
3,25,933734.0998215002,6849385.604434141,3,312.10121250000117
3,25,933734.0998215002,6849385.604434141,1,171.2749500000006
3,25,933734.0998215002,6849385.604434141,13,171.2749500000005
3,25,933734.0998215002,6849385.604434141,25,171.2749500000006
3,25,933734.0998215002,6849385.604434141,26,201.33100182879912
3,25,933734.0998215002,6849385.604434141,36,201.33100182879892
3,25,933734.0998215002,6849385.604434141,37,171.2749500000005
3,25,933734.0998215002,6849385.604434141,38,201.33100182879892
3,25,933734.0998215002,6849385.604434141,14,201.33100182879895
3,25,933734.0998215002,6849385.604434141,24,201.3310018287991
3,74,933841.6998214169,6849513.504434072,1,484.5456000000023
3,74,933841.6998214169,6849513.504434072,2,500.77480027700926
3,74,933841.6998214169,6849513.504434072,3,516.4582500000005
3,74,933841.6998214169,6849513.504434072,4,516.4582499999995
3,74,933841.6998214169,6849513.504434072,5,516.4582500000001
3,74,933841.6998214169,6849513.504434072,9,516.4582500000001
3,74,933841.6998214169,6849513.504434072,10,516.4582499999996
3,74,933841.6998214169,6849513.504434072,11,516.4582500000006
3,74,933841.6998214169,6849513.504434072,12,500.77480027700926
3,74,933841.6998214169,6849513.504434072,13,484.5456000000023
3,74,933841.6998214169,6849513.504434072,14,500.77480027700926
3,74,933841.6998214169,6849513.504434072,15,516.4582500000006
3,74,933841.6998214169,6849513.504434072,16,516.4582499999995
3,74,933841.6998214169,6849513.504434072,17,516.4582499999999
3,74,933841.6998214169,6849513.504434072,21,516.4582499999999
3,74,933841.6998214169,6849513.504434072,22,516.4582499999995
3,74,933841.6998214169,6849513.504434072,24,500.77480027700926
3,74,933841.6998214169,6849513.504434072,25,484.5456000000023
3,74,933841.6998214169,6849513.504434072,26,500.77480027700926
3,74,933841.6998214169,6849513.504434072,27,516.4582500000006
3,74,933841.6998214169,6849513.504434072,28,516.4582499999996
3,74,933841.6998214169,6849513.504434072,29,516.45825
3,74,933841.6998214169,6849513.504434072,33,516.45825
3,74,933841.6998214169,6849513.504434072,34,516.4582499999995
3,74,933841.6998214169,6849513.504434072,35,516.4582500000006
3,74,933841.6998214169,6849513.504434072,36,500.77480027700926
3,74,933841.6998214169,6849513.504434072,37,484.5456000000023
3,74,933841.6998214169,6849513.504434072,38,500.77480027700926
3,74,933841.6998214169,6849513.504434072,40,516.4582499999995
3,74,933841.6998214169,6849513.504434072,41,516.4582499999999
3,74,933841.6998214169,6849513.504434072,45,516.45825
3,74,933841.6998214169,6849513.504434072,46,516.4582499999993
3,74,933841.6998214169,6849513.504434072,48,500.77480027700926
3,74,933841.6998214169,6849513.504434072,6,516.4582499999998
3,74,933841.6998214169,6849513.504434072,7,516.4582499999998
3,74,933841.6998214169,6849513.504434072,8,516.45825
3,74,933841.6998214169,6849513.504434072,18,516.45825
3,74,933841.6998214169,6849513.504434072,19,516.4582499999997
3,74,933841.6998214169,6849513.504434072,20,516.45825
3,74,933841.6998214169,6849513.504434072,23,516.4582500000004
3,74,933841.6998214169,6849513.504434072,30,516.45825
3,74,933841.6998214169,6849513.504434072,31,516.4582499999998
3,74,933841.6998214169,6849513.504434072,32,516.45825
3,74,933841.6998214169,6849513.504434072,39,516.4582500000005
3,74,933841.6998214169,6849513.504434072,42,516.45825
3,74,933841.6998214169,6849513.504434072,43,516.4582499999998
3,74,933841.6998214169,6849513.504434072,44,516.45825
3,74,933841.6998214169,6849513.504434072,47,516.4582500000004
3,78,933743.3998214928,6849429.204434117,6,726.0907499999993
3,78,933743.3998214928,6849429.204434117,7,726.0907500000002
3,78,933743.3998214928,6849429.204434117,8,726.0907499999994
3,78,933743.3998214928,6849429.204434117,30,726.0907499999993
3,78,933743.3998214928,6849429.204434117,31,726.090750000001
3,78,933743.3998214928,6849429.204434117,19,726.0907500000003
3,78,933743.3998214928,6849429.204434117,10,726.0907499999997
3,78,933743.3998214928,6849429.204434117,17,726.0907499999994
3,78,933743.3998214928,6849429.204434117,21,726.0907499999996
3,78,933743.3998214928,6849429.204434117,29,726.0907499999989
3,78,933743.3998214928,6849429.204434117,33,726.0907499999993
3,78,933743.3998214928,6849429.204434117,40,726.0907500000011
3,78,933743.3998214928,6849429.204434117,41,726.0907499999994
3,78,933743.3998214928,6849429.204434117,43,726.0907500000013
3,78,933743.3998214928,6849429.204434117,45,726.0907499999996
3,78,933743.3998214928,6849429.204434117,46,726.09075
3,78,933743.3998214928,6849429.204434117,9,726.0907499999983
3,78,933743.3998214928,6849429.204434117,16,726.0907499999997
3,78,933743.3998214928,6849429.204434117,18,726.0907499999989
3,78,933743.3998214928,6849429.204434117,20,726.0907499999989
3,78,933743.3998214928,6849429.204434117,32,726.0907499999994
3,78,933743.3998214928,6849429.204434117,42,726.0907499999993
3,78,933743.3998214928,6849429.204434117,44,726.0907499999995
3,78,933743.3998214928,6849429.204434117,22,726.0907499999989
3,78,933743.3998214928,6849429.204434117,4,726.09075
3,78,933743.3998214928,6849429.204434117,28,726.0907499999994
3,78,933743.3998214928,6849429.204434117,34,726.0907499999996
3,78,933743.3998214928,6849429.204434117,5,726.0907499999986
3,78,933743.3998214928,6849429.204434117,1,726.0907499999986
3,78,933743.3998214928,6849429.204434117,2,726.0907499999993
3,78,933743.3998214928,6849429.204434117,3,726.0907500000003
3,78,933743.3998214928,6849429.204434117,11,726.0907500000006
3,78,933743.3998214928,6849429.204434117,13,726.0907499999986
3,78,933743.3998214928,6849429.204434117,14,726.0907499999992
3,78,933743.3998214928,6849429.204434117,23,726.0907499999996
3,78,933743.3998214928,6849429.204434117,24,726.0907499999993
3,78,933743.3998214928,6849429.204434117,25,726.0907499999986
3,78,933743.3998214928,6849429.204434117,26,726.0907499999992
3,78,933743.3998214928,6849429.204434117,27,726.0907499999993
3,78,933743.3998214928,6849429.204434117,36,726.0907499999994
3,78,933743.3998214928,6849429.204434117,37,726.0907499999986
3,78,933743.3998214928,6849429.204434117,38,726.0907499999993
3,78,933743.3998214928,6849429.204434117,47,726.0907499999998
3,78,933743.3998214928,6849429.204434117,12,726.0907499999995
3,78,933743.3998214928,6849429.204434117,35,726.0907499999997
3,78,933743.3998214928,6849429.204434117,48,726.0907499999994
3,78,933743.3998214928,6849429.204434117,15,726.0907499999994
3,78,933743.3998214928,6849429.204434117,39,726.0907499999993
3,41,934604.5998208483,6848166.104434751,1,665.10675
3,41,934604.5998208483,6848166.104434751,2,665.1067499999999
3,41,934604.5998208483,6848166.104434751,3,665.1067499999998
3,41,934604.5998208483,6848166.104434751,11,665.1067499999999
3,41,934604.5998208483,6848166.104434751,12,665.1067499999999
3,41,934604.5998208483,6848166.104434751,13,665.1067499999999
3,41,934604.5998208483,6848166.104434751,14,665.1067499999999
3,41,934604.5998208483,6848166.104434751,15,665.1067499999998
3,41,934604.5998208483,6848166.104434751,23,665.1067499999999
3,41,934604.5998208483,6848166.104434751,24,665.10675
3,41,934604.5998208483,6848166.104434751,25,665.10675
3,41,934604.5998208483,6848166.104434751,26,665.1067499999999
3,41,934604.5998208483,6848166.104434751,27,665.1067499999999
3,41,934604.5998208483,6848166.104434751,35,665.10675
3,41,934604.5998208483,6848166.104434751,36,665.1067499999999
3,41,934604.5998208483,6848166.104434751,37,665.1067499999999
3,41,934604.5998208483,6848166.104434751,38,665.1067499999999
3,41,934604.5998208483,6848166.104434751,39,665.1067499999999
3,41,934604.5998208483,6848166.104434751,47,665.1067499999999
3,41,934604.5998208483,6848166.104434751,48,665.1067499999998
3,41,934604.5998208483,6848166.104434751,18,665.1067499999995
3,41,934604.5998208483,6848166.104434751,20,665.1067499999995
3,41,934604.5998208483,6848166.104434751,33,665.1067499999995
3,41,934604.5998208483,6848166.104434751,8,665.1067499999995
3,41,934604.5998208483,6848166.104434751,41,665.1067499999995
3,41,934604.5998208483,6848166.104434751,4,665.1067499999999
3,41,934604.5998208483,6848166.104434751,5,665.1067499999995
3,41,934604.5998208483,6848166.104434751,6,665.1067499999995
3,41,934604.5998208483,6848166.104434751,7,665.1067500000007
3,41,934604.5998208483,6848166.104434751,9,665.1067499999996
3,41,934604.5998208483,6848166.104434751,10,665.1067499999999
3,41,934604.5998208483,6848166.104434751,16,665.1067499999999
3,41,934604.5998208483,6848166.104434751,17,665.1067499999995
3,41,934604.5998208483,6848166.104434751,19,665.1067500000006
3,41,934604.5998208483,6848166.104434751,21,665.1067499999994
3,41,934604.5998208483,6848166.104434751,22,665.1067499999998
3,41,934604.5998208483,6848166.104434751,28,665.1067499999999
3,41,934604.5998208483,6848166.104434751,29,665.1067499999995
3,41,934604.5998208483,6848166.104434751,30,665.1067499999995
3,41,934604.5998208483,6848166.104434751,31,665.1067500000006
3,41,934604.5998208483,6848166.104434751,32,665.1067499999996
3,41,934604.5998208483,6848166.104434751,34,665.1067499999999
3,41,934604.5998208483,6848166.104434751,40,665.1067499999999
3,41,934604.5998208483,6848166.104434751,42,665.1067499999994
3,41,934604.5998208483,6848166.104434751,43,665.1067500000005
3,41,934604.5998208483,6848166.104434751,44,665.1067499999994
3,41,934604.5998208483,6848166.104434751,45,665.1067499999994
3,41,934604.5998208483,6848166.104434751,46,665.1067499999999
3,47,934432.7998209777,6848335.404434666,1,156.20220000000018
3,47,934432.7998209777,6848335.404434666,2,161.43398166824556
3,47,934432.7998209777,6848335.404434666,3,175.72747500000006
3,47,934432.7998209777,6848335.404434666,4,195.25274999999993
3,47,934432.7998209777,6848335.404434666,5,214.7780250000001
3,47,934432.7998209777,6848335.404434666,6,229.07151833175462
3,47,934432.7998209777,6848335.404434666,7,234.30330000000012
3,47,934432.7998209777,6848335.404434666,8,229.07151833175462
3,47,934432.7998209777,6848335.404434666,9,214.7780250000001
3,47,934432.7998209777,6848335.404434666,10,195.25274999999993
3,47,934432.7998209777,6848335.404434666,11,175.72747500000006
3,47,934432.7998209777,6848335.404434666,12,161.43398166824556
3,47,934432.7998209777,6848335.404434666,13,156.20220000000018
3,47,934432.7998209777,6848335.404434666,14,161.43398166824556
3,47,934432.7998209777,6848335.404434666,15,175.72747500000006
3,47,934432.7998209777,6848335.404434666,16,195.25274999999993
3,47,934432.7998209777,6848335.404434666,17,214.7780250000001
3,47,934432.7998209777,6848335.404434666,18,229.07151833175462
3,47,934432.7998209777,6848335.404434666,19,234.30330000000012
3,47,934432.7998209777,6848335.404434666,20,229.07151833175462
3,47,934432.7998209777,6848335.404434666,21,214.7780250000001
3,47,934432.7998209777,6848335.404434666,22,195.25274999999993
3,47,934432.7998209777,6848335.404434666,23,175.72747500000006
3,47,934432.7998209777,6848335.404434666,24,161.43398166824556
3,47,934432.7998209777,6848335.404434666,25,156.20220000000018
3,47,934432.7998209777,6848335.404434666,26,161.43398166824556
3,47,934432.7998209777,6848335.404434666,27,175.72747500000006
3,47,934432.7998209777,6848335.404434666,28,195.25274999999993
3,47,934432.7998209777,6848335.404434666,29,214.7780250000001
3,47,934432.7998209777,6848335.404434666,30,229.07151833175462
3,47,934432.7998209777,6848335.404434666,31,234.30330000000012
3,47,934432.7998209777,6848335.404434666,32,229.07151833175462
3,47,934432.7998209777,6848335.404434666,33,214.7780250000001
3,47,934432.7998209777,6848335.404434666,34,195.25274999999993
3,47,934432.7998209777,6848335.404434666,35,175.72747500000006
3,47,934432.7998209777,6848335.404434666,36,161.43398166824556
3,47,934432.7998209777,6848335.404434666,37,156.20220000000018
3,47,934432.7998209777,6848335.404434666,38,161.43398166824556
3,47,934432.7998209777,6848335.404434666,39,175.72747500000006
3,47,934432.7998209777,6848335.404434666,40,195.25274999999993
3,47,934432.7998209777,6848335.404434666,41,214.7780250000001
3,47,934432.7998209777,6848335.404434666,42,229.07151833175462
3,47,934432.7998209777,6848335.404434666,43,234.30330000000012
3,47,934432.7998209777,6848335.404434666,44,229.07151833175462
3,47,934432.7998209777,6848335.404434666,45,214.7780250000001
3,47,934432.7998209777,6848335.404434666,46,195.25274999999993
3,47,934432.7998209777,6848335.404434666,47,175.72747500000006
3,47,934432.7998209777,6848335.404434666,48,161.43398166824556
3,39,932773.3998222386,6848897.604434397,1,211.5382500000019
3,39,932773.3998222386,6848897.604434397,2,211.53825000000185
3,39,932773.3998222386,6848897.604434397,3,211.53825000000242
3,39,932773.3998222386,6848897.604434397,4,211.53825000000265
3,39,932773.3998222386,6848897.604434397,5,211.5382500000002
3,39,932773.3998222386,6848897.604434397,6,211.5382500000001
3,39,932773.3998222386,6848897.604434397,7,211.53824999999998
3,39,932773.3998222386,6848897.604434397,8,211.53825000000015
3,39,932773.3998222386,6848897.604434397,9,211.53825000000018
3,39,932773.3998222386,6848897.604434397,10,211.5382500000027
3,39,932773.3998222386,6848897.604434397,11,211.5382500000024
3,39,932773.3998222386,6848897.604434397,12,211.53825000000185
3,39,932773.3998222386,6848897.604434397,13,211.5382500000019
3,39,932773.3998222386,6848897.604434397,14,211.53825000000185
3,39,932773.3998222386,6848897.604434397,15,211.5382500000024
3,39,932773.3998222386,6848897.604434397,16,211.53825000000262
3,39,932773.3998222386,6848897.604434397,17,211.53825000000018
3,39,932773.3998222386,6848897.604434397,18,211.5382500000001
3,39,932773.3998222386,6848897.604434397,19,211.53824999999998
3,39,932773.3998222386,6848897.604434397,20,211.5382500000001
3,39,932773.3998222386,6848897.604434397,21,211.53825000000023
3,39,932773.3998222386,6848897.604434397,22,211.53825000000268
3,39,932773.3998222386,6848897.604434397,23,211.5382500000024
3,39,932773.3998222386,6848897.604434397,24,211.53825000000182
3,39,932773.3998222386,6848897.604434397,25,211.538250000002
3,39,932773.3998222386,6848897.604434397,26,211.53825000000185
3,39,932773.3998222386,6848897.604434397,27,211.5382500000024
3,39,932773.3998222386,6848897.604434397,28,211.53825000000262
3,39,932773.3998222386,6848897.604434397,29,211.53825000000018
3,39,932773.3998222386,6848897.604434397,30,211.5382500000001
3,39,932773.3998222386,6848897.604434397,31,211.53824999999995
3,39,932773.3998222386,6848897.604434397,32,211.53825000000015
3,39,932773.3998222386,6848897.604434397,33,211.5382500000002
3,39,932773.3998222386,6848897.604434397,34,211.53825000000265
3,39,932773.3998222386,6848897.604434397,35,211.53825000000242
3,39,932773.3998222386,6848897.604434397,36,211.53825000000185
3,39,932773.3998222386,6848897.604434397,37,211.5382500000019
3,39,932773.3998222386,6848897.604434397,38,211.53825000000185
3,39,932773.3998222386,6848897.604434397,39,211.5382500000024
3,39,932773.3998222386,6848897.604434397,40,211.53825000000265
3,39,932773.3998222386,6848897.604434397,41,211.53825000000023
3,39,932773.3998222386,6848897.604434397,42,211.53825000000015
3,39,932773.3998222386,6848897.604434397,43,211.53824999999998
3,39,932773.3998222386,6848897.604434397,44,211.53825000000015
3,39,932773.3998222386,6848897.604434397,45,211.53825000000018
3,39,932773.3998222386,6848897.604434397,46,211.53825000000262
3,39,932773.3998222386,6848897.604434397,47,211.5382500000024
3,39,932773.3998222386,6848897.604434397,48,211.53825000000185
3,17,934313.499821071,6848126.304434771,1,958.5922500000013
3,17,934313.499821071,6848126.304434771,2,958.5922500000011
3,17,934313.499821071,6848126.304434771,3,958.592250000001
3,17,934313.499821071,6848126.304434771,4,958.592250000001
3,17,934313.499821071,6848126.304434771,5,958.5922500000011
3,17,934313.499821071,6848126.304434771,6,958.5922500000007
3,17,934313.499821071,6848126.304434771,7,958.5922500000011
3,17,934313.499821071,6848126.304434771,8,958.5922500000011
3,17,934313.499821071,6848126.304434771,9,958.5922500000011
3,17,934313.499821071,6848126.304434771,10,958.5922500000011
3,17,934313.499821071,6848126.304434771,11,958.592250000001
3,17,934313.499821071,6848126.304434771,12,958.5922500000011
3,17,934313.499821071,6848126.304434771,13,958.5922500000013
3,17,934313.499821071,6848126.304434771,14,958.5922500000011
3,17,934313.499821071,6848126.304434771,15,958.592250000001
3,17,934313.499821071,6848126.304434771,16,958.5922500000011
3,17,934313.499821071,6848126.304434771,17,958.5922500000011
3,17,934313.499821071,6848126.304434771,18,958.5922500000011
3,17,934313.499821071,6848126.304434771,19,958.5922500000011
3,17,934313.499821071,6848126.304434771,20,958.5922500000013
3,17,934313.499821071,6848126.304434771,21,958.5922500000011
3,17,934313.499821071,6848126.304434771,22,958.5922500000011
3,17,934313.499821071,6848126.304434771,23,958.592250000001
3,17,934313.499821071,6848126.304434771,24,958.5922500000011
3,17,934313.499821071,6848126.304434771,25,958.5922500000013
3,17,934313.499821071,6848126.304434771,26,958.5922500000011
3,17,934313.499821071,6848126.304434771,27,958.592250000001
3,17,934313.499821071,6848126.304434771,28,958.5922500000011
3,17,934313.499821071,6848126.304434771,29,958.5922500000011
3,17,934313.499821071,6848126.304434771,30,958.5922500000011
3,17,934313.499821071,6848126.304434771,31,958.5922500000011
3,17,934313.499821071,6848126.304434771,32,958.5922500000013
3,17,934313.499821071,6848126.304434771,33,958.5922500000011
3,17,934313.499821071,6848126.304434771,34,958.5922500000011
3,17,934313.499821071,6848126.304434771,35,958.592250000001
3,17,934313.499821071,6848126.304434771,36,958.5922500000008
3,17,934313.499821071,6848126.304434771,37,958.5922500000012
3,17,934313.499821071,6848126.304434771,38,958.5922500000011
3,17,934313.499821071,6848126.304434771,39,958.592250000001
3,17,934313.499821071,6848126.304434771,40,958.5922500000011
3,17,934313.499821071,6848126.304434771,41,958.5922500000011
3,17,934313.499821071,6848126.304434771,42,958.5922500000011
3,17,934313.499821071,6848126.304434771,43,958.5922500000011
3,17,934313.499821071,6848126.304434771,44,958.5922500000013
3,17,934313.499821071,6848126.304434771,45,958.5922500000011
3,17,934313.499821071,6848126.304434771,46,958.5922500000011
3,17,934313.499821071,6848126.304434771,47,958.592250000001
3,17,934313.499821071,6848126.304434771,48,958.5922500000012
3,79,934635.7998208292,6847723.804434974,1,625.0166999999993
3,79,934635.7998208292,6847723.804434974,2,662.546725640578
3,79,934635.7998208292,6847723.804434974,3,765.0806625000008
3,79,934635.7998208292,6847723.804434974,4,905.1446250000002
3,79,934635.7998208292,6847723.804434974,5,1045.208587499999
3,79,934635.7998208292,6847723.804434974,6,1147.7425243594219
3,79,934635.7998208292,6847723.804434974,7,1185.2725500000026
3,79,934635.7998208292,6847723.804434974,8,1147.7425243594219
3,79,934635.7998208292,6847723.804434974,9,1045.208587499999
3,79,934635.7998208292,6847723.804434974,10,905.1446250000001
3,79,934635.7998208292,6847723.804434974,11,765.080662500001
3,79,934635.7998208292,6847723.804434974,12,662.5467256405781
3,79,934635.7998208292,6847723.804434974,13,625.0166999999993
3,79,934635.7998208292,6847723.804434974,14,662.5467256405781
3,79,934635.7998208292,6847723.804434974,15,765.080662500001
3,79,934635.7998208292,6847723.804434974,16,905.144625
3,79,934635.7998208292,6847723.804434974,17,1045.208587499999
3,79,934635.7998208292,6847723.804434974,18,1147.7425243594219
3,79,934635.7998208292,6847723.804434974,19,1185.2725500000026
3,79,934635.7998208292,6847723.804434974,20,1147.7425243594219
3,79,934635.7998208292,6847723.804434974,21,1045.2085874999993
3,79,934635.7998208292,6847723.804434974,22,905.1446250000002
3,79,934635.7998208292,6847723.804434974,23,765.0806625000008
3,79,934635.7998208292,6847723.804434974,24,662.5467256405778
3,79,934635.7998208292,6847723.804434974,25,625.0166999999992
3,79,934635.7998208292,6847723.804434974,26,662.5467256405778
3,79,934635.7998208292,6847723.804434974,27,765.0806625000009
3,79,934635.7998208292,6847723.804434974,28,905.1446250000002
3,79,934635.7998208292,6847723.804434974,29,1045.2085874999989
3,79,934635.7998208292,6847723.804434974,30,1147.7425243594219
3,79,934635.7998208292,6847723.804434974,31,1185.2725500000026
3,79,934635.7998208292,6847723.804434974,32,1147.7425243594219
3,79,934635.7998208292,6847723.804434974,33,1045.2085874999989
3,79,934635.7998208292,6847723.804434974,34,905.1446250000002
3,79,934635.7998208292,6847723.804434974,35,765.0806625000008
3,79,934635.7998208292,6847723.804434974,36,662.5467256405778
3,79,934635.7998208292,6847723.804434974,37,625.0166999999993
3,79,934635.7998208292,6847723.804434974,38,662.5467256405778
3,79,934635.7998208292,6847723.804434974,39,765.0806625000009
3,79,934635.7998208292,6847723.804434974,40,905.1446250000002
3,79,934635.7998208292,6847723.804434974,41,1045.2085874999989
3,79,934635.7998208292,6847723.804434974,42,1147.7425243594219
3,79,934635.7998208292,6847723.804434974,43,1185.2725500000026
3,79,934635.7998208292,6847723.804434974,44,1147.7425243594219
3,79,934635.7998208292,6847723.804434974,45,1045.2085874999989
3,79,934635.7998208292,6847723.804434974,46,905.1446250000005
3,79,934635.7998208292,6847723.804434974,47,765.0806625000009
3,79,934635.7998208292,6847723.804434974,48,662.5467256405781
3,12,933061.759090488,6845988.289810399,1,485.9662499999999
3,12,933061.759090488,6845988.289810399,2,485.9662499999998
3,12,933061.759090488,6845988.289810399,3,485.9662500000001
3,12,933061.759090488,6845988.289810399,4,485.9662499999996
3,12,933061.759090488,6845988.289810399,5,485.96624999999983
3,12,933061.759090488,6845988.289810399,6,485.96624999999995
3,12,933061.759090488,6845988.289810399,7,485.9662499999999
3,12,933061.759090488,6845988.289810399,8,485.96624999999995
3,12,933061.759090488,6845988.289810399,9,485.96624999999983
3,12,933061.759090488,6845988.289810399,10,485.96624999999983
3,12,933061.759090488,6845988.289810399,11,485.96625
3,12,933061.759090488,6845988.289810399,12,485.9662499999998
3,12,933061.759090488,6845988.289810399,13,485.9662499999999
3,12,933061.759090488,6845988.289810399,14,485.9662499999998
3,12,933061.759090488,6845988.289810399,15,485.9662500000001
3,12,933061.759090488,6845988.289810399,16,485.96624999999983
3,12,933061.759090488,6845988.289810399,17,485.96624999999983
3,12,933061.759090488,6845988.289810399,18,485.96624999999995
3,12,933061.759090488,6845988.289810399,19,485.9662499999999
3,12,933061.759090488,6845988.289810399,20,485.96624999999995
3,12,933061.759090488,6845988.289810399,21,485.96624999999983
3,12,933061.759090488,6845988.289810399,22,485.9662499999996
3,12,933061.759090488,6845988.289810399,23,485.9662500000001
3,12,933061.759090488,6845988.289810399,24,485.9662499999998
3,12,933061.759090488,6845988.289810399,25,485.9662499999999
3,12,933061.759090488,6845988.289810399,26,485.9662499999998
3,12,933061.759090488,6845988.289810399,27,485.96625
3,12,933061.759090488,6845988.289810399,28,485.9662499999996
3,12,933061.759090488,6845988.289810399,29,485.9662499999998
3,12,933061.759090488,6845988.289810399,30,485.96624999999995
3,12,933061.759090488,6845988.289810399,31,485.9662499999999
3,12,933061.759090488,6845988.289810399,32,485.96624999999995
3,12,933061.759090488,6845988.289810399,33,485.96624999999983
3,12,933061.759090488,6845988.289810399,34,485.96624999999983
3,12,933061.759090488,6845988.289810399,35,485.96625
3,12,933061.759090488,6845988.289810399,36,485.9662499999998
3,12,933061.759090488,6845988.289810399,37,485.9662499999999
3,12,933061.759090488,6845988.289810399,38,485.9662499999998
3,12,933061.759090488,6845988.289810399,39,485.96625
3,12,933061.759090488,6845988.289810399,40,485.96624999999983
3,12,933061.759090488,6845988.289810399,41,485.9662499999998
3,12,933061.759090488,6845988.289810399,42,485.96624999999995
3,12,933061.759090488,6845988.289810399,43,485.96624999999983
3,12,933061.759090488,6845988.289810399,44,485.96624999999995
3,12,933061.759090488,6845988.289810399,45,485.9662499999998
3,12,933061.759090488,6845988.289810399,46,485.96624999999983
3,12,933061.759090488,6845988.289810399,47,485.96625
3,12,933061.759090488,6845988.289810399,48,485.9662499999998
3,60,933867.5998214042,6848816.004434429,1,947.1577500000074
3,60,933867.5998214042,6848816.004434429,2,947.1577500000024
3,60,933867.5998214042,6848816.004434429,3,947.1577500000011
3,60,933867.5998214042,6848816.004434429,4,947.1577500000016
3,60,933867.5998214042,6848816.004434429,5,947.1577500000006
3,60,933867.5998214042,6848816.004434429,6,947.1577500000001
3,60,933867.5998214042,6848816.004434429,7,947.157750000002
3,60,933867.5998214042,6848816.004434429,8,947.1577499999999
3,60,933867.5998214042,6848816.004434429,9,947.1577499999994
3,60,933867.5998214042,6848816.004434429,10,947.1577500000008
3,60,933867.5998214042,6848816.004434429,11,947.1577500000006
3,60,933867.5998214042,6848816.004434429,12,947.1577500000022
3,60,933867.5998214042,6848816.004434429,13,947.1577499999992
3,60,933867.5998214042,6848816.004434429,14,947.1577500000025
3,60,933867.5998214042,6848816.004434429,15,947.1577500000003
3,60,933867.5998214042,6848816.004434429,16,947.157750000001
3,60,933867.5998214042,6848816.004434429,17,947.1577499999997
3,60,933867.5998214042,6848816.004434429,18,947.1577500000003
3,60,933867.5998214042,6848816.004434429,19,947.1577500000024
3,60,933867.5998214042,6848816.004434429,20,947.1577500000003
3,60,933867.5998214042,6848816.004434429,21,947.15775
3,60,933867.5998214042,6848816.004434429,22,947.1577500000009
3,60,933867.5998214042,6848816.004434429,23,947.1577500000008
3,60,933867.5998214042,6848816.004434429,24,947.1577500000013
3,60,933867.5998214042,6848816.004434429,25,947.1577499999996
3,60,933867.5998214042,6848816.004434429,26,947.1577500000012
3,60,933867.5998214042,6848816.004434429,27,947.157750000001
3,60,933867.5998214042,6848816.004434429,28,947.1577500000009
3,60,933867.5998214042,6848816.004434429,29,947.1577499999993
3,60,933867.5998214042,6848816.004434429,30,947.1577499999999
3,60,933867.5998214042,6848816.004434429,31,947.1577500000025
3,60,933867.5998214042,6848816.004434429,32,947.1577500000003
3,60,933867.5998214042,6848816.004434429,33,947.1577499999994
3,60,933867.5998214042,6848816.004434429,34,947.1577500000008
3,60,933867.5998214042,6848816.004434429,35,947.1577500000012
3,60,933867.5998214042,6848816.004434429,36,947.1577500000013
3,60,933867.5998214042,6848816.004434429,37,947.157750000001
3,60,933867.5998214042,6848816.004434429,38,947.1577500000005
3,60,933867.5998214042,6848816.004434429,39,947.1577500000012
3,60,933867.5998214042,6848816.004434429,40,947.1577500000006
3,60,933867.5998214042,6848816.004434429,41,947.1577499999993
3,60,933867.5998214042,6848816.004434429,42,947.1577500000005
3,60,933867.5998214042,6848816.004434429,43,947.1577500000022
3,60,933867.5998214042,6848816.004434429,44,947.1577499999999
3,60,933867.5998214042,6848816.004434429,45,947.1577499999994
3,60,933867.5998214042,6848816.004434429,46,947.1577500000005
3,60,933867.5998214042,6848816.004434429,47,947.1577500000012
3,60,933867.5998214042,6848816.004434429,48,947.1577500000009
3,28,933302.5998218316,6849201.904434238,1,280.14524999999986
3,28,933302.5998218316,6849201.904434238,3,280.14525
3,28,933302.5998218316,6849201.904434238,4,280.1452499999999
3,28,933302.5998218316,6849201.904434238,5,280.1452499999999
3,28,933302.5998218316,6849201.904434238,6,280.14525000000003
3,28,933302.5998218316,6849201.904434238,7,280.14524999999986
3,28,933302.5998218316,6849201.904434238,8,280.14525000000003
3,28,933302.5998218316,6849201.904434238,9,280.1452499999999
3,28,933302.5998218316,6849201.904434238,10,280.1452499999999
3,28,933302.5998218316,6849201.904434238,11,280.14525
3,28,933302.5998218316,6849201.904434238,13,280.14524999999986
3,28,933302.5998218316,6849201.904434238,15,280.14525000000003
3,28,933302.5998218316,6849201.904434238,16,280.1452499999999
3,28,933302.5998218316,6849201.904434238,17,280.1452499999999
3,28,933302.5998218316,6849201.904434238,18,280.14525000000003
3,28,933302.5998218316,6849201.904434238,19,280.14524999999986
3,28,933302.5998218316,6849201.904434238,20,280.14525000000003
3,28,933302.5998218316,6849201.904434238,21,280.1452499999999
3,28,933302.5998218316,6849201.904434238,22,280.1452499999999
3,28,933302.5998218316,6849201.904434238,23,280.14525
3,28,933302.5998218316,6849201.904434238,25,280.14524999999986
3,28,933302.5998218316,6849201.904434238,27,280.14525
3,28,933302.5998218316,6849201.904434238,28,280.1452499999999
3,28,933302.5998218316,6849201.904434238,29,280.1452499999999
3,28,933302.5998218316,6849201.904434238,30,280.14525000000003
3,28,933302.5998218316,6849201.904434238,31,280.14524999999986
3,28,933302.5998218316,6849201.904434238,32,280.14525000000003
3,28,933302.5998218316,6849201.904434238,33,280.1452499999999
3,28,933302.5998218316,6849201.904434238,34,280.1452499999999
3,28,933302.5998218316,6849201.904434238,35,280.14525
3,28,933302.5998218316,6849201.904434238,37,280.14524999999986
3,28,933302.5998218316,6849201.904434238,39,280.14525000000015
3,28,933302.5998218316,6849201.904434238,40,280.1452499999999
3,28,933302.5998218316,6849201.904434238,41,280.14524999999986
3,28,933302.5998218316,6849201.904434238,42,280.14525000000003
3,28,933302.5998218316,6849201.904434238,43,280.14524999999986
3,28,933302.5998218316,6849201.904434238,44,280.14525000000003
3,28,933302.5998218316,6849201.904434238,45,280.1452499999999
3,28,933302.5998218316,6849201.904434238,46,280.1452499999999
3,28,933302.5998218316,6849201.904434238,47,280.14525000000003
3,28,933302.5998218316,6849201.904434238,2,280.1452499999999
3,28,933302.5998218316,6849201.904434238,12,280.1452499999999
3,28,933302.5998218316,6849201.904434238,14,280.1452499999999
3,28,933302.5998218316,6849201.904434238,24,280.1452499999999
3,28,933302.5998218316,6849201.904434238,26,280.14525000000003
3,28,933302.5998218316,6849201.904434238,36,280.1452499999999
3,28,933302.5998218316,6849201.904434238,38,280.1452499999999
3,28,933302.5998218316,6849201.904434238,48,280.1452499999999
3,33,933229.2998218873,6849228.104434224,2,455.47424999999976
3,33,933229.2998218873,6849228.104434224,12,455.47424999999976
3,33,933229.2998218873,6849228.104434224,14,455.47425
3,33,933229.2998218873,6849228.104434224,24,455.47425
3,33,933229.2998218873,6849228.104434224,26,455.4742499999998
3,33,933229.2998218873,6849228.104434224,36,455.47425
3,33,933229.2998218873,6849228.104434224,38,455.47424999999976
3,33,933229.2998218873,6849228.104434224,48,455.47424999999976
3,33,933229.2998218873,6849228.104434224,1,455.47424999999976
3,33,933229.2998218873,6849228.104434224,3,455.47424999999976
3,33,933229.2998218873,6849228.104434224,5,455.47424999999976
3,33,933229.2998218873,6849228.104434224,6,455.4742499999998
3,33,933229.2998218873,6849228.104434224,7,455.4742499999998
3,33,933229.2998218873,6849228.104434224,8,455.4742499999998
3,33,933229.2998218873,6849228.104434224,9,455.4742499999998
3,33,933229.2998218873,6849228.104434224,11,455.47424999999976
3,33,933229.2998218873,6849228.104434224,13,455.4742499999998
3,33,933229.2998218873,6849228.104434224,15,455.4742499999998
3,33,933229.2998218873,6849228.104434224,17,455.47424999999976
3,33,933229.2998218873,6849228.104434224,18,455.47424999999987
3,33,933229.2998218873,6849228.104434224,19,455.4742499999998
3,33,933229.2998218873,6849228.104434224,20,455.4742499999998
3,33,933229.2998218873,6849228.104434224,21,455.47424999999976
3,33,933229.2998218873,6849228.104434224,23,455.4742499999999
3,33,933229.2998218873,6849228.104434224,25,455.4742499999998
3,33,933229.2998218873,6849228.104434224,27,455.47424999999976
3,33,933229.2998218873,6849228.104434224,29,455.4742499999998
3,33,933229.2998218873,6849228.104434224,30,455.4742499999998
3,33,933229.2998218873,6849228.104434224,31,455.47424999999976
3,33,933229.2998218873,6849228.104434224,32,455.4742499999998
3,33,933229.2998218873,6849228.104434224,33,455.4742499999998
3,33,933229.2998218873,6849228.104434224,35,455.47424999999976
3,33,933229.2998218873,6849228.104434224,37,455.4742499999998
3,33,933229.2998218873,6849228.104434224,39,455.47424999999976
3,33,933229.2998218873,6849228.104434224,41,455.47424999999976
3,33,933229.2998218873,6849228.104434224,42,455.4742499999998
3,33,933229.2998218873,6849228.104434224,43,455.4742499999998
3,33,933229.2998218873,6849228.104434224,44,455.47424999999976
3,33,933229.2998218873,6849228.104434224,45,455.47424999999976
3,33,933229.2998218873,6849228.104434224,47,455.47424999999976
3,33,933229.2998218873,6849228.104434224,4,455.4742499999998
3,33,933229.2998218873,6849228.104434224,10,455.4742499999998
3,33,933229.2998218873,6849228.104434224,16,455.4742499999998
3,33,933229.2998218873,6849228.104434224,46,455.4742499999998
3,33,933229.2998218873,6849228.104434224,22,455.4742499999998
3,33,933229.2998218873,6849228.104434224,28,455.4742499999998
3,33,933229.2998218873,6849228.104434224,34,455.4742499999998
3,33,933229.2998218873,6849228.104434224,40,455.4742499999998
3,10,933074.0319191051,6846600.749738233,1,405.92474999999985
3,10,933074.0319191051,6846600.749738233,2,405.92474999999996
3,10,933074.0319191051,6846600.749738233,3,405.92475000000036
3,10,933074.0319191051,6846600.749738233,4,405.9247499999998
3,10,933074.0319191051,6846600.749738233,5,405.9247500000001
3,10,933074.0319191051,6846600.749738233,6,405.92475000000024
3,10,933074.0319191051,6846600.749738233,7,405.92474999999956
3,10,933074.0319191051,6846600.749738233,8,405.92475000000036
3,10,933074.0319191051,6846600.749738233,9,405.92475000000013
3,10,933074.0319191051,6846600.749738233,10,405.92474999999996
3,10,933074.0319191051,6846600.749738233,11,405.92475000000036
3,10,933074.0319191051,6846600.749738233,12,405.92474999999996
3,10,933074.0319191051,6846600.749738233,13,405.92474999999985
3,10,933074.0319191051,6846600.749738233,14,405.92474999999996
3,10,933074.0319191051,6846600.749738233,15,405.92475000000036
3,10,933074.0319191051,6846600.749738233,16,405.9247499999998
3,10,933074.0319191051,6846600.749738233,17,405.92475000000013
3,10,933074.0319191051,6846600.749738233,18,405.92475000000036
3,10,933074.0319191051,6846600.749738233,19,405.92474999999956
3,10,933074.0319191051,6846600.749738233,20,405.92475000000036
3,10,933074.0319191051,6846600.749738233,21,405.92475000000013
3,10,933074.0319191051,6846600.749738233,22,405.9247499999998
3,10,933074.0319191051,6846600.749738233,23,405.92475000000036
3,10,933074.0319191051,6846600.749738233,24,405.9247500000001
3,10,933074.0319191051,6846600.749738233,25,405.92474999999985
3,10,933074.0319191051,6846600.749738233,26,405.92474999999996
3,10,933074.0319191051,6846600.749738233,27,405.92475000000036
3,10,933074.0319191051,6846600.749738233,28,405.9247499999998
3,10,933074.0319191051,6846600.749738233,29,405.92475000000013
3,10,933074.0319191051,6846600.749738233,30,405.92475000000036
3,10,933074.0319191051,6846600.749738233,31,405.92474999999956
3,10,933074.0319191051,6846600.749738233,32,405.92475000000036
3,10,933074.0319191051,6846600.749738233,33,405.9247500000001
3,10,933074.0319191051,6846600.749738233,34,405.9247499999998
3,10,933074.0319191051,6846600.749738233,35,405.92475000000036
3,10,933074.0319191051,6846600.749738233,36,405.92474999999996
3,10,933074.0319191051,6846600.749738233,37,405.92474999999985
3,10,933074.0319191051,6846600.749738233,38,405.92474999999996
3,10,933074.0319191051,6846600.749738233,39,405.92475000000036
3,10,933074.0319191051,6846600.749738233,40,405.9247499999998
3,10,933074.0319191051,6846600.749738233,41,405.9247500000001
3,10,933074.0319191051,6846600.749738233,42,405.92475000000024
3,10,933074.0319191051,6846600.749738233,43,405.92474999999956
3,10,933074.0319191051,6846600.749738233,44,405.92475000000036
3,10,933074.0319191051,6846600.749738233,45,405.9247500000001
3,10,933074.0319191051,6846600.749738233,46,405.9247499999998
3,10,933074.0319191051,6846600.749738233,47,405.92475000000036
3,10,933074.0319191051,6846600.749738233,48,405.92474999999996
3,24,932152.499822722,6847957.104434883,1,352.2519000000016
3,24,932152.499822722,6847957.104434883,2,364.0501015171676
3,24,932152.499822722,6847957.104434883,3,396.28338750000194
3,24,932152.499822722,6847957.104434883,4,440.314875000001
3,24,932152.499822722,6847957.104434883,5,484.34636250000233
3,24,932152.499822722,6847957.104434883,6,512.8328575584179
3,24,932152.499822722,6847957.104434883,7,495.6682499999991
3,24,932152.499822722,6847957.104434883,8,512.8328575584179
3,24,932152.499822722,6847957.104434883,9,484.34636250000233
3,24,932152.499822722,6847957.104434883,10,440.314875000001
3,24,932152.499822722,6847957.104434883,11,396.28338750000194
3,24,932152.499822722,6847957.104434883,12,364.0501015171676
3,24,932152.499822722,6847957.104434883,13,352.2519000000016
3,24,932152.499822722,6847957.104434883,14,364.0501015171676
3,24,932152.499822722,6847957.104434883,15,396.28338750000194
3,24,932152.499822722,6847957.104434883,16,440.314875000001
3,24,932152.499822722,6847957.104434883,17,484.34636250000233
3,24,932152.499822722,6847957.104434883,18,512.8328575584179
3,24,932152.499822722,6847957.104434883,19,495.6682499999991
3,24,932152.499822722,6847957.104434883,20,512.8328575584179
3,24,932152.499822722,6847957.104434883,21,484.34636250000233
3,24,932152.499822722,6847957.104434883,22,440.314875000001
3,24,932152.499822722,6847957.104434883,23,396.28338750000194
3,24,932152.499822722,6847957.104434883,24,364.0501015171676
3,24,932152.499822722,6847957.104434883,25,352.2519000000016
3,24,932152.499822722,6847957.104434883,26,364.0501015171676
3,24,932152.499822722,6847957.104434883,27,396.28338750000194
3,24,932152.499822722,6847957.104434883,28,440.314875000001
3,24,932152.499822722,6847957.104434883,29,484.34636250000233
3,24,932152.499822722,6847957.104434883,30,512.8328575584179
3,24,932152.499822722,6847957.104434883,31,495.6682499999991
3,24,932152.499822722,6847957.104434883,32,512.8328575584179
3,24,932152.499822722,6847957.104434883,33,484.34636250000233
3,24,932152.499822722,6847957.104434883,34,440.314875000001
3,24,932152.499822722,6847957.104434883,35,396.28338750000194
3,24,932152.499822722,6847957.104434883,36,364.0501015171676
3,24,932152.499822722,6847957.104434883,37,352.2519000000016
3,24,932152.499822722,6847957.104434883,38,364.0501015171676
3,24,932152.499822722,6847957.104434883,39,396.28338750000194
3,24,932152.499822722,6847957.104434883,40,440.314875000001
3,24,932152.499822722,6847957.104434883,41,484.34636250000233
3,24,932152.499822722,6847957.104434883,42,512.8328575584179
3,24,932152.499822722,6847957.104434883,43,495.6682499999991
3,24,932152.499822722,6847957.104434883,44,512.8328575584179
3,24,932152.499822722,6847957.104434883,45,484.34636250000233
3,24,932152.499822722,6847957.104434883,46,440.314875000001
3,24,932152.499822722,6847957.104434883,47,396.28338750000194
3,24,932152.499822722,6847957.104434883,48,364.0501015171676
3,40,932737.3998222824,6847314.2044352,5,442.71438749999743
3,40,932737.3998222824,6847314.2044352,6,414.2278924415809
3,40,932737.3998222824,6847314.2044352,7,431.39249999999936
3,40,932737.3998222824,6847314.2044352,8,414.2278924415809
3,40,932737.3998222824,6847314.2044352,9,442.71438749999754
3,40,932737.3998222824,6847314.2044352,17,442.71438749999754
3,40,932737.3998222824,6847314.2044352,18,414.2278924415809
3,40,932737.3998222824,6847314.2044352,19,431.39249999999936
3,40,932737.3998222824,6847314.2044352,20,414.2278924415809
3,40,932737.3998222824,6847314.2044352,21,442.71438749999754
3,40,932737.3998222824,6847314.2044352,29,442.7143874999974
3,40,932737.3998222824,6847314.2044352,30,414.2278924415809
3,40,932737.3998222824,6847314.2044352,31,431.39249999999936
3,40,932737.3998222824,6847314.2044352,32,414.2278924415809
3,40,932737.3998222824,6847314.2044352,33,442.7143874999974
3,40,932737.3998222824,6847314.2044352,41,442.71438749999754
3,40,932737.3998222824,6847314.2044352,42,414.2278924415809
3,40,932737.3998222824,6847314.2044352,43,431.3924999999993
3,40,932737.3998222824,6847314.2044352,44,414.2278924415809
3,40,932737.3998222824,6847314.2044352,45,442.71438749999754
3,40,932737.3998222824,6847314.2044352,3,442.6970625000008
3,40,932737.3998222824,6847314.2044352,11,442.6970625000008
3,40,932737.3998222824,6847314.2044352,15,442.6970625000008
3,40,932737.3998222824,6847314.2044352,23,442.6970625000008
3,40,932737.3998222824,6847314.2044352,27,442.6970625000008
3,40,932737.3998222824,6847314.2044352,35,442.6970625000008
3,40,932737.3998222824,6847314.2044352,39,442.6970625000008
3,40,932737.3998222824,6847314.2044352,47,442.6970625000008
3,40,932737.3998222824,6847314.2044352,4,445.9454999999994
3,40,932737.3998222824,6847314.2044352,10,445.9454999999994
3,40,932737.3998222824,6847314.2044352,16,445.9454999999994
3,40,932737.3998222824,6847314.2044352,22,445.9454999999994
3,40,932737.3998222824,6847314.2044352,28,445.9454999999994
3,40,932737.3998222824,6847314.2044352,34,445.9454999999994
3,40,932737.3998222824,6847314.2044352,40,445.9454999999994
3,40,932737.3998222824,6847314.2044352,46,445.94549999999947
3,40,932737.3998222824,6847314.2044352,1,356.0287500000003
3,40,932737.3998222824,6847314.2044352,2,379.25145434374303
3,40,932737.3998222824,6847314.2044352,12,379.25145434374303
3,40,932737.3998222824,6847314.2044352,13,356.0287500000003
3,40,932737.3998222824,6847314.2044352,14,379.25145434374303
3,40,932737.3998222824,6847314.2044352,24,379.25145434374303
3,40,932737.3998222824,6847314.2044352,25,356.0287500000003
3,40,932737.3998222824,6847314.2044352,26,379.25145434374303
3,40,932737.3998222824,6847314.2044352,36,379.25145434374303
3,40,932737.3998222824,6847314.2044352,37,356.0287500000003
3,40,932737.3998222824,6847314.2044352,38,379.25145434374303
3,40,932737.3998222824,6847314.2044352,48,379.25145434374303
3,61,932731.0998222867,6847344.104435187,1,337.3177499999996
3,61,932731.0998222867,6847344.104435187,2,337.3177500000004
3,61,932731.0998222867,6847344.104435187,3,337.3177500000003
3,61,932731.0998222867,6847344.104435187,4,337.3177499999996
3,61,932731.0998222867,6847344.104435187,10,337.3177499999996
3,61,932731.0998222867,6847344.104435187,11,337.31775000000033
3,61,932731.0998222867,6847344.104435187,12,337.31775000000033
3,61,932731.0998222867,6847344.104435187,13,337.3177499999996
3,61,932731.0998222867,6847344.104435187,14,337.3177500000004
3,61,932731.0998222867,6847344.104435187,15,337.31775000000033
3,61,932731.0998222867,6847344.104435187,16,337.3177499999996
3,61,932731.0998222867,6847344.104435187,22,337.3177499999996
3,61,932731.0998222867,6847344.104435187,23,337.31775000000033
3,61,932731.0998222867,6847344.104435187,24,337.31775000000044
3,61,932731.0998222867,6847344.104435187,25,337.3177499999996
3,61,932731.0998222867,6847344.104435187,26,337.31775000000044
3,61,932731.0998222867,6847344.104435187,27,337.31775000000033
3,61,932731.0998222867,6847344.104435187,28,337.3177499999996
3,61,932731.0998222867,6847344.104435187,34,337.3177499999996
3,61,932731.0998222867,6847344.104435187,35,337.31775000000033
3,61,932731.0998222867,6847344.104435187,36,337.31775000000033
3,61,932731.0998222867,6847344.104435187,37,337.3177499999996
3,61,932731.0998222867,6847344.104435187,38,337.31775000000044
3,61,932731.0998222867,6847344.104435187,39,337.31775000000033
3,61,932731.0998222867,6847344.104435187,40,337.3177499999996
3,61,932731.0998222867,6847344.104435187,46,337.3177499999995
3,61,932731.0998222867,6847344.104435187,47,337.31775000000033
3,61,932731.0998222867,6847344.104435187,48,337.31775000000033
3,61,932731.0998222867,6847344.104435187,45,337.31775
3,61,932731.0998222867,6847344.104435187,5,337.31775
3,61,932731.0998222867,6847344.104435187,6,337.31775000000016
3,61,932731.0998222867,6847344.104435187,7,337.31775
3,61,932731.0998222867,6847344.104435187,8,337.31775000000016
3,61,932731.0998222867,6847344.104435187,9,337.31775
3,61,932731.0998222867,6847344.104435187,17,337.31775
3,61,932731.0998222867,6847344.104435187,18,337.31775000000016
3,61,932731.0998222867,6847344.104435187,19,337.31775
3,61,932731.0998222867,6847344.104435187,20,337.31775000000016
3,61,932731.0998222867,6847344.104435187,21,337.31775
3,61,932731.0998222867,6847344.104435187,29,337.31775
3,61,932731.0998222867,6847344.104435187,30,337.31775000000016
3,61,932731.0998222867,6847344.104435187,31,337.31775
3,61,932731.0998222867,6847344.104435187,32,337.31775000000016
3,61,932731.0998222867,6847344.104435187,33,337.31775
3,61,932731.0998222867,6847344.104435187,41,337.31775
3,61,932731.0998222867,6847344.104435187,42,337.31775000000016
3,61,932731.0998222867,6847344.104435187,43,337.31775000000005
3,61,932731.0998222867,6847344.104435187,44,337.31775000000016
3,52,933544.3998216777,6846209.704435752,1,1238.737500000001
3,52,933544.3998216777,6846209.704435752,2,1238.737500000001
3,52,933544.3998216777,6846209.704435752,3,1238.737500000001
3,52,933544.3998216777,6846209.704435752,4,1238.737500000001
3,52,933544.3998216777,6846209.704435752,5,1238.737500000001
3,52,933544.3998216777,6846209.704435752,6,1238.737500000001
3,52,933544.3998216777,6846209.704435752,7,1238.737500000001
3,52,933544.3998216777,6846209.704435752,8,1238.737500000001
3,52,933544.3998216777,6846209.704435752,9,1238.737500000001
3,52,933544.3998216777,6846209.704435752,10,1238.737500000001
3,52,933544.3998216777,6846209.704435752,11,1238.737500000001
3,52,933544.3998216777,6846209.704435752,12,1238.737500000001
3,52,933544.3998216777,6846209.704435752,13,1238.737500000001
3,52,933544.3998216777,6846209.704435752,14,1238.737500000001
3,52,933544.3998216777,6846209.704435752,15,1238.737500000001
3,52,933544.3998216777,6846209.704435752,16,1238.737500000001
3,52,933544.3998216777,6846209.704435752,17,1238.737500000001
3,52,933544.3998216777,6846209.704435752,18,1238.737500000001
3,52,933544.3998216777,6846209.704435752,19,1238.737500000001
3,52,933544.3998216777,6846209.704435752,20,1238.737500000001
3,52,933544.3998216777,6846209.704435752,21,1238.737500000001
3,52,933544.3998216777,6846209.704435752,22,1238.737500000001
3,52,933544.3998216777,6846209.704435752,23,1238.737500000001
3,52,933544.3998216777,6846209.704435752,24,1238.737500000001
3,52,933544.3998216777,6846209.704435752,25,1238.737500000001
3,52,933544.3998216777,6846209.704435752,26,1238.737500000001
3,52,933544.3998216777,6846209.704435752,27,1238.737500000001
3,52,933544.3998216777,6846209.704435752,28,1238.737500000001
3,52,933544.3998216777,6846209.704435752,29,1238.737500000001
3,52,933544.3998216777,6846209.704435752,30,1238.737500000001
3,52,933544.3998216777,6846209.704435752,31,1238.737500000001
3,52,933544.3998216777,6846209.704435752,32,1238.737500000001
3,52,933544.3998216777,6846209.704435752,33,1238.737500000001
3,52,933544.3998216777,6846209.704435752,34,1238.737500000001
3,52,933544.3998216777,6846209.704435752,35,1238.737500000001
3,52,933544.3998216777,6846209.704435752,36,1238.737500000001
3,52,933544.3998216777,6846209.704435752,37,1238.737500000001
3,52,933544.3998216777,6846209.704435752,38,1238.737500000001
3,52,933544.3998216777,6846209.704435752,39,1238.737500000001
3,52,933544.3998216777,6846209.704435752,40,1238.737500000001
3,52,933544.3998216777,6846209.704435752,41,1238.737500000001
3,52,933544.3998216777,6846209.704435752,42,1238.737500000001
3,52,933544.3998216777,6846209.704435752,43,1238.737500000001
3,52,933544.3998216777,6846209.704435752,44,1238.737500000001
3,52,933544.3998216777,6846209.704435752,45,1238.737500000001
3,52,933544.3998216777,6846209.704435752,46,1238.737500000001
3,52,933544.3998216777,6846209.704435752,47,1238.737500000001
3,52,933544.3998216777,6846209.704435752,48,1238.737500000001
3,65,930937.2998236478,6848136.804434802,1,145.64088000000012
3,65,930937.2998236478,6848136.804434802,2,139.1884649396932
3,65,930937.2998236478,6848136.804434802,4,147.17587500000008
3,65,930937.2998236478,6848136.804434802,7,186.40314000000004
3,65,930937.2998236478,6848136.804434802,9,172.85152500000018
3,65,930937.2998236478,6848136.804434802,12,152.20918271577446
3,65,930937.2998236478,6848136.804434802,14,141.38007090200392
3,65,930937.2998236478,6848136.804434802,15,139.22543250000007
3,65,930937.2998236478,6848136.804434802,16,147.31447500000004
3,65,930937.2998236478,6848136.804434802,17,202.12384500000013
3,65,930937.2998236478,6848136.804434802,19,200.81061000000005
3,65,930937.2998236478,6848136.804434802,24,145.0040990619033
3,65,930937.2998236478,6848136.804434802,26,136.89658942355132
3,65,930937.2998236478,6848136.804434802,28,153.46485
3,65,930937.2998236478,6848136.804434802,29,160.38792000000018
3,65,930937.2998236478,6848136.804434802,31,193.40937000000005
3,65,930937.2998236478,6848136.804434802,33,147.82902750000017
3,65,930937.2998236478,6848136.804434802,34,152.91045000000005
3,65,930937.2998236478,6848136.804434802,36,112.71730272825415
3,65,930937.2998236478,6848136.804434802,38,118.38969463070535
3,65,930937.2998236478,6848136.804434802,39,141.65786250000005
3,65,930937.2998236478,6848136.804434802,40,148.28467500000008
3,65,930937.2998236478,6848136.804434802,41,194.15781000000018
3,65,930937.2998236478,6848136.804434802,43,160.6651200000001
3,65,930937.2998236478,6848136.804434802,46,142.41150000000007
3,65,930937.2998236478,6848136.804434802,47,131.77221750000004
3,65,930937.2998236478,6848136.804434802,48,139.67548848687338
3,65,930937.2998236478,6848136.804434802,6,178.68391460997822
3,65,930937.2998236478,6848136.804434802,8,169.92350428158545
3,65,930937.2998236478,6848136.804434802,10,142.25557500000008
3,65,930937.2998236478,6848136.804434802,18,161.0817908410963
3,65,930937.2998236478,6848136.804434802,20,206.81479139535074
3,65,930937.2998236478,6848136.804434802,22,195.68587499999998
3,65,930937.2998236478,6848136.804434802,30,194.76160502705167
3,65,930937.2998236478,6848136.804434802,32,182.99297955109023
3,65,930937.2998236478,6848136.804434802,42,190.92003298049428
3,65,930937.2998236478,6848136.804434802,44,176.97654925595276
3,65,930937.2998236478,6848136.804434802,11,122.35434750000002
3,65,930937.2998236478,6848136.804434802,13,119.01582000000012
3,65,930937.2998236478,6848136.804434802,25,138.9326400000001
3,65,930937.2998236478,6848136.804434802,27,110.3481225
3,65,930937.2998236478,6848136.804434802,45,177.84459000000018
3,65,930937.2998236478,6848136.804434802,3,142.12563749999998
3,65,930937.2998236478,6848136.804434802,21,221.27663250000018
3,65,930937.2998236478,6848136.804434802,23,149.90629500000003
3,65,930937.2998236478,6848136.804434802,37,114.91326000000011
3,65,930937.2998236478,6848136.804434802,5,141.13984500000012
3,65,930937.2998236478,6848136.804434802,35,112.95207000000003
3,70,930937.2998236478,6848136.804434802,3,121.62150000000005
3,70,930937.2998236478,6848136.804434802,5,181.21776750000012
3,70,930937.2998236478,6848136.804434802,6,165.1266206678948
3,70,930937.2998236478,6848136.804434802,8,173.8870309962875
3,70,930937.2998236478,6848136.804434802,10,150.7968000000001
3,70,930937.2998236478,6848136.804434802,11,141.39279000000008
3,70,930937.2998236478,6848136.804434802,13,115.42608000000008
3,70,930937.2998236478,6848136.804434802,18,182.72874443677674
3,70,930937.2998236478,6848136.804434802,20,136.99574388252225
3,70,930937.2998236478,6848136.804434802,21,101.0809800000001
3,70,930937.2998236478,6848136.804434802,22,97.36650000000004
3,70,930937.2998236478,6848136.804434802,23,113.84084250000005
3,70,930937.2998236478,6848136.804434802,25,95.5092600000001
3,70,930937.2998236478,6848136.804434802,27,153.3990150000001
3,70,930937.2998236478,6848136.804434802,30,149.04893025082131
3,70,930937.2998236478,6848136.804434802,32,160.81755572678279
3,70,930937.2998236478,6848136.804434802,35,150.79506750000002
3,70,930937.2998236478,6848136.804434802,37,119.5286400000001
3,70,930937.2998236478,6848136.804434802,42,152.89050229737867
3,70,930937.2998236478,6848136.804434802,44,166.83398602192025
3,70,930937.2998236478,6848136.804434802,45,144.51302250000012
3,70,930937.2998236478,6848136.804434802,2,103.10574978243405
3,70,930937.2998236478,6848136.804434802,9,149.50608750000015
3,70,930937.2998236478,6848136.804434802,12,90.08503200635288
3,70,930937.2998236478,6848136.804434802,14,100.91414382012336
3,70,930937.2998236478,6848136.804434802,15,124.52170500000005
3,70,930937.2998236478,6848136.804434802,17,120.23376750000011
3,70,930937.2998236478,6848136.804434802,24,97.29011566022399
3,70,930937.2998236478,6848136.804434802,28,139.58752500000008
3,70,930937.2998236478,6848136.804434802,29,161.96969250000018
3,70,930937.2998236478,6848136.804434802,33,174.5285850000002
3,70,930937.2998236478,6848136.804434802,36,129.57691199387307
3,70,930937.2998236478,6848136.804434802,38,123.90452009142186
3,70,930937.2998236478,6848136.804434802,39,122.08927500000004
3,70,930937.2998236478,6848136.804434802,41,128.1998025000001
3,70,930937.2998236478,6848136.804434802,43,190.99773000000002
3,70,930937.2998236478,6848136.804434802,47,131.97492000000005
3,70,930937.2998236478,6848136.804434802,48,102.61872623525392
3,70,930937.2998236478,6848136.804434802,7,165.25971
3,70,930937.2998236478,6848136.804434802,26,105.39762529857597
3,70,930937.2998236478,6848136.804434802,4,145.87650000000008
3,70,930937.2998236478,6848136.804434802,16,145.7379000000001
3,70,930937.2998236478,6848136.804434802,19,150.85224000000002
3,70,930937.2998236478,6848136.804434802,31,158.25348000000005
3,70,930937.2998236478,6848136.804434802,1,88.80102000000004
3,70,930937.2998236478,6848136.804434802,34,140.1419250000001
3,70,930937.2998236478,6848136.804434802,40,144.7677000000001
3,70,930937.2998236478,6848136.804434802,46,150.64087500000008
3,1,933761.3998214833,6849018.604434323,1,615.557249999999
3,1,933761.3998214833,6849018.604434323,2,615.5572499999993
3,1,933761.3998214833,6849018.604434323,3,615.5572499999993
3,1,933761.3998214833,6849018.604434323,4,615.5572499999988
3,1,933761.3998214833,6849018.604434323,5,615.5572499999993
3,1,933761.3998214833,6849018.604434323,6,615.5572499999997
3,1,933761.3998214833,6849018.604434323,7,615.5572499999996
3,1,933761.3998214833,6849018.604434323,8,615.5572499999995
3,1,933761.3998214833,6849018.604434323,9,615.5572499999997
3,1,933761.3998214833,6849018.604434323,10,615.5572499999997
3,1,933761.3998214833,6849018.604434323,11,615.5572499999997
3,1,933761.3998214833,6849018.604434323,12,615.5572499999995
3,1,933761.3998214833,6849018.604434323,13,615.5572499999996
3,1,933761.3998214833,6849018.604434323,14,615.5572499999995
3,1,933761.3998214833,6849018.604434323,15,615.5572499999995
3,1,933761.3998214833,6849018.604434323,16,615.5572499999997
3,1,933761.3998214833,6849018.604434323,17,615.5572499999997
3,1,933761.3998214833,6849018.604434323,18,615.5572499999996
3,1,933761.3998214833,6849018.604434323,19,615.5572499999996
3,1,933761.3998214833,6849018.604434323,20,615.5572499999996
3,1,933761.3998214833,6849018.604434323,21,615.5572499999996
3,1,933761.3998214833,6849018.604434323,22,615.5572499999997
3,1,933761.3998214833,6849018.604434323,23,615.5572499999998
3,1,933761.3998214833,6849018.604434323,24,615.5572499999993
3,1,933761.3998214833,6849018.604434323,25,615.5572499999993
3,1,933761.3998214833,6849018.604434323,26,615.5572499999992
3,1,933761.3998214833,6849018.604434323,27,615.5572499999997
3,1,933761.3998214833,6849018.604434323,28,615.5572499999997
3,1,933761.3998214833,6849018.604434323,29,615.5572499999997
3,1,933761.3998214833,6849018.604434323,30,615.5572499999995
3,1,933761.3998214833,6849018.604434323,31,615.5572499999998
3,1,933761.3998214833,6849018.604434323,32,615.5572499999996
3,1,933761.3998214833,6849018.604434323,33,615.5572499999997
3,1,933761.3998214833,6849018.604434323,34,615.5572499999998
3,1,933761.3998214833,6849018.604434323,35,615.5572499999997
3,1,933761.3998214833,6849018.604434323,36,615.5572499999992
3,1,933761.3998214833,6849018.604434323,37,615.5572499999993
3,1,933761.3998214833,6849018.604434323,38,615.557249999999
3,1,933761.3998214833,6849018.604434323,39,615.5572499999998
3,1,933761.3998214833,6849018.604434323,40,615.5572499999997
3,1,933761.3998214833,6849018.604434323,41,615.5572499999998
3,1,933761.3998214833,6849018.604434323,42,615.5572499999996
3,1,933761.3998214833,6849018.604434323,43,615.5572499999996
3,1,933761.3998214833,6849018.604434323,44,615.5572499999996
3,1,933761.3998214833,6849018.604434323,45,615.5572499999996
3,1,933761.3998214833,6849018.604434323,46,615.5572499999997
3,1,933761.3998214833,6849018.604434323,47,615.5572499999998
3,1,933761.3998214833,6849018.604434323,48,615.5572499999994
3,43,934084.1998212618,6846602.604435545,3,194.38650000000007
3,43,934084.1998212618,6846602.604435545,5,194.38650000000007
3,43,934084.1998212618,6846602.604435545,6,194.38650000000004
3,43,934084.1998212618,6846602.604435545,7,194.38649999999993
3,43,934084.1998212618,6846602.604435545,8,194.38650000000004
3,43,934084.1998212618,6846602.604435545,11,194.38650000000004
3,43,934084.1998212618,6846602.604435545,15,194.38650000000004
3,43,934084.1998212618,6846602.604435545,17,194.38649999999993
3,43,934084.1998212618,6846602.604435545,18,194.38650000000004
3,43,934084.1998212618,6846602.604435545,19,194.38649999999996
3,43,934084.1998212618,6846602.604435545,20,194.38650000000004
3,43,934084.1998212618,6846602.604435545,21,194.3865
3,43,934084.1998212618,6846602.604435545,23,194.38650000000004
3,43,934084.1998212618,6846602.604435545,27,194.3865
3,43,934084.1998212618,6846602.604435545,29,194.38650000000007
3,43,934084.1998212618,6846602.604435545,31,194.38649999999996
3,43,934084.1998212618,6846602.604435545,35,194.38650000000007
3,43,934084.1998212618,6846602.604435545,39,194.3865
3,43,934084.1998212618,6846602.604435545,41,194.38650000000007
3,43,934084.1998212618,6846602.604435545,42,194.38650000000007
3,43,934084.1998212618,6846602.604435545,43,194.38649999999993
3,43,934084.1998212618,6846602.604435545,44,194.38650000000007
3,43,934084.1998212618,6846602.604435545,47,194.38650000000004
3,43,934084.1998212618,6846602.604435545,1,194.38650000000004
3,43,934084.1998212618,6846602.604435545,4,194.38649999999976
3,43,934084.1998212618,6846602.604435545,10,194.38649999999976
3,43,934084.1998212618,6846602.604435545,13,194.38650000000007
3,43,934084.1998212618,6846602.604435545,25,194.38650000000004
3,43,934084.1998212618,6846602.604435545,30,194.38649999999998
3,43,934084.1998212618,6846602.604435545,32,194.38649999999998
3,43,934084.1998212618,6846602.604435545,37,194.3865
3,43,934084.1998212618,6846602.604435545,46,194.3864999999997
3,43,934084.1998212618,6846602.604435545,9,194.38649999999996
3,43,934084.1998212618,6846602.604435545,16,194.38649999999978
3,43,934084.1998212618,6846602.604435545,22,194.38649999999973
3,43,934084.1998212618,6846602.604435545,33,194.3865
3,43,934084.1998212618,6846602.604435545,34,194.38649999999973
3,43,934084.1998212618,6846602.604435545,40,194.38649999999967
3,43,934084.1998212618,6846602.604435545,45,194.3865
3,43,934084.1998212618,6846602.604435545,2,194.38649999999998
3,43,934084.1998212618,6846602.604435545,12,194.38649999999998
3,43,934084.1998212618,6846602.604435545,14,194.38649999999998
3,43,934084.1998212618,6846602.604435545,24,194.38649999999998
3,43,934084.1998212618,6846602.604435545,26,194.38649999999996
3,43,934084.1998212618,6846602.604435545,36,194.38649999999998
3,43,934084.1998212618,6846602.604435545,38,194.38649999999998
3,43,934084.1998212618,6846602.604435545,48,194.38649999999998
3,43,934084.1998212618,6846602.604435545,28,194.38649999999976
3,55,934305.7998210939,6846479.404435608,16,819.4725000000008
3,55,934305.7998210939,6846479.404435608,22,819.4725000000011
3,55,934305.7998210939,6846479.404435608,28,819.4725000000004
3,55,934305.7998210939,6846479.404435608,34,819.472500000001
3,55,934305.7998210939,6846479.404435608,46,819.4725000000011
3,55,934305.7998210939,6846479.404435608,9,819.4724999999993
3,55,934305.7998210939,6846479.404435608,17,819.4724999999995
3,55,934305.7998210939,6846479.404435608,40,819.4725000000012
3,55,934305.7998210939,6846479.404435608,1,819.4724999999991
3,55,934305.7998210939,6846479.404435608,2,819.4724999999983
3,55,934305.7998210939,6846479.404435608,3,819.4725000000003
3,55,934305.7998210939,6846479.404435608,4,819.4725000000008
3,55,934305.7998210939,6846479.404435608,5,819.4724999999994
3,55,934305.7998210939,6846479.404435608,6,819.4725000000003
3,55,934305.7998210939,6846479.404435608,7,819.4725000000033
3,55,934305.7998210939,6846479.404435608,8,819.4725000000003
3,55,934305.7998210939,6846479.404435608,10,819.4725000000008
3,55,934305.7998210939,6846479.404435608,11,819.4725000000001
3,55,934305.7998210939,6846479.404435608,12,819.4724999999981
3,55,934305.7998210939,6846479.404435608,13,819.4724999999992
3,55,934305.7998210939,6846479.404435608,14,819.4724999999983
3,55,934305.7998210939,6846479.404435608,15,819.4725000000005
3,55,934305.7998210939,6846479.404435608,18,819.4725000000003
3,55,934305.7998210939,6846479.404435608,19,819.4725000000037
3,55,934305.7998210939,6846479.404435608,20,819.4725000000004
3,55,934305.7998210939,6846479.404435608,21,819.4724999999994
3,55,934305.7998210939,6846479.404435608,23,819.4725000000005
3,55,934305.7998210939,6846479.404435608,24,819.472499999999
3,55,934305.7998210939,6846479.404435608,25,819.4724999999994
3,55,934305.7998210939,6846479.404435608,26,819.4724999999983
3,55,934305.7998210939,6846479.404435608,27,819.4725000000002
3,55,934305.7998210939,6846479.404435608,29,819.4724999999994
3,55,934305.7998210939,6846479.404435608,30,819.4725000000003
3,55,934305.7998210939,6846479.404435608,31,819.4725000000037
3,55,934305.7998210939,6846479.404435608,32,819.4725000000004
3,55,934305.7998210939,6846479.404435608,33,819.4724999999995
3,55,934305.7998210939,6846479.404435608,35,819.4725000000001
3,55,934305.7998210939,6846479.404435608,36,819.4724999999995
3,55,934305.7998210939,6846479.404435608,37,819.4724999999999
3,55,934305.7998210939,6846479.404435608,38,819.4724999999983
3,55,934305.7998210939,6846479.404435608,39,819.4725000000003
3,55,934305.7998210939,6846479.404435608,41,819.4724999999995
3,55,934305.7998210939,6846479.404435608,42,819.4725000000004
3,55,934305.7998210939,6846479.404435608,43,819.4725000000033
3,55,934305.7998210939,6846479.404435608,44,819.4725000000003
3,55,934305.7998210939,6846479.404435608,45,819.4724999999993
3,55,934305.7998210939,6846479.404435608,47,819.4725000000004
3,55,934305.7998210939,6846479.404435608,48,819.4724999999994
3,13,933807.2281635706,6848521.778365977,1,372.97260000000057
3,13,933807.2281635706,6848521.778365977,2,385.4648133711176
3,13,933807.2281635706,6848521.778365977,3,419.59417500000126
3,13,933807.2281635706,6848521.778365977,4,466.2157500000001
3,13,933807.2281635706,6848521.778365977,5,512.8373250000009
3,13,933807.2281635706,6848521.778365977,6,546.9666866288832
3,13,933807.2281635706,6848521.778365977,7,559.458900000001
3,13,933807.2281635706,6848521.778365977,8,546.9666866288832
3,13,933807.2281635706,6848521.778365977,9,512.8373250000009
3,13,933807.2281635706,6848521.778365977,10,466.2157500000001
3,13,933807.2281635706,6848521.778365977,11,419.59417500000114
3,13,933807.2281635706,6848521.778365977,12,385.4648133711175
3,13,933807.2281635706,6848521.778365977,13,372.97260000000057
3,13,933807.2281635706,6848521.778365977,14,385.4648133711175
3,13,933807.2281635706,6848521.778365977,15,419.59417500000114
3,13,933807.2281635706,6848521.778365977,16,466.2157500000001
3,13,933807.2281635706,6848521.778365977,17,512.8373250000009
3,13,933807.2281635706,6848521.778365977,18,546.9666866288832
3,13,933807.2281635706,6848521.778365977,19,559.458900000001
3,13,933807.2281635706,6848521.778365977,20,546.9666866288832
3,13,933807.2281635706,6848521.778365977,21,512.8373250000009
3,13,933807.2281635706,6848521.778365977,22,466.2157500000001
3,13,933807.2281635706,6848521.778365977,23,419.59417500000114
3,13,933807.2281635706,6848521.778365977,24,385.4648133711169
3,13,933807.2281635706,6848521.778365977,25,372.9726000000001
3,13,933807.2281635706,6848521.778365977,26,385.4648133711169
3,13,933807.2281635706,6848521.778365977,27,419.5941750000006
3,13,933807.2281635706,6848521.778365977,28,466.2157500000001
3,13,933807.2281635706,6848521.778365977,29,512.8373250000009
3,13,933807.2281635706,6848521.778365977,30,546.9666866288832
3,13,933807.2281635706,6848521.778365977,31,559.458900000001
3,13,933807.2281635706,6848521.778365977,32,546.9666866288832
3,13,933807.2281635706,6848521.778365977,33,512.8373250000009
3,13,933807.2281635706,6848521.778365977,34,466.2157500000001
3,13,933807.2281635706,6848521.778365977,35,419.5941750000006
3,13,933807.2281635706,6848521.778365977,36,385.4648133711169
3,13,933807.2281635706,6848521.778365977,37,372.9726000000001
3,13,933807.2281635706,6848521.778365977,38,385.4648133711169
3,13,933807.2281635706,6848521.778365977,39,419.5941750000006
3,13,933807.2281635706,6848521.778365977,40,466.2157500000001
3,13,933807.2281635706,6848521.778365977,41,512.8373250000009
3,13,933807.2281635706,6848521.778365977,42,546.9666866288832
3,13,933807.2281635706,6848521.778365977,43,559.458900000001
3,13,933807.2281635706,6848521.778365977,44,546.9666866288832
3,13,933807.2281635706,6848521.778365977,45,512.8373250000009
3,13,933807.2281635706,6848521.778365977,46,466.2157500000001
3,13,933807.2281635706,6848521.778365977,47,419.5941750000006
3,13,933807.2281635706,6848521.778365977,48,385.4648133711169
3,5,933436.0728134823,6847046.593612878,1,114.3450000000001
3,5,933436.0728134823,6847046.593612878,2,114.34499999999989
3,5,933436.0728134823,6847046.593612878,3,114.34499999999991
3,5,933436.0728134823,6847046.593612878,4,114.34500000000035
3,5,933436.0728134823,6847046.593612878,5,114.34500000000044
3,5,933436.0728134823,6847046.593612878,6,114.34500000000006
3,5,933436.0728134823,6847046.593612878,7,114.34499999999997
3,5,933436.0728134823,6847046.593612878,8,114.34500000000006
3,5,933436.0728134823,6847046.593612878,9,114.34500000000044
3,5,933436.0728134823,6847046.593612878,10,114.34500000000035
3,5,933436.0728134823,6847046.593612878,11,114.34499999999993
3,5,933436.0728134823,6847046.593612878,12,114.34499999999989
3,5,933436.0728134823,6847046.593612878,13,114.3450000000001
3,5,933436.0728134823,6847046.593612878,14,114.34499999999989
3,5,933436.0728134823,6847046.593612878,15,114.34499999999993
3,5,933436.0728134823,6847046.593612878,16,114.34500000000037
3,5,933436.0728134823,6847046.593612878,17,114.34500000000044
3,5,933436.0728134823,6847046.593612878,18,114.34500000000006
3,5,933436.0728134823,6847046.593612878,19,114.34499999999997
3,5,933436.0728134823,6847046.593612878,20,114.34500000000006
3,5,933436.0728134823,6847046.593612878,21,114.34500000000044
3,5,933436.0728134823,6847046.593612878,22,114.34500000000034
3,5,933436.0728134823,6847046.593612878,23,114.34499999999993
3,5,933436.0728134823,6847046.593612878,24,114.34499999999989
3,5,933436.0728134823,6847046.593612878,25,114.3450000000001
3,5,933436.0728134823,6847046.593612878,26,114.34499999999989
3,5,933436.0728134823,6847046.593612878,27,114.34499999999991
3,5,933436.0728134823,6847046.593612878,28,114.34500000000037
3,5,933436.0728134823,6847046.593612878,29,114.34500000000044
3,5,933436.0728134823,6847046.593612878,30,114.34500000000006
3,5,933436.0728134823,6847046.593612878,31,114.34499999999997
3,5,933436.0728134823,6847046.593612878,32,114.34500000000006
3,5,933436.0728134823,6847046.593612878,33,114.34500000000044
3,5,933436.0728134823,6847046.593612878,34,114.34500000000037
3,5,933436.0728134823,6847046.593612878,35,114.34499999999993
3,5,933436.0728134823,6847046.593612878,36,114.34499999999989
3,5,933436.0728134823,6847046.593612878,37,114.3450000000001
3,5,933436.0728134823,6847046.593612878,38,114.34499999999989
3,5,933436.0728134823,6847046.593612878,39,114.34499999999991
3,5,933436.0728134823,6847046.593612878,40,114.34500000000035
3,5,933436.0728134823,6847046.593612878,41,114.34500000000044
3,5,933436.0728134823,6847046.593612878,42,114.34500000000006
3,5,933436.0728134823,6847046.593612878,43,114.34499999999996
3,5,933436.0728134823,6847046.593612878,44,114.34500000000006
3,5,933436.0728134823,6847046.593612878,45,114.34500000000044
3,5,933436.0728134823,6847046.593612878,46,114.34500000000037
3,5,933436.0728134823,6847046.593612878,47,114.34499999999991
3,5,933436.0728134823,6847046.593612878,48,114.34499999999989
3,11,934096.4175246346,6847743.417716952,1,55.266749999999995
3,11,934096.4175246346,6847743.417716952,2,55.26675000000002
3,11,934096.4175246346,6847743.417716952,3,55.266749999999995
3,11,934096.4175246346,6847743.417716952,4,55.26675
3,11,934096.4175246346,6847743.417716952,5,55.26675
3,11,934096.4175246346,6847743.417716952,6,55.26675
3,11,934096.4175246346,6847743.417716952,7,55.26675000000001
3,11,934096.4175246346,6847743.417716952,8,55.26675
3,11,934096.4175246346,6847743.417716952,9,55.26675
3,11,934096.4175246346,6847743.417716952,10,55.26675
3,11,934096.4175246346,6847743.417716952,11,55.26675
3,11,934096.4175246346,6847743.417716952,12,55.26675000000002
3,11,934096.4175246346,6847743.417716952,13,55.266749999999995
3,11,934096.4175246346,6847743.417716952,14,55.26675000000002
3,11,934096.4175246346,6847743.417716952,15,55.266749999999995
3,11,934096.4175246346,6847743.417716952,16,55.26675
3,11,934096.4175246346,6847743.417716952,17,55.26675
3,11,934096.4175246346,6847743.417716952,18,55.26675
3,11,934096.4175246346,6847743.417716952,19,55.26675000000001
3,11,934096.4175246346,6847743.417716952,20,55.26675
3,11,934096.4175246346,6847743.417716952,21,55.26675
3,11,934096.4175246346,6847743.417716952,22,55.26675
3,11,934096.4175246346,6847743.417716952,23,55.266749999999995
3,11,934096.4175246346,6847743.417716952,24,55.26675000000002
3,11,934096.4175246346,6847743.417716952,25,55.266749999999995
3,11,934096.4175246346,6847743.417716952,26,55.26675000000002
3,11,934096.4175246346,6847743.417716952,27,55.26675
3,11,934096.4175246346,6847743.417716952,28,55.26675
3,11,934096.4175246346,6847743.417716952,29,55.26675
3,11,934096.4175246346,6847743.417716952,30,55.26675
3,11,934096.4175246346,6847743.417716952,31,55.26675
3,11,934096.4175246346,6847743.417716952,32,55.26675
3,11,934096.4175246346,6847743.417716952,33,55.26675
3,11,934096.4175246346,6847743.417716952,34,55.26675
3,11,934096.4175246346,6847743.417716952,35,55.266749999999995
3,11,934096.4175246346,6847743.417716952,36,55.26675000000002
3,11,934096.4175246346,6847743.417716952,37,55.266749999999995
3,11,934096.4175246346,6847743.417716952,38,55.26675000000002
3,11,934096.4175246346,6847743.417716952,39,55.266749999999995
3,11,934096.4175246346,6847743.417716952,40,55.26675
3,11,934096.4175246346,6847743.417716952,41,55.26675
3,11,934096.4175246346,6847743.417716952,42,55.26675
3,11,934096.4175246346,6847743.417716952,43,55.26675
3,11,934096.4175246346,6847743.417716952,44,55.26675
3,11,934096.4175246346,6847743.417716952,45,55.26675
3,11,934096.4175246346,6847743.417716952,46,55.26675
3,11,934096.4175246346,6847743.417716952,47,55.26675
3,11,934096.4175246346,6847743.417716952,48,55.266750000000044
3,26,933533.0998216621,6848578.504434551,5,172.33697250000012
3,26,933533.0998216621,6848578.504434551,6,172.07803675214146
3,26,933533.0998216621,6848578.504434551,8,169.9844816156578
3,26,933533.0998216621,6848578.504434551,9,188.28810000000001
3,26,933533.0998216621,6848578.504434551,17,169.93572750000013
3,26,933533.0998216621,6848578.504434551,18,142.68696172927395
3,26,933533.0998216621,6848578.504434551,20,169.33405671888622
3,26,933533.0998216621,6848578.504434551,21,163.39900500000013
3,26,933533.0998216621,6848578.504434551,29,162.00780750000013
3,26,933533.0998216621,6848578.504434551,30,159.43540282114313
3,26,933533.0998216621,6848578.504434551,32,172.01705941806915
3,26,933533.0998216621,6848578.504434551,33,147.02861250000012
3,26,933533.0998216621,6848578.504434551,41,180.45546750000005
3,26,933533.0998216621,6848578.504434551,42,164.984340221726
3,26,933533.0998216621,6848578.504434551,44,182.5051608785115
3,26,933533.0998216621,6848578.504434551,45,183.0282300000001
3,26,933533.0998216621,6848578.504434551,3,98.82526500000019
3,26,933533.0998216621,6848578.504434551,7,208.66923000000014
3,26,933533.0998216621,6848578.504434551,11,101.56954500000019
3,26,933533.0998216621,6848578.504434551,15,99.71403750000019
3,26,933533.0998216621,6848578.504434551,19,194.6567700000001
3,26,933533.0998216621,6848578.504434551,23,121.1693175000002
3,26,933533.0998216621,6848578.504434551,27,111.0030075000002
3,26,933533.0998216621,6848578.504434551,28,148.21537500000005
3,26,933533.0998216621,6848578.504434551,31,208.1910600000001
3,26,933533.0998216621,6848578.504434551,34,148.12875000000005
3,26,933533.0998216621,6848578.504434551,35,120.84187500000021
3,26,933533.0998216621,6848578.504434551,39,117.62982000000011
3,26,933533.0998216621,6848578.504434551,40,150.25972500000006
3,26,933533.0998216621,6848578.504434551,43,206.5694400000001
3,26,933533.0998216621,6848578.504434551,46,153.60345000000004
3,26,933533.0998216621,6848578.504434551,47,97.82734500000012
3,26,933533.0998216621,6848578.504434551,4,160.7240250000001
3,26,933533.0998216621,6848578.504434551,10,151.62840000000006
3,26,933533.0998216621,6848578.504434551,16,153.46485000000018
3,26,933533.0998216621,6848578.504434551,22,149.93055000000015
3,26,933533.0998216621,6848578.504434551,2,77.45554773440962
3,26,933533.0998216621,6848578.504434551,12,84.46009228061834
3,26,933533.0998216621,6848578.504434551,14,83.54334207416157
3,26,933533.0998216621,6848578.504434551,24,72.62828492853575
3,26,933533.0998216621,6848578.504434551,26,77.65608684207206
3,26,933533.0998216621,6848578.504434551,36,83.71523273787221
3,26,933533.0998216621,6848578.504434551,38,85.8065691463517
3,26,933533.0998216621,6848578.504434551,13,85.79340000000033
3,26,933533.0998216621,6848578.504434551,25,81.89874000000034
3,26,933533.0998216621,6848578.504434551,37,99.59796000000037
3,26,933533.0998216621,6848578.504434551,1,85.01724000000027
3,26,933533.0998216621,6848578.504434551,48,84.1261556643839
3,35,933588.4998216212,6848428.004434628,1,377.3385
3,35,933588.4998216212,6848428.004434628,3,377.3385000000002
3,35,933588.4998216212,6848428.004434628,11,377.3385000000002
3,35,933588.4998216212,6848428.004434628,13,377.33849999999995
3,35,933588.4998216212,6848428.004434628,15,377.3385000000002
3,35,933588.4998216212,6848428.004434628,23,377.3385000000002
3,35,933588.4998216212,6848428.004434628,25,377.33849999999995
3,35,933588.4998216212,6848428.004434628,27,377.3385000000002
3,35,933588.4998216212,6848428.004434628,35,377.3385000000002
3,35,933588.4998216212,6848428.004434628,37,377.33849999999995
3,35,933588.4998216212,6848428.004434628,39,377.3385000000003
3,35,933588.4998216212,6848428.004434628,47,377.33850000000024
3,35,933588.4998216212,6848428.004434628,2,377.3385
3,35,933588.4998216212,6848428.004434628,12,377.3385
3,35,933588.4998216212,6848428.004434628,14,377.3385
3,35,933588.4998216212,6848428.004434628,24,377.3385
3,35,933588.4998216212,6848428.004434628,26,377.3385
3,35,933588.4998216212,6848428.004434628,36,377.3385
3,35,933588.4998216212,6848428.004434628,38,377.3385
3,35,933588.4998216212,6848428.004434628,48,377.3385000000001
3,35,933588.4998216212,6848428.004434628,4,377.3384999999998
3,35,933588.4998216212,6848428.004434628,5,377.3385
3,35,933588.4998216212,6848428.004434628,6,377.3385000000001
3,35,933588.4998216212,6848428.004434628,7,377.3385
3,35,933588.4998216212,6848428.004434628,8,377.3385000000001
3,35,933588.4998216212,6848428.004434628,9,377.3385
3,35,933588.4998216212,6848428.004434628,10,377.3384999999998
3,35,933588.4998216212,6848428.004434628,16,377.3384999999998
3,35,933588.4998216212,6848428.004434628,17,377.3385
3,35,933588.4998216212,6848428.004434628,18,377.3385000000001
3,35,933588.4998216212,6848428.004434628,19,377.3385
3,35,933588.4998216212,6848428.004434628,20,377.3385000000001
3,35,933588.4998216212,6848428.004434628,21,377.3385
3,35,933588.4998216212,6848428.004434628,22,377.3384999999998
3,35,933588.4998216212,6848428.004434628,28,377.3384999999998
3,35,933588.4998216212,6848428.004434628,29,377.3385
3,35,933588.4998216212,6848428.004434628,30,377.3385000000001
3,35,933588.4998216212,6848428.004434628,31,377.3385
3,35,933588.4998216212,6848428.004434628,32,377.3385000000001
3,35,933588.4998216212,6848428.004434628,33,377.3385
3,35,933588.4998216212,6848428.004434628,34,377.3384999999998
3,35,933588.4998216212,6848428.004434628,40,377.3384999999998
3,35,933588.4998216212,6848428.004434628,41,377.3385
3,35,933588.4998216212,6848428.004434628,42,377.3385000000001
3,35,933588.4998216212,6848428.004434628,43,377.3385
3,35,933588.4998216212,6848428.004434628,44,377.3385000000001
3,35,933588.4998216212,6848428.004434628,45,377.3385
3,35,933588.4998216212,6848428.004434628,46,377.3384999999998
3,66,933533.0998216621,6848578.504434551,2,111.8721736316769
3,66,933533.0998216621,6848578.504434551,4,147.3144750000001
3,66,933533.0998216621,6848578.504434551,7,183.43017000000003
3,66,933533.0998216621,6848578.504434551,10,156.41010000000014
3,66,933533.0998216621,6848578.504434551,12,104.86762908546818
3,66,933533.0998216621,6848578.504434551,14,105.78437929192495
3,66,933533.0998216621,6848578.504434551,16,154.57365000000007
3,66,933533.0998216621,6848578.504434551,19,197.44263000000007
3,66,933533.0998216621,6848578.504434551,22,158.10795
3,66,933533.0998216621,6848578.504434551,24,116.69943643755076
3,66,933533.0998216621,6848578.504434551,26,111.67163452401445
3,66,933533.0998216621,6848578.504434551,28,159.82312500000015
3,66,933533.0998216621,6848578.504434551,31,183.90834000000007
3,66,933533.0998216621,6848578.504434551,34,159.90975000000012
3,66,933533.0998216621,6848578.504434551,36,105.61248862821427
3,66,933533.0998216621,6848578.504434551,38,103.52115221973482
3,66,933533.0998216621,6848578.504434551,40,157.77877500000017
3,66,933533.0998216621,6848578.504434551,43,185.52996000000007
3,66,933533.0998216621,6848578.504434551,46,154.43505000000022
3,66,933533.0998216621,6848578.504434551,47,141.67345500000005
3,66,933533.0998216621,6848578.504434551,48,105.20156570170259
3,66,933533.0998216621,6848578.504434551,5,187.08747750000015
3,66,933533.0998216621,6848578.504434551,9,171.13635000000014
3,66,933533.0998216621,6848578.504434551,17,189.48872250000014
3,66,933533.0998216621,6848578.504434551,18,240.65721180549912
3,66,933533.0998216621,6848578.504434551,20,214.01011681588682
3,66,933533.0998216621,6848578.504434551,21,196.0254450000001
3,66,933533.0998216621,6848578.504434551,29,197.41664250000014
3,66,933533.0998216621,6848578.504434551,30,223.9087707136299
3,66,933533.0998216621,6848578.504434551,32,211.3271141167039
3,66,933533.0998216621,6848578.504434551,33,212.39583750000014
3,66,933533.0998216621,6848578.504434551,42,218.35983331304703
3,66,933533.0998216621,6848578.504434551,44,200.83901265626153
3,66,933533.0998216621,6848578.504434551,3,140.675535
3,66,933533.0998216621,6848578.504434551,6,211.26613678263155
3,66,933533.0998216621,6848578.504434551,8,213.35969191911522
3,66,933533.0998216621,6848578.504434551,11,137.931255
3,66,933533.0998216621,6848578.504434551,15,139.78676250000004
3,66,933533.0998216621,6848578.504434551,23,118.33148250000002
3,66,933533.0998216621,6848578.504434551,27,128.4977925
3,66,933533.0998216621,6848578.504434551,35,118.65892500000001
3,66,933533.0998216621,6848578.504434551,39,121.87098000000009
3,66,933533.0998216621,6848578.504434551,41,178.9689825000001
3,66,933533.0998216621,6848578.504434551,45,176.3962200000001
3,66,933533.0998216621,6848578.504434551,13,85.16970000000005
3,66,933533.0998216621,6848578.504434551,25,89.06436000000002
3,66,933533.0998216621,6848578.504434551,37,71.36514000000004
3,66,933533.0998216621,6848578.504434551,1,85.94586000000007
3,63,934417.9998210015,6847132.404435275,1,208.8009000000004
3,63,934417.9998210015,6847132.404435275,2,215.79440406673686
3,63,934417.9998210015,6847132.404435275,3,234.90101250000055
3,63,934417.9998210015,6847132.404435275,4,261.00112500000046
3,63,934417.9998210015,6847132.404435275,5,272.52224999999993
3,63,934417.9998210015,6847132.404435275,6,272.52225
3,63,934417.9998210015,6847132.404435275,7,272.5222500000001
3,63,934417.9998210015,6847132.404435275,8,272.52225
3,63,934417.9998210015,6847132.404435275,9,272.52224999999993
3,63,934417.9998210015,6847132.404435275,10,261.00112500000046
3,63,934417.9998210015,6847132.404435275,11,234.90101250000072
3,63,934417.9998210015,6847132.404435275,12,215.79440406673686
3,63,934417.9998210015,6847132.404435275,13,208.80090000000052
3,63,934417.9998210015,6847132.404435275,14,215.79440406673697
3,63,934417.9998210015,6847132.404435275,15,234.90101250000055
3,63,934417.9998210015,6847132.404435275,16,261.0011250000003
3,63,934417.9998210015,6847132.404435275,17,272.52224999999993
3,63,934417.9998210015,6847132.404435275,18,272.52225
3,63,934417.9998210015,6847132.404435275,19,272.5222500000001
3,63,934417.9998210015,6847132.404435275,20,272.52225
3,63,934417.9998210015,6847132.404435275,21,272.52224999999993
3,63,934417.9998210015,6847132.404435275,22,261.0011250000003
3,63,934417.9998210015,6847132.404435275,23,234.90101250000055
3,63,934417.9998210015,6847132.404435275,24,215.79440406673686
3,63,934417.9998210015,6847132.404435275,25,208.8009000000004
3,63,934417.9998210015,6847132.404435275,26,215.79440406673686
3,63,934417.9998210015,6847132.404435275,27,234.90101250000055
3,63,934417.9998210015,6847132.404435275,28,261.00112500000046
3,63,934417.9998210015,6847132.404435275,29,272.52224999999993
3,63,934417.9998210015,6847132.404435275,30,272.52225
3,63,934417.9998210015,6847132.404435275,31,272.5222500000001
3,63,934417.9998210015,6847132.404435275,32,272.52225
3,63,934417.9998210015,6847132.404435275,33,272.52224999999993
3,63,934417.9998210015,6847132.404435275,34,261.00112500000046
3,63,934417.9998210015,6847132.404435275,35,234.90101250000072
3,63,934417.9998210015,6847132.404435275,36,215.79440406673697
3,63,934417.9998210015,6847132.404435275,37,208.8009000000007
3,63,934417.9998210015,6847132.404435275,38,215.79440406673712
3,63,934417.9998210015,6847132.404435275,39,234.90101250000055
3,63,934417.9998210015,6847132.404435275,40,261.00112500000046
3,63,934417.9998210015,6847132.404435275,41,272.52224999999993
3,63,934417.9998210015,6847132.404435275,42,272.52225
3,63,934417.9998210015,6847132.404435275,43,272.5222500000001
3,63,934417.9998210015,6847132.404435275,44,272.52225
3,63,934417.9998210015,6847132.404435275,45,272.52224999999993
3,63,934417.9998210015,6847132.404435275,46,261.00112500000046
3,63,934417.9998210015,6847132.404435275,47,234.90101250000072
3,63,934417.9998210015,6847132.404435275,48,215.79440406673703
3,15,934147.6454661533,6847934.640032243,1,367.80974999999995
3,15,934147.6454661533,6847934.640032243,2,367.8097499999997
3,15,934147.6454661533,6847934.640032243,3,367.8097499999999
3,15,934147.6454661533,6847934.640032243,4,367.80975000000007
3,15,934147.6454661533,6847934.640032243,5,367.8097499999998
3,15,934147.6454661533,6847934.640032243,6,367.8097499999999
3,15,934147.6454661533,6847934.640032243,7,367.80974999999967
3,15,934147.6454661533,6847934.640032243,8,367.80974999999984
3,15,934147.6454661533,6847934.640032243,9,367.8097499999998
3,15,934147.6454661533,6847934.640032243,10,367.80975000000007
3,15,934147.6454661533,6847934.640032243,11,367.8097499999999
3,15,934147.6454661533,6847934.640032243,12,367.8097499999997
3,15,934147.6454661533,6847934.640032243,13,367.80974999999995
3,15,934147.6454661533,6847934.640032243,14,367.8097499999998
3,15,934147.6454661533,6847934.640032243,15,367.8097499999999
3,15,934147.6454661533,6847934.640032243,16,367.80975
3,15,934147.6454661533,6847934.640032243,17,367.8097499999997
3,15,934147.6454661533,6847934.640032243,18,367.80974999999984
3,15,934147.6454661533,6847934.640032243,19,367.80974999999967
3,15,934147.6454661533,6847934.640032243,20,367.8097499999999
3,15,934147.6454661533,6847934.640032243,21,367.8097499999998
3,15,934147.6454661533,6847934.640032243,22,367.80975
3,15,934147.6454661533,6847934.640032243,23,367.8097499999999
3,15,934147.6454661533,6847934.640032243,24,367.8097499999997
3,15,934147.6454661533,6847934.640032243,25,367.80974999999995
3,15,934147.6454661533,6847934.640032243,26,367.8097499999997
3,15,934147.6454661533,6847934.640032243,27,367.8097499999999
3,15,934147.6454661533,6847934.640032243,28,367.80975000000007
3,15,934147.6454661533,6847934.640032243,29,367.8097499999997
3,15,934147.6454661533,6847934.640032243,30,367.80974999999984
3,15,934147.6454661533,6847934.640032243,31,367.80974999999967
3,15,934147.6454661533,6847934.640032243,32,367.8097499999999
3,15,934147.6454661533,6847934.640032243,33,367.8097499999997
3,15,934147.6454661533,6847934.640032243,34,367.80975
3,15,934147.6454661533,6847934.640032243,35,367.8097499999999
3,15,934147.6454661533,6847934.640032243,36,367.8097499999998
3,15,934147.6454661533,6847934.640032243,37,367.80974999999995
3,15,934147.6454661533,6847934.640032243,38,367.8097499999997
3,15,934147.6454661533,6847934.640032243,39,367.8097499999999
3,15,934147.6454661533,6847934.640032243,40,367.80975000000007
3,15,934147.6454661533,6847934.640032243,41,367.8097499999998
3,15,934147.6454661533,6847934.640032243,42,367.8097499999999
3,15,934147.6454661533,6847934.640032243,43,367.80974999999967
3,15,934147.6454661533,6847934.640032243,44,367.8097499999999
3,15,934147.6454661533,6847934.640032243,45,367.8097499999998
3,15,934147.6454661533,6847934.640032243,46,367.80975000000007
3,15,934147.6454661533,6847934.640032243,47,367.8097499999999
3,15,934147.6454661533,6847934.640032243,48,367.8097499999997
3,14,934219.8512487066,6847970.932334671,1,722.2792499999991
3,14,934219.8512487066,6847970.932334671,2,722.2792499999985
3,14,934219.8512487066,6847970.932334671,3,722.2792499999994
3,14,934219.8512487066,6847970.932334671,4,722.2792499999995
3,14,934219.8512487066,6847970.932334671,5,722.2792499999981
3,14,934219.8512487066,6847970.932334671,6,722.2792499999997
3,14,934219.8512487066,6847970.932334671,7,722.2792500000008
3,14,934219.8512487066,6847970.932334671,8,722.2792499999999
3,14,934219.8512487066,6847970.932334671,9,722.279249999998
3,14,934219.8512487066,6847970.932334671,10,722.2792499999993
3,14,934219.8512487066,6847970.932334671,11,722.2792499999994
3,14,934219.8512487066,6847970.932334671,12,722.2792499999985
3,14,934219.8512487066,6847970.932334671,13,722.2792499999991
3,14,934219.8512487066,6847970.932334671,14,722.2792499999978
3,14,934219.8512487066,6847970.932334671,15,722.2792499999994
3,14,934219.8512487066,6847970.932334671,16,722.2792499999993
3,14,934219.8512487066,6847970.932334671,17,722.279249999998
3,14,934219.8512487066,6847970.932334671,18,722.2792499999996
3,14,934219.8512487066,6847970.932334671,19,722.2792500000007
3,14,934219.8512487066,6847970.932334671,20,722.2792499999996
3,14,934219.8512487066,6847970.932334671,21,722.279249999998
3,14,934219.8512487066,6847970.932334671,22,722.2792499999993
3,14,934219.8512487066,6847970.932334671,23,722.2792499999994
3,14,934219.8512487066,6847970.932334671,24,722.2792499999979
3,14,934219.8512487066,6847970.932334671,25,722.2792499999991
3,14,934219.8512487066,6847970.932334671,26,722.2792499999985
3,14,934219.8512487066,6847970.932334671,27,722.2792499999994
3,14,934219.8512487066,6847970.932334671,28,722.2792499999993
3,14,934219.8512487066,6847970.932334671,29,722.279249999998
3,14,934219.8512487066,6847970.932334671,30,722.2792499999996
3,14,934219.8512487066,6847970.932334671,31,722.2792500000008
3,14,934219.8512487066,6847970.932334671,32,722.2792499999996
3,14,934219.8512487066,6847970.932334671,33,722.279249999998
3,14,934219.8512487066,6847970.932334671,34,722.2792499999993
3,14,934219.8512487066,6847970.932334671,35,722.2792499999994
3,14,934219.8512487066,6847970.932334671,36,722.2792499999985
3,14,934219.8512487066,6847970.932334671,37,722.2792499999991
3,14,934219.8512487066,6847970.932334671,38,722.2792499999983
3,14,934219.8512487066,6847970.932334671,39,722.2792499999994
3,14,934219.8512487066,6847970.932334671,40,722.2792499999993
3,14,934219.8512487066,6847970.932334671,41,722.2792499999981
3,14,934219.8512487066,6847970.932334671,42,722.2792499999996
3,14,934219.8512487066,6847970.932334671,43,722.2792500000007
3,14,934219.8512487066,6847970.932334671,44,722.2792499999996
3,14,934219.8512487066,6847970.932334671,45,722.279249999998
3,14,934219.8512487066,6847970.932334671,46,722.2792499999993
3,14,934219.8512487066,6847970.932334671,47,722.2792499999994
3,14,934219.8512487066,6847970.932334671,48,722.2792499999981
3,30,933207.9998219206,6847554.204435076,1,733.7137499999999
3,30,933207.9998219206,6847554.204435076,2,733.7137499999998
3,30,933207.9998219206,6847554.204435076,3,733.7137499999999
3,30,933207.9998219206,6847554.204435076,4,733.7137499999999
3,30,933207.9998219206,6847554.204435076,5,733.7137499999999
3,30,933207.9998219206,6847554.204435076,6,733.7137499999999
3,30,933207.9998219206,6847554.204435076,7,733.7137499999999
3,30,933207.9998219206,6847554.204435076,8,733.7137499999999
3,30,933207.9998219206,6847554.204435076,9,733.7137499999999
3,30,933207.9998219206,6847554.204435076,10,733.7137499999999
3,30,933207.9998219206,6847554.204435076,11,733.7137499999999
3,30,933207.9998219206,6847554.204435076,12,733.7137499999994
3,30,933207.9998219206,6847554.204435076,13,733.7137499999999
3,30,933207.9998219206,6847554.204435076,14,733.7137499999999
3,30,933207.9998219206,6847554.204435076,15,733.7137499999999
3,30,933207.9998219206,6847554.204435076,16,733.7137499999999
3,30,933207.9998219206,6847554.204435076,17,733.7137499999999
3,30,933207.9998219206,6847554.204435076,18,733.7137499999999
3,30,933207.9998219206,6847554.204435076,19,733.7137499999999
3,30,933207.9998219206,6847554.204435076,20,733.7137499999999
3,30,933207.9998219206,6847554.204435076,21,733.7137499999999
3,30,933207.9998219206,6847554.204435076,22,733.7137499999999
3,30,933207.9998219206,6847554.204435076,23,733.7137499999999
3,30,933207.9998219206,6847554.204435076,24,733.7137499999999
3,30,933207.9998219206,6847554.204435076,25,733.7137499999999
3,30,933207.9998219206,6847554.204435076,26,733.7137499999994
3,30,933207.9998219206,6847554.204435076,27,733.7137499999999
3,30,933207.9998219206,6847554.204435076,28,733.7137499999999
3,30,933207.9998219206,6847554.204435076,29,733.7137499999999
3,30,933207.9998219206,6847554.204435076,30,733.7137499999999
3,30,933207.9998219206,6847554.204435076,31,733.7137499999999
3,30,933207.9998219206,6847554.204435076,32,733.7137499999999
3,30,933207.9998219206,6847554.204435076,33,733.7137499999999
3,30,933207.9998219206,6847554.204435076,34,733.7137499999999
3,30,933207.9998219206,6847554.204435076,35,733.7137499999999
3,30,933207.9998219206,6847554.204435076,36,733.7137499999999
3,30,933207.9998219206,6847554.204435076,37,733.7137499999999
3,30,933207.9998219206,6847554.204435076,38,733.7137499999999
3,30,933207.9998219206,6847554.204435076,39,733.7137500000005
3,30,933207.9998219206,6847554.204435076,40,733.7137499999999
3,30,933207.9998219206,6847554.204435076,41,733.7137499999999
3,30,933207.9998219206,6847554.204435076,42,733.7137499999999
3,30,933207.9998219206,6847554.204435076,43,733.7137499999999
3,30,933207.9998219206,6847554.204435076,44,733.7137499999999
3,30,933207.9998219206,6847554.204435076,45,733.7137499999999
3,30,933207.9998219206,6847554.204435076,46,733.7137499999999
3,30,933207.9998219206,6847554.204435076,47,733.7137499999999
3,30,933207.9998219206,6847554.204435076,48,733.7137499999994
3,67,933792.4998214621,6848760.204434457,1,68.36444999999073
3,67,933792.4998214621,6848760.204434457,2,103.58122881920335
3,67,933792.4998214621,6848760.204434457,3,195.30472499999968
3,67,933792.4998214621,6848760.204434457,4,636.6417749999988
3,67,933792.4998214621,6848760.204434457,5,559.2042224999974
3,67,933792.4998214621,6848760.204434457,6,956.686500000001
3,67,933792.4998214621,6848760.204434457,12,591.9344696129083
3,67,933792.4998214621,6848760.204434457,13,522.1061999999973
3,67,933792.4998214621,6848760.204434457,14,591.9344696129081
3,67,933792.4998214621,6848760.204434457,19,956.6865000000034
3,67,933792.4998214621,6848760.204434457,24,591.9344696129091
3,67,933792.4998214621,6848760.204434457,25,522.1061999999969
3,67,933792.4998214621,6848760.204434457,26,591.9344696129093
3,67,933792.4998214621,6848760.204434457,36,591.9344696129095
3,67,933792.4998214621,6848760.204434457,37,522.1061999999984
3,67,933792.4998214621,6848760.204434457,38,591.9344696129068
3,67,933792.4998214621,6848760.204434457,48,591.9344696129103
3,67,933792.4998214621,6848760.204434457,8,956.6865000000007
3,67,933792.4998214621,6848760.204434457,9,956.6864999999999
3,67,933792.4998214621,6848760.204434457,17,956.6864999999992
3,67,933792.4998214621,6848760.204434457,18,956.6865000000007
3,67,933792.4998214621,6848760.204434457,20,956.6865000000007
3,67,933792.4998214621,6848760.204434457,21,956.686499999999
3,67,933792.4998214621,6848760.204434457,29,956.6864999999997
3,67,933792.4998214621,6848760.204434457,30,956.6865000000009
3,67,933792.4998214621,6848760.204434457,32,956.6865000000004
3,67,933792.4998214621,6848760.204434457,33,956.6864999999996
3,67,933792.4998214621,6848760.204434457,42,956.6865000000003
3,67,933792.4998214621,6848760.204434457,44,956.6865000000008
3,67,933792.4998214621,6848760.204434457,7,956.6865000000038
3,67,933792.4998214621,6848760.204434457,10,774.5327811992395
3,67,933792.4998214621,6848760.204434457,16,956.6865000000017
3,67,933792.4998214621,6848760.204434457,22,956.6865000000014
3,67,933792.4998214621,6848760.204434457,28,956.6865000000023
3,67,933792.4998214621,6848760.204434457,31,956.6865000000034
3,67,933792.4998214621,6848760.204434457,34,956.6865000000023
3,67,933792.4998214621,6848760.204434457,40,956.6865000000024
3,67,933792.4998214621,6848760.204434457,41,956.6864999999988
3,67,933792.4998214621,6848760.204434457,43,956.6865000000034
3,67,933792.4998214621,6848760.204434457,45,956.6864999999997
3,67,933792.4998214621,6848760.204434457,46,956.6865000000016
3,67,933792.4998214621,6848760.204434457,11,777.8405249999986
3,67,933792.4998214621,6848760.204434457,15,664.1556074999997
3,67,933792.4998214621,6848760.204434457,23,777.8405249999985
3,67,933792.4998214621,6848760.204434457,27,777.8405249999981
3,67,933792.4998214621,6848760.204434457,35,777.840524999998
3,67,933792.4998214621,6848760.204434457,39,777.840524999998
3,67,933792.4998214621,6848760.204434457,47,777.8405249999981
3,32,934724.7998207612,6847726.104434972,1,495.49499999999915
3,32,934724.7998207612,6847726.104434972,2,495.4949999999995
3,32,934724.7998207612,6847726.104434972,3,495.4950000000005
3,32,934724.7998207612,6847726.104434972,4,495.4949999999996
3,32,934724.7998207612,6847726.104434972,5,495.49499999999983
3,32,934724.7998207612,6847726.104434972,6,495.4949999999996
3,32,934724.7998207612,6847726.104434972,7,495.49499999999966
3,32,934724.7998207612,6847726.104434972,8,495.4949999999996
3,32,934724.7998207612,6847726.104434972,9,495.49499999999983
3,32,934724.7998207612,6847726.104434972,10,495.4949999999998
3,32,934724.7998207612,6847726.104434972,11,495.4950000000006
3,32,934724.7998207612,6847726.104434972,12,495.4949999999994
3,32,934724.7998207612,6847726.104434972,13,495.49499999999904
3,32,934724.7998207612,6847726.104434972,14,495.4949999999994
3,32,934724.7998207612,6847726.104434972,15,495.4950000000006
3,32,934724.7998207612,6847726.104434972,16,495.49499999999995
3,32,934724.7998207612,6847726.104434972,17,495.4949999999998
3,32,934724.7998207612,6847726.104434972,18,495.4949999999996
3,32,934724.7998207612,6847726.104434972,19,495.4949999999996
3,32,934724.7998207612,6847726.104434972,20,495.4949999999996
3,32,934724.7998207612,6847726.104434972,21,495.4949999999998
3,32,934724.7998207612,6847726.104434972,22,495.4949999999997
3,32,934724.7998207612,6847726.104434972,23,495.49500000000063
3,32,934724.7998207612,6847726.104434972,25,495.4949999999992
3,32,934724.7998207612,6847726.104434972,27,495.4950000000005
3,32,934724.7998207612,6847726.104434972,28,495.4949999999997
3,32,934724.7998207612,6847726.104434972,29,495.4949999999998
3,32,934724.7998207612,6847726.104434972,30,495.49499999999955
3,32,934724.7998207612,6847726.104434972,31,495.4949999999997
3,32,934724.7998207612,6847726.104434972,32,495.49499999999955
3,32,934724.7998207612,6847726.104434972,33,495.4949999999998
3,32,934724.7998207612,6847726.104434972,34,495.4949999999997
3,32,934724.7998207612,6847726.104434972,35,495.4950000000006
3,32,934724.7998207612,6847726.104434972,37,495.49499999999915
3,32,934724.7998207612,6847726.104434972,39,495.49500000000046
3,32,934724.7998207612,6847726.104434972,40,495.4949999999997
3,32,934724.7998207612,6847726.104434972,41,495.4949999999998
3,32,934724.7998207612,6847726.104434972,42,495.49499999999955
3,32,934724.7998207612,6847726.104434972,43,495.4949999999997
3,32,934724.7998207612,6847726.104434972,44,495.49499999999955
3,32,934724.7998207612,6847726.104434972,45,495.4949999999998
3,32,934724.7998207612,6847726.104434972,46,495.4949999999998
3,32,934724.7998207612,6847726.104434972,47,495.49500000000046
3,32,934724.7998207612,6847726.104434972,24,495.4949999999994
3,32,934724.7998207612,6847726.104434972,26,495.4949999999994
3,32,934724.7998207612,6847726.104434972,36,495.4949999999994
3,32,934724.7998207612,6847726.104434972,38,495.4949999999994
3,32,934724.7998207612,6847726.104434972,48,495.49499999999927
3,56,934204.3998211591,6847660.904435011,1,401.66280000000006
3,56,934204.3998211591,6847660.904435011,2,415.11595286120314
3,56,934204.3998211591,6847660.904435011,3,451.87065000000075
3,56,934204.3998211591,6847660.904435011,4,502.0784999999997
3,56,934204.3998211591,6847660.904435011,5,561.0527999999999
3,56,934204.3998211591,6847660.904435011,6,596.4997500000001
3,56,934204.3998211591,6847660.904435011,7,596.49975
3,56,934204.3998211591,6847660.904435011,8,596.4997500000001
3,56,934204.3998211591,6847660.904435011,9,561.0527999999999
3,56,934204.3998211591,6847660.904435011,10,502.0784999999997
3,56,934204.3998211591,6847660.904435011,11,451.87065000000075
3,56,934204.3998211591,6847660.904435011,12,415.11595286120314
3,56,934204.3998211591,6847660.904435011,13,401.66280000000006
3,56,934204.3998211591,6847660.904435011,14,415.11595286120314
3,56,934204.3998211591,6847660.904435011,15,451.87065000000075
3,56,934204.3998211591,6847660.904435011,16,502.0784999999997
3,56,934204.3998211591,6847660.904435011,17,561.0527999999999
3,56,934204.3998211591,6847660.904435011,18,596.4997500000001
3,56,934204.3998211591,6847660.904435011,19,596.49975
3,56,934204.3998211591,6847660.904435011,20,596.4997500000001
3,56,934204.3998211591,6847660.904435011,21,561.0527999999999
3,56,934204.3998211591,6847660.904435011,22,502.0784999999997
3,56,934204.3998211591,6847660.904435011,23,451.87065000000075
3,56,934204.3998211591,6847660.904435011,24,415.11595286120314
3,56,934204.3998211591,6847660.904435011,25,401.66280000000006
3,56,934204.3998211591,6847660.904435011,26,415.11595286120314
3,56,934204.3998211591,6847660.904435011,27,451.87065000000075
3,56,934204.3998211591,6847660.904435011,28,502.0784999999997
3,56,934204.3998211591,6847660.904435011,29,561.0527999999999
3,56,934204.3998211591,6847660.904435011,30,596.4997500000001
3,56,934204.3998211591,6847660.904435011,31,596.49975
3,56,934204.3998211591,6847660.904435011,32,596.4997500000001
3,56,934204.3998211591,6847660.904435011,33,561.0527999999999
3,56,934204.3998211591,6847660.904435011,34,502.0784999999997
3,56,934204.3998211591,6847660.904435011,35,451.87065000000075
3,56,934204.3998211591,6847660.904435011,36,415.11595286120314
3,56,934204.3998211591,6847660.904435011,37,401.66280000000006
3,56,934204.3998211591,6847660.904435011,38,415.11595286120314
3,56,934204.3998211591,6847660.904435011,39,451.87065000000075
3,56,934204.3998211591,6847660.904435011,40,502.0784999999997
3,56,934204.3998211591,6847660.904435011,41,561.0527999999999
3,56,934204.3998211591,6847660.904435011,42,596.4997500000001
3,56,934204.3998211591,6847660.904435011,43,596.49975
3,56,934204.3998211591,6847660.904435011,44,596.4997500000001
3,56,934204.3998211591,6847660.904435011,45,561.0527999999999
3,56,934204.3998211591,6847660.904435011,46,502.0784999999997
3,56,934204.3998211591,6847660.904435011,47,451.87065000000075
3,56,934204.3998211591,6847660.904435011,48,415.11595286120314
3,73,933230.5998218857,6849269.904434204,7,375.43274999999966
3,73,933230.5998218857,6849269.904434204,19,375.43274999999966
3,73,933230.5998218857,6849269.904434204,31,375.43274999999966
3,73,933230.5998218857,6849269.904434204,43,375.43274999999966
3,73,933230.5998218857,6849269.904434204,4,375.4327499999999
3,73,933230.5998218857,6849269.904434204,5,375.43274999999994
3,73,933230.5998218857,6849269.904434204,9,375.43274999999994
3,73,933230.5998218857,6849269.904434204,10,375.4327499999999
3,73,933230.5998218857,6849269.904434204,16,375.43274999999994
3,73,933230.5998218857,6849269.904434204,17,375.43274999999994
3,73,933230.5998218857,6849269.904434204,21,375.43274999999994
3,73,933230.5998218857,6849269.904434204,22,375.4327499999999
3,73,933230.5998218857,6849269.904434204,29,375.43274999999994
3,73,933230.5998218857,6849269.904434204,33,375.43274999999994
3,73,933230.5998218857,6849269.904434204,41,375.43274999999994
3,73,933230.5998218857,6849269.904434204,45,375.43274999999994
3,73,933230.5998218857,6849269.904434204,46,375.43274999999994
3,73,933230.5998218857,6849269.904434204,2,375.4327499999998
3,73,933230.5998218857,6849269.904434204,12,375.4327499999998
3,73,933230.5998218857,6849269.904434204,14,375.4327499999998
3,73,933230.5998218857,6849269.904434204,24,375.4327499999998
3,73,933230.5998218857,6849269.904434204,36,375.4327499999998
3,73,933230.5998218857,6849269.904434204,38,375.4327499999998
3,73,933230.5998218857,6849269.904434204,48,375.4327499999998
3,73,933230.5998218857,6849269.904434204,15,375.43274999999977
3,73,933230.5998218857,6849269.904434204,1,375.4327500000002
3,73,933230.5998218857,6849269.904434204,13,375.43275000000017
3,73,933230.5998218857,6849269.904434204,25,375.4327500000002
3,73,933230.5998218857,6849269.904434204,37,375.43275000000017
3,73,933230.5998218857,6849269.904434204,3,375.43274999999977
3,73,933230.5998218857,6849269.904434204,6,375.43275
3,73,933230.5998218857,6849269.904434204,8,375.43275
3,73,933230.5998218857,6849269.904434204,11,375.43274999999977
3,73,933230.5998218857,6849269.904434204,18,375.43275
3,73,933230.5998218857,6849269.904434204,20,375.43275
3,73,933230.5998218857,6849269.904434204,23,375.4327499999997
3,73,933230.5998218857,6849269.904434204,26,375.4327499999998
3,73,933230.5998218857,6849269.904434204,27,375.43274999999977
3,73,933230.5998218857,6849269.904434204,28,375.43274999999994
3,73,933230.5998218857,6849269.904434204,30,375.43274999999994
3,73,933230.5998218857,6849269.904434204,32,375.43274999999994
3,73,933230.5998218857,6849269.904434204,34,375.43275
3,73,933230.5998218857,6849269.904434204,35,375.43274999999977
3,73,933230.5998218857,6849269.904434204,39,375.4327499999997
3,73,933230.5998218857,6849269.904434204,40,375.43274999999994
3,73,933230.5998218857,6849269.904434204,42,375.43274999999994
3,73,933230.5998218857,6849269.904434204,44,375.43274999999994
3,73,933230.5998218857,6849269.904434204,47,375.43274999999977
3,53,934203.1998211733,6846356.304435672,1,457.38000000000005
3,53,934203.1998211733,6846356.304435672,2,457.38000000000034
3,53,934203.1998211733,6846356.304435672,3,457.38000000000034
3,53,934203.1998211733,6846356.304435672,5,457.3800000000001
3,53,934203.1998211733,6846356.304435672,6,457.3800000000004
3,53,934203.1998211733,6846356.304435672,7,457.38
3,53,934203.1998211733,6846356.304435672,8,457.3800000000004
3,53,934203.1998211733,6846356.304435672,9,457.38000000000017
3,53,934203.1998211733,6846356.304435672,11,457.3800000000004
3,53,934203.1998211733,6846356.304435672,12,457.3800000000003
3,53,934203.1998211733,6846356.304435672,13,457.3799999999995
3,53,934203.1998211733,6846356.304435672,14,457.38000000000034
3,53,934203.1998211733,6846356.304435672,15,457.3800000000003
3,53,934203.1998211733,6846356.304435672,17,457.3800000000001
3,53,934203.1998211733,6846356.304435672,18,457.38000000000056
3,53,934203.1998211733,6846356.304435672,19,457.37999999999977
3,53,934203.1998211733,6846356.304435672,20,457.38000000000056
3,53,934203.1998211733,6846356.304435672,23,457.3800000000002
3,53,934203.1998211733,6846356.304435672,24,457.3800000000003
3,53,934203.1998211733,6846356.304435672,25,457.37999999999994
3,53,934203.1998211733,6846356.304435672,26,457.3800000000003
3,53,934203.1998211733,6846356.304435672,27,457.38000000000034
3,53,934203.1998211733,6846356.304435672,29,457.38000000000017
3,53,934203.1998211733,6846356.304435672,30,457.3800000000004
3,53,934203.1998211733,6846356.304435672,31,457.38000000000017
3,53,934203.1998211733,6846356.304435672,32,457.38000000000056
3,53,934203.1998211733,6846356.304435672,33,457.3800000000002
3,53,934203.1998211733,6846356.304435672,35,457.3800000000001
3,53,934203.1998211733,6846356.304435672,36,457.3800000000004
3,53,934203.1998211733,6846356.304435672,37,457.37999999999994
3,53,934203.1998211733,6846356.304435672,38,457.3800000000003
3,53,934203.1998211733,6846356.304435672,39,457.3800000000003
3,53,934203.1998211733,6846356.304435672,40,457.38000000000005
3,53,934203.1998211733,6846356.304435672,41,457.3800000000002
3,53,934203.1998211733,6846356.304435672,42,457.3800000000004
3,53,934203.1998211733,6846356.304435672,43,457.38
3,53,934203.1998211733,6846356.304435672,44,457.3800000000004
3,53,934203.1998211733,6846356.304435672,45,457.3800000000001
3,53,934203.1998211733,6846356.304435672,47,457.3800000000003
3,53,934203.1998211733,6846356.304435672,48,457.3800000000004
3,53,934203.1998211733,6846356.304435672,4,457.3800000000001
3,53,934203.1998211733,6846356.304435672,10,457.38
3,53,934203.1998211733,6846356.304435672,22,457.38
3,53,934203.1998211733,6846356.304435672,34,457.38000000000017
3,53,934203.1998211733,6846356.304435672,46,457.3800000000002
3,53,934203.1998211733,6846356.304435672,21,457.38000000000017
3,53,934203.1998211733,6846356.304435672,16,457.3800000000001
3,53,934203.1998211733,6846356.304435672,28,457.3800000000004
3,80,934194.8998211797,6846378.104435661,4,564.102
3,80,934194.8998211797,6846378.104435661,10,564.1019999999999
3,80,934194.8998211797,6846378.104435661,16,564.1019999999999
3,80,934194.8998211797,6846378.104435661,21,564.1019999999995
3,80,934194.8998211797,6846378.104435661,22,564.102
3,80,934194.8998211797,6846378.104435661,28,564.102
3,80,934194.8998211797,6846378.104435661,34,564.1019999999997
3,80,934194.8998211797,6846378.104435661,46,564.102
3,80,934194.8998211797,6846378.104435661,2,564.1019999999996
3,80,934194.8998211797,6846378.104435661,3,564.1019999999999
3,80,934194.8998211797,6846378.104435661,5,564.1019999999995
3,80,934194.8998211797,6846378.104435661,6,564.1019999999995
3,80,934194.8998211797,6846378.104435661,7,564.1020000000003
3,80,934194.8998211797,6846378.104435661,8,564.1019999999995
3,80,934194.8998211797,6846378.104435661,9,564.1019999999995
3,80,934194.8998211797,6846378.104435661,11,564.1019999999999
3,80,934194.8998211797,6846378.104435661,12,564.1020000000001
3,80,934194.8998211797,6846378.104435661,14,564.1019999999997
3,80,934194.8998211797,6846378.104435661,15,564.1019999999999
3,80,934194.8998211797,6846378.104435661,17,564.1019999999995
3,80,934194.8998211797,6846378.104435661,18,564.1019999999994
3,80,934194.8998211797,6846378.104435661,19,564.1020000000002
3,80,934194.8998211797,6846378.104435661,20,564.1019999999994
3,80,934194.8998211797,6846378.104435661,23,564.1019999999996
3,80,934194.8998211797,6846378.104435661,24,564.1019999999994
3,80,934194.8998211797,6846378.104435661,26,564.1019999999999
3,80,934194.8998211797,6846378.104435661,27,564.1019999999997
3,80,934194.8998211797,6846378.104435661,29,564.1019999999995
3,80,934194.8998211797,6846378.104435661,30,564.1019999999995
3,80,934194.8998211797,6846378.104435661,31,564.102
3,80,934194.8998211797,6846378.104435661,32,564.1019999999994
3,80,934194.8998211797,6846378.104435661,33,564.1019999999994
3,80,934194.8998211797,6846378.104435661,35,564.102
3,80,934194.8998211797,6846378.104435661,36,564.1019999999994
3,80,934194.8998211797,6846378.104435661,38,564.1019999999999
3,80,934194.8998211797,6846378.104435661,39,564.102
3,80,934194.8998211797,6846378.104435661,40,564.102
3,80,934194.8998211797,6846378.104435661,41,564.1019999999995
3,80,934194.8998211797,6846378.104435661,42,564.1019999999995
3,80,934194.8998211797,6846378.104435661,43,564.1020000000003
3,80,934194.8998211797,6846378.104435661,44,564.1019999999995
3,80,934194.8998211797,6846378.104435661,45,564.1019999999994
3,80,934194.8998211797,6846378.104435661,47,564.102
3,80,934194.8998211797,6846378.104435661,48,564.1019999999993
3,80,934194.8998211797,6846378.104435661,13,564.1019999999997
3,80,934194.8998211797,6846378.104435661,25,564.1019999999996
3,80,934194.8998211797,6846378.104435661,37,564.1019999999999
3,80,934194.8998211797,6846378.104435661,1,564.1019999999993
3,72,932379.6998225332,6849477.804434106,1,28.586250000000007
3,72,932379.6998225332,6849477.804434106,2,28.586250000000014
3,72,932379.6998225332,6849477.804434106,3,28.586250000000007
3,72,932379.6998225332,6849477.804434106,4,28.586250000000014
3,72,932379.6998225332,6849477.804434106,5,28.58625000000001
3,72,932379.6998225332,6849477.804434106,6,28.586250000000007
3,72,932379.6998225332,6849477.804434106,7,28.586250000000014
3,72,932379.6998225332,6849477.804434106,8,28.586250000000014
3,72,932379.6998225332,6849477.804434106,9,28.58625000000001
3,72,932379.6998225332,6849477.804434106,10,28.58625000000001
3,72,932379.6998225332,6849477.804434106,11,28.586250000000007
3,72,932379.6998225332,6849477.804434106,12,28.586250000000007
3,72,932379.6998225332,6849477.804434106,13,28.586250000000014
3,72,932379.6998225332,6849477.804434106,14,28.586250000000007
3,72,932379.6998225332,6849477.804434106,15,28.586250000000007
3,72,932379.6998225332,6849477.804434106,16,28.58625000000001
3,72,932379.6998225332,6849477.804434106,17,28.58625000000001
3,72,932379.6998225332,6849477.804434106,18,28.586250000000014
3,72,932379.6998225332,6849477.804434106,19,28.586250000000014
3,72,932379.6998225332,6849477.804434106,20,28.586250000000014
3,72,932379.6998225332,6849477.804434106,21,28.58625000000001
3,72,932379.6998225332,6849477.804434106,22,28.58625000000001
3,72,932379.6998225332,6849477.804434106,23,28.586250000000007
3,72,932379.6998225332,6849477.804434106,24,28.586250000000007
3,72,932379.6998225332,6849477.804434106,25,28.586250000000014
3,72,932379.6998225332,6849477.804434106,26,28.586250000000007
3,72,932379.6998225332,6849477.804434106,27,28.586250000000007
3,72,932379.6998225332,6849477.804434106,28,28.58625000000001
3,72,932379.6998225332,6849477.804434106,29,28.58625000000001
3,72,932379.6998225332,6849477.804434106,30,28.586250000000007
3,72,932379.6998225332,6849477.804434106,31,28.586250000000014
3,72,932379.6998225332,6849477.804434106,32,28.586250000000007
3,72,932379.6998225332,6849477.804434106,33,28.58625000000001
3,72,932379.6998225332,6849477.804434106,34,28.586250000000014
3,72,932379.6998225332,6849477.804434106,35,28.586250000000007
3,72,932379.6998225332,6849477.804434106,36,28.586250000000007
3,72,932379.6998225332,6849477.804434106,37,28.586250000000014
3,72,932379.6998225332,6849477.804434106,38,28.586250000000007
3,72,932379.6998225332,6849477.804434106,39,28.586250000000007
3,72,932379.6998225332,6849477.804434106,40,28.586250000000014
3,72,932379.6998225332,6849477.804434106,41,28.58625000000001
3,72,932379.6998225332,6849477.804434106,42,28.586250000000014
3,72,932379.6998225332,6849477.804434106,43,28.586250000000014
3,72,932379.6998225332,6849477.804434106,44,28.586250000000007
3,72,932379.6998225332,6849477.804434106,45,28.58625000000001
3,72,932379.6998225332,6849477.804434106,46,28.58625000000001
3,72,932379.6998225332,6849477.804434106,47,28.586250000000007
3,72,932379.6998225332,6849477.804434106,48,28.586250000000014
3,3,933908.0998213802,6848138.104434771,1,142.93125000000003
3,3,933908.0998213802,6848138.104434771,2,142.93124999999998
3,3,933908.0998213802,6848138.104434771,3,142.93125000000003
3,3,933908.0998213802,6848138.104434771,4,142.93124999999995
3,3,933908.0998213802,6848138.104434771,5,142.9312500000001
3,3,933908.0998213802,6848138.104434771,6,142.93125000000012
3,3,933908.0998213802,6848138.104434771,7,142.93125
3,3,933908.0998213802,6848138.104434771,8,142.93125000000012
3,3,933908.0998213802,6848138.104434771,9,142.93125000000003
3,3,933908.0998213802,6848138.104434771,10,142.93124999999995
3,3,933908.0998213802,6848138.104434771,11,142.93125000000003
3,3,933908.0998213802,6848138.104434771,12,142.93124999999998
3,3,933908.0998213802,6848138.104434771,13,142.93125000000003
3,3,933908.0998213802,6848138.104434771,14,142.93124999999998
3,3,933908.0998213802,6848138.104434771,15,142.93125000000003
3,3,933908.0998213802,6848138.104434771,16,142.93124999999995
3,3,933908.0998213802,6848138.104434771,17,142.9312500000001
3,3,933908.0998213802,6848138.104434771,18,142.93125000000012
3,3,933908.0998213802,6848138.104434771,19,142.93125
3,3,933908.0998213802,6848138.104434771,20,142.93125000000006
3,3,933908.0998213802,6848138.104434771,21,142.93125000000003
3,3,933908.0998213802,6848138.104434771,22,142.93124999999995
3,3,933908.0998213802,6848138.104434771,23,142.93125000000003
3,3,933908.0998213802,6848138.104434771,24,142.93124999999998
3,3,933908.0998213802,6848138.104434771,25,142.93125000000003
3,3,933908.0998213802,6848138.104434771,26,142.93124999999998
3,3,933908.0998213802,6848138.104434771,27,142.93125000000003
3,3,933908.0998213802,6848138.104434771,28,142.93124999999995
3,3,933908.0998213802,6848138.104434771,29,142.93125000000006
3,3,933908.0998213802,6848138.104434771,30,142.93125000000012
3,3,933908.0998213802,6848138.104434771,31,142.93125
3,3,933908.0998213802,6848138.104434771,32,142.93125000000012
3,3,933908.0998213802,6848138.104434771,33,142.9312500000001
3,3,933908.0998213802,6848138.104434771,34,142.93124999999995
3,3,933908.0998213802,6848138.104434771,35,142.93125000000003
3,3,933908.0998213802,6848138.104434771,36,142.93124999999998
3,3,933908.0998213802,6848138.104434771,37,142.93125000000003
3,3,933908.0998213802,6848138.104434771,38,142.93124999999998
3,3,933908.0998213802,6848138.104434771,39,142.93125000000003
3,3,933908.0998213802,6848138.104434771,40,142.93124999999995
3,3,933908.0998213802,6848138.104434771,41,142.93125000000003
3,3,933908.0998213802,6848138.104434771,42,142.93125000000012
3,3,933908.0998213802,6848138.104434771,43,142.93124999999998
3,3,933908.0998213802,6848138.104434771,44,142.93125000000006
3,3,933908.0998213802,6848138.104434771,45,142.93125000000006
3,3,933908.0998213802,6848138.104434771,46,142.93124999999995
3,3,933908.0998213802,6848138.104434771,47,142.93125000000003
3,3,933908.0998213802,6848138.104434771,48,142.93124999999998
3,49,935012.7998205305,6848802.404434423,1,323.56170000000185
3,49,935012.7998205305,6848802.404434423,2,334.3989620270822
3,49,935012.7998205305,6848802.404434423,3,364.0069125000028
3,49,935012.7998205305,6848802.404434423,4,404.4521250000026
3,49,935012.7998205305,6848802.404434423,5,442.1339999999997
3,49,935012.7998205305,6848802.404434423,6,442.13399999999956
3,49,935012.7998205305,6848802.404434423,7,442.1339999999992
3,49,935012.7998205305,6848802.404434423,8,442.13399999999956
3,49,935012.7998205305,6848802.404434423,9,442.13399999999973
3,49,935012.7998205305,6848802.404434423,10,404.4521250000026
3,49,935012.7998205305,6848802.404434423,11,364.0069125000028
3,49,935012.7998205305,6848802.404434423,12,334.3989620270822
3,49,935012.7998205305,6848802.404434423,13,323.5617000000018
3,49,935012.7998205305,6848802.404434423,14,334.3989620270822
3,49,935012.7998205305,6848802.404434423,15,364.0069125000027
3,49,935012.7998205305,6848802.404434423,16,404.4521250000026
3,49,935012.7998205305,6848802.404434423,17,442.1339999999997
3,49,935012.7998205305,6848802.404434423,18,442.13399999999956
3,49,935012.7998205305,6848802.404434423,19,442.1339999999993
3,49,935012.7998205305,6848802.404434423,20,442.13399999999956
3,49,935012.7998205305,6848802.404434423,21,442.1339999999997
3,49,935012.7998205305,6848802.404434423,22,404.4521250000026
3,49,935012.7998205305,6848802.404434423,23,364.0069125000027
3,49,935012.7998205305,6848802.404434423,24,334.3989620270822
3,49,935012.7998205305,6848802.404434423,25,323.5617000000018
3,49,935012.7998205305,6848802.404434423,26,334.39896202708206
3,49,935012.7998205305,6848802.404434423,27,364.0069125000027
3,49,935012.7998205305,6848802.404434423,28,404.4521250000025
3,49,935012.7998205305,6848802.404434423,29,442.13399999999973
3,49,935012.7998205305,6848802.404434423,30,442.13399999999956
3,49,935012.7998205305,6848802.404434423,31,442.1339999999992
3,49,935012.7998205305,6848802.404434423,32,442.13399999999956
3,49,935012.7998205305,6848802.404434423,33,442.1339999999997
3,49,935012.7998205305,6848802.404434423,34,404.4521250000025
3,49,935012.7998205305,6848802.404434423,35,364.0069125000028
3,49,935012.7998205305,6848802.404434423,36,334.3989620270822
3,49,935012.7998205305,6848802.404434423,37,323.5617000000018
3,49,935012.7998205305,6848802.404434423,38,334.39896202708206
3,49,935012.7998205305,6848802.404434423,39,364.0069125000028
3,49,935012.7998205305,6848802.404434423,40,404.4521250000025
3,49,935012.7998205305,6848802.404434423,41,442.13399999999973
3,49,935012.7998205305,6848802.404434423,42,442.13399999999956
3,49,935012.7998205305,6848802.404434423,43,442.1339999999993
3,49,935012.7998205305,6848802.404434423,44,442.13399999999956
3,49,935012.7998205305,6848802.404434423,45,442.13399999999973
3,49,935012.7998205305,6848802.404434423,46,404.4521250000025
3,49,935012.7998205305,6848802.404434423,47,364.00691250000284
3,49,935012.7998205305,6848802.404434423,48,334.3989620270822
3,81,934977.2998205577,6848768.304434442,41,134.26008750000247
3,81,934977.2998205577,6848768.304434442,1,95.63400000000011
3,81,934977.2998205577,6848768.304434442,2,98.83713163361975
3,81,934977.2998205577,6848768.304434442,3,107.58825000000004
3,81,934977.2998205577,6848768.304434442,4,119.5425000000001
3,81,934977.2998205577,6848768.304434442,5,134.2600875000025
3,81,934977.2998205577,6848768.304434442,6,172.61915633930133
3,81,934977.2998205577,6848768.304434442,7,186.65955000000025
3,81,934977.2998205577,6848768.304434442,8,172.6191563393013
3,81,934977.2998205577,6848768.304434442,9,134.26008750000247
3,81,934977.2998205577,6848768.304434442,10,119.5425000000001
3,81,934977.2998205577,6848768.304434442,11,107.58825000000004
3,81,934977.2998205577,6848768.304434442,12,98.83713163361975
3,81,934977.2998205577,6848768.304434442,13,95.63400000000011
3,81,934977.2998205577,6848768.304434442,14,98.83713163361975
3,81,934977.2998205577,6848768.304434442,15,107.58825000000004
3,81,934977.2998205577,6848768.304434442,16,119.5425000000001
3,81,934977.2998205577,6848768.304434442,17,134.26008750000244
3,81,934977.2998205577,6848768.304434442,18,172.6191563393013
3,81,934977.2998205577,6848768.304434442,19,186.6595500000002
3,81,934977.2998205577,6848768.304434442,20,172.6191563393013
3,81,934977.2998205577,6848768.304434442,21,134.2600875000025
3,81,934977.2998205577,6848768.304434442,22,119.5425000000001
3,81,934977.2998205577,6848768.304434442,23,107.58825000000004
3,81,934977.2998205577,6848768.304434442,24,98.83713163361975
3,81,934977.2998205577,6848768.304434442,25,95.63400000000011
3,81,934977.2998205577,6848768.304434442,26,98.83713163361975
3,81,934977.2998205577,6848768.304434442,27,107.58825000000004
3,81,934977.2998205577,6848768.304434442,28,119.5425000000001
3,81,934977.2998205577,6848768.304434442,29,134.26008750000247
3,81,934977.2998205577,6848768.304434442,30,172.6191563393013
3,81,934977.2998205577,6848768.304434442,31,186.65955000000025
3,81,934977.2998205577,6848768.304434442,32,172.61915633930133
3,81,934977.2998205577,6848768.304434442,33,134.26008750000244
3,81,934977.2998205577,6848768.304434442,34,119.5425000000001
3,81,934977.2998205577,6848768.304434442,35,107.58825000000004
3,81,934977.2998205577,6848768.304434442,36,98.83713163361975
3,81,934977.2998205577,6848768.304434442,37,95.63400000000011
3,81,934977.2998205577,6848768.304434442,38,98.83713163361975
3,81,934977.2998205577,6848768.304434442,39,107.58825000000004
3,81,934977.2998205577,6848768.304434442,40,119.5425000000001
3,81,934977.2998205577,6848768.304434442,42,172.6191563393013
3,81,934977.2998205577,6848768.304434442,43,186.6595500000002
3,81,934977.2998205577,6848768.304434442,44,172.6191563393013
3,81,934977.2998205577,6848768.304434442,45,134.26008750000247
3,81,934977.2998205577,6848768.304434442,46,119.5425000000001
3,81,934977.2998205577,6848768.304434442,47,107.58825000000004
3,81,934977.2998205577,6848768.304434442,48,98.83713163361975
3,46,934906.099820619,6848106.204434778,1,260.8798500000003
3,46,934906.099820619,6848106.204434778,2,276.743968574136
3,46,934906.099820619,6848106.204434778,3,301.24710000000124
3,46,934906.099820619,6848106.204434778,4,334.71900000000136
3,46,934906.099820619,6848106.204434778,5,341.12924999999984
3,46,934906.099820619,6848106.204434778,6,341.12924999999984
3,46,934906.099820619,6848106.204434778,7,341.1292499999996
3,46,934906.099820619,6848106.204434778,8,341.12924999999984
3,46,934906.099820619,6848106.204434778,9,341.12924999999984
3,46,934906.099820619,6848106.204434778,10,334.71900000000136
3,46,934906.099820619,6848106.204434778,11,301.2471000000017
3,46,934906.099820619,6848106.204434778,12,276.7439685741364
3,46,934906.099820619,6848106.204434778,13,260.8798500000003
3,46,934906.099820619,6848106.204434778,14,276.7439685741364
3,46,934906.099820619,6848106.204434778,15,301.2471000000017
3,46,934906.099820619,6848106.204434778,16,334.7190000000009
3,46,934906.099820619,6848106.204434778,17,341.12924999999984
3,46,934906.099820619,6848106.204434778,18,341.12924999999984
3,46,934906.099820619,6848106.204434778,19,341.12924999999973
3,46,934906.099820619,6848106.204434778,20,341.12924999999984
3,46,934906.099820619,6848106.204434778,21,341.12924999999984
3,46,934906.099820619,6848106.204434778,22,334.71900000000085
3,46,934906.099820619,6848106.204434778,23,301.24710000000124
3,46,934906.099820619,6848106.204434778,24,276.743968574136
3,46,934906.099820619,6848106.204434778,25,260.8798500000003
3,46,934906.099820619,6848106.204434778,26,276.7439685741364
3,46,934906.099820619,6848106.204434778,27,301.24710000000124
3,46,934906.099820619,6848106.204434778,28,334.71900000000136
3,46,934906.099820619,6848106.204434778,29,341.12924999999984
3,46,934906.099820619,6848106.204434778,31,341.12924999999973
3,46,934906.099820619,6848106.204434778,32,341.12924999999973
3,46,934906.099820619,6848106.204434778,33,341.12924999999984
3,46,934906.099820619,6848106.204434778,34,334.71900000000085
3,46,934906.099820619,6848106.204434778,35,301.2471000000017
3,46,934906.099820619,6848106.204434778,36,276.743968574136
3,46,934906.099820619,6848106.204434778,37,260.8798500000003
3,46,934906.099820619,6848106.204434778,38,276.7439685741364
3,46,934906.099820619,6848106.204434778,39,301.24710000000124
3,46,934906.099820619,6848106.204434778,40,334.71900000000136
3,46,934906.099820619,6848106.204434778,41,341.12924999999984
3,46,934906.099820619,6848106.204434778,42,341.1292499999998
3,46,934906.099820619,6848106.204434778,43,341.12924999999973
3,46,934906.099820619,6848106.204434778,44,341.1292499999998
3,46,934906.099820619,6848106.204434778,45,341.12924999999984
3,46,934906.099820619,6848106.204434778,46,334.7190000000009
3,46,934906.099820619,6848106.204434778,47,301.24710000000124
3,46,934906.099820619,6848106.204434778,48,276.743968574136
3,46,934906.099820619,6848106.204434778,30,341.12924999999984
3,54,934764.0998207259,6848247.404434707,30,295.39124999999984
3,54,934764.0998207259,6848247.404434707,42,295.39124999999996
3,54,934764.0998207259,6848247.404434707,6,295.39124999999984
3,54,934764.0998207259,6848247.404434707,7,295.3912499999997
3,54,934764.0998207259,6848247.404434707,8,295.39124999999996
3,54,934764.0998207259,6848247.404434707,18,295.39124999999984
3,54,934764.0998207259,6848247.404434707,20,295.39124999999984
3,54,934764.0998207259,6848247.404434707,19,295.3912499999999
3,54,934764.0998207259,6848247.404434707,31,295.39124999999996
3,54,934764.0998207259,6848247.404434707,32,295.39124999999996
3,54,934764.0998207259,6848247.404434707,43,295.3912499999997
3,54,934764.0998207259,6848247.404434707,44,295.39124999999984
3,54,934764.0998207259,6848247.404434707,1,295.39124999999984
3,54,934764.0998207259,6848247.404434707,2,295.3912500000005
3,54,934764.0998207259,6848247.404434707,3,295.3912500000013
3,54,934764.0998207259,6848247.404434707,4,295.3912500000017
3,54,934764.0998207259,6848247.404434707,5,295.3912500000001
3,54,934764.0998207259,6848247.404434707,9,295.3912500000001
3,54,934764.0998207259,6848247.404434707,10,295.3912500000017
3,54,934764.0998207259,6848247.404434707,11,295.3912500000018
3,54,934764.0998207259,6848247.404434707,12,295.391250000001
3,54,934764.0998207259,6848247.404434707,13,295.39124999999984
3,54,934764.0998207259,6848247.404434707,14,295.391250000001
3,54,934764.0998207259,6848247.404434707,15,295.3912500000018
3,54,934764.0998207259,6848247.404434707,16,295.39125000000126
3,54,934764.0998207259,6848247.404434707,17,295.3912500000002
3,54,934764.0998207259,6848247.404434707,21,295.3912500000001
3,54,934764.0998207259,6848247.404434707,22,295.3912500000012
3,54,934764.0998207259,6848247.404434707,23,295.3912500000014
3,54,934764.0998207259,6848247.404434707,24,295.3912500000005
3,54,934764.0998207259,6848247.404434707,25,295.39124999999984
3,54,934764.0998207259,6848247.404434707,26,295.391250000001
3,54,934764.0998207259,6848247.404434707,27,295.3912500000013
3,54,934764.0998207259,6848247.404434707,28,295.3912500000017
3,54,934764.0998207259,6848247.404434707,29,295.3912500000002
3,54,934764.0998207259,6848247.404434707,33,295.3912500000001
3,54,934764.0998207259,6848247.404434707,34,295.3912500000012
3,54,934764.0998207259,6848247.404434707,35,295.3912500000018
3,54,934764.0998207259,6848247.404434707,36,295.3912500000005
3,54,934764.0998207259,6848247.404434707,37,295.39124999999984
3,54,934764.0998207259,6848247.404434707,38,295.3912500000009
3,54,934764.0998207259,6848247.404434707,39,295.3912500000013
3,54,934764.0998207259,6848247.404434707,40,295.3912500000018
3,54,934764.0998207259,6848247.404434707,41,295.39125000000007
3,54,934764.0998207259,6848247.404434707,45,295.39125000000007
3,54,934764.0998207259,6848247.404434707,46,295.39125000000126
3,54,934764.0998207259,6848247.404434707,47,295.3912500000013
3,54,934764.0998207259,6848247.404434707,48,295.3912500000006
3,9,935423.408715666,6848507.683366759,1,87.66450000000012
3,9,935423.408715666,6848507.683366759,2,90.60070399748486
3,9,935423.408715666,6848507.683366759,3,98.62256250000013
3,9,935423.408715666,6848507.683366759,4,109.58062500000013
3,9,935423.408715666,6848507.683366759,5,120.53868750000017
3,9,935423.408715666,6848507.683366759,6,128.5605460025154
3,9,935423.408715666,6848507.683366759,7,131.4967500000002
3,9,935423.408715666,6848507.683366759,8,128.5605460025154
3,9,935423.408715666,6848507.683366759,9,120.53868750000017
3,9,935423.408715666,6848507.683366759,10,109.58062500000013
3,9,935423.408715666,6848507.683366759,11,98.62256250000013
3,9,935423.408715666,6848507.683366759,12,90.60070399748486
3,9,935423.408715666,6848507.683366759,13,87.66450000000012
3,9,935423.408715666,6848507.683366759,14,90.60070399748486
3,9,935423.408715666,6848507.683366759,15,98.62256250000013
3,9,935423.408715666,6848507.683366759,16,109.58062500000013
3,9,935423.408715666,6848507.683366759,17,120.53868750000017
3,9,935423.408715666,6848507.683366759,18,128.5605460025154
3,9,935423.408715666,6848507.683366759,19,131.4967500000002
3,9,935423.408715666,6848507.683366759,20,128.5605460025154
3,9,935423.408715666,6848507.683366759,21,120.53868750000017
3,9,935423.408715666,6848507.683366759,22,109.58062500000013
3,9,935423.408715666,6848507.683366759,23,98.62256250000013
3,9,935423.408715666,6848507.683366759,24,90.60070399748486
3,9,935423.408715666,6848507.683366759,25,87.66450000000012
3,9,935423.408715666,6848507.683366759,26,90.60070399748486
3,9,935423.408715666,6848507.683366759,27,98.62256250000013
3,9,935423.408715666,6848507.683366759,28,109.58062500000013
3,9,935423.408715666,6848507.683366759,29,120.53868750000017
3,9,935423.408715666,6848507.683366759,30,128.5605460025154
3,9,935423.408715666,6848507.683366759,31,131.4967500000002
3,9,935423.408715666,6848507.683366759,32,128.5605460025154
3,9,935423.408715666,6848507.683366759,33,120.53868750000017
3,9,935423.408715666,6848507.683366759,34,109.58062500000013
3,9,935423.408715666,6848507.683366759,35,98.62256250000013
3,9,935423.408715666,6848507.683366759,36,90.60070399748486
3,9,935423.408715666,6848507.683366759,37,87.66450000000012
3,9,935423.408715666,6848507.683366759,38,90.60070399748486
3,9,935423.408715666,6848507.683366759,39,98.62256250000013
3,9,935423.408715666,6848507.683366759,40,109.58062500000013
3,9,935423.408715666,6848507.683366759,41,120.53868750000017
3,9,935423.408715666,6848507.683366759,42,128.5605460025154
3,9,935423.408715666,6848507.683366759,43,131.4967500000002
3,9,935423.408715666,6848507.683366759,44,128.5605460025154
3,9,935423.408715666,6848507.683366759,45,120.53868750000017
3,9,935423.408715666,6848507.683366759,46,109.58062500000013
3,9,935423.408715666,6848507.683366759,47,98.62256250000013
3,9,935423.408715666,6848507.683366759,48,90.60070399748486
3,62,933921.19982138,6847190.704435252,1,403.2567000000001
3,62,933921.19982138,6847190.704435252,2,416.76323838842995
3,62,933921.19982138,6847190.704435252,3,453.66378750000047
3,62,933921.19982138,6847190.704435252,4,504.0708749999995
3,62,933921.19982138,6847190.704435252,5,554.4779624999998
3,62,933921.19982138,6847190.704435252,6,591.3785116115697
3,62,933921.19982138,6847190.704435252,7,604.8850500000009
3,62,933921.19982138,6847190.704435252,8,591.3785116115697
3,62,933921.19982138,6847190.704435252,9,554.4779624999998
3,62,933921.19982138,6847190.704435252,10,504.0708749999995
3,62,933921.19982138,6847190.704435252,11,453.66378750000047
3,62,933921.19982138,6847190.704435252,12,416.76323838842995
3,62,933921.19982138,6847190.704435252,13,403.2567000000001
3,62,933921.19982138,6847190.704435252,14,416.76323838842995
3,62,933921.19982138,6847190.704435252,15,453.66378750000047
3,62,933921.19982138,6847190.704435252,16,504.0708749999995
3,62,933921.19982138,6847190.704435252,17,554.4779624999998
3,62,933921.19982138,6847190.704435252,18,591.3785116115697
3,62,933921.19982138,6847190.704435252,19,604.8850500000009
3,62,933921.19982138,6847190.704435252,20,591.3785116115697
3,62,933921.19982138,6847190.704435252,21,554.4779624999998
3,62,933921.19982138,6847190.704435252,22,504.0708749999995
3,62,933921.19982138,6847190.704435252,23,453.66378750000047
3,62,933921.19982138,6847190.704435252,24,416.76323838842995
3,62,933921.19982138,6847190.704435252,25,403.2567000000001
3,62,933921.19982138,6847190.704435252,26,416.76323838842995
3,62,933921.19982138,6847190.704435252,27,453.66378750000047
3,62,933921.19982138,6847190.704435252,28,504.0708749999995
3,62,933921.19982138,6847190.704435252,29,554.4779624999998
3,62,933921.19982138,6847190.704435252,30,591.3785116115697
3,62,933921.19982138,6847190.704435252,31,604.8850500000009
3,62,933921.19982138,6847190.704435252,32,591.3785116115697
3,62,933921.19982138,6847190.704435252,33,554.4779624999998
3,62,933921.19982138,6847190.704435252,34,504.0708749999995
3,62,933921.19982138,6847190.704435252,35,453.66378750000047
3,62,933921.19982138,6847190.704435252,36,416.76323838842995
3,62,933921.19982138,6847190.704435252,37,403.2567000000001
3,62,933921.19982138,6847190.704435252,38,416.76323838842995
3,62,933921.19982138,6847190.704435252,39,453.66378750000047
3,62,933921.19982138,6847190.704435252,40,504.0708749999995
3,62,933921.19982138,6847190.704435252,41,554.4779624999998
3,62,933921.19982138,6847190.704435252,42,591.3785116115697
3,62,933921.19982138,6847190.704435252,43,604.8850500000009
3,62,933921.19982138,6847190.704435252,44,591.3785116115697
3,62,933921.19982138,6847190.704435252,45,554.4779624999998
3,62,933921.19982138,6847190.704435252,46,504.0708749999995
3,62,933921.19982138,6847190.704435252,47,453.66378750000047
3,62,933921.19982138,6847190.704435252,48,416.76323838842995
3,27,932730.0998222866,6847424.704435145,1,184.85775000000024
3,27,932730.0998222866,6847424.704435145,2,184.85775000000038
3,27,932730.0998222866,6847424.704435145,3,184.85775000000027
3,27,932730.0998222866,6847424.704435145,4,184.85775000000007
3,27,932730.0998222866,6847424.704435145,5,184.85775000000024
3,27,932730.0998222866,6847424.704435145,6,184.8577500000001
3,27,932730.0998222866,6847424.704435145,7,184.85775000000018
3,27,932730.0998222866,6847424.704435145,8,184.8577500000001
3,27,932730.0998222866,6847424.704435145,9,184.85775000000024
3,27,932730.0998222866,6847424.704435145,10,184.85775000000007
3,27,932730.0998222866,6847424.704435145,11,184.85775000000027
3,27,932730.0998222866,6847424.704435145,12,184.85775000000038
3,27,932730.0998222866,6847424.704435145,13,184.8577500000002
3,27,932730.0998222866,6847424.704435145,14,184.85775000000038
3,27,932730.0998222866,6847424.704435145,15,184.85775000000027
3,27,932730.0998222866,6847424.704435145,16,184.85775000000007
3,27,932730.0998222866,6847424.704435145,17,184.85775000000024
3,27,932730.0998222866,6847424.704435145,18,184.8577500000001
3,27,932730.0998222866,6847424.704435145,19,184.85775000000018
3,27,932730.0998222866,6847424.704435145,20,184.8577500000001
3,27,932730.0998222866,6847424.704435145,21,184.85775000000024
3,27,932730.0998222866,6847424.704435145,22,184.85775000000007
3,27,932730.0998222866,6847424.704435145,23,184.85775000000027
3,27,932730.0998222866,6847424.704435145,24,184.85775000000038
3,27,932730.0998222866,6847424.704435145,25,184.8577500000002
3,27,932730.0998222866,6847424.704435145,26,184.85775000000038
3,27,932730.0998222866,6847424.704435145,27,184.85775000000027
3,27,932730.0998222866,6847424.704435145,28,184.85775000000007
3,27,932730.0998222866,6847424.704435145,29,184.85775000000024
3,27,932730.0998222866,6847424.704435145,30,184.8577500000001
3,27,932730.0998222866,6847424.704435145,31,184.85775000000018
3,27,932730.0998222866,6847424.704435145,32,184.8577500000001
3,27,932730.0998222866,6847424.704435145,33,184.85775000000024
3,27,932730.0998222866,6847424.704435145,34,184.85775000000007
3,27,932730.0998222866,6847424.704435145,35,184.85775000000027
3,27,932730.0998222866,6847424.704435145,36,184.85775000000038
3,27,932730.0998222866,6847424.704435145,37,184.8577500000002
3,27,932730.0998222866,6847424.704435145,38,184.85775000000038
3,27,932730.0998222866,6847424.704435145,39,184.85775000000027
3,27,932730.0998222866,6847424.704435145,40,184.85775000000007
3,27,932730.0998222866,6847424.704435145,41,184.85775000000024
3,27,932730.0998222866,6847424.704435145,42,184.8577500000001
3,27,932730.0998222866,6847424.704435145,43,184.85775000000018
3,27,932730.0998222866,6847424.704435145,44,184.8577500000001
3,27,932730.0998222866,6847424.704435145,45,184.85775000000024
3,27,932730.0998222866,6847424.704435145,46,184.85775000000007
3,27,932730.0998222866,6847424.704435145,47,184.85775000000027
3,27,932730.0998222866,6847424.704435145,48,184.85775000000038
3,42,934990.5998205657,6847039.104435317,1,617.4629999999999
3,42,934990.5998205657,6847039.104435317,2,617.4629999999996
3,42,934990.5998205657,6847039.104435317,3,617.4629999999997
3,42,934990.5998205657,6847039.104435317,4,617.4629999999999
3,42,934990.5998205657,6847039.104435317,5,617.4629999999997
3,42,934990.5998205657,6847039.104435317,6,617.4629999999999
3,42,934990.5998205657,6847039.104435317,7,617.463
3,42,934990.5998205657,6847039.104435317,8,617.4629999999999
3,42,934990.5998205657,6847039.104435317,9,617.4629999999999
3,42,934990.5998205657,6847039.104435317,10,617.4629999999999
3,42,934990.5998205657,6847039.104435317,11,617.4629999999997
3,42,934990.5998205657,6847039.104435317,12,617.4629999999996
3,42,934990.5998205657,6847039.104435317,13,617.4629999999997
3,42,934990.5998205657,6847039.104435317,14,617.4629999999996
3,42,934990.5998205657,6847039.104435317,15,617.4629999999997
3,42,934990.5998205657,6847039.104435317,16,617.4629999999999
3,42,934990.5998205657,6847039.104435317,17,617.4629999999997
3,42,934990.5998205657,6847039.104435317,18,617.4629999999999
3,42,934990.5998205657,6847039.104435317,19,617.463
3,42,934990.5998205657,6847039.104435317,20,617.4629999999999
3,42,934990.5998205657,6847039.104435317,21,617.4629999999999
3,42,934990.5998205657,6847039.104435317,22,617.4629999999999
3,42,934990.5998205657,6847039.104435317,23,617.4629999999997
3,42,934990.5998205657,6847039.104435317,24,617.4629999999996
3,42,934990.5998205657,6847039.104435317,25,617.4629999999999
3,42,934990.5998205657,6847039.104435317,26,617.4629999999996
3,42,934990.5998205657,6847039.104435317,27,617.4629999999997
3,42,934990.5998205657,6847039.104435317,28,617.4629999999999
3,42,934990.5998205657,6847039.104435317,29,617.4629999999999
3,42,934990.5998205657,6847039.104435317,30,617.4629999999999
3,42,934990.5998205657,6847039.104435317,31,617.463
3,42,934990.5998205657,6847039.104435317,32,617.4629999999999
3,42,934990.5998205657,6847039.104435317,33,617.4629999999997
3,42,934990.5998205657,6847039.104435317,34,617.4629999999999
3,42,934990.5998205657,6847039.104435317,35,617.4629999999997
3,42,934990.5998205657,6847039.104435317,36,617.4629999999996
3,42,934990.5998205657,6847039.104435317,37,617.4629999999997
3,42,934990.5998205657,6847039.104435317,38,617.4629999999996
3,42,934990.5998205657,6847039.104435317,39,617.4629999999997
3,42,934990.5998205657,6847039.104435317,40,617.4629999999999
3,42,934990.5998205657,6847039.104435317,41,617.4629999999997
3,42,934990.5998205657,6847039.104435317,42,617.4629999999999
3,42,934990.5998205657,6847039.104435317,43,617.463
3,42,934990.5998205657,6847039.104435317,44,617.4629999999999
3,42,934990.5998205657,6847039.104435317,45,617.4629999999999
3,42,934990.5998205657,6847039.104435317,46,617.4629999999999
3,42,934990.5998205657,6847039.104435317,47,617.4629999999997
3,42,934990.5998205657,6847039.104435317,48,617.4629999999996
3,18,933999.1998213149,6847743.404434972,1,97.19325000000005
3,18,933999.1998213149,6847743.404434972,2,97.19324999999999
3,18,933999.1998213149,6847743.404434972,3,97.19324999999995
3,18,933999.1998213149,6847743.404434972,4,97.19325000000003
3,18,933999.1998213149,6847743.404434972,10,97.19325000000002
3,18,933999.1998213149,6847743.404434972,11,97.19324999999998
3,18,933999.1998213149,6847743.404434972,12,97.19324999999996
3,18,933999.1998213149,6847743.404434972,13,97.19325000000003
3,18,933999.1998213149,6847743.404434972,14,97.19324999999999
3,18,933999.1998213149,6847743.404434972,15,97.19324999999999
3,18,933999.1998213149,6847743.404434972,16,97.19325000000002
3,18,933999.1998213149,6847743.404434972,22,97.19325
3,18,933999.1998213149,6847743.404434972,23,97.19325
3,18,933999.1998213149,6847743.404434972,24,97.19324999999999
3,18,933999.1998213149,6847743.404434972,25,97.19325000000003
3,18,933999.1998213149,6847743.404434972,26,97.19324999999999
3,18,933999.1998213149,6847743.404434972,27,97.19324999999999
3,18,933999.1998213149,6847743.404434972,28,97.19325000000005
3,18,933999.1998213149,6847743.404434972,34,97.19325
3,18,933999.1998213149,6847743.404434972,35,97.19324999999998
3,18,933999.1998213149,6847743.404434972,36,97.19324999999999
3,18,933999.1998213149,6847743.404434972,37,97.19325000000003
3,18,933999.1998213149,6847743.404434972,38,97.19324999999999
3,18,933999.1998213149,6847743.404434972,39,97.19324999999998
3,18,933999.1998213149,6847743.404434972,40,97.19325000000003
3,18,933999.1998213149,6847743.404434972,46,97.19325000000002
3,18,933999.1998213149,6847743.404434972,47,97.19324999999998
3,18,933999.1998213149,6847743.404434972,48,97.19324999999999
3,18,933999.1998213149,6847743.404434972,7,97.19324999999998
3,18,933999.1998213149,6847743.404434972,5,97.19325
3,18,933999.1998213149,6847743.404434972,6,97.19325
3,18,933999.1998213149,6847743.404434972,8,97.19325000000002
3,18,933999.1998213149,6847743.404434972,9,97.19325
3,18,933999.1998213149,6847743.404434972,17,97.19325
3,18,933999.1998213149,6847743.404434972,18,97.19324999999999
3,18,933999.1998213149,6847743.404434972,19,97.19324999999999
3,18,933999.1998213149,6847743.404434972,20,97.19325000000002
3,18,933999.1998213149,6847743.404434972,21,97.19325
3,18,933999.1998213149,6847743.404434972,29,97.19324999999999
3,18,933999.1998213149,6847743.404434972,30,97.19325000000002
3,18,933999.1998213149,6847743.404434972,31,97.19324999999999
3,18,933999.1998213149,6847743.404434972,32,97.19325000000002
3,18,933999.1998213149,6847743.404434972,33,97.19324999999999
3,18,933999.1998213149,6847743.404434972,41,97.19324999999999
3,18,933999.1998213149,6847743.404434972,42,97.19325
3,18,933999.1998213149,6847743.404434972,43,97.19324999999996
3,18,933999.1998213149,6847743.404434972,44,97.19325
3,18,933999.1998213149,6847743.404434972,45,97.19325
3,64,933976.8998213315,6847785.004434952,5,87.66450000000002
3,64,933976.8998213315,6847785.004434952,6,87.66450000000003
3,64,933976.8998213315,6847785.004434952,7,87.66449999999999
3,64,933976.8998213315,6847785.004434952,8,87.66450000000003
3,64,933976.8998213315,6847785.004434952,9,87.66450000000002
3,64,933976.8998213315,6847785.004434952,17,87.66450000000002
3,64,933976.8998213315,6847785.004434952,18,87.66450000000003
3,64,933976.8998213315,6847785.004434952,19,87.66450000000002
3,64,933976.8998213315,6847785.004434952,20,87.66450000000003
3,64,933976.8998213315,6847785.004434952,21,87.66450000000002
3,64,933976.8998213315,6847785.004434952,29,87.66450000000002
3,64,933976.8998213315,6847785.004434952,30,87.66450000000003
3,64,933976.8998213315,6847785.004434952,31,87.66450000000002
3,64,933976.8998213315,6847785.004434952,32,87.66450000000003
3,64,933976.8998213315,6847785.004434952,33,87.66450000000002
3,64,933976.8998213315,6847785.004434952,41,87.66450000000002
3,64,933976.8998213315,6847785.004434952,42,87.66450000000003
3,64,933976.8998213315,6847785.004434952,43,87.66450000000002
3,64,933976.8998213315,6847785.004434952,44,87.66450000000003
3,64,933976.8998213315,6847785.004434952,45,87.66450000000002
3,64,933976.8998213315,6847785.004434952,2,41.91969221278566
3,64,933976.8998213315,6847785.004434952,12,41.91969221278568
3,64,933976.8998213315,6847785.004434952,14,41.91969221278566
3,64,933976.8998213315,6847785.004434952,24,41.91969221278566
3,64,933976.8998213315,6847785.004434952,26,41.91969221278566
3,64,933976.8998213315,6847785.004434952,36,41.91969221278566
3,64,933976.8998213315,6847785.004434952,38,41.91969221278566
3,64,933976.8998213315,6847785.004434952,1,35.620200000000075
3,64,933976.8998213315,6847785.004434952,4,82.64025000000014
3,64,933976.8998213315,6847785.004434952,11,59.13022500000012
3,64,933976.8998213315,6847785.004434952,13,35.62020000000008
3,64,933976.8998213315,6847785.004434952,15,59.130225000000124
3,64,933976.8998213315,6847785.004434952,16,82.64025000000017
3,64,933976.8998213315,6847785.004434952,25,35.62020000000008
3,64,933976.8998213315,6847785.004434952,28,82.64025000000015
3,64,933976.8998213315,6847785.004434952,34,82.64025000000015
3,64,933976.8998213315,6847785.004434952,37,35.62020000000008
3,64,933976.8998213315,6847785.004434952,3,59.13022500000011
3,64,933976.8998213315,6847785.004434952,10,82.64025000000017
3,64,933976.8998213315,6847785.004434952,22,82.64025000000018
3,64,933976.8998213315,6847785.004434952,23,59.13022500000009
3,64,933976.8998213315,6847785.004434952,27,59.13022500000011
3,64,933976.8998213315,6847785.004434952,35,59.130225000000124
3,64,933976.8998213315,6847785.004434952,39,59.130225000000124
3,64,933976.8998213315,6847785.004434952,40,82.64025000000017
3,64,933976.8998213315,6847785.004434952,46,82.64025000000018
3,64,933976.8998213315,6847785.004434952,47,59.13022500000008
3,64,933976.8998213315,6847785.004434952,48,41.91969221278564
3,48,931239.099823409,6848973.804434372,2,117.04321776497198
3,48,931239.099823409,6848973.804434372,3,152.18280000000007
3,48,931239.099823409,6848973.804434372,4,159.71917499999998
3,48,931239.099823409,6848973.804434372,6,183.21656310935546
3,48,931239.099823409,6848973.804434372,11,158.3106525000001
3,48,931239.099823409,6848973.804434372,12,137.28334341690027
3,48,931239.099823409,6848973.804434372,13,146.6803800000001
3,48,931239.099823409,6848973.804434372,14,147.51083790768357
3,48,931239.099823409,6848973.804434372,16,173.1807
3,48,931239.099823409,6848973.804434372,18,194.02987701818358
3,48,931239.099823409,6848973.804434372,19,150.72750000000005
3,48,931239.099823409,6848973.804434372,20,164.5371731051955
3,48,931239.099823409,6848973.804434372,21,202.21913250000011
3,48,931239.099823409,6848973.804434372,22,167.09962499999997
3,48,931239.099823409,6848973.804434372,25,141.4828800000001
3,48,931239.099823409,6848973.804434372,27,134.71920000000003
3,48,931239.099823409,6848973.804434372,28,187.993575
3,48,931239.099823409,6848973.804434372,29,165.5143875000001
3,48,931239.099823409,6848973.804434372,31,212.5985400000001
3,48,931239.099823409,6848973.804434372,34,174.25484999999995
3,48,931239.099823409,6848973.804434372,36,112.73162695023007
3,48,931239.099823409,6848973.804434372,38,150.47595185669218
3,48,931239.099823409,6848973.804434372,39,122.16723750000003
3,48,931239.099823409,6848973.804434372,41,208.27941750000016
3,48,931239.099823409,6848973.804434372,42,182.09864531802924
3,48,931239.099823409,6848973.804434372,44,170.7568611805741
3,48,931239.099823409,6848973.804434372,45,191.7375075000001
3,48,931239.099823409,6848973.804434372,47,114.35539500000003
3,48,931239.099823409,6848973.804434372,48,142.46871177217136
3,48,931239.099823409,6848973.804434372,1,151.1848800000001
3,48,931239.099823409,6848973.804434372,9,198.78878250000008
3,48,931239.099823409,6848973.804434372,15,117.53626500000003
3,48,931239.099823409,6848973.804434372,17,178.9499250000001
3,48,931239.099823409,6848973.804434372,24,114.46485780931233
3,48,931239.099823409,6848973.804434372,26,126.81233715252688
3,48,931239.099823409,6848973.804434372,30,165.2079237799913
3,48,931239.099823409,6848973.804434372,32,160.2890854981559
3,48,931239.099823409,6848973.804434372,35,150.54558750000007
3,48,931239.099823409,6848973.804434372,40,166.56254999999993
3,48,931239.099823409,6848973.804434372,43,190.43640000000008
3,48,931239.099823409,6848973.804434372,46,210.32549999999995
3,48,931239.099823409,6848973.804434372,5,172.35603000000006
3,48,931239.099823409,6848973.804434372,7,185.21811000000005
3,48,931239.099823409,6848973.804434372,33,163.1131425000001
3,48,931239.099823409,6848973.804434372,8,152.76854762923404
3,48,931239.099823409,6848973.804434372,10,146.101725
3,48,931239.099823409,6848973.804434372,23,96.2525025
3,48,931239.099823409,6848973.804434372,37,129.81276000000005
3,59,931239.099823409,6848973.804434372,1,110.2147200000001
3,59,931239.099823409,6848973.804434372,5,187.06842000000017
3,59,931239.099823409,6848973.804434372,7,206.8812900000001
3,59,931239.099823409,6848973.804434372,8,230.57562590553897
3,59,931239.099823409,6848973.804434372,9,160.63566750000012
3,59,931239.099823409,6848973.804434372,10,180.64777500000002
3,59,931239.099823409,6848973.804434372,15,176.53828500000003
3,59,931239.099823409,6848973.804434372,17,180.47452500000014
3,59,931239.099823409,6848973.804434372,23,197.82204750000005
3,59,931239.099823409,6848973.804434372,24,155.68996865591498
3,59,931239.099823409,6848973.804434372,26,143.34248931270048
3,59,931239.099823409,6848973.804434372,30,218.13624975478177
3,59,931239.099823409,6848973.804434372,32,223.05508803661715
3,59,931239.099823409,6848973.804434372,33,196.31130750000014
3,59,931239.099823409,6848973.804434372,35,143.5289625
3,59,931239.099823409,6848973.804434372,37,131.58684000000008
3,59,931239.099823409,6848973.804434372,40,160.1869500000001
3,59,931239.099823409,6848973.804434372,43,201.6630000000001
3,59,931239.099823409,6848973.804434372,46,116.42400000000012
3,59,931239.099823409,6848973.804434372,4,167.03032500000003
3,59,931239.099823409,6848973.804434372,19,241.37190000000012
3,59,931239.099823409,6848973.804434372,29,193.91006250000012
3,59,931239.099823409,6848973.804434372,34,152.4946500000001
3,59,931239.099823409,6848973.804434372,36,157.42319951499735
3,59,931239.099823409,6848973.804434372,39,171.90731250000007
3,59,931239.099823409,6848973.804434372,42,201.2455282167438
3,59,931239.099823409,6848973.804434372,44,212.58731235419887
3,59,931239.099823409,6848973.804434372,47,179.71915500000003
3,59,931239.099823409,6848973.804434372,2,153.11160870025537
3,59,931239.099823409,6848973.804434372,3,141.89175000000003
3,59,931239.099823409,6848973.804434372,6,200.12761042541754
3,59,931239.099823409,6848973.804434372,12,132.87148304832712
3,59,931239.099823409,6848973.804434372,13,114.7192200000001
3,59,931239.099823409,6848973.804434372,16,153.56880000000007
3,59,931239.099823409,6848973.804434372,22,159.64987500000007
3,59,931239.099823409,6848973.804434372,25,119.91672000000011
3,59,931239.099823409,6848973.804434372,27,159.35535000000004
3,59,931239.099823409,6848973.804434372,31,179.50086000000007
3,59,931239.099823409,6848973.804434372,45,167.6869425000001
3,59,931239.099823409,6848973.804434372,48,127.68611469305601
3,59,931239.099823409,6848973.804434372,11,135.7638975
3,59,931239.099823409,6848973.804434372,14,122.6439885575438
3,59,931239.099823409,6848973.804434372,20,218.80700042957753
3,59,931239.099823409,6848973.804434372,21,157.20531750000015
3,59,931239.099823409,6848973.804434372,28,138.75592500000008
3,59,931239.099823409,6848973.804434372,38,119.67887460853521
3,59,931239.099823409,6848973.804434372,41,151.14503250000013
3,59,931239.099823409,6848973.804434372,18,189.3142965165894
3,77,934467.3998209637,6847130.604435277,1,219.95820000000018
3,77,934467.3998209637,6847130.604435277,2,227.32540275732546
3,77,934467.3998209637,6847130.604435277,3,247.45297500000007
3,77,934467.3998209637,6847130.604435277,4,274.9477499999999
3,77,934467.3998209637,6847130.604435277,5,317.02151250000014
3,77,934467.3998209637,6847130.604435277,6,356.2556931759384
3,77,934467.3998209637,6847130.604435277,7,370.61639999999994
3,77,934467.3998209637,6847130.604435277,8,356.2556931759384
3,77,934467.3998209637,6847130.604435277,9,317.02151250000014
3,77,934467.3998209637,6847130.604435277,10,274.9477499999999
3,77,934467.3998209637,6847130.604435277,11,247.45297500000007
3,77,934467.3998209637,6847130.604435277,12,227.32540275732546
3,77,934467.3998209637,6847130.604435277,13,219.95820000000018
3,77,934467.3998209637,6847130.604435277,14,227.32540275732546
3,77,934467.3998209637,6847130.604435277,15,247.45297500000007
3,77,934467.3998209637,6847130.604435277,16,274.9477499999999
3,77,934467.3998209637,6847130.604435277,17,317.02151250000014
3,77,934467.3998209637,6847130.604435277,18,356.2556931759384
3,77,934467.3998209637,6847130.604435277,19,370.61639999999994
3,77,934467.3998209637,6847130.604435277,20,356.2556931759384
3,77,934467.3998209637,6847130.604435277,21,317.02151250000014
3,77,934467.3998209637,6847130.604435277,22,274.9477499999999
3,77,934467.3998209637,6847130.604435277,23,247.45297500000007
3,77,934467.3998209637,6847130.604435277,24,227.32540275732546
3,77,934467.3998209637,6847130.604435277,25,219.95820000000018
3,77,934467.3998209637,6847130.604435277,26,227.32540275732546
3,77,934467.3998209637,6847130.604435277,27,247.45297500000007
3,77,934467.3998209637,6847130.604435277,28,274.9477499999999
3,77,934467.3998209637,6847130.604435277,29,317.02151250000026
3,77,934467.3998209637,6847130.604435277,30,356.2556931759384
3,77,934467.3998209637,6847130.604435277,31,370.61639999999994
3,77,934467.3998209637,6847130.604435277,32,356.2556931759384
3,77,934467.3998209637,6847130.604435277,33,317.02151250000014
3,77,934467.3998209637,6847130.604435277,34,274.9477499999999
3,77,934467.3998209637,6847130.604435277,35,247.45297500000007
3,77,934467.3998209637,6847130.604435277,36,227.32540275732546
3,77,934467.3998209637,6847130.604435277,37,219.95820000000018
3,77,934467.3998209637,6847130.604435277,38,227.32540275732546
3,77,934467.3998209637,6847130.604435277,39,247.45297500000007
3,77,934467.3998209637,6847130.604435277,40,274.9477499999999
3,77,934467.3998209637,6847130.604435277,41,317.02151250000014
3,77,934467.3998209637,6847130.604435277,42,356.2556931759384
3,77,934467.3998209637,6847130.604435277,43,370.61639999999994
3,77,934467.3998209637,6847130.604435277,44,356.2556931759384
3,77,934467.3998209637,6847130.604435277,45,317.02151250000014
3,77,934467.3998209637,6847130.604435277,46,274.9477499999999
3,77,934467.3998209637,6847130.604435277,47,247.45297500000007
3,77,934467.3998209637,6847130.604435277,48,227.32540275732546
3,71,933466.5998217198,6847887.004434904,1,261.0877500000001
3,71,933466.5998217198,6847887.004434904,2,261.08774999999997
3,71,933466.5998217198,6847887.004434904,3,261.08775000000014
3,71,933466.5998217198,6847887.004434904,4,261.08774999999974
3,71,933466.5998217198,6847887.004434904,5,261.08775000000014
3,71,933466.5998217198,6847887.004434904,6,261.0877500000001
3,71,933466.5998217198,6847887.004434904,7,261.08774999999997
3,71,933466.5998217198,6847887.004434904,8,261.0877500000001
3,71,933466.5998217198,6847887.004434904,9,261.08775000000014
3,71,933466.5998217198,6847887.004434904,10,261.08774999999974
3,71,933466.5998217198,6847887.004434904,11,261.08775000000014
3,71,933466.5998217198,6847887.004434904,12,261.08774999999997
3,71,933466.5998217198,6847887.004434904,13,261.0877500000001
3,71,933466.5998217198,6847887.004434904,14,261.08774999999997
3,71,933466.5998217198,6847887.004434904,15,261.08775000000014
3,71,933466.5998217198,6847887.004434904,16,261.08774999999974
3,71,933466.5998217198,6847887.004434904,17,261.08775
3,71,933466.5998217198,6847887.004434904,18,261.0877500000001
3,71,933466.5998217198,6847887.004434904,19,261.08774999999997
3,71,933466.5998217198,6847887.004434904,20,261.0877500000001
3,71,933466.5998217198,6847887.004434904,21,261.08775000000014
3,71,933466.5998217198,6847887.004434904,22,261.08774999999974
3,71,933466.5998217198,6847887.004434904,23,261.08775000000014
3,71,933466.5998217198,6847887.004434904,24,261.08774999999997
3,71,933466.5998217198,6847887.004434904,25,261.0877500000001
3,71,933466.5998217198,6847887.004434904,26,261.08774999999997
3,71,933466.5998217198,6847887.004434904,27,261.08775000000014
3,71,933466.5998217198,6847887.004434904,28,261.08774999999974
3,71,933466.5998217198,6847887.004434904,29,261.08775000000014
3,71,933466.5998217198,6847887.004434904,30,261.0877500000001
3,71,933466.5998217198,6847887.004434904,31,261.08774999999997
3,71,933466.5998217198,6847887.004434904,32,261.0877500000001
3,71,933466.5998217198,6847887.004434904,33,261.08775
3,71,933466.5998217198,6847887.004434904,34,261.08774999999974
3,71,933466.5998217198,6847887.004434904,35,261.08775000000014
3,71,933466.5998217198,6847887.004434904,36,261.08774999999997
3,71,933466.5998217198,6847887.004434904,37,261.0877500000001
3,71,933466.5998217198,6847887.004434904,38,261.08774999999997
3,71,933466.5998217198,6847887.004434904,39,261.08775000000014
3,71,933466.5998217198,6847887.004434904,40,261.08774999999974
3,71,933466.5998217198,6847887.004434904,41,261.08775
3,71,933466.5998217198,6847887.004434904,42,261.0877500000001
3,71,933466.5998217198,6847887.004434904,43,261.08774999999997
3,71,933466.5998217198,6847887.004434904,44,261.0877500000001
3,71,933466.5998217198,6847887.004434904,45,261.08775
3,71,933466.5998217198,6847887.004434904,46,261.08774999999974
3,71,933466.5998217198,6847887.004434904,47,261.08775000000014
3,71,933466.5998217198,6847887.004434904,48,261.08774999999997
3,16,934880.899820648,6847145.104435267,1,104.81625000000017
3,16,934880.899820648,6847145.104435267,2,104.81625000000001
3,16,934880.899820648,6847145.104435267,3,104.81625000000007
3,16,934880.899820648,6847145.104435267,5,104.8162500000001
3,16,934880.899820648,6847145.104435267,7,104.8162500000001
3,16,934880.899820648,6847145.104435267,9,104.8162500000001
3,16,934880.899820648,6847145.104435267,11,104.81625000000007
3,16,934880.899820648,6847145.104435267,12,104.81625000000001
3,16,934880.899820648,6847145.104435267,13,104.81625000000017
3,16,934880.899820648,6847145.104435267,14,104.81625000000001
3,16,934880.899820648,6847145.104435267,15,104.81625000000007
3,16,934880.899820648,6847145.104435267,16,104.81625000000008
3,16,934880.899820648,6847145.104435267,17,104.8162500000001
3,16,934880.899820648,6847145.104435267,19,104.8162500000001
3,16,934880.899820648,6847145.104435267,21,104.8162500000001
3,16,934880.899820648,6847145.104435267,23,104.81625000000007
3,16,934880.899820648,6847145.104435267,24,104.81625000000001
3,16,934880.899820648,6847145.104435267,25,104.81625000000017
3,16,934880.899820648,6847145.104435267,26,104.81625000000001
3,16,934880.899820648,6847145.104435267,27,104.81625000000007
3,16,934880.899820648,6847145.104435267,28,104.81625000000011
3,16,934880.899820648,6847145.104435267,31,104.8162500000001
3,16,934880.899820648,6847145.104435267,34,104.81625000000007
3,16,934880.899820648,6847145.104435267,35,104.81625000000007
3,16,934880.899820648,6847145.104435267,36,104.81625000000001
3,16,934880.899820648,6847145.104435267,37,104.81625000000017
3,16,934880.899820648,6847145.104435267,38,104.81625000000001
3,16,934880.899820648,6847145.104435267,39,104.81625000000007
3,16,934880.899820648,6847145.104435267,41,104.8162500000001
3,16,934880.899820648,6847145.104435267,43,104.8162500000001
3,16,934880.899820648,6847145.104435267,45,104.8162500000001
3,16,934880.899820648,6847145.104435267,46,104.81625000000007
3,16,934880.899820648,6847145.104435267,47,104.81625000000007
3,16,934880.899820648,6847145.104435267,48,104.81625000000001
3,16,934880.899820648,6847145.104435267,4,104.81625000000011
3,16,934880.899820648,6847145.104435267,6,104.8162500000001
3,16,934880.899820648,6847145.104435267,8,104.8162500000001
3,16,934880.899820648,6847145.104435267,10,104.81625000000014
3,16,934880.899820648,6847145.104435267,18,104.8162500000001
3,16,934880.899820648,6847145.104435267,20,104.8162500000001
3,16,934880.899820648,6847145.104435267,22,104.81625000000008
3,16,934880.899820648,6847145.104435267,29,104.81625000000007
3,16,934880.899820648,6847145.104435267,30,104.81625000000011
3,16,934880.899820648,6847145.104435267,32,104.8162500000001
3,16,934880.899820648,6847145.104435267,33,104.81625000000008
3,16,934880.899820648,6847145.104435267,40,104.8162500000001
3,16,934880.899820648,6847145.104435267,42,104.8162500000001
3,16,934880.899820648,6847145.104435267,44,104.81625000000008
3,29,934901.9998206322,6847132.704435273,4,54.57374999999999
3,29,934901.9998206322,6847132.704435273,6,66.70125000000003
3,29,934901.9998206322,6847132.704435273,8,66.70125000000003
3,29,934901.9998206322,6847132.704435273,10,54.57374999999999
3,29,934901.9998206322,6847132.704435273,16,54.57374999999999
3,29,934901.9998206322,6847132.704435273,18,66.70125000000003
3,29,934901.9998206322,6847132.704435273,20,66.70125000000003
3,29,934901.9998206322,6847132.704435273,22,54.57375000000001
3,29,934901.9998206322,6847132.704435273,28,54.57375
3,29,934901.9998206322,6847132.704435273,29,66.70125000000004
3,29,934901.9998206322,6847132.704435273,30,66.70125000000003
3,29,934901.9998206322,6847132.704435273,32,66.70125000000003
3,29,934901.9998206322,6847132.704435273,33,66.70125000000004
3,29,934901.9998206322,6847132.704435273,34,54.57374999999999
3,29,934901.9998206322,6847132.704435273,40,54.57375
3,29,934901.9998206322,6847132.704435273,42,66.70125000000003
3,29,934901.9998206322,6847132.704435273,44,66.70125000000003
3,29,934901.9998206322,6847132.704435273,46,54.57374999999999
3,29,934901.9998206322,6847132.704435273,7,66.70125000000003
3,29,934901.9998206322,6847132.704435273,19,66.70125000000003
3,29,934901.9998206322,6847132.704435273,31,66.70125000000003
3,29,934901.9998206322,6847132.704435273,43,66.70125000000003
3,29,934901.9998206322,6847132.704435273,5,66.70125000000003
3,29,934901.9998206322,6847132.704435273,9,66.70125000000003
3,29,934901.9998206322,6847132.704435273,17,66.70125000000003
3,29,934901.9998206322,6847132.704435273,21,66.70125000000003
3,29,934901.9998206322,6847132.704435273,41,66.70125000000003
3,29,934901.9998206322,6847132.704435273,45,66.70125000000003
3,29,934901.9998206322,6847132.704435273,1,22.695749999999983
3,29,934901.9998206322,6847132.704435273,13,22.695749999999983
3,29,934901.9998206322,6847132.704435273,25,22.695749999999983
3,29,934901.9998206322,6847132.704435273,37,22.695749999999983
3,29,934901.9998206322,6847132.704435273,2,26.966592178159647
3,29,934901.9998206322,6847132.704435273,12,26.966592178159647
3,29,934901.9998206322,6847132.704435273,14,26.966592178159647
3,29,934901.9998206322,6847132.704435273,24,26.966592178159647
3,29,934901.9998206322,6847132.704435273,26,26.966592178159647
3,29,934901.9998206322,6847132.704435273,36,26.966592178159647
3,29,934901.9998206322,6847132.704435273,38,26.966592178159647
3,29,934901.9998206322,6847132.704435273,39,38.63474999999998
3,29,934901.9998206322,6847132.704435273,48,26.966592178159647
3,29,934901.9998206322,6847132.704435273,3,38.634749999999976
3,29,934901.9998206322,6847132.704435273,11,38.634749999999976
3,29,934901.9998206322,6847132.704435273,15,38.634749999999976
3,29,934901.9998206322,6847132.704435273,23,38.634749999999976
3,29,934901.9998206322,6847132.704435273,27,38.634749999999976
3,29,934901.9998206322,6847132.704435273,35,38.63474999999997
3,29,934901.9998206322,6847132.704435273,47,38.63474999999997
3,6,931976.7421459949,6849371.227088254,1,35.06580000000001
3,6,931976.7421459949,6849371.227088254,2,36.24028159899392
3,6,931976.7421459949,6849371.227088254,3,39.44902500000001
3,6,931976.7421459949,6849371.227088254,4,43.832250000000016
3,6,931976.7421459949,6849371.227088254,5,48.21547500000003
3,6,931976.7421459949,6849371.227088254,6,51.424218401006115
3,6,931976.7421459949,6849371.227088254,7,52.598700000000015
3,6,931976.7421459949,6849371.227088254,8,51.424218401006115
3,6,931976.7421459949,6849371.227088254,9,48.21547500000003
3,6,931976.7421459949,6849371.227088254,10,43.832250000000016
3,6,931976.7421459949,6849371.227088254,11,39.44902500000001
3,6,931976.7421459949,6849371.227088254,12,36.24028159899392
3,6,931976.7421459949,6849371.227088254,13,35.06580000000001
3,6,931976.7421459949,6849371.227088254,14,36.24028159899392
3,6,931976.7421459949,6849371.227088254,15,39.44902500000001
3,6,931976.7421459949,6849371.227088254,16,43.832250000000016
3,6,931976.7421459949,6849371.227088254,17,48.21547500000003
3,6,931976.7421459949,6849371.227088254,18,51.424218401006115
3,6,931976.7421459949,6849371.227088254,19,52.598700000000015
3,6,931976.7421459949,6849371.227088254,20,51.424218401006115
3,6,931976.7421459949,6849371.227088254,21,48.21547500000003
3,6,931976.7421459949,6849371.227088254,22,43.832250000000016
3,6,931976.7421459949,6849371.227088254,23,39.44902500000001
3,6,931976.7421459949,6849371.227088254,24,36.24028159899392
3,6,931976.7421459949,6849371.227088254,25,35.06580000000001
3,6,931976.7421459949,6849371.227088254,26,36.24028159899392
3,6,931976.7421459949,6849371.227088254,27,39.44902500000001
3,6,931976.7421459949,6849371.227088254,28,43.832250000000016
3,6,931976.7421459949,6849371.227088254,29,48.21547500000003
3,6,931976.7421459949,6849371.227088254,30,51.424218401006115
3,6,931976.7421459949,6849371.227088254,31,52.598700000000015
3,6,931976.7421459949,6849371.227088254,32,51.424218401006115
3,6,931976.7421459949,6849371.227088254,33,48.21547500000003
3,6,931976.7421459949,6849371.227088254,34,43.832250000000016
3,6,931976.7421459949,6849371.227088254,35,39.44902500000001
3,6,931976.7421459949,6849371.227088254,36,36.24028159899392
3,6,931976.7421459949,6849371.227088254,37,35.06580000000001
3,6,931976.7421459949,6849371.227088254,38,36.24028159899392
3,6,931976.7421459949,6849371.227088254,39,39.44902500000001
3,6,931976.7421459949,6849371.227088254,40,43.832250000000016
3,6,931976.7421459949,6849371.227088254,41,48.21547500000003
3,6,931976.7421459949,6849371.227088254,42,51.424218401006115
3,6,931976.7421459949,6849371.227088254,43,52.598700000000015
3,6,931976.7421459949,6849371.227088254,44,51.424218401006115
3,6,931976.7421459949,6849371.227088254,45,48.21547500000003
3,6,931976.7421459949,6849371.227088254,46,43.832250000000016
3,6,931976.7421459949,6849371.227088254,47,39.44902500000001
3,6,931976.7421459949,6849371.227088254,48,36.24028159899392
3,4,935353.7998202943,6846475.604435598,1,19.05750000000001
3,4,935353.7998202943,6846475.604435598,2,19.05750000000001
3,4,935353.7998202943,6846475.604435598,3,19.05750000000001
3,4,935353.7998202943,6846475.604435598,4,19.05750000000001
3,4,935353.7998202943,6846475.604435598,5,19.05750000000001
3,4,935353.7998202943,6846475.604435598,6,19.05750000000001
3,4,935353.7998202943,6846475.604435598,7,19.05750000000001
3,4,935353.7998202943,6846475.604435598,8,19.05750000000001
3,4,935353.7998202943,6846475.604435598,9,19.057500000000008
3,4,935353.7998202943,6846475.604435598,10,19.05750000000001
3,4,935353.7998202943,6846475.604435598,11,19.05750000000001
3,4,935353.7998202943,6846475.604435598,12,19.05750000000001
3,4,935353.7998202943,6846475.604435598,13,19.05750000000001
3,4,935353.7998202943,6846475.604435598,14,19.05750000000001
3,4,935353.7998202943,6846475.604435598,15,19.05750000000001
3,4,935353.7998202943,6846475.604435598,16,19.05750000000001
3,4,935353.7998202943,6846475.604435598,17,19.057500000000008
3,4,935353.7998202943,6846475.604435598,18,19.05750000000001
3,4,935353.7998202943,6846475.604435598,19,19.05750000000001
3,4,935353.7998202943,6846475.604435598,20,19.05750000000001
3,4,935353.7998202943,6846475.604435598,21,19.057500000000008
3,4,935353.7998202943,6846475.604435598,22,19.05750000000001
3,4,935353.7998202943,6846475.604435598,23,19.05750000000001
3,4,935353.7998202943,6846475.604435598,24,19.05750000000001
3,4,935353.7998202943,6846475.604435598,25,19.05750000000001
3,4,935353.7998202943,6846475.604435598,26,19.05750000000001
3,4,935353.7998202943,6846475.604435598,27,19.05750000000001
3,4,935353.7998202943,6846475.604435598,28,19.05750000000001
3,4,935353.7998202943,6846475.604435598,29,19.057500000000008
3,4,935353.7998202943,6846475.604435598,30,19.05750000000001
3,4,935353.7998202943,6846475.604435598,31,19.05750000000001
3,4,935353.7998202943,6846475.604435598,32,19.05750000000001
3,4,935353.7998202943,6846475.604435598,33,19.05750000000001
3,4,935353.7998202943,6846475.604435598,34,19.05750000000001
3,4,935353.7998202943,6846475.604435598,35,19.05750000000001
3,4,935353.7998202943,6846475.604435598,36,19.05750000000001
3,4,935353.7998202943,6846475.604435598,37,19.05750000000001
3,4,935353.7998202943,6846475.604435598,38,19.05750000000001
3,4,935353.7998202943,6846475.604435598,39,19.05750000000001
3,4,935353.7998202943,6846475.604435598,40,19.05750000000001
3,4,935353.7998202943,6846475.604435598,41,19.05750000000001
3,4,935353.7998202943,6846475.604435598,42,19.05750000000001
3,4,935353.7998202943,6846475.604435598,43,19.05750000000001
3,4,935353.7998202943,6846475.604435598,44,19.05750000000001
3,4,935353.7998202943,6846475.604435598,45,19.05750000000001
3,4,935353.7998202943,6846475.604435598,46,19.05750000000001
3,4,935353.7998202943,6846475.604435598,47,19.05750000000001
3,4,935353.7998202943,6846475.604435598,48,19.05750000000001
3,20,932322.3998225784,6849328.204434182,1,22.31460000000001
3,20,932322.3998225784,6849328.204434182,2,23.061997381177946
3,20,932322.3998225784,6849328.204434182,3,25.103925000000014
3,20,932322.3998225784,6849328.204434182,4,27.893250000000016
3,20,932322.3998225784,6849328.204434182,5,30.682575000000018
3,20,932322.3998225784,6849328.204434182,6,32.72450261882207
3,20,932322.3998225784,6849328.204434182,7,33.47190000000001
3,20,932322.3998225784,6849328.204434182,8,32.72450261882207
3,20,932322.3998225784,6849328.204434182,9,30.682575000000018
3,20,932322.3998225784,6849328.204434182,10,27.893250000000016
3,20,932322.3998225784,6849328.204434182,11,25.103925000000014
3,20,932322.3998225784,6849328.204434182,12,23.061997381177946
3,20,932322.3998225784,6849328.204434182,13,22.31460000000001
3,20,932322.3998225784,6849328.204434182,14,23.061997381177946
3,20,932322.3998225784,6849328.204434182,15,25.103925000000014
3,20,932322.3998225784,6849328.204434182,16,27.893250000000016
3,20,932322.3998225784,6849328.204434182,17,30.682575000000018
3,20,932322.3998225784,6849328.204434182,18,32.72450261882207
3,20,932322.3998225784,6849328.204434182,19,33.47190000000001
3,20,932322.3998225784,6849328.204434182,20,32.72450261882207
3,20,932322.3998225784,6849328.204434182,21,30.682575000000018
3,20,932322.3998225784,6849328.204434182,22,27.893250000000016
3,20,932322.3998225784,6849328.204434182,23,25.103925000000014
3,20,932322.3998225784,6849328.204434182,24,23.061997381177946
3,20,932322.3998225784,6849328.204434182,25,22.31460000000001
3,20,932322.3998225784,6849328.204434182,26,23.061997381177946
3,20,932322.3998225784,6849328.204434182,27,25.103925000000014
3,20,932322.3998225784,6849328.204434182,28,27.893250000000016
3,20,932322.3998225784,6849328.204434182,29,30.682575000000018
3,20,932322.3998225784,6849328.204434182,30,32.72450261882207
3,20,932322.3998225784,6849328.204434182,31,33.47190000000001
3,20,932322.3998225784,6849328.204434182,32,32.72450261882207
3,20,932322.3998225784,6849328.204434182,33,30.682575000000018
3,20,932322.3998225784,6849328.204434182,34,27.893250000000016
3,20,932322.3998225784,6849328.204434182,35,25.103925000000014
3,20,932322.3998225784,6849328.204434182,36,23.061997381177946
3,20,932322.3998225784,6849328.204434182,37,22.31460000000001
3,20,932322.3998225784,6849328.204434182,38,23.061997381177946
3,20,932322.3998225784,6849328.204434182,39,25.103925000000014
3,20,932322.3998225784,6849328.204434182,40,27.893250000000016
3,20,932322.3998225784,6849328.204434182,41,30.682575000000018
3,20,932322.3998225784,6849328.204434182,42,32.72450261882207
3,20,932322.3998225784,6849328.204434182,43,33.47190000000001
3,20,932322.3998225784,6849328.204434182,44,32.72450261882207
3,20,932322.3998225784,6849328.204434182,45,30.682575000000018
3,20,932322.3998225784,6849328.204434182,46,27.893250000000016
3,20,932322.3998225784,6849328.204434182,47,25.103925000000014
3,20,932322.3998225784,6849328.204434182,48,23.061997381177946
3,82,931908.399822898,6848998.204434354,1,9.563400000000003
3,82,931908.399822898,6848998.204434354,2,9.883713163361977
3,82,931908.399822898,6848998.204434354,3,10.758825000000003
3,82,931908.399822898,6848998.204434354,4,11.954250000000005
3,82,931908.399822898,6848998.204434354,5,13.149675000000006
3,82,931908.399822898,6848998.204434354,6,14.024786836638029
3,82,931908.399822898,6848998.204434354,7,14.345100000000002
3,82,931908.399822898,6848998.204434354,8,14.024786836638029
3,82,931908.399822898,6848998.204434354,9,13.149675000000006
3,82,931908.399822898,6848998.204434354,10,11.954250000000005
3,82,931908.399822898,6848998.204434354,11,10.758825000000003
3,82,931908.399822898,6848998.204434354,12,9.883713163361977
3,82,931908.399822898,6848998.204434354,13,9.563400000000003
3,82,931908.399822898,6848998.204434354,14,9.883713163361977
3,82,931908.399822898,6848998.204434354,15,10.758825000000003
3,82,931908.399822898,6848998.204434354,16,11.954250000000005
3,82,931908.399822898,6848998.204434354,17,13.149675000000006
3,82,931908.399822898,6848998.204434354,18,14.024786836638029
3,82,931908.399822898,6848998.204434354,19,14.345100000000002
3,82,931908.399822898,6848998.204434354,20,14.024786836638029
3,82,931908.399822898,6848998.204434354,21,13.149675000000006
3,82,931908.399822898,6848998.204434354,22,11.954250000000005
3,82,931908.399822898,6848998.204434354,23,10.758825000000003
3,82,931908.399822898,6848998.204434354,24,9.883713163361977
3,82,931908.399822898,6848998.204434354,25,9.563400000000003
3,82,931908.399822898,6848998.204434354,26,9.883713163361977
3,82,931908.399822898,6848998.204434354,27,10.758825000000003
3,82,931908.399822898,6848998.204434354,28,11.954250000000005
3,82,931908.399822898,6848998.204434354,29,13.149675000000006
3,82,931908.399822898,6848998.204434354,30,14.024786836638029
3,82,931908.399822898,6848998.204434354,31,14.345100000000002
3,82,931908.399822898,6848998.204434354,32,14.024786836638029
3,82,931908.399822898,6848998.204434354,33,13.149675000000006
3,82,931908.399822898,6848998.204434354,34,11.954250000000005
3,82,931908.399822898,6848998.204434354,35,10.758825000000003
3,82,931908.399822898,6848998.204434354,36,9.883713163361977
3,82,931908.399822898,6848998.204434354,37,9.563400000000003
3,82,931908.399822898,6848998.204434354,38,9.883713163361977
3,82,931908.399822898,6848998.204434354,39,10.758825000000003
3,82,931908.399822898,6848998.204434354,40,11.954250000000005
3,82,931908.399822898,6848998.204434354,41,13.149675000000006
3,82,931908.399822898,6848998.204434354,42,14.024786836638029
3,82,931908.399822898,6848998.204434354,43,14.345100000000002
3,82,931908.399822898,6848998.204434354,44,14.024786836638029
3,82,931908.399822898,6848998.204434354,45,13.149675000000006
3,82,931908.399822898,6848998.204434354,46,11.954250000000005
3,82,931908.399822898,6848998.204434354,47,10.758825000000003
3,82,931908.399822898,6848998.204434354,48,9.883713163361977
3,22,931942.9998228712,6849017.504434342,1,1.5939000000000008
3,22,931942.9998228712,6849017.504434342,2,1.6472855272269964
3,22,931942.9998228712,6849017.504434342,3,1.793137500000001
3,22,931942.9998228712,6849017.504434342,4,1.992375000000001
3,22,931942.9998228712,6849017.504434342,5,2.191612500000001
3,22,931942.9998228712,6849017.504434342,6,2.3374644727730054
3,22,931942.9998228712,6849017.504434342,7,2.390850000000001
3,22,931942.9998228712,6849017.504434342,8,2.3374644727730054
3,22,931942.9998228712,6849017.504434342,9,2.191612500000001
3,22,931942.9998228712,6849017.504434342,10,1.992375000000001
3,22,931942.9998228712,6849017.504434342,11,1.793137500000001
3,22,931942.9998228712,6849017.504434342,12,1.6472855272269964
3,22,931942.9998228712,6849017.504434342,13,1.5939000000000008
3,22,931942.9998228712,6849017.504434342,14,1.6472855272269964
3,22,931942.9998228712,6849017.504434342,15,1.793137500000001
3,22,931942.9998228712,6849017.504434342,16,1.992375000000001
3,22,931942.9998228712,6849017.504434342,17,2.191612500000001
3,22,931942.9998228712,6849017.504434342,18,2.3374644727730054
3,22,931942.9998228712,6849017.504434342,19,2.390850000000001
3,22,931942.9998228712,6849017.504434342,20,2.3374644727730054
3,22,931942.9998228712,6849017.504434342,21,2.191612500000001
3,22,931942.9998228712,6849017.504434342,22,1.992375000000001
3,22,931942.9998228712,6849017.504434342,23,1.793137500000001
3,22,931942.9998228712,6849017.504434342,24,1.6472855272269964
3,22,931942.9998228712,6849017.504434342,25,1.5939000000000008
3,22,931942.9998228712,6849017.504434342,26,1.6472855272269964
3,22,931942.9998228712,6849017.504434342,27,1.793137500000001
3,22,931942.9998228712,6849017.504434342,28,1.992375000000001
3,22,931942.9998228712,6849017.504434342,29,2.191612500000001
3,22,931942.9998228712,6849017.504434342,30,2.3374644727730054
3,22,931942.9998228712,6849017.504434342,31,2.390850000000001
3,22,931942.9998228712,6849017.504434342,32,2.3374644727730054
3,22,931942.9998228712,6849017.504434342,33,2.191612500000001
3,22,931942.9998228712,6849017.504434342,34,1.992375000000001
3,22,931942.9998228712,6849017.504434342,35,1.793137500000001
3,22,931942.9998228712,6849017.504434342,36,1.6472855272269964
3,22,931942.9998228712,6849017.504434342,37,1.5939000000000008
3,22,931942.9998228712,6849017.504434342,38,1.6472855272269964
3,22,931942.9998228712,6849017.504434342,39,1.793137500000001
3,22,931942.9998228712,6849017.504434342,40,1.992375000000001
3,22,931942.9998228712,6849017.504434342,41,2.191612500000001
3,22,931942.9998228712,6849017.504434342,42,2.3374644727730054
3,22,931942.9998228712,6849017.504434342,43,2.390850000000001
3,22,931942.9998228712,6849017.504434342,44,2.3374644727730054
3,22,931942.9998228712,6849017.504434342,45,2.191612500000001
3,22,931942.9998228712,6849017.504434342,46,1.992375000000001
3,22,931942.9998228712,6849017.504434342,47,1.793137500000001
3,22,931942.9998228712,6849017.504434342,48,1.6472855272269964
3,44,932588.1998224115,6845816.204435961,1,6.375600000000003
3,44,932588.1998224115,6845816.204435961,2,6.589142108907986
3,44,932588.1998224115,6845816.204435961,3,7.172550000000004
3,44,932588.1998224115,6845816.204435961,4,7.623000000000004
3,44,932588.1998224115,6845816.204435961,5,7.623000000000004
3,44,932588.1998224115,6845816.204435961,6,7.623000000000004
3,44,932588.1998224115,6845816.204435961,7,7.623000000000004
3,44,932588.1998224115,6845816.204435961,8,7.623000000000004
3,44,932588.1998224115,6845816.204435961,9,7.623000000000004
3,44,932588.1998224115,6845816.204435961,10,7.623000000000004
3,44,932588.1998224115,6845816.204435961,11,7.172550000000004
3,44,932588.1998224115,6845816.204435961,12,6.589142108907986
3,44,932588.1998224115,6845816.204435961,13,6.375600000000003
3,44,932588.1998224115,6845816.204435961,14,6.589142108907986
3,44,932588.1998224115,6845816.204435961,15,7.172550000000004
3,44,932588.1998224115,6845816.204435961,16,7.623000000000004
3,44,932588.1998224115,6845816.204435961,17,7.623000000000004
3,44,932588.1998224115,6845816.204435961,18,7.623000000000004
3,44,932588.1998224115,6845816.204435961,19,7.623000000000004
3,44,932588.1998224115,6845816.204435961,20,7.623000000000004
3,44,932588.1998224115,6845816.204435961,21,7.623000000000004
3,44,932588.1998224115,6845816.204435961,22,7.623000000000004
3,44,932588.1998224115,6845816.204435961,23,7.172550000000004
3,44,932588.1998224115,6845816.204435961,24,6.589142108907986
3,44,932588.1998224115,6845816.204435961,25,6.375600000000003
3,44,932588.1998224115,6845816.204435961,26,6.589142108907986
3,44,932588.1998224115,6845816.204435961,27,7.172550000000004
3,44,932588.1998224115,6845816.204435961,28,7.623000000000004
3,44,932588.1998224115,6845816.204435961,29,7.623000000000004
3,44,932588.1998224115,6845816.204435961,30,7.623000000000004
3,44,932588.1998224115,6845816.204435961,31,7.623000000000004
3,44,932588.1998224115,6845816.204435961,32,7.623000000000004
3,44,932588.1998224115,6845816.204435961,33,7.623000000000004
3,44,932588.1998224115,6845816.204435961,34,7.623000000000004
3,44,932588.1998224115,6845816.204435961,35,7.172550000000004
3,44,932588.1998224115,6845816.204435961,36,6.589142108907986
3,44,932588.1998224115,6845816.204435961,37,6.375600000000003
3,44,932588.1998224115,6845816.204435961,38,6.589142108907986
3,44,932588.1998224115,6845816.204435961,39,7.172550000000004
3,44,932588.1998224115,6845816.204435961,40,7.623000000000004
3,44,932588.1998224115,6845816.204435961,41,7.623000000000004
3,44,932588.1998224115,6845816.204435961,42,7.623000000000004
3,44,932588.1998224115,6845816.204435961,43,7.623000000000004
3,44,932588.1998224115,6845816.204435961,44,7.623000000000004
3,44,932588.1998224115,6845816.204435961,45,7.623000000000004
3,44,932588.1998224115,6845816.204435961,46,7.623000000000004
3,44,932588.1998224115,6845816.204435961,47,7.172550000000004
3,44,932588.1998224115,6845816.204435961,48,6.589142108907986
3,75,932222.5998226551,6849264.004434216,1,4.781700000000002
3,75,932222.5998226551,6849264.004434216,2,4.941856581680989
3,75,932222.5998226551,6849264.004434216,3,5.3794125000000035
3,75,932222.5998226551,6849264.004434216,4,5.9771250000000045
3,75,932222.5998226551,6849264.004434216,5,6.5748375000000046
3,75,932222.5998226551,6849264.004434216,6,7.012393418319015
3,75,932222.5998226551,6849264.004434216,7,7.172550000000004
3,75,932222.5998226551,6849264.004434216,8,7.012393418319015
3,75,932222.5998226551,6849264.004434216,9,6.5748375000000046
3,75,932222.5998226551,6849264.004434216,10,5.9771250000000045
3,75,932222.5998226551,6849264.004434216,11,5.3794125000000035
3,75,932222.5998226551,6849264.004434216,12,4.94185658168099
3,75,932222.5998226551,6849264.004434216,13,4.781700000000002
3,75,932222.5998226551,6849264.004434216,14,4.94185658168099
3,75,932222.5998226551,6849264.004434216,15,5.3794125000000035
3,75,932222.5998226551,6849264.004434216,16,5.9771250000000045
3,75,932222.5998226551,6849264.004434216,17,6.5748375000000046
3,75,932222.5998226551,6849264.004434216,18,7.012393418319015
3,75,932222.5998226551,6849264.004434216,19,7.172550000000004
3,75,932222.5998226551,6849264.004434216,20,7.012393418319015
3,75,932222.5998226551,6849264.004434216,21,6.5748375000000046
3,75,932222.5998226551,6849264.004434216,22,5.9771250000000045
3,75,932222.5998226551,6849264.004434216,23,5.3794125000000035
3,75,932222.5998226551,6849264.004434216,24,4.94185658168099
3,75,932222.5998226551,6849264.004434216,25,4.781700000000002
3,75,932222.5998226551,6849264.004434216,26,4.94185658168099
3,75,932222.5998226551,6849264.004434216,27,5.3794125000000035
3,75,932222.5998226551,6849264.004434216,28,5.9771250000000045
3,75,932222.5998226551,6849264.004434216,29,6.5748375000000046
3,75,932222.5998226551,6849264.004434216,30,7.012393418319015
3,75,932222.5998226551,6849264.004434216,31,7.172550000000004
3,75,932222.5998226551,6849264.004434216,32,7.012393418319015
3,75,932222.5998226551,6849264.004434216,33,6.5748375000000046
3,75,932222.5998226551,6849264.004434216,34,5.9771250000000045
3,75,932222.5998226551,6849264.004434216,35,5.3794125000000035
3,75,932222.5998226551,6849264.004434216,36,4.94185658168099
3,75,932222.5998226551,6849264.004434216,37,4.781700000000002
3,75,932222.5998226551,6849264.004434216,38,4.94185658168099
3,75,932222.5998226551,6849264.004434216,39,5.3794125000000035
3,75,932222.5998226551,6849264.004434216,40,5.9771250000000045
3,75,932222.5998226551,6849264.004434216,41,6.5748375000000046
3,75,932222.5998226551,6849264.004434216,42,7.012393418319015
3,75,932222.5998226551,6849264.004434216,43,7.172550000000004
3,75,932222.5998226551,6849264.004434216,44,7.012393418319015
3,75,932222.5998226551,6849264.004434216,45,6.5748375000000046
3,75,932222.5998226551,6849264.004434216,46,5.9771250000000045
3,75,932222.5998226551,6849264.004434216,47,5.3794125000000035
3,75,932222.5998226551,6849264.004434216,48,4.94185658168099
