sol,j,x,y,t,influjo_kg
1,7,933780.291513979,6846818.296141294,1,305.1278999999999
1,7,933780.291513979,6846818.296141294,2,315.34774679915085
1,7,933780.291513979,6846818.296141294,3,343.26888750000063
1,7,933780.291513979,6846818.296141294,4,346.8464999999999
1,7,933780.291513979,6846818.296141294,5,346.8464999999998
1,7,933780.291513979,6846818.296141294,6,346.8464999999999
1,7,933780.291513979,6846818.296141294,7,346.8464999999999
1,7,933780.291513979,6846818.296141294,8,346.8464999999999
1,7,933780.291513979,6846818.296141294,9,346.8464999999999
1,7,933780.291513979,6846818.296141294,10,346.8464999999999
1,7,933780.291513979,6846818.296141294,11,343.26888750000063
1,7,933780.291513979,6846818.296141294,12,315.34774679915085
1,7,933780.291513979,6846818.296141294,13,305.1278999999999
1,7,933780.291513979,6846818.296141294,14,315.34774679915085
1,7,933780.291513979,6846818.296141294,15,343.26888750000063
1,7,933780.291513979,6846818.296141294,16,346.8464999999999
1,7,933780.291513979,6846818.296141294,17,346.8464999999999
1,7,933780.291513979,6846818.296141294,18,346.8464999999999
1,7,933780.291513979,6846818.296141294,19,346.8464999999999
1,7,933780.291513979,6846818.296141294,20,346.8464999999999
1,7,933780.291513979,6846818.296141294,21,346.8464999999999
1,7,933780.291513979,6846818.296141294,22,346.8464999999999
1,7,933780.291513979,6846818.296141294,23,343.26888750000063
1,7,933780.291513979,6846818.296141294,24,315.34774679915085
1,7,933780.291513979,6846818.296141294,25,305.1278999999999
1,7,933780.291513979,6846818.296141294,26,315.34774679915085
1,7,933780.291513979,6846818.296141294,27,343.26888750000063
1,7,933780.291513979,6846818.296141294,28,346.8464999999999
1,7,933780.291513979,6846818.296141294,29,346.8464999999999
1,7,933780.291513979,6846818.296141294,30,346.84649999999976
1,7,933780.291513979,6846818.296141294,31,346.8464999999999
1,7,933780.291513979,6846818.296141294,32,346.8464999999999
1,7,933780.291513979,6846818.296141294,33,346.8464999999999
1,7,933780.291513979,6846818.296141294,34,346.8464999999999
1,7,933780.291513979,6846818.296141294,35,343.26888750000063
1,7,933780.291513979,6846818.296141294,36,315.34774679915085
1,7,933780.291513979,6846818.296141294,37,305.1278999999999
1,7,933780.291513979,6846818.296141294,38,315.34774679915085
1,7,933780.291513979,6846818.296141294,39,343.26888750000063
1,7,933780.291513979,6846818.296141294,40,346.8464999999999
1,7,933780.291513979,6846818.296141294,41,346.8464999999999
1,7,933780.291513979,6846818.296141294,42,346.8464999999998
1,7,933780.291513979,6846818.296141294,43,346.8464999999999
1,7,933780.291513979,6846818.296141294,44,346.8464999999998
1,7,933780.291513979,6846818.296141294,45,346.8464999999999
1,7,933780.291513979,6846818.296141294,46,346.8464999999999
1,7,933780.291513979,6846818.296141294,47,343.26888750000063
1,7,933780.291513979,6846818.296141294,48,315.34774679915085
1,50,933472.5998217161,6847811.904434941,1,256.9644000000004
1,50,933472.5998217161,6847811.904434941,3,289.0849500000003
1,50,933472.5998217161,6847811.904434941,4,283.73152499999986
1,50,933472.5998217161,6847811.904434941,6,242.2768098033305
1,50,933472.5998217161,6847811.904434941,8,291.5797499999995
1,50,933472.5998217161,6847811.904434941,13,256.9644000000004
1,50,933472.5998217161,6847811.904434941,15,255.35837250000014
1,50,933472.5998217161,6847811.904434941,18,242.2768098033305
1,50,933472.5998217161,6847811.904434941,20,291.57974999999965
1,50,933472.5998217161,6847811.904434941,23,255.35837250000014
1,50,933472.5998217161,6847811.904434941,24,234.58778329910015
1,50,933472.5998217161,6847811.904434941,28,283.73152499999986
1,50,933472.5998217161,6847811.904434941,30,291.57974999999954
1,50,933472.5998217161,6847811.904434941,32,291.57974999999965
1,50,933472.5998217161,6847811.904434941,34,283.73152499999986
1,50,933472.5998217161,6847811.904434941,35,289.0849500000003
1,50,933472.5998217161,6847811.904434941,36,234.58778329910015
1,50,933472.5998217161,6847811.904434941,42,291.5797499999993
1,50,933472.5998217161,6847811.904434941,44,242.2768098033305
1,50,933472.5998217161,6847811.904434941,2,252.2925216612962
1,50,933472.5998217161,6847811.904434941,5,208.96548750000062
1,50,933472.5998217161,6847811.904434941,7,254.46960000000038
1,50,933472.5998217161,6847811.904434941,9,291.5797499999998
1,50,933472.5998217161,6847811.904434941,10,291.57974999999965
1,50,933472.5998217161,6847811.904434941,11,274.6307025000002
1,50,933472.5998217161,6847811.904434941,14,141.63790689756988
1,50,933472.5998217161,6847811.904434941,17,208.96548750000062
1,50,933472.5998217161,6847811.904434941,19,254.46960000000038
1,50,933472.5998217161,6847811.904434941,21,208.96548750000065
1,50,933472.5998217161,6847811.904434941,22,291.57974999999965
1,50,933472.5998217161,6847811.904434941,25,137.04768000000013
1,50,933472.5998217161,6847811.904434941,26,252.2925216612962
1,50,933472.5998217161,6847811.904434941,27,154.1786400000001
1,50,933472.5998217161,6847811.904434941,29,208.96548750000062
1,50,933472.5998217161,6847811.904434941,31,254.46960000000036
1,50,933472.5998217161,6847811.904434941,33,208.96548750000068
1,50,933472.5998217161,6847811.904434941,38,252.2925216612962
1,50,933472.5998217161,6847811.904434941,39,274.6307025000002
1,50,933472.5998217161,6847811.904434941,41,291.5797499999998
1,50,933472.5998217161,6847811.904434941,43,291.5797499999994
1,50,933472.5998217161,6847811.904434941,45,291.5797499999998
1,50,933472.5998217161,6847811.904434941,47,274.6307025000002
1,50,933472.5998217161,6847811.904434941,48,141.63790689756988
1,50,933472.5998217161,6847811.904434941,16,163.461375
1,50,933472.5998217161,6847811.904434941,37,107.06850000000007
1,50,933472.5998217161,6847811.904434941,46,163.46137500000012
1,50,933472.5998217161,6847811.904434941,40,163.46137500000026
1,50,933472.5998217161,6847811.904434941,12,84.64594019667013
1,76,933472.5998217161,6847811.904434941,2,123.9331685353737
1,76,933472.5998217161,6847811.904434941,5,291.5797499999998
1,76,933472.5998217161,6847811.904434941,7,291.5797499999996
1,76,933472.5998217161,6847811.904434941,9,208.96548750000042
1,76,933472.5998217161,6847811.904434941,10,163.46137500000017
1,76,933472.5998217161,6847811.904434941,11,134.90631000000002
1,76,933472.5998217161,6847811.904434941,12,291.57975
1,76,933472.5998217161,6847811.904434941,14,234.58778329910015
1,76,933472.5998217161,6847811.904434941,16,291.5797499999996
1,76,933472.5998217161,6847811.904434941,17,291.5797499999999
1,76,933472.5998217161,6847811.904434941,19,291.5797499999995
1,76,933472.5998217161,6847811.904434941,21,291.57974999999976
1,76,933472.5998217161,6847811.904434941,22,163.46137500000017
1,76,933472.5998217161,6847811.904434941,25,226.98522000000023
1,76,933472.5998217161,6847811.904434941,26,123.9331685353737
1,76,933472.5998217161,6847811.904434941,27,255.35837250000014
1,76,933472.5998217161,6847811.904434941,29,291.5797499999998
1,76,933472.5998217161,6847811.904434941,31,291.57974999999965
1,76,933472.5998217161,6847811.904434941,33,291.5797499999998
1,76,933472.5998217161,6847811.904434941,37,256.9644000000004
1,76,933472.5998217161,6847811.904434941,38,123.9331685353737
1,76,933472.5998217161,6847811.904434941,39,134.90631000000002
1,76,933472.5998217161,6847811.904434941,40,291.5797499999996
1,76,933472.5998217161,6847811.904434941,41,208.96548750000036
1,76,933472.5998217161,6847811.904434941,43,254.46960000000038
1,76,933472.5998217161,6847811.904434941,45,208.96548750000045
1,76,933472.5998217161,6847811.904434941,46,291.57974999999965
1,76,933472.5998217161,6847811.904434941,47,134.90631000000002
1,76,933472.5998217161,6847811.904434941,48,234.58778329910015
1,76,933472.5998217161,6847811.904434941,4,171.30959999999993
1,76,933472.5998217161,6847811.904434941,6,291.5797499999999
1,76,933472.5998217161,6847811.904434941,8,242.27680980333048
1,76,933472.5998217161,6847811.904434941,15,154.1786400000001
1,76,933472.5998217161,6847811.904434941,18,291.5797499999998
1,76,933472.5998217161,6847811.904434941,20,242.27680980333048
1,76,933472.5998217161,6847811.904434941,23,154.1786400000001
1,76,933472.5998217161,6847811.904434941,24,141.63790689756988
1,76,933472.5998217161,6847811.904434941,28,171.30959999999993
1,76,933472.5998217161,6847811.904434941,30,242.27680980333045
1,76,933472.5998217161,6847811.904434941,32,242.27680980333048
1,76,933472.5998217161,6847811.904434941,34,171.30959999999993
1,76,933472.5998217161,6847811.904434941,36,141.63790689756988
1,76,933472.5998217161,6847811.904434941,42,242.27680980333054
1,76,933472.5998217161,6847811.904434941,44,291.5797499999999
1,76,933472.5998217161,6847811.904434941,1,107.06850000000007
1,76,933472.5998217161,6847811.904434941,3,120.45206250000011
1,76,933472.5998217161,6847811.904434941,13,107.06850000000007
1,76,933472.5998217161,6847811.904434941,35,120.45206250000011
1,69,934334.8998210647,6847164.004435261,1,182.952
1,69,934334.8998210647,6847164.004435261,2,182.952
1,69,934334.8998210647,6847164.004435261,3,182.952
1,69,934334.8998210647,6847164.004435261,4,182.95199999999997
1,69,934334.8998210647,6847164.004435261,5,182.95199999999997
1,69,934334.8998210647,6847164.004435261,6,182.95199999999994
1,69,934334.8998210647,6847164.004435261,7,182.95199999999997
1,69,934334.8998210647,6847164.004435261,8,182.95199999999994
1,69,934334.8998210647,6847164.004435261,9,182.95199999999997
1,69,934334.8998210647,6847164.004435261,10,182.952
1,69,934334.8998210647,6847164.004435261,11,182.952
1,69,934334.8998210647,6847164.004435261,12,182.952
1,69,934334.8998210647,6847164.004435261,13,182.952
1,69,934334.8998210647,6847164.004435261,14,182.952
1,69,934334.8998210647,6847164.004435261,15,182.952
1,69,934334.8998210647,6847164.004435261,16,182.95199999999997
1,69,934334.8998210647,6847164.004435261,17,182.95199999999997
1,69,934334.8998210647,6847164.004435261,18,182.952
1,69,934334.8998210647,6847164.004435261,19,182.95199999999994
1,69,934334.8998210647,6847164.004435261,20,182.95199999999994
1,69,934334.8998210647,6847164.004435261,21,182.95199999999997
1,69,934334.8998210647,6847164.004435261,22,182.952
1,69,934334.8998210647,6847164.004435261,23,182.952
1,69,934334.8998210647,6847164.004435261,24,182.952
1,69,934334.8998210647,6847164.004435261,25,182.952
1,69,934334.8998210647,6847164.004435261,26,182.952
1,69,934334.8998210647,6847164.004435261,27,182.952
1,69,934334.8998210647,6847164.004435261,28,182.952
1,69,934334.8998210647,6847164.004435261,29,182.95199999999997
1,69,934334.8998210647,6847164.004435261,30,182.952
1,69,934334.8998210647,6847164.004435261,31,182.952
1,69,934334.8998210647,6847164.004435261,32,182.952
1,69,934334.8998210647,6847164.004435261,33,182.95200000000003
1,69,934334.8998210647,6847164.004435261,34,182.952
1,69,934334.8998210647,6847164.004435261,35,182.952
1,69,934334.8998210647,6847164.004435261,36,182.952
1,69,934334.8998210647,6847164.004435261,37,182.952
1,69,934334.8998210647,6847164.004435261,38,182.952
1,69,934334.8998210647,6847164.004435261,39,182.952
1,69,934334.8998210647,6847164.004435261,40,182.952
1,69,934334.8998210647,6847164.004435261,41,182.95199999999997
1,69,934334.8998210647,6847164.004435261,42,182.95199999999997
1,69,934334.8998210647,6847164.004435261,43,182.952
1,69,934334.8998210647,6847164.004435261,44,182.952
1,69,934334.8998210647,6847164.004435261,45,182.95199999999997
1,69,934334.8998210647,6847164.004435261,46,182.952
1,69,934334.8998210647,6847164.004435261,47,182.952
1,69,934334.8998210647,6847164.004435261,48,182.952
1,21,934045.0998212856,6847194.404435249,5,153.14607000000012
1,21,934045.0998212856,6847194.404435249,6,130.7760558071436
1,21,934045.0998212856,6847194.404435249,8,126.95480953861038
1,21,934045.0998212856,6847194.404435249,9,137.90007000000008
1,21,934045.0998212856,6847194.404435249,18,106.48675106832847
1,21,934045.0998212856,6847194.404435249,20,123.1335632700771
1,21,934045.0998212856,6847194.404435249,21,131.9731875000001
1,21,934045.0998212856,6847194.404435249,30,120.38958323682184
1,21,934045.0998212856,6847194.404435249,32,151.46769783569076
1,21,934045.0998212856,6847194.404435249,33,159.13012500000016
1,21,934045.0998212856,6847194.404435249,42,122.40183526120904
1,21,934045.0998212856,6847194.404435249,44,126.8531806484898
1,21,934045.0998212856,6847194.404435249,7,131.72544000000002
1,21,934045.0998212856,6847194.404435249,46,139.50090000000006
1,21,934045.0998212856,6847194.404435249,19,141.16410000000008
1,21,934045.0998212856,6847194.404435249,43,140.9146200000001
1,21,934045.0998212856,6847194.404435249,15,24.41785500000001
1,21,934045.0998212856,6847194.404435249,39,114.19947
1,21,934045.0998212856,6847194.404435249,35,114.27743249999997
1,21,934045.0998212856,6847194.404435249,4,81.35820000000005
1,21,934045.0998212856,6847194.404435249,11,52.70265000000002
1,21,934045.0998212856,6847194.404435249,12,62.25306870720461
1,21,934045.0998212856,6847194.404435249,13,31.822560000000014
1,21,934045.0998212856,6847194.404435249,25,96.60420000000012
1,21,934045.0998212856,6847194.404435249,27,50.78477250000003
1,21,934045.0998212856,6847194.404435249,28,90.31522500000007
1,21,934045.0998212856,6847194.404435249,34,79.92022500000004
1,21,934045.0998212856,6847194.404435249,36,99.83982717193182
1,21,934045.0998212856,6847194.404435249,38,62.25306870720461
1,21,934045.0998212856,6847194.404435249,47,54.776452500000055
1,21,934045.0998212856,6847194.404435249,1,36.36864000000001
1,21,934045.0998212856,6847194.404435249,2,66.9514135152955
1,21,934045.0998212856,6847194.404435249,3,44.563365000000005
1,21,934045.0998212856,6847194.404435249,10,97.92090000001069
1,21,934045.0998212856,6847194.404435249,14,66.9514135152955
1,21,934045.0998212856,6847194.404435249,16,96.96802500000007
1,21,934045.0998212856,6847194.404435249,23,70.21302750000001
1,21,934045.0998212856,6847194.404435249,24,66.9514135152955
1,21,934045.0998212856,6847194.404435249,26,29.364655050568196
1,21,934045.0998212856,6847194.404435249,37,28.413000000000007
1,21,934045.0998212856,6847194.404435249,40,70.27020000000002
1,21,934045.0998212856,6847194.404435249,22,63.686700000000016
1,21,934045.0998212856,6847194.404435249,31,87.13089000000004
1,21,934045.0998212856,6847194.404435249,17,84.72964500000006
1,21,934045.0998212856,6847194.404435249,29,87.16900500000008
1,21,934045.0998212856,6847194.404435249,41,110.9527650000001
1,21,934045.0998212856,6847194.404435249,45,108.72303750000007
1,38,933906.9998213904,6847232.504435231,1,762.230699999999
1,38,933906.9998213904,6847232.504435231,2,787.7605875638985
1,38,933906.9998213904,6847232.504435231,3,836.5064400000008
1,38,933906.9998213904,6847232.504435231,4,505.6821000000086
1,38,933906.9998213904,6847232.504435231,10,436.97115000000036
1,38,933906.9998213904,6847232.504435231,11,828.1020825000007
1,38,933906.9998213904,6847232.504435231,12,787.7605875638985
1,38,933906.9998213904,6847232.504435231,13,762.230699999999
1,38,933906.9998213904,6847232.504435231,14,787.7605875638985
1,38,933906.9998213904,6847232.504435231,15,823.7517750000007
1,38,933906.9998213904,6847232.504435231,16,396.46530000000956
1,38,933906.9998213904,6847232.504435231,22,505.68210000000823
1,38,933906.9998213904,6847232.504435231,23,791.3349675000006
1,38,933906.9998213904,6847232.504435231,24,787.7605875638985
1,38,933906.9998213904,6847232.504435231,25,762.230699999999
1,38,933906.9998213904,6847232.504435231,26,787.7605875638985
1,38,933906.9998213904,6847232.504435231,27,830.4721425000008
1,38,933906.9998213904,6847232.504435231,35,766.4493375000009
1,38,933906.9998213904,6847232.504435231,36,787.7605875638985
1,38,933906.9998213904,6847232.504435231,37,762.230699999999
1,38,933906.9998213904,6847232.504435231,38,787.7605875638985
1,38,933906.9998213904,6847232.504435231,39,781.1530650000005
1,38,933906.9998213904,6847232.504435231,40,464.25802500000003
1,38,933906.9998213904,6847232.504435231,47,814.1000175000007
1,38,933906.9998213904,6847232.504435231,48,787.7605875638985
1,38,933906.9998213904,6847232.504435231,28,474.2199000000102
1,38,933906.9998213904,6847232.504435231,34,421.04947500000026
1,38,933906.9998213904,6847232.504435231,46,402.7716000000079
1,38,933906.9998213904,6847232.504435231,5,145.7898750000001
1,38,933906.9998213904,6847232.504435231,6,155.49220188446517
1,38,933906.9998213904,6847232.504435231,7,159.04350000000005
1,38,933906.9998213904,6847232.504435231,8,155.49220188446517
1,38,933906.9998213904,6847232.504435231,9,145.7898750000001
1,38,933906.9998213904,6847232.504435231,17,145.7898750000001
1,38,933906.9998213904,6847232.504435231,18,155.49220188446517
1,38,933906.9998213904,6847232.504435231,19,159.04350000000005
1,38,933906.9998213904,6847232.504435231,20,155.49220188446517
1,38,933906.9998213904,6847232.504435231,21,145.7898750000001
1,38,933906.9998213904,6847232.504435231,29,145.7898750000001
1,38,933906.9998213904,6847232.504435231,30,155.49220188446517
1,38,933906.9998213904,6847232.504435231,31,159.04350000000005
1,38,933906.9998213904,6847232.504435231,32,155.49220188446517
1,38,933906.9998213904,6847232.504435231,33,145.7898750000001
1,38,933906.9998213904,6847232.504435231,41,145.7898750000001
1,38,933906.9998213904,6847232.504435231,42,155.49220188446517
1,38,933906.9998213904,6847232.504435231,43,159.04350000000005
1,38,933906.9998213904,6847232.504435231,44,155.49220188446517
1,38,933906.9998213904,6847232.504435231,45,145.7898750000001
1,58,934045.0998212856,6847194.404435249,7,143.9499600000001
1,58,934045.0998212856,6847194.404435249,17,167.97280500000016
1,58,934045.0998212856,6847194.404435249,19,134.5113000000001
1,58,934045.0998212856,6847194.404435249,28,50.67562500000003
1,58,934045.0998212856,6847194.404435249,29,165.53344500000014
1,58,934045.0998212856,6847194.404435249,31,188.54451000000003
1,58,934045.0998212856,6847194.404435249,34,114.24105000001298
1,58,934045.0998212856,6847194.404435249,41,141.74968500000014
1,58,934045.0998212856,6847194.404435249,43,134.76078000000007
1,58,934045.0998212856,6847194.404435249,45,143.97941250000014
1,58,934045.0998212856,6847194.404435249,46,72.93825000000004
1,58,934045.0998212856,6847194.404435249,8,142.56500706112925
1,58,934045.0998212856,6847194.404435249,18,163.03306553141118
1,58,934045.0998212856,6847194.404435249,20,146.38625332966254
1,58,934045.0998212856,6847194.404435249,30,149.13023336291778
1,58,934045.0998212856,6847194.404435249,33,93.57232500000008
1,58,934045.0998212856,6847194.404435249,42,147.11798133853057
1,58,934045.0998212856,6847194.404435249,44,142.66663595124982
1,58,934045.0998212856,6847194.404435249,5,99.55638000000009
1,58,934045.0998212856,6847194.404435249,6,138.743760792596
1,58,934045.0998212856,6847194.404435249,9,114.8023800000001
1,58,934045.0998212856,6847194.404435249,32,118.05211876404886
1,58,934045.0998212856,6847194.404435249,47,97.31279250000003
1,58,934045.0998212856,6847194.404435249,23,104.64126750000004
1,58,934045.0998212856,6847194.404435249,15,118.01963249999999
1,58,934045.0998212856,6847194.404435249,27,84.9323475
1,58,934045.0998212856,6847194.404435249,39,70.83672750000005
1,58,934045.0998212856,6847194.404435249,1,60.23556000000003
1,58,934045.0998212856,6847194.404435249,2,32.88841365663639
1,58,934045.0998212856,6847194.404435249,3,85.11945750000004
1,58,934045.0998212856,6847194.404435249,10,80.31870000000004
1,58,934045.0998212856,6847194.404435249,14,32.88841365663639
1,58,934045.0998212856,6847194.404435249,16,121.77742500000006
1,58,934045.0998212856,6847194.404435249,22,45.841950000000026
1,58,934045.0998212856,6847194.404435249,24,32.88841365663639
1,58,934045.0998212856,6847194.404435249,26,70.4751721213637
1,58,934045.0998212856,6847194.404435249,35,85.46249250000002
1,58,934045.0998212856,6847194.404435249,37,68.19120000000005
1,58,934045.0998212856,6847194.404435249,40,80.68252500000723
1,58,934045.0998212856,6847194.404435249,48,99.83982717193182
1,58,934045.0998212856,6847194.404435249,11,85.38452999999998
1,58,934045.0998212856,6847194.404435249,12,37.58675846472729
1,58,934045.0998212856,6847194.404435249,13,64.78164000000002
1,58,934045.0998212856,6847194.404435249,38,37.58675846472729
1,58,934045.0998212856,6847194.404435249,4,28.170450000000017
1,58,934045.0998212856,6847194.404435249,21,120.72926250000012
1,37,934585.699820864,6848050.504434808,1,674.2543499999974
1,37,934585.699820864,6848050.504434808,2,728.9443409792341
1,37,934585.699820864,6848050.504434808,3,813.7725750000013
1,37,934585.699820864,6848050.504434808,4,904.191749999999
1,37,934585.699820864,6848050.504434808,5,935.7232499999972
1,37,934585.699820864,6848050.504434808,6,935.7232499999993
1,37,934585.699820864,6848050.504434808,7,935.7232500000048
1,37,934585.699820864,6848050.504434808,8,935.7232499999998
1,37,934585.699820864,6848050.504434808,9,935.7232499999972
1,37,934585.699820864,6848050.504434808,10,904.191749999999
1,37,934585.699820864,6848050.504434808,11,813.7725750000013
1,37,934585.699820864,6848050.504434808,12,728.9443409792341
1,37,934585.699820864,6848050.504434808,13,674.2543499999974
1,37,934585.699820864,6848050.504434808,14,728.9443409792341
1,37,934585.699820864,6848050.504434808,15,813.7725750000013
1,37,934585.699820864,6848050.504434808,16,904.191749999999
1,37,934585.699820864,6848050.504434808,17,935.7232499999975
1,37,934585.699820864,6848050.504434808,18,935.7232499999997
1,37,934585.699820864,6848050.504434808,19,935.7232500000032
1,37,934585.699820864,6848050.504434808,20,935.7232499999994
1,37,934585.699820864,6848050.504434808,21,935.7232499999972
1,37,934585.699820864,6848050.504434808,22,904.191749999999
1,37,934585.699820864,6848050.504434808,23,813.7725750000013
1,37,934585.699820864,6848050.504434808,24,728.9443409792341
1,37,934585.699820864,6848050.504434808,25,674.2543499999974
1,37,934585.699820864,6848050.504434808,26,728.9443409792341
1,37,934585.699820864,6848050.504434808,27,813.7725750000013
1,37,934585.699820864,6848050.504434808,28,904.191749999999
1,37,934585.699820864,6848050.504434808,29,935.7232499999974
1,37,934585.699820864,6848050.504434808,30,935.7232499999996
1,37,934585.699820864,6848050.504434808,31,935.7232500000042
1,37,934585.699820864,6848050.504434808,32,935.7232499999992
1,37,934585.699820864,6848050.504434808,33,935.7232499999968
1,37,934585.699820864,6848050.504434808,34,904.191749999999
1,37,934585.699820864,6848050.504434808,35,813.7725750000013
1,37,934585.699820864,6848050.504434808,36,728.9443409792341
1,37,934585.699820864,6848050.504434808,37,674.2543499999974
1,37,934585.699820864,6848050.504434808,38,728.9443409792341
1,37,934585.699820864,6848050.504434808,39,813.7725750000013
1,37,934585.699820864,6848050.504434808,40,904.191749999999
1,37,934585.699820864,6848050.504434808,41,935.723249999997
1,37,934585.699820864,6848050.504434808,42,935.7232499999997
1,37,934585.699820864,6848050.504434808,43,935.7232500000042
1,37,934585.699820864,6848050.504434808,44,935.7232499999996
1,37,934585.699820864,6848050.504434808,45,935.7232499999974
1,37,934585.699820864,6848050.504434808,46,904.191749999999
1,37,934585.699820864,6848050.504434808,47,813.7725750000013
1,37,934585.699820864,6848050.504434808,48,728.9443409792341
1,31,934107.899821243,6846671.504435516,1,133.12530000000035
1,31,934107.899821243,6846671.504435516,2,144.094865290208
1,31,934107.899821243,6846671.504435516,3,174.0642750000002
1,31,934107.899821243,6846671.504435516,4,215.00324999999978
1,31,934107.899821243,6846671.504435516,5,425.2681125000008
1,31,934107.899821243,6846671.504435516,6,475.95765923524954
1,31,934107.899821243,6846671.504435516,7,485.96624999999955
1,31,934107.899821243,6846671.504435516,8,475.95765923524897
1,31,934107.899821243,6846671.504435516,9,425.268112500001
1,31,934107.899821243,6846671.504435516,10,215.00324999999987
1,31,934107.899821243,6846671.504435516,11,174.0642750000002
1,31,934107.899821243,6846671.504435516,12,144.09486529020802
1,31,934107.899821243,6846671.504435516,13,133.12530000000038
1,31,934107.899821243,6846671.504435516,14,144.09486529020805
1,31,934107.899821243,6846671.504435516,15,174.0642750000002
1,31,934107.899821243,6846671.504435516,16,215.00324999999984
1,31,934107.899821243,6846671.504435516,17,425.26811250000105
1,31,934107.899821243,6846671.504435516,18,475.95765923524897
1,31,934107.899821243,6846671.504435516,19,485.9662499999998
1,31,934107.899821243,6846671.504435516,20,475.9576592352487
1,31,934107.899821243,6846671.504435516,21,425.26811250000185
1,31,934107.899821243,6846671.504435516,22,215.00324999999972
1,31,934107.899821243,6846671.504435516,23,174.0642750000002
1,31,934107.899821243,6846671.504435516,24,144.094865290208
1,31,934107.899821243,6846671.504435516,25,133.12530000000035
1,31,934107.899821243,6846671.504435516,26,150.6908151863304
1,31,934107.899821243,6846671.504435516,27,174.0642750000003
1,31,934107.899821243,6846671.504435516,28,215.00324999999995
1,31,934107.899821243,6846671.504435516,29,425.26811250000185
1,31,934107.899821243,6846671.504435516,30,475.95765923524914
1,31,934107.899821243,6846671.504435516,31,485.96624999999926
1,31,934107.899821243,6846671.504435516,32,475.9576592352486
1,31,934107.899821243,6846671.504435516,33,425.26811250000054
1,31,934107.899821243,6846671.504435516,34,215.00324999999975
1,31,934107.899821243,6846671.504435516,35,180.63911250000015
1,31,934107.899821243,6846671.504435516,36,162.15019276703998
1,31,934107.899821243,6846671.504435516,37,133.1253000000003
1,31,934107.899821243,6846671.504435516,38,159.858317250898
1,31,934107.899821243,6846671.504435516,39,174.0642750000002
1,31,934107.899821243,6846671.504435516,40,215.00324999999984
1,31,934107.899821243,6846671.504435516,41,425.2681125000008
1,31,934107.899821243,6846671.504435516,42,475.9576592352491
1,31,934107.899821243,6846671.504435516,43,485.96624999999943
1,31,934107.899821243,6846671.504435516,44,475.9576592352488
1,31,934107.899821243,6846671.504435516,45,425.2681125000004
1,31,934107.899821243,6846671.504435516,46,215.00324999999987
1,31,934107.899821243,6846671.504435516,47,174.0642750000002
1,31,934107.899821243,6846671.504435516,48,144.09486529020788
1,23,933186.3998219331,6847949.604434876,1,333.4023000000005
1,23,933186.3998219331,6847949.604434876,2,344.5691596299596
1,23,933186.3998219331,6847949.604434876,3,375.0775875000004
1,23,933186.3998219331,6847949.604434876,4,416.7528749999997
1,23,933186.3998219331,6847949.604434876,5,458.4281625000003
1,23,933186.3998219331,6847949.604434876,6,488.93659037004
1,23,933186.3998219331,6847949.604434876,7,500.1034499999995
1,23,933186.3998219331,6847949.604434876,8,488.93659037004
1,23,933186.3998219331,6847949.604434876,9,458.4281625000003
1,23,933186.3998219331,6847949.604434876,10,416.7528749999997
1,23,933186.3998219331,6847949.604434876,11,375.0775875000004
1,23,933186.3998219331,6847949.604434876,12,344.5691596299596
1,23,933186.3998219331,6847949.604434876,13,333.4023000000005
1,23,933186.3998219331,6847949.604434876,14,344.5691596299596
1,23,933186.3998219331,6847949.604434876,15,375.0775875000004
1,23,933186.3998219331,6847949.604434876,16,416.7528749999997
1,23,933186.3998219331,6847949.604434876,17,458.4281625000003
1,23,933186.3998219331,6847949.604434876,18,488.93659037004
1,23,933186.3998219331,6847949.604434876,19,500.1034499999995
1,23,933186.3998219331,6847949.604434876,20,488.93659037004
1,23,933186.3998219331,6847949.604434876,21,458.4281625000003
1,23,933186.3998219331,6847949.604434876,22,416.7528749999997
1,23,933186.3998219331,6847949.604434876,23,375.0775875000004
1,23,933186.3998219331,6847949.604434876,24,344.5691596299596
1,23,933186.3998219331,6847949.604434876,25,333.4023000000005
1,23,933186.3998219331,6847949.604434876,26,344.5691596299596
1,23,933186.3998219331,6847949.604434876,27,375.0775875000004
1,23,933186.3998219331,6847949.604434876,28,416.7528749999997
1,23,933186.3998219331,6847949.604434876,29,458.4281625000003
1,23,933186.3998219331,6847949.604434876,30,488.93659037004
1,23,933186.3998219331,6847949.604434876,31,500.1034499999995
1,23,933186.3998219331,6847949.604434876,32,488.93659037004
1,23,933186.3998219331,6847949.604434876,33,458.4281625000003
1,23,933186.3998219331,6847949.604434876,34,416.7528749999997
1,23,933186.3998219331,6847949.604434876,35,375.0775875000004
1,23,933186.3998219331,6847949.604434876,36,344.5691596299596
1,23,933186.3998219331,6847949.604434876,37,333.4023000000005
1,23,933186.3998219331,6847949.604434876,38,344.5691596299596
1,23,933186.3998219331,6847949.604434876,39,375.0775875000004
1,23,933186.3998219331,6847949.604434876,40,416.7528749999997
1,23,933186.3998219331,6847949.604434876,41,458.4281625000003
1,23,933186.3998219331,6847949.604434876,42,488.93659037004
1,23,933186.3998219331,6847949.604434876,43,500.1034499999995
1,23,933186.3998219331,6847949.604434876,44,488.93659037004
1,23,933186.3998219331,6847949.604434876,45,458.4281625000003
1,23,933186.3998219331,6847949.604434876,46,416.7528749999997
1,23,933186.3998219331,6847949.604434876,47,375.0775875000004
1,23,933186.3998219331,6847949.604434876,48,344.5691596299596
1,34,934604.4998208496,6848058.804434804,19,149.30684999999943
1,34,934604.4998208496,6848058.804434804,31,149.30684999999923
1,34,934604.4998208496,6848058.804434804,7,149.30684999999858
1,34,934604.4998208496,6848058.804434804,5,58.88767499999997
1,34,934604.4998208496,6848058.804434804,9,58.88767500000011
1,34,934604.4998208496,6848058.804434804,42,125.07910507846132
1,34,934604.4998208496,6848058.804434804,44,125.07910507846107
1,34,934604.4998208496,6848058.804434804,6,125.07910507846132
1,34,934604.4998208496,6848058.804434804,8,125.07910507846117
1,34,934604.4998208496,6848058.804434804,17,58.887674999999696
1,34,934604.4998208496,6848058.804434804,18,125.07910507846128
1,34,934604.4998208496,6848058.804434804,20,125.0791050784612
1,34,934604.4998208496,6848058.804434804,29,58.8876750000041
1,34,934604.4998208496,6848058.804434804,32,125.07910507846167
1,34,934604.4998208496,6848058.804434804,41,58.887675000000044
1,34,934604.4998208496,6848058.804434804,21,58.887674999999966
1,34,934604.4998208496,6848058.804434804,45,58.88767499999975
1,34,934604.4998208496,6848058.804434804,30,125.07910507846141
1,34,934604.4998208496,6848058.804434804,33,58.88767500000041
1,34,934604.4998208496,6848058.804434804,43,149.30684999999906
1,47,934432.7998209777,6848335.404434666,1,115.45380000000013
1,47,934432.7998209777,6848335.404434666,2,119.32076905913803
1,47,934432.7998209777,6848335.404434666,3,129.885525
1,47,934432.7998209777,6848335.404434666,4,144.3172500000001
1,47,934432.7998209777,6848335.404434666,5,158.74897500000014
1,47,934432.7998209777,6848335.404434666,6,125.0151994860268
1,47,934432.7998209777,6848335.404434666,7,122.24520000000007
1,47,934432.7998209777,6848335.404434666,8,125.01519948602315
1,47,934432.7998209777,6848335.404434666,9,158.74897500000014
1,47,934432.7998209777,6848335.404434666,10,144.3172500000001
1,47,934432.7998209777,6848335.404434666,11,129.885525
1,47,934432.7998209777,6848335.404434666,12,119.32076905913803
1,47,934432.7998209777,6848335.404434666,13,115.45380000000013
1,47,934432.7998209777,6848335.404434666,14,119.32076905913803
1,47,934432.7998209777,6848335.404434666,15,129.885525
1,47,934432.7998209777,6848335.404434666,16,144.3172500000001
1,47,934432.7998209777,6848335.404434666,17,158.74897500000014
1,47,934432.7998209777,6848335.404434666,18,125.01519948602558
1,47,934432.7998209777,6848335.404434666,19,122.24520000000007
1,47,934432.7998209777,6848335.404434666,20,125.01519948602437
1,47,934432.7998209777,6848335.404434666,21,158.74897500000014
1,47,934432.7998209777,6848335.404434666,22,144.3172500000001
1,47,934432.7998209777,6848335.404434666,23,129.885525
1,47,934432.7998209777,6848335.404434666,24,119.32076905913803
1,47,934432.7998209777,6848335.404434666,25,115.45380000000013
1,47,934432.7998209777,6848335.404434666,26,119.32076905913803
1,47,934432.7998209777,6848335.404434666,27,129.885525
1,47,934432.7998209777,6848335.404434666,28,144.3172500000001
1,47,934432.7998209777,6848335.404434666,29,158.74897500000014
1,47,934432.7998209777,6848335.404434666,30,125.01519948602407
1,47,934432.7998209777,6848335.404434666,31,122.24520000000007
1,47,934432.7998209777,6848335.404434666,32,125.01519948602498
1,47,934432.7998209777,6848335.404434666,33,158.74897500000014
1,47,934432.7998209777,6848335.404434666,34,144.3172500000001
1,47,934432.7998209777,6848335.404434666,35,129.885525
1,47,934432.7998209777,6848335.404434666,36,119.32076905913803
1,47,934432.7998209777,6848335.404434666,37,115.45380000000013
1,47,934432.7998209777,6848335.404434666,38,119.32076905913803
1,47,934432.7998209777,6848335.404434666,39,129.885525
1,47,934432.7998209777,6848335.404434666,40,144.3172500000001
1,47,934432.7998209777,6848335.404434666,41,158.74897500000014
1,47,934432.7998209777,6848335.404434666,42,125.0151994860274
1,47,934432.7998209777,6848335.404434666,43,122.24520000000007
1,47,934432.7998209777,6848335.404434666,44,125.01519948602498
1,47,934432.7998209777,6848335.404434666,45,158.74897500000014
1,47,934432.7998209777,6848335.404434666,46,144.3172500000001
1,47,934432.7998209777,6848335.404434666,47,129.885525
1,47,934432.7998209777,6848335.404434666,48,119.32076905913803
1,17,934313.499821071,6848126.304434771,1,958.5922500000011
1,17,934313.499821071,6848126.304434771,2,958.592250000001
1,17,934313.499821071,6848126.304434771,3,958.5922500000012
1,17,934313.499821071,6848126.304434771,4,958.592250000001
1,17,934313.499821071,6848126.304434771,5,958.592250000001
1,17,934313.499821071,6848126.304434771,6,958.5922500000011
1,17,934313.499821071,6848126.304434771,7,958.5922500000011
1,17,934313.499821071,6848126.304434771,8,958.5922500000011
1,17,934313.499821071,6848126.304434771,9,958.5922500000011
1,17,934313.499821071,6848126.304434771,10,958.5922500000011
1,17,934313.499821071,6848126.304434771,11,958.592250000001
1,17,934313.499821071,6848126.304434771,12,958.592250000001
1,17,934313.499821071,6848126.304434771,13,958.5922500000008
1,17,934313.499821071,6848126.304434771,14,958.592250000001
1,17,934313.499821071,6848126.304434771,15,958.592250000001
1,17,934313.499821071,6848126.304434771,16,958.5922500000012
1,17,934313.499821071,6848126.304434771,17,958.5922500000011
1,17,934313.499821071,6848126.304434771,18,958.5922500000011
1,17,934313.499821071,6848126.304434771,19,958.5922500000011
1,17,934313.499821071,6848126.304434771,20,958.5922500000011
1,17,934313.499821071,6848126.304434771,21,958.5922500000011
1,17,934313.499821071,6848126.304434771,22,958.5922500000011
1,17,934313.499821071,6848126.304434771,23,958.592250000001
1,17,934313.499821071,6848126.304434771,24,958.592250000001
1,17,934313.499821071,6848126.304434771,25,958.5922500000011
1,17,934313.499821071,6848126.304434771,26,958.592250000001
1,17,934313.499821071,6848126.304434771,27,958.592250000001
1,17,934313.499821071,6848126.304434771,28,958.5922500000011
1,17,934313.499821071,6848126.304434771,29,958.5922500000011
1,17,934313.499821071,6848126.304434771,30,958.5922500000011
1,17,934313.499821071,6848126.304434771,31,958.5922500000011
1,17,934313.499821071,6848126.304434771,32,958.5922500000011
1,17,934313.499821071,6848126.304434771,33,958.5922500000011
1,17,934313.499821071,6848126.304434771,34,958.5922500000011
1,17,934313.499821071,6848126.304434771,35,958.592250000001
1,17,934313.499821071,6848126.304434771,36,958.592250000001
1,17,934313.499821071,6848126.304434771,37,958.5922500000011
1,17,934313.499821071,6848126.304434771,38,958.592250000001
1,17,934313.499821071,6848126.304434771,39,958.592250000001
1,17,934313.499821071,6848126.304434771,40,958.5922500000011
1,17,934313.499821071,6848126.304434771,41,958.5922500000012
1,17,934313.499821071,6848126.304434771,42,958.5922500000011
1,17,934313.499821071,6848126.304434771,43,958.5922500000011
1,17,934313.499821071,6848126.304434771,44,958.592250000001
1,17,934313.499821071,6848126.304434771,45,958.592250000001
1,17,934313.499821071,6848126.304434771,46,958.5922500000007
1,17,934313.499821071,6848126.304434771,47,958.592250000001
1,17,934313.499821071,6848126.304434771,48,958.592250000001
1,79,934635.7998208292,6847723.804434974,1,766.9430999999983
1,79,934635.7998208292,6847723.804434974,2,792.6308230356998
1,79,934635.7998208292,6847723.804434974,3,862.8109875000009
1,79,934635.7998208292,6847723.804434974,4,958.6788749999998
1,79,934635.7998208292,6847723.804434974,5,1054.5467624999974
1,79,934635.7998208292,6847723.804434974,6,1124.7269269642977
1,79,934635.7998208292,6847723.804434974,7,998.6476500000131
1,79,934635.7998208292,6847723.804434974,8,1124.7269269642977
1,79,934635.7998208292,6847723.804434974,9,1054.5467624999974
1,79,934635.7998208292,6847723.804434974,10,958.6788749999998
1,79,934635.7998208292,6847723.804434974,11,862.8109875000009
1,79,934635.7998208292,6847723.804434974,12,792.6308230356998
1,79,934635.7998208292,6847723.804434974,13,766.9430999999983
1,79,934635.7998208292,6847723.804434974,14,792.6308230356998
1,79,934635.7998208292,6847723.804434974,15,862.8109875000009
1,79,934635.7998208292,6847723.804434974,16,958.6788749999998
1,79,934635.7998208292,6847723.804434974,17,1054.5467624999974
1,79,934635.7998208292,6847723.804434974,18,1124.7269269642977
1,79,934635.7998208292,6847723.804434974,19,998.6476500000124
1,79,934635.7998208292,6847723.804434974,20,1124.7269269642977
1,79,934635.7998208292,6847723.804434974,21,1054.5467624999974
1,79,934635.7998208292,6847723.804434974,22,958.6788749999998
1,79,934635.7998208292,6847723.804434974,23,862.8109875000009
1,79,934635.7998208292,6847723.804434974,24,792.6308230356998
1,79,934635.7998208292,6847723.804434974,25,766.9430999999983
1,79,934635.7998208292,6847723.804434974,26,792.6308230356998
1,79,934635.7998208292,6847723.804434974,27,862.8109875000009
1,79,934635.7998208292,6847723.804434974,28,958.6788749999998
1,79,934635.7998208292,6847723.804434974,29,1054.5467624999974
1,79,934635.7998208292,6847723.804434974,30,1124.7269269642977
1,79,934635.7998208292,6847723.804434974,31,998.6476500000114
1,79,934635.7998208292,6847723.804434974,32,1124.7269269642977
1,79,934635.7998208292,6847723.804434974,33,1054.5467624999974
1,79,934635.7998208292,6847723.804434974,34,958.6788749999998
1,79,934635.7998208292,6847723.804434974,35,862.8109875000009
1,79,934635.7998208292,6847723.804434974,36,792.6308230356998
1,79,934635.7998208292,6847723.804434974,37,766.9430999999983
1,79,934635.7998208292,6847723.804434974,38,792.6308230356998
1,79,934635.7998208292,6847723.804434974,39,862.8109875000009
1,79,934635.7998208292,6847723.804434974,40,958.6788749999998
1,79,934635.7998208292,6847723.804434974,41,1054.5467624999974
1,79,934635.7998208292,6847723.804434974,42,1124.7269269642977
1,79,934635.7998208292,6847723.804434974,43,998.6476500000142
1,79,934635.7998208292,6847723.804434974,44,1124.7269269642977
1,79,934635.7998208292,6847723.804434974,45,1054.5467624999974
1,79,934635.7998208292,6847723.804434974,46,958.6788749999998
1,79,934635.7998208292,6847723.804434974,47,862.8109875000009
1,79,934635.7998208292,6847723.804434974,48,792.6308230356998
1,12,933061.759090488,6845988.289810399,1,485.9662499999999
1,12,933061.759090488,6845988.289810399,2,485.96624999999983
1,12,933061.759090488,6845988.289810399,3,485.96624999999995
1,12,933061.759090488,6845988.289810399,4,485.9662499999999
1,12,933061.759090488,6845988.289810399,5,485.96624999999995
1,12,933061.759090488,6845988.289810399,6,485.9662499999999
1,12,933061.759090488,6845988.289810399,7,485.9662499999999
1,12,933061.759090488,6845988.289810399,8,485.96624999999995
1,12,933061.759090488,6845988.289810399,9,485.9662499999998
1,12,933061.759090488,6845988.289810399,10,485.96624999999983
1,12,933061.759090488,6845988.289810399,11,485.9662499999998
1,12,933061.759090488,6845988.289810399,12,485.9662499999999
1,12,933061.759090488,6845988.289810399,13,485.9662499999999
1,12,933061.759090488,6845988.289810399,14,485.9662499999999
1,12,933061.759090488,6845988.289810399,15,485.9662499999999
1,12,933061.759090488,6845988.289810399,16,485.9662499999998
1,12,933061.759090488,6845988.289810399,17,485.9662499999998
1,12,933061.759090488,6845988.289810399,18,485.9662500000002
1,12,933061.759090488,6845988.289810399,19,485.9662499999999
1,12,933061.759090488,6845988.289810399,20,485.9662499999999
1,12,933061.759090488,6845988.289810399,21,485.9662499999999
1,12,933061.759090488,6845988.289810399,22,485.96624999999983
1,12,933061.759090488,6845988.289810399,23,485.9662499999999
1,12,933061.759090488,6845988.289810399,24,485.9662500000001
1,12,933061.759090488,6845988.289810399,25,485.9662499999999
1,12,933061.759090488,6845988.289810399,26,485.9662499999999
1,12,933061.759090488,6845988.289810399,27,485.96625
1,12,933061.759090488,6845988.289810399,28,485.96624999999995
1,12,933061.759090488,6845988.289810399,29,485.9662499999999
1,12,933061.759090488,6845988.289810399,30,485.9662499999999
1,12,933061.759090488,6845988.289810399,31,485.9662499999999
1,12,933061.759090488,6845988.289810399,32,485.9662499999999
1,12,933061.759090488,6845988.289810399,33,485.9662499999999
1,12,933061.759090488,6845988.289810399,34,485.9662499999999
1,12,933061.759090488,6845988.289810399,35,485.9662499999999
1,12,933061.759090488,6845988.289810399,36,485.9662499999999
1,12,933061.759090488,6845988.289810399,37,485.9662499999999
1,12,933061.759090488,6845988.289810399,38,485.96625
1,12,933061.759090488,6845988.289810399,39,485.96624999999983
1,12,933061.759090488,6845988.289810399,40,485.96624999999983
1,12,933061.759090488,6845988.289810399,41,485.9662499999997
1,12,933061.759090488,6845988.289810399,42,485.9662499999999
1,12,933061.759090488,6845988.289810399,43,485.96625
1,12,933061.759090488,6845988.289810399,44,485.9662499999999
1,12,933061.759090488,6845988.289810399,45,485.9662499999999
1,12,933061.759090488,6845988.289810399,46,485.96624999999983
1,12,933061.759090488,6845988.289810399,47,485.9662499999999
1,12,933061.759090488,6845988.289810399,48,485.9662499999999
1,60,933867.5998214042,6848816.004434429,1,176.64569999999784
1,60,933867.5998214042,6848816.004434429,2,214.60513096827108
1,60,933867.5998214042,6848816.004434429,3,318.3122249999999
1,60,933867.5998214042,6848816.004434429,4,459.9787499999987
1,60,933867.5998214042,6848816.004434429,5,473.18040000000155
1,60,933867.5998214042,6848816.004434429,6,216.51740755180674
1,60,933867.5998214042,6848816.004434429,7,243.312300000001
1,60,933867.5998214042,6848816.004434429,8,216.5174075518069
1,60,933867.5998214042,6848816.004434429,9,473.18039999999877
1,60,933867.5998214042,6848816.004434429,10,459.9787499999985
1,60,933867.5998214042,6848816.004434429,11,318.31222500000047
1,60,933867.5998214042,6848816.004434429,12,214.60513096827088
1,60,933867.5998214042,6848816.004434429,13,176.645699999998
1,60,933867.5998214042,6848816.004434429,14,214.60513096827134
1,60,933867.5998214042,6848816.004434429,15,318.3122250000005
1,60,933867.5998214042,6848816.004434429,16,459.97874999999846
1,60,933867.5998214042,6848816.004434429,17,473.1804000000002
1,60,933867.5998214042,6848816.004434429,18,216.5174075518069
1,60,933867.5998214042,6848816.004434429,19,243.3123000000012
1,60,933867.5998214042,6848816.004434429,20,216.5174075518069
1,60,933867.5998214042,6848816.004434429,21,473.18039999999877
1,60,933867.5998214042,6848816.004434429,22,459.97874999999857
1,60,933867.5998214042,6848816.004434429,23,318.312225
1,60,933867.5998214042,6848816.004434429,24,214.60513096827083
1,60,933867.5998214042,6848816.004434429,25,176.645699999998
1,60,933867.5998214042,6848816.004434429,26,214.60513096827071
1,60,933867.5998214042,6848816.004434429,27,318.31222499999956
1,60,933867.5998214042,6848816.004434429,28,459.97874999999834
1,60,933867.5998214042,6848816.004434429,29,473.1803999999973
1,60,933867.5998214042,6848816.004434429,30,216.51740755180685
1,60,933867.5998214042,6848816.004434429,31,243.31230000000085
1,60,933867.5998214042,6848816.004434429,32,216.51740755180674
1,60,933867.5998214042,6848816.004434429,33,473.1803999999969
1,60,933867.5998214042,6848816.004434429,34,459.9787499999988
1,60,933867.5998214042,6848816.004434429,35,318.31222499999967
1,60,933867.5998214042,6848816.004434429,36,214.60513096827074
1,60,933867.5998214042,6848816.004434429,37,176.645699999998
1,60,933867.5998214042,6848816.004434429,38,214.60513096827043
1,60,933867.5998214042,6848816.004434429,39,318.31222499999967
1,60,933867.5998214042,6848816.004434429,40,459.97874999999857
1,60,933867.5998214042,6848816.004434429,41,473.18040000000036
1,60,933867.5998214042,6848816.004434429,42,216.5174075518069
1,60,933867.5998214042,6848816.004434429,43,243.312300000001
1,60,933867.5998214042,6848816.004434429,44,216.51740755180685
1,60,933867.5998214042,6848816.004434429,45,473.18040000000315
1,60,933867.5998214042,6848816.004434429,46,459.97874999999857
1,60,933867.5998214042,6848816.004434429,47,318.3122250000008
1,60,933867.5998214042,6848816.004434429,48,214.605130968271
1,10,933074.0319191051,6846600.749738233,1,405.92475000000013
1,10,933074.0319191051,6846600.749738233,2,405.92475000000013
1,10,933074.0319191051,6846600.749738233,3,405.9247500000003
1,10,933074.0319191051,6846600.749738233,4,405.9247500000003
1,10,933074.0319191051,6846600.749738233,5,405.92474999999996
1,10,933074.0319191051,6846600.749738233,6,405.9247500000004
1,10,933074.0319191051,6846600.749738233,7,405.92474999999956
1,10,933074.0319191051,6846600.749738233,8,405.92475000000024
1,10,933074.0319191051,6846600.749738233,9,405.9247500000004
1,10,933074.0319191051,6846600.749738233,10,405.9247499999999
1,10,933074.0319191051,6846600.749738233,11,405.92475000000053
1,10,933074.0319191051,6846600.749738233,12,405.9247499999999
1,10,933074.0319191051,6846600.749738233,13,405.92474999999985
1,10,933074.0319191051,6846600.749738233,14,405.9247499999998
1,10,933074.0319191051,6846600.749738233,15,405.9247500000004
1,10,933074.0319191051,6846600.749738233,16,405.9247500000003
1,10,933074.0319191051,6846600.749738233,17,405.9247500000002
1,10,933074.0319191051,6846600.749738233,18,405.9247500000002
1,10,933074.0319191051,6846600.749738233,19,405.9247499999998
1,10,933074.0319191051,6846600.749738233,20,405.92475000000024
1,10,933074.0319191051,6846600.749738233,21,405.92475
1,10,933074.0319191051,6846600.749738233,22,405.9247500000001
1,10,933074.0319191051,6846600.749738233,23,405.924750000003
1,10,933074.0319191051,6846600.749738233,24,405.92474999999985
1,10,933074.0319191051,6846600.749738233,25,405.9247500000002
1,10,933074.0319191051,6846600.749738233,26,405.92474999999996
1,10,933074.0319191051,6846600.749738233,27,405.9247500000003
1,10,933074.0319191051,6846600.749738233,28,405.9247500000003
1,10,933074.0319191051,6846600.749738233,29,405.92475000000024
1,10,933074.0319191051,6846600.749738233,30,405.9247500000002
1,10,933074.0319191051,6846600.749738233,31,405.9247499999998
1,10,933074.0319191051,6846600.749738233,32,405.92475000000036
1,10,933074.0319191051,6846600.749738233,33,405.9247500000003
1,10,933074.0319191051,6846600.749738233,34,405.9247500000001
1,10,933074.0319191051,6846600.749738233,35,405.92475000000024
1,10,933074.0319191051,6846600.749738233,36,405.9247499999997
1,10,933074.0319191051,6846600.749738233,37,405.92474999999996
1,10,933074.0319191051,6846600.749738233,38,405.92474999999973
1,10,933074.0319191051,6846600.749738233,39,405.924749999999
1,10,933074.0319191051,6846600.749738233,40,405.92474999999996
1,10,933074.0319191051,6846600.749738233,41,405.9247500000001
1,10,933074.0319191051,6846600.749738233,42,405.9247500000002
1,10,933074.0319191051,6846600.749738233,43,405.92474999999973
1,10,933074.0319191051,6846600.749738233,44,405.92475000000013
1,10,933074.0319191051,6846600.749738233,45,405.9247499999999
1,10,933074.0319191051,6846600.749738233,46,405.92474999999996
1,10,933074.0319191051,6846600.749738233,47,405.92475
1,10,933074.0319191051,6846600.749738233,48,405.92474999999996
1,24,932152.499822722,6847957.104434883,1,260.3601000000013
1,24,932152.499822722,6847957.104434883,2,269.08050981703684
1,24,932152.499822722,6847957.104434883,3,292.90511250000134
1,24,932152.499822722,6847957.104434883,4,325.45012500000104
1,24,932152.499822722,6847957.104434883,5,357.99513750000193
1,24,932152.499822722,6847957.104434883,6,381.81974018296603
1,24,932152.499822722,6847957.104434883,7,390.5401500000013
1,24,932152.499822722,6847957.104434883,8,381.81974018296603
1,24,932152.499822722,6847957.104434883,9,357.99513750000204
1,24,932152.499822722,6847957.104434883,10,325.45012500000104
1,24,932152.499822722,6847957.104434883,11,292.9051125000014
1,24,932152.499822722,6847957.104434883,12,269.08050981703695
1,24,932152.499822722,6847957.104434883,13,260.3601000000013
1,24,932152.499822722,6847957.104434883,14,269.08050981703695
1,24,932152.499822722,6847957.104434883,15,292.9051125000014
1,24,932152.499822722,6847957.104434883,16,325.45012500000104
1,24,932152.499822722,6847957.104434883,17,357.9951375000021
1,24,932152.499822722,6847957.104434883,18,381.819740182966
1,24,932152.499822722,6847957.104434883,19,390.54015000000135
1,24,932152.499822722,6847957.104434883,20,381.819740182966
1,24,932152.499822722,6847957.104434883,21,357.995137500002
1,24,932152.499822722,6847957.104434883,22,325.45012500000104
1,24,932152.499822722,6847957.104434883,23,292.90511250000134
1,24,932152.499822722,6847957.104434883,24,269.080509817037
1,24,932152.499822722,6847957.104434883,25,260.36010000000124
1,24,932152.499822722,6847957.104434883,26,269.0805098170364
1,24,932152.499822722,6847957.104434883,27,292.9051125000014
1,24,932152.499822722,6847957.104434883,28,325.45012500000104
1,24,932152.499822722,6847957.104434883,29,357.99513750000204
1,24,932152.499822722,6847957.104434883,30,381.81974018296603
1,24,932152.499822722,6847957.104434883,31,390.5401500000014
1,24,932152.499822722,6847957.104434883,32,381.8197401829659
1,24,932152.499822722,6847957.104434883,33,357.99513750000204
1,24,932152.499822722,6847957.104434883,34,325.4501250000011
1,24,932152.499822722,6847957.104434883,35,292.90511250000134
1,24,932152.499822722,6847957.104434883,36,269.08050981703695
1,24,932152.499822722,6847957.104434883,37,260.36010000000135
1,24,932152.499822722,6847957.104434883,38,269.08050981703684
1,24,932152.499822722,6847957.104434883,39,292.9051125000012
1,24,932152.499822722,6847957.104434883,40,325.45012500000104
1,24,932152.499822722,6847957.104434883,41,357.9951375000021
1,24,932152.499822722,6847957.104434883,42,381.81974018296603
1,24,932152.499822722,6847957.104434883,43,390.5401500000014
1,24,932152.499822722,6847957.104434883,44,381.81974018296603
1,24,932152.499822722,6847957.104434883,45,357.9951375000021
1,24,932152.499822722,6847957.104434883,46,325.45012500000104
1,24,932152.499822722,6847957.104434883,47,292.9051125000014
1,24,932152.499822722,6847957.104434883,48,269.080509817037
1,40,932737.3998222824,6847314.2044352,5,367.3333125000012
1,40,932737.3998222824,6847314.2044352,7,431.39249999999964
1,40,932737.3998222824,6847314.2044352,8,414.2278924415812
1,40,932737.3998222824,6847314.2044352,9,367.3333125000005
1,40,932737.3998222824,6847314.2044352,17,367.33331250000043
1,40,932737.3998222824,6847314.2044352,18,414.2278924415811
1,40,932737.3998222824,6847314.2044352,19,431.39249999999953
1,40,932737.3998222824,6847314.2044352,20,414.2278924415809
1,40,932737.3998222824,6847314.2044352,21,367.3333125000006
1,40,932737.3998222824,6847314.2044352,29,367.3333125000006
1,40,932737.3998222824,6847314.2044352,41,367.33331250000055
1,40,932737.3998222824,6847314.2044352,43,431.3924999999994
1,40,932737.3998222824,6847314.2044352,44,414.2278924415811
1,40,932737.3998222824,6847314.2044352,6,414.2278924415809
1,40,932737.3998222824,6847314.2044352,30,414.22789244158076
1,40,932737.3998222824,6847314.2044352,31,431.3924999999997
1,40,932737.3998222824,6847314.2044352,32,414.22789244158065
1,40,932737.3998222824,6847314.2044352,33,367.3333125000004
1,40,932737.3998222824,6847314.2044352,42,414.2278924415809
1,40,932737.3998222824,6847314.2044352,45,367.3333125000005
1,40,932737.3998222824,6847314.2044352,1,241.5105000000003
1,40,932737.3998222824,6847314.2044352,2,249.59956792982965
1,40,932737.3998222824,6847314.2044352,3,271.69931250000025
1,40,932737.3998222824,6847314.2044352,4,303.27412499999997
1,40,932737.3998222824,6847314.2044352,10,303.2741250000005
1,40,932737.3998222824,6847314.2044352,11,271.69931250000025
1,40,932737.3998222824,6847314.2044352,12,249.59956792982965
1,40,932737.3998222824,6847314.2044352,13,241.5105000000003
1,40,932737.3998222824,6847314.2044352,14,249.59956792982965
1,40,932737.3998222824,6847314.2044352,15,271.69931250000025
1,40,932737.3998222824,6847314.2044352,16,303.2741249999999
1,40,932737.3998222824,6847314.2044352,22,303.27412500000105
1,40,932737.3998222824,6847314.2044352,23,271.69931250000025
1,40,932737.3998222824,6847314.2044352,24,249.59956792982965
1,40,932737.3998222824,6847314.2044352,25,241.5105000000003
1,40,932737.3998222824,6847314.2044352,26,249.59956792982965
1,40,932737.3998222824,6847314.2044352,27,271.69931250000025
1,40,932737.3998222824,6847314.2044352,28,303.2741249999999
1,40,932737.3998222824,6847314.2044352,34,303.27412500000054
1,40,932737.3998222824,6847314.2044352,35,271.69931250000025
1,40,932737.3998222824,6847314.2044352,36,249.59956792982965
1,40,932737.3998222824,6847314.2044352,37,241.5105000000003
1,40,932737.3998222824,6847314.2044352,38,249.59956792982965
1,40,932737.3998222824,6847314.2044352,39,271.69931250000025
1,40,932737.3998222824,6847314.2044352,40,303.2741249999999
1,40,932737.3998222824,6847314.2044352,46,303.2741250000005
1,40,932737.3998222824,6847314.2044352,47,271.69931250000025
1,40,932737.3998222824,6847314.2044352,48,249.59956792982965
1,61,932731.0998222867,6847344.104435187,1,270.963
1,61,932731.0998222867,6847344.104435187,2,280.03853962858966
1,61,932731.0998222867,6847344.104435187,3,304.83337500000073
1,61,932731.0998222867,6847344.104435187,4,337.31774999999953
1,61,932731.0998222867,6847344.104435187,6,337.31775000000016
1,61,932731.0998222867,6847344.104435187,10,337.3177499999996
1,61,932731.0998222867,6847344.104435187,11,304.8333750000008
1,61,932731.0998222867,6847344.104435187,12,280.03853962858966
1,61,932731.0998222867,6847344.104435187,13,270.963
1,61,932731.0998222867,6847344.104435187,14,280.03853962858966
1,61,932731.0998222867,6847344.104435187,15,304.8333750000008
1,61,932731.0998222867,6847344.104435187,16,337.3177499999996
1,61,932731.0998222867,6847344.104435187,22,337.3177499999996
1,61,932731.0998222867,6847344.104435187,23,304.8333750000008
1,61,932731.0998222867,6847344.104435187,24,280.03853962858966
1,61,932731.0998222867,6847344.104435187,25,270.963
1,61,932731.0998222867,6847344.104435187,26,280.03853962858966
1,61,932731.0998222867,6847344.104435187,27,304.8333750000008
1,61,932731.0998222867,6847344.104435187,28,337.31774999999953
1,61,932731.0998222867,6847344.104435187,30,337.3177500000002
1,61,932731.0998222867,6847344.104435187,31,337.3177499999997
1,61,932731.0998222867,6847344.104435187,32,337.3177500000002
1,61,932731.0998222867,6847344.104435187,33,337.3177500000003
1,61,932731.0998222867,6847344.104435187,34,337.31774999999953
1,61,932731.0998222867,6847344.104435187,35,304.8333750000008
1,61,932731.0998222867,6847344.104435187,36,280.03853962858966
1,61,932731.0998222867,6847344.104435187,37,270.963
1,61,932731.0998222867,6847344.104435187,38,280.03853962858966
1,61,932731.0998222867,6847344.104435187,39,304.8333750000008
1,61,932731.0998222867,6847344.104435187,40,337.3177499999996
1,61,932731.0998222867,6847344.104435187,42,337.3177500000001
1,61,932731.0998222867,6847344.104435187,45,337.31775000000016
1,61,932731.0998222867,6847344.104435187,46,337.3177499999996
1,61,932731.0998222867,6847344.104435187,47,304.8333750000008
1,61,932731.0998222867,6847344.104435187,48,280.03853962858966
1,61,932731.0998222867,6847344.104435187,5,337.31775000000016
1,61,932731.0998222867,6847344.104435187,7,337.3177499999998
1,61,932731.0998222867,6847344.104435187,8,337.31774999999976
1,61,932731.0998222867,6847344.104435187,9,337.3177500000001
1,61,932731.0998222867,6847344.104435187,17,337.3177500000001
1,61,932731.0998222867,6847344.104435187,19,337.31774999999993
1,61,932731.0998222867,6847344.104435187,21,337.31775
1,61,932731.0998222867,6847344.104435187,29,337.31775
1,61,932731.0998222867,6847344.104435187,41,337.31775000000005
1,61,932731.0998222867,6847344.104435187,43,337.31774999999993
1,61,932731.0998222867,6847344.104435187,18,337.3177499999998
1,61,932731.0998222867,6847344.104435187,20,337.31775000000005
1,61,932731.0998222867,6847344.104435187,44,337.3177499999998
1,52,933544.3998216777,6846209.704435752,1,1099.1673000000008
1,52,933544.3998216777,6846209.704435752,2,1135.9824237977107
1,52,933544.3998216777,6846209.704435752,3,1236.563212500001
1,52,933544.3998216777,6846209.704435752,4,1238.737500000001
1,52,933544.3998216777,6846209.704435752,5,1238.737500000001
1,52,933544.3998216777,6846209.704435752,6,1238.737500000001
1,52,933544.3998216777,6846209.704435752,7,1238.737500000001
1,52,933544.3998216777,6846209.704435752,8,1238.737500000001
1,52,933544.3998216777,6846209.704435752,9,1238.737500000001
1,52,933544.3998216777,6846209.704435752,10,1238.737500000001
1,52,933544.3998216777,6846209.704435752,11,1236.563212500001
1,52,933544.3998216777,6846209.704435752,12,1135.9824237977107
1,52,933544.3998216777,6846209.704435752,13,1099.1673000000008
1,52,933544.3998216777,6846209.704435752,14,1135.9824237977107
1,52,933544.3998216777,6846209.704435752,15,1236.563212500001
1,52,933544.3998216777,6846209.704435752,16,1238.737500000001
1,52,933544.3998216777,6846209.704435752,17,1238.737500000001
1,52,933544.3998216777,6846209.704435752,18,1238.737500000001
1,52,933544.3998216777,6846209.704435752,19,1238.737500000001
1,52,933544.3998216777,6846209.704435752,20,1238.737500000001
1,52,933544.3998216777,6846209.704435752,21,1238.737500000001
1,52,933544.3998216777,6846209.704435752,22,1238.737500000001
1,52,933544.3998216777,6846209.704435752,23,1236.563212500001
1,52,933544.3998216777,6846209.704435752,24,1135.9824237977107
1,52,933544.3998216777,6846209.704435752,25,1099.1673000000008
1,52,933544.3998216777,6846209.704435752,26,1135.9824237977107
1,52,933544.3998216777,6846209.704435752,27,1236.563212500001
1,52,933544.3998216777,6846209.704435752,28,1238.737500000001
1,52,933544.3998216777,6846209.704435752,29,1238.737500000001
1,52,933544.3998216777,6846209.704435752,30,1238.737500000001
1,52,933544.3998216777,6846209.704435752,31,1238.737500000001
1,52,933544.3998216777,6846209.704435752,32,1238.737500000001
1,52,933544.3998216777,6846209.704435752,33,1238.737500000001
1,52,933544.3998216777,6846209.704435752,34,1238.737500000001
1,52,933544.3998216777,6846209.704435752,35,1236.563212500001
1,52,933544.3998216777,6846209.704435752,36,1135.9824237977107
1,52,933544.3998216777,6846209.704435752,37,1099.1673000000008
1,52,933544.3998216777,6846209.704435752,38,1135.9824237977107
1,52,933544.3998216777,6846209.704435752,39,1236.563212500001
1,52,933544.3998216777,6846209.704435752,40,1238.737500000001
1,52,933544.3998216777,6846209.704435752,41,1238.737500000001
1,52,933544.3998216777,6846209.704435752,42,1238.737500000001
1,52,933544.3998216777,6846209.704435752,43,1238.737500000001
1,52,933544.3998216777,6846209.704435752,44,1238.737500000001
1,52,933544.3998216777,6846209.704435752,45,1238.737500000001
1,52,933544.3998216777,6846209.704435752,46,1238.7375000000009
1,52,933544.3998216777,6846209.704435752,47,1236.563212500001
1,52,933544.3998216777,6846209.704435752,48,1135.9824237977107
1,43,934084.1998212618,6846602.604435545,9,194.3865
1,43,934084.1998212618,6846602.604435545,18,194.38649999999993
1,43,934084.1998212618,6846602.604435545,20,194.38649999999998
1,43,934084.1998212618,6846602.604435545,21,194.38650000000007
1,43,934084.1998212618,6846602.604435545,29,194.38650000000018
1,43,934084.1998212618,6846602.604435545,32,194.3865
1,43,934084.1998212618,6846602.604435545,41,194.38649999999987
1,43,934084.1998212618,6846602.604435545,44,194.38649999999996
1,43,934084.1998212618,6846602.604435545,6,194.3865000000001
1,43,934084.1998212618,6846602.604435545,8,194.38649999999998
1,43,934084.1998212618,6846602.604435545,17,194.38649999999998
1,43,934084.1998212618,6846602.604435545,33,194.38650000000015
1,43,934084.1998212618,6846602.604435545,5,194.38650000000007
1,43,934084.1998212618,6846602.604435545,30,194.38649999999998
1,43,934084.1998212618,6846602.604435545,42,194.38649999999996
1,43,934084.1998212618,6846602.604435545,43,194.38649999999984
1,43,934084.1998212618,6846602.604435545,19,194.38649999999976
1,43,934084.1998212618,6846602.604435545,31,194.38649999999998
1,43,934084.1998212618,6846602.604435545,1,194.38650000000015
1,43,934084.1998212618,6846602.604435545,2,194.38649999999998
1,43,934084.1998212618,6846602.604435545,3,194.38649999999998
1,43,934084.1998212618,6846602.604435545,4,194.3864999999999
1,43,934084.1998212618,6846602.604435545,11,194.3865
1,43,934084.1998212618,6846602.604435545,12,194.38649999999996
1,43,934084.1998212618,6846602.604435545,13,194.3865000000001
1,43,934084.1998212618,6846602.604435545,14,194.38649999999993
1,43,934084.1998212618,6846602.604435545,15,194.3865
1,43,934084.1998212618,6846602.604435545,22,194.3864999999999
1,43,934084.1998212618,6846602.604435545,24,194.3865
1,43,934084.1998212618,6846602.604435545,25,194.38650000000013
1,43,934084.1998212618,6846602.604435545,26,187.79055010387762
1,43,934084.1998212618,6846602.604435545,27,194.3865
1,43,934084.1998212618,6846602.604435545,36,176.33117252316808
1,43,934084.1998212618,6846602.604435545,37,194.38650000000018
1,43,934084.1998212618,6846602.604435545,38,178.62304803931002
1,43,934084.1998212618,6846602.604435545,39,194.38650000000007
1,43,934084.1998212618,6846602.604435545,47,194.3865
1,43,934084.1998212618,6846602.604435545,48,194.38650000000013
1,43,934084.1998212618,6846602.604435545,10,194.38649999999987
1,43,934084.1998212618,6846602.604435545,16,194.3864999999999
1,43,934084.1998212618,6846602.604435545,28,194.38649999999984
1,43,934084.1998212618,6846602.604435545,34,194.3864999999998
1,43,934084.1998212618,6846602.604435545,40,194.38649999999987
1,43,934084.1998212618,6846602.604435545,46,194.38649999999984
1,43,934084.1998212618,6846602.604435545,45,194.3865
1,43,934084.1998212618,6846602.604435545,7,194.38649999999996
1,43,934084.1998212618,6846602.604435545,23,194.3865
1,43,934084.1998212618,6846602.604435545,35,187.81166250000007
1,55,934305.7998210939,6846479.404435608,1,819.4724999999997
1,55,934305.7998210939,6846479.404435608,2,819.472499999998
1,55,934305.7998210939,6846479.404435608,3,819.4725000000005
1,55,934305.7998210939,6846479.404435608,4,819.4725000000017
1,55,934305.7998210939,6846479.404435608,10,819.4725000000011
1,55,934305.7998210939,6846479.404435608,11,819.4725000000009
1,55,934305.7998210939,6846479.404435608,12,819.4724999999981
1,55,934305.7998210939,6846479.404435608,13,819.4725000000007
1,55,934305.7998210939,6846479.404435608,14,819.4724999999976
1,55,934305.7998210939,6846479.404435608,15,819.4725000000009
1,55,934305.7998210939,6846479.404435608,16,819.4725000000012
1,55,934305.7998210939,6846479.404435608,22,819.4725000000013
1,55,934305.7998210939,6846479.404435608,23,819.4724999999999
1,55,934305.7998210939,6846479.404435608,24,819.4724999999983
1,55,934305.7998210939,6846479.404435608,25,815.0788799999982
1,55,934305.7998210939,6846479.404435608,26,819.472499999998
1,55,934305.7998210939,6846479.404435608,27,819.4725000000001
1,55,934305.7998210939,6846479.404435608,28,819.4725000000019
1,55,934305.7998210939,6846479.404435608,34,819.4725000000011
1,55,934305.7998210939,6846479.404435608,35,819.4725000000008
1,55,934305.7998210939,6846479.404435608,36,819.4724999999986
1,55,934305.7998210939,6846479.404435608,37,743.9770799999994
1,55,934305.7998210939,6846479.404435608,38,819.4724999999979
1,55,934305.7998210939,6846479.404435608,39,819.4725000000009
1,55,934305.7998210939,6846479.404435608,40,819.472500000001
1,55,934305.7998210939,6846479.404435608,46,819.4725000000005
1,55,934305.7998210939,6846479.404435608,47,819.4725000000009
1,55,934305.7998210939,6846479.404435608,48,819.4724999999981
1,55,934305.7998210939,6846479.404435608,5,819.4724999999983
1,55,934305.7998210939,6846479.404435608,6,819.4725000000003
1,55,934305.7998210939,6846479.404435608,7,819.4725000000038
1,55,934305.7998210939,6846479.404435608,8,819.4725000000005
1,55,934305.7998210939,6846479.404435608,9,819.4724999999992
1,55,934305.7998210939,6846479.404435608,17,819.4724999999987
1,55,934305.7998210939,6846479.404435608,18,819.4725000000001
1,55,934305.7998210939,6846479.404435608,19,819.472500000003
1,55,934305.7998210939,6846479.404435608,20,819.4725000000009
1,55,934305.7998210939,6846479.404435608,21,819.4724999999972
1,55,934305.7998210939,6846479.404435608,29,819.4724999999974
1,55,934305.7998210939,6846479.404435608,30,819.4724999999994
1,55,934305.7998210939,6846479.404435608,31,819.4725000000027
1,55,934305.7998210939,6846479.404435608,32,819.4725000000004
1,55,934305.7998210939,6846479.404435608,33,819.4724999999995
1,55,934305.7998210939,6846479.404435608,41,819.4724999999992
1,55,934305.7998210939,6846479.404435608,42,819.4725000000001
1,55,934305.7998210939,6846479.404435608,43,819.4725000000027
1,55,934305.7998210939,6846479.404435608,44,819.4725000000004
1,55,934305.7998210939,6846479.404435608,45,819.4724999999993
1,13,933807.2281635706,6848521.778365977,1,275.67540000000014
1,13,933807.2281635706,6848521.778365977,2,284.908775100391
1,13,933807.2281635706,6848521.778365977,3,310.1348250000004
1,13,933807.2281635706,6848521.778365977,4,344.5942499999998
1,13,933807.2281635706,6848521.778365977,5,379.05367500000034
1,13,933807.2281635706,6848521.778365977,6,404.279724899609
1,13,933807.2281635706,6848521.778365977,7,413.51309999999967
1,13,933807.2281635706,6848521.778365977,8,404.279724899609
1,13,933807.2281635706,6848521.778365977,9,379.05367500000034
1,13,933807.2281635706,6848521.778365977,10,344.5942499999998
1,13,933807.2281635706,6848521.778365977,11,310.1348250000004
1,13,933807.2281635706,6848521.778365977,12,284.908775100391
1,13,933807.2281635706,6848521.778365977,13,275.67540000000014
1,13,933807.2281635706,6848521.778365977,14,284.908775100391
1,13,933807.2281635706,6848521.778365977,15,310.1348250000004
1,13,933807.2281635706,6848521.778365977,16,344.5942499999998
1,13,933807.2281635706,6848521.778365977,17,379.053675000001
1,13,933807.2281635706,6848521.778365977,18,404.279724899609
1,13,933807.2281635706,6848521.778365977,19,413.51309999999967
1,13,933807.2281635706,6848521.778365977,20,404.279724899609
1,13,933807.2281635706,6848521.778365977,21,379.05367500000034
1,13,933807.2281635706,6848521.778365977,22,344.5942499999998
1,13,933807.2281635706,6848521.778365977,23,310.1348250000004
1,13,933807.2281635706,6848521.778365977,24,284.908775100391
1,13,933807.2281635706,6848521.778365977,25,275.67540000000014
1,13,933807.2281635706,6848521.778365977,26,284.908775100391
1,13,933807.2281635706,6848521.778365977,27,310.1348250000004
1,13,933807.2281635706,6848521.778365977,28,344.5942499999998
1,13,933807.2281635706,6848521.778365977,29,379.053675000001
1,13,933807.2281635706,6848521.778365977,30,404.279724899609
1,13,933807.2281635706,6848521.778365977,31,413.51309999999967
1,13,933807.2281635706,6848521.778365977,32,404.279724899609
1,13,933807.2281635706,6848521.778365977,33,379.05367500000034
1,13,933807.2281635706,6848521.778365977,34,344.5942499999998
1,13,933807.2281635706,6848521.778365977,35,310.1348250000004
1,13,933807.2281635706,6848521.778365977,36,284.908775100391
1,13,933807.2281635706,6848521.778365977,37,275.67540000000014
1,13,933807.2281635706,6848521.778365977,38,284.908775100391
1,13,933807.2281635706,6848521.778365977,39,310.1348250000004
1,13,933807.2281635706,6848521.778365977,40,344.5942499999998
1,13,933807.2281635706,6848521.778365977,41,379.05367500000034
1,13,933807.2281635706,6848521.778365977,42,404.279724899609
1,13,933807.2281635706,6848521.778365977,43,413.51309999999967
1,13,933807.2281635706,6848521.778365977,44,404.279724899609
1,13,933807.2281635706,6848521.778365977,45,379.05367500000034
1,13,933807.2281635706,6848521.778365977,46,344.5942499999998
1,13,933807.2281635706,6848521.778365977,47,310.1348250000004
1,13,933807.2281635706,6848521.778365977,48,284.908775100391
1,5,933436.0728134823,6847046.593612878,1,111.91950000000053
1,5,933436.0728134823,6847046.593612878,2,114.34499999999989
1,5,933436.0728134823,6847046.593612878,3,114.34499999999991
1,5,933436.0728134823,6847046.593612878,4,114.34500000000001
1,5,933436.0728134823,6847046.593612878,5,114.34500000000001
1,5,933436.0728134823,6847046.593612878,6,114.34500000000006
1,5,933436.0728134823,6847046.593612878,7,114.34499999999994
1,5,933436.0728134823,6847046.593612878,8,114.34500000000006
1,5,933436.0728134823,6847046.593612878,9,114.34500000000001
1,5,933436.0728134823,6847046.593612878,10,114.34500000000001
1,5,933436.0728134823,6847046.593612878,11,114.34499999999991
1,5,933436.0728134823,6847046.593612878,12,114.34499999999989
1,5,933436.0728134823,6847046.593612878,13,111.91950000000053
1,5,933436.0728134823,6847046.593612878,14,114.34499999999989
1,5,933436.0728134823,6847046.593612878,15,114.34499999999991
1,5,933436.0728134823,6847046.593612878,16,114.34500000000001
1,5,933436.0728134823,6847046.593612878,17,114.34500000000001
1,5,933436.0728134823,6847046.593612878,18,114.34500000000006
1,5,933436.0728134823,6847046.593612878,19,114.34499999999994
1,5,933436.0728134823,6847046.593612878,20,114.34500000000006
1,5,933436.0728134823,6847046.593612878,21,114.34500000000001
1,5,933436.0728134823,6847046.593612878,22,114.34500000000001
1,5,933436.0728134823,6847046.593612878,23,114.34499999999991
1,5,933436.0728134823,6847046.593612878,24,114.34499999999989
1,5,933436.0728134823,6847046.593612878,25,111.91950000000053
1,5,933436.0728134823,6847046.593612878,26,114.34499999999989
1,5,933436.0728134823,6847046.593612878,27,114.34499999999991
1,5,933436.0728134823,6847046.593612878,28,114.34500000000001
1,5,933436.0728134823,6847046.593612878,29,114.34500000000001
1,5,933436.0728134823,6847046.593612878,30,114.34500000000006
1,5,933436.0728134823,6847046.593612878,31,114.34499999999994
1,5,933436.0728134823,6847046.593612878,32,114.34500000000006
1,5,933436.0728134823,6847046.593612878,33,114.34500000000001
1,5,933436.0728134823,6847046.593612878,34,114.34500000000001
1,5,933436.0728134823,6847046.593612878,35,114.34499999999991
1,5,933436.0728134823,6847046.593612878,36,114.34499999999989
1,5,933436.0728134823,6847046.593612878,37,111.91950000000053
1,5,933436.0728134823,6847046.593612878,38,114.34499999999989
1,5,933436.0728134823,6847046.593612878,39,114.34499999999991
1,5,933436.0728134823,6847046.593612878,40,114.34500000000001
1,5,933436.0728134823,6847046.593612878,41,114.34500000000001
1,5,933436.0728134823,6847046.593612878,42,114.34500000000006
1,5,933436.0728134823,6847046.593612878,43,114.34499999999994
1,5,933436.0728134823,6847046.593612878,44,114.34500000000006
1,5,933436.0728134823,6847046.593612878,45,114.34500000000001
1,5,933436.0728134823,6847046.593612878,46,114.34500000000001
1,5,933436.0728134823,6847046.593612878,47,114.34499999999991
1,5,933436.0728134823,6847046.593612878,48,114.34499999999989
1,11,934096.4175246346,6847743.417716952,1,43.58970000000002
1,11,934096.4175246346,6847743.417716952,2,45.049678114164415
1,11,934096.4175246346,6847743.417716952,3,49.03841250000001
1,11,934096.4175246346,6847743.417716952,4,54.48712500000002
1,11,934096.4175246346,6847743.417716952,5,55.26675000000001
1,11,934096.4175246346,6847743.417716952,6,55.26675
1,11,934096.4175246346,6847743.417716952,7,55.26675000000004
1,11,934096.4175246346,6847743.417716952,8,55.26675000000001
1,11,934096.4175246346,6847743.417716952,9,55.26675
1,11,934096.4175246346,6847743.417716952,10,54.48712500000002
1,11,934096.4175246346,6847743.417716952,11,49.03841250000001
1,11,934096.4175246346,6847743.417716952,12,45.049678114164415
1,11,934096.4175246346,6847743.417716952,13,43.58970000000002
1,11,934096.4175246346,6847743.417716952,14,45.049678114164415
1,11,934096.4175246346,6847743.417716952,15,49.03841250000001
1,11,934096.4175246346,6847743.417716952,16,54.48712500000002
1,11,934096.4175246346,6847743.417716952,17,55.26675
1,11,934096.4175246346,6847743.417716952,18,55.26675
1,11,934096.4175246346,6847743.417716952,19,55.266749999999995
1,11,934096.4175246346,6847743.417716952,20,55.26675000000001
1,11,934096.4175246346,6847743.417716952,21,55.26675000000003
1,11,934096.4175246346,6847743.417716952,22,54.48712500000002
1,11,934096.4175246346,6847743.417716952,23,49.03841250000001
1,11,934096.4175246346,6847743.417716952,24,45.049678114164415
1,11,934096.4175246346,6847743.417716952,25,43.58970000000002
1,11,934096.4175246346,6847743.417716952,26,45.049678114164415
1,11,934096.4175246346,6847743.417716952,27,49.03841250000001
1,11,934096.4175246346,6847743.417716952,28,54.48712500000002
1,11,934096.4175246346,6847743.417716952,29,55.26675
1,11,934096.4175246346,6847743.417716952,30,55.26675
1,11,934096.4175246346,6847743.417716952,31,55.266749999999995
1,11,934096.4175246346,6847743.417716952,32,55.26675
1,11,934096.4175246346,6847743.417716952,33,55.26675000000003
1,11,934096.4175246346,6847743.417716952,34,54.48712500000002
1,11,934096.4175246346,6847743.417716952,35,49.03841250000001
1,11,934096.4175246346,6847743.417716952,36,45.049678114164415
1,11,934096.4175246346,6847743.417716952,37,43.58970000000002
1,11,934096.4175246346,6847743.417716952,38,45.049678114164415
1,11,934096.4175246346,6847743.417716952,39,49.03841250000001
1,11,934096.4175246346,6847743.417716952,40,54.48712500000002
1,11,934096.4175246346,6847743.417716952,41,55.26675000000001
1,11,934096.4175246346,6847743.417716952,42,55.26675
1,11,934096.4175246346,6847743.417716952,43,55.26675000000001
1,11,934096.4175246346,6847743.417716952,44,55.26675
1,11,934096.4175246346,6847743.417716952,45,55.26675000000001
1,11,934096.4175246346,6847743.417716952,46,54.48712500000002
1,11,934096.4175246346,6847743.417716952,47,49.03841250000001
1,11,934096.4175246346,6847743.417716952,48,45.049678114164415
1,26,933533.0998216621,6848578.504434551,8,66.33258271034047
1,26,933533.0998216621,6848578.504434551,18,73.35573288902415
1,26,933533.0998216621,6848578.504434551,42,62.86763142858178
1,26,933533.0998216621,6848578.504434551,44,62.34873021761438
1,26,933533.0998216621,6848578.504434551,7,90.56124000000007
1,26,933533.0998216621,6848578.504434551,31,91.12257000000004
1,26,933533.0998216621,6848578.504434551,6,65.5805289234483
1,26,933533.0998216621,6848578.504434551,20,52.84702286269403
1,26,933533.0998216621,6848578.504434551,30,49.726422064640126
1,26,933533.0998216621,6848578.504434551,32,64.14815544410091
1,26,933533.0998216621,6848578.504434551,5,129.0573900000002
1,26,933533.0998216621,6848578.504434551,9,76.93512750000015
1,26,933533.0998216621,6848578.504434551,21,80.36547750000015
1,26,933533.0998216621,6848578.504434551,45,56.35302750000012
1,26,933533.0998216621,6848578.504434551,2,73.91298539557654
1,26,933533.0998216621,6848578.504434551,3,113.981175
1,26,933533.0998216621,6848578.504434551,4,78.96735000000005
1,26,933533.0998216621,6848578.504434551,11,113.981175
1,26,933533.0998216621,6848578.504434551,14,104.71006264373337
1,26,933533.0998216621,6848578.504434551,16,78.96735000000005
1,26,933533.0998216621,6848578.504434551,17,84.23415000000006
1,26,933533.0998216621,6848578.504434551,19,61.03944000000004
1,26,933533.0998216621,6848578.504434551,22,42.09975000000089
1,26,933533.0998216621,6848578.504434551,24,65.2898037660926
1,26,933533.0998216621,6848578.504434551,29,122.48255250000011
1,26,933533.0998216621,6848578.504434551,35,37.54674000000002
1,26,933533.0998216621,6848578.504434551,37,33.37488000000002
1,26,933533.0998216621,6848578.504434551,41,47.30071500000003
1,26,933533.0998216621,6848578.504434551,43,77.92092000000005
1,26,933533.0998216621,6848578.504434551,12,39.42025887764082
1,26,933533.0998216621,6848578.504434551,15,42.910560000000004
1,26,933533.0998216621,6848578.504434551,23,76.43443500000002
1,26,933533.0998216621,6848578.504434551,26,70.21733612579769
1,26,933533.0998216621,6848578.504434551,27,42.910560000000004
1,26,933533.0998216621,6848578.504434551,33,110.05706250000011
1,26,933533.0998216621,6848578.504434551,36,39.42025887764082
1,26,933533.0998216621,6848578.504434551,48,70.21733612579769
1,26,933533.0998216621,6848578.504434551,25,29.799000000000014
1,26,933533.0998216621,6848578.504434551,28,37.248750000000015
1,26,933533.0998216621,6848578.504434551,40,37.248750000000015
1,26,933533.0998216621,6848578.504434551,46,37.248750000000015
1,26,933533.0998216621,6848578.504434551,34,0.3811500000008734
1,35,933588.4998216212,6848428.004434628,1,303.94980000000214
1,35,933588.4998216212,6848428.004434628,2,314.13018793120204
1,35,933588.4998216212,6848428.004434628,3,341.9435250000026
1,35,933588.4998216212,6848428.004434628,4,377.33849999999967
1,35,933588.4998216212,6848428.004434628,5,377.33850000000035
1,35,933588.4998216212,6848428.004434628,6,377.3385
1,35,933588.4998216212,6848428.004434628,7,377.3384999999998
1,35,933588.4998216212,6848428.004434628,8,377.3385
1,35,933588.4998216212,6848428.004434628,9,377.33850000000024
1,35,933588.4998216212,6848428.004434628,10,377.3384999999996
1,35,933588.4998216212,6848428.004434628,11,341.9435250000026
1,35,933588.4998216212,6848428.004434628,12,314.13018793120204
1,35,933588.4998216212,6848428.004434628,13,303.94980000000214
1,35,933588.4998216212,6848428.004434628,14,314.13018793120204
1,35,933588.4998216212,6848428.004434628,15,341.9435250000026
1,35,933588.4998216212,6848428.004434628,16,377.3384999999996
1,35,933588.4998216212,6848428.004434628,17,377.3385000000003
1,35,933588.4998216212,6848428.004434628,19,377.3384999999998
1,35,933588.4998216212,6848428.004434628,20,377.33850000000007
1,35,933588.4998216212,6848428.004434628,21,377.33850000000024
1,35,933588.4998216212,6848428.004434628,22,377.3384999999996
1,35,933588.4998216212,6848428.004434628,23,341.9435250000026
1,35,933588.4998216212,6848428.004434628,24,314.13018793120204
1,35,933588.4998216212,6848428.004434628,25,303.94980000000214
1,35,933588.4998216212,6848428.004434628,26,314.13018793120204
1,35,933588.4998216212,6848428.004434628,27,341.9435250000026
1,35,933588.4998216212,6848428.004434628,28,377.3384999999996
1,35,933588.4998216212,6848428.004434628,29,377.33850000000024
1,35,933588.4998216212,6848428.004434628,30,377.33849999999995
1,35,933588.4998216212,6848428.004434628,31,377.33849999999984
1,35,933588.4998216212,6848428.004434628,33,377.3385000000003
1,35,933588.4998216212,6848428.004434628,34,377.3384999999996
1,35,933588.4998216212,6848428.004434628,35,341.9435250000026
1,35,933588.4998216212,6848428.004434628,36,314.13018793120204
1,35,933588.4998216212,6848428.004434628,37,303.94980000000214
1,35,933588.4998216212,6848428.004434628,38,314.13018793120204
1,35,933588.4998216212,6848428.004434628,39,341.9435250000026
1,35,933588.4998216212,6848428.004434628,40,377.33849999999967
1,35,933588.4998216212,6848428.004434628,41,377.3385000000003
1,35,933588.4998216212,6848428.004434628,43,377.33849999999984
1,35,933588.4998216212,6848428.004434628,45,377.33850000000035
1,35,933588.4998216212,6848428.004434628,46,377.33849999999967
1,35,933588.4998216212,6848428.004434628,47,341.9435250000026
1,35,933588.4998216212,6848428.004434628,48,314.13018793120204
1,35,933588.4998216212,6848428.004434628,18,377.33849999999984
1,35,933588.4998216212,6848428.004434628,32,377.3384999999999
1,35,933588.4998216212,6848428.004434628,42,377.33849999999995
1,35,933588.4998216212,6848428.004434628,44,377.33849999999984
1,66,933533.0998216621,6848578.504434551,32,152.83909398096586
1,66,933533.0998216621,6848578.504434551,8,150.65466671472623
1,66,933533.0998216621,6848578.504434551,43,152.64018000000013
1,66,933533.0998216621,6848578.504434551,6,151.40672050161845
1,66,933533.0998216621,6848578.504434551,7,139.99986000000004
1,66,933533.0998216621,6848578.504434551,19,169.52166000000005
1,66,933533.0998216621,6848578.504434551,20,164.14022656237267
1,66,933533.0998216621,6848578.504434551,30,167.26082736042667
1,66,933533.0998216621,6848578.504434551,31,139.43853000000004
1,66,933533.0998216621,6848578.504434551,42,154.11961799648498
1,66,933533.0998216621,6848578.504434551,44,154.63851920745242
1,66,933533.0998216621,6848578.504434551,41,132.60208500000024
1,66,933533.0998216621,6848578.504434551,18,143.63151653604268
1,66,933533.0998216621,6848578.504434551,1,101.31660000000012
1,66,933533.0998216621,6848578.504434551,5,50.84541000000002
1,66,933533.0998216621,6848578.504434551,10,129.24450000000093
1,66,933533.0998216621,6848578.504434551,12,65.2898037660926
1,66,933533.0998216621,6848578.504434551,13,101.31660000000012
1,66,933533.0998216621,6848578.504434551,15,71.07061500000003
1,66,933533.0998216621,6848578.504434551,23,37.54674000000002
1,66,933533.0998216621,6848578.504434551,25,71.51760000000004
1,66,933533.0998216621,6848578.504434551,26,34.49272651793572
1,66,933533.0998216621,6848578.504434551,27,71.07061500000003
1,66,933533.0998216621,6848578.504434551,28,91.99575000000102
1,66,933533.0998216621,6848578.504434551,33,69.84573750000013
1,66,933533.0998216621,6848578.504434551,34,128.86335000000008
1,66,933533.0998216621,6848578.504434551,36,65.2898037660926
1,66,933533.0998216621,6848578.504434551,38,104.71006264373337
1,66,933533.0998216621,6848578.504434551,39,113.981175
1,66,933533.0998216621,6848578.504434551,40,91.99575000000088
1,66,933533.0998216621,6848578.504434551,45,123.54977250000013
1,66,933533.0998216621,6848578.504434551,46,91.99575000000097
1,66,933533.0998216621,6848578.504434551,47,113.981175
1,66,933533.0998216621,6848578.504434551,48,34.49272651793572
1,66,933533.0998216621,6848578.504434551,4,50.27715000000088
1,66,933533.0998216621,6848578.504434551,9,102.96767250000009
1,66,933533.0998216621,6848578.504434551,16,50.2771500000009
1,66,933533.0998216621,6848578.504434551,22,87.14475000000004
1,66,933533.0998216621,6848578.504434551,24,39.42025887764082
1,66,933533.0998216621,6848578.504434551,35,76.43443500000002
1,66,933533.0998216621,6848578.504434551,37,67.94172000000005
1,66,933533.0998216621,6848578.504434551,2,30.797077248156892
1,66,933533.0998216621,6848578.504434551,17,95.6686500000001
1,66,933533.0998216621,6848578.504434551,21,99.53732250000007
1,66,933533.0998216621,6848578.504434551,29,57.42024750000014
1,63,934417.9998210015,6847132.404435275,1,154.3311000000002
1,63,934417.9998210015,6847132.404435275,2,159.5002117015009
1,63,934417.9998210015,6847132.404435275,3,173.62248750000006
1,63,934417.9998210015,6847132.404435275,4,192.913875
1,63,934417.9998210015,6847132.404435275,5,212.20526250000015
1,63,934417.9998210015,6847132.404435275,6,226.32753829849935
1,63,934417.9998210015,6847132.404435275,7,231.4966500000001
1,63,934417.9998210015,6847132.404435275,8,226.32753829849935
1,63,934417.9998210015,6847132.404435275,9,212.20526250000017
1,63,934417.9998210015,6847132.404435275,10,192.913875
1,63,934417.9998210015,6847132.404435275,11,173.62248750000006
1,63,934417.9998210015,6847132.404435275,12,159.5002117015009
1,63,934417.9998210015,6847132.404435275,13,154.3311000000002
1,63,934417.9998210015,6847132.404435275,14,159.5002117015009
1,63,934417.9998210015,6847132.404435275,15,173.62248750000003
1,63,934417.9998210015,6847132.404435275,16,192.913875
1,63,934417.9998210015,6847132.404435275,17,212.20526250000015
1,63,934417.9998210015,6847132.404435275,18,226.32753829849935
1,63,934417.9998210015,6847132.404435275,19,231.4966500000001
1,63,934417.9998210015,6847132.404435275,20,226.32753829849935
1,63,934417.9998210015,6847132.404435275,21,212.20526250000015
1,63,934417.9998210015,6847132.404435275,22,192.913875
1,63,934417.9998210015,6847132.404435275,23,173.62248750000006
1,63,934417.9998210015,6847132.404435275,24,159.5002117015009
1,63,934417.9998210015,6847132.404435275,25,154.3311000000002
1,63,934417.9998210015,6847132.404435275,26,159.5002117015009
1,63,934417.9998210015,6847132.404435275,27,173.62248750000006
1,63,934417.9998210015,6847132.404435275,28,192.913875
1,63,934417.9998210015,6847132.404435275,29,212.20526250000015
1,63,934417.9998210015,6847132.404435275,30,226.32753829849923
1,63,934417.9998210015,6847132.404435275,31,231.4966500000001
1,63,934417.9998210015,6847132.404435275,32,226.32753829849935
1,63,934417.9998210015,6847132.404435275,33,212.20526250000015
1,63,934417.9998210015,6847132.404435275,34,192.913875
1,63,934417.9998210015,6847132.404435275,35,173.62248750000006
1,63,934417.9998210015,6847132.404435275,36,159.5002117015009
1,63,934417.9998210015,6847132.404435275,37,154.3311000000002
1,63,934417.9998210015,6847132.404435275,38,159.5002117015009
1,63,934417.9998210015,6847132.404435275,39,173.62248750000006
1,63,934417.9998210015,6847132.404435275,40,192.913875
1,63,934417.9998210015,6847132.404435275,41,212.20526250000015
1,63,934417.9998210015,6847132.404435275,42,226.32753829849935
1,63,934417.9998210015,6847132.404435275,43,231.4966500000001
1,63,934417.9998210015,6847132.404435275,44,226.32753829849935
1,63,934417.9998210015,6847132.404435275,45,212.20526250000015
1,63,934417.9998210015,6847132.404435275,46,192.913875
1,63,934417.9998210015,6847132.404435275,47,173.62248750000006
1,63,934417.9998210015,6847132.404435275,48,159.5002117015009
1,15,934147.6454661533,6847934.640032243,1,367.8097499999997
1,15,934147.6454661533,6847934.640032243,2,367.8097499999999
1,15,934147.6454661533,6847934.640032243,3,367.80975000000007
1,15,934147.6454661533,6847934.640032243,4,367.8097499999999
1,15,934147.6454661533,6847934.640032243,5,367.80974999999984
1,15,934147.6454661533,6847934.640032243,6,367.80974999999984
1,15,934147.6454661533,6847934.640032243,7,367.8097499999998
1,15,934147.6454661533,6847934.640032243,8,367.80975
1,15,934147.6454661533,6847934.640032243,9,367.80974999999984
1,15,934147.6454661533,6847934.640032243,10,367.8097499999999
1,15,934147.6454661533,6847934.640032243,11,367.80975
1,15,934147.6454661533,6847934.640032243,12,367.8097499999998
1,15,934147.6454661533,6847934.640032243,13,367.8097499999997
1,15,934147.6454661533,6847934.640032243,14,367.80974999999984
1,15,934147.6454661533,6847934.640032243,15,367.80974999999995
1,15,934147.6454661533,6847934.640032243,16,367.80974999999984
1,15,934147.6454661533,6847934.640032243,17,367.8097499999998
1,15,934147.6454661533,6847934.640032243,18,367.80975
1,15,934147.6454661533,6847934.640032243,19,367.8097499999998
1,15,934147.6454661533,6847934.640032243,20,367.80975
1,15,934147.6454661533,6847934.640032243,21,367.80974999999984
1,15,934147.6454661533,6847934.640032243,22,367.8097499999999
1,15,934147.6454661533,6847934.640032243,23,367.80974999999995
1,15,934147.6454661533,6847934.640032243,24,367.8097499999998
1,15,934147.6454661533,6847934.640032243,25,367.8097499999997
1,15,934147.6454661533,6847934.640032243,26,367.80974999999984
1,15,934147.6454661533,6847934.640032243,27,367.80974999999995
1,15,934147.6454661533,6847934.640032243,28,367.8097499999999
1,15,934147.6454661533,6847934.640032243,29,367.8097499999999
1,15,934147.6454661533,6847934.640032243,30,367.80975
1,15,934147.6454661533,6847934.640032243,31,367.80974999999984
1,15,934147.6454661533,6847934.640032243,32,367.8097499999998
1,15,934147.6454661533,6847934.640032243,33,367.80975
1,15,934147.6454661533,6847934.640032243,34,367.8097499999999
1,15,934147.6454661533,6847934.640032243,35,367.80975
1,15,934147.6454661533,6847934.640032243,36,367.8097499999998
1,15,934147.6454661533,6847934.640032243,37,367.8097499999997
1,15,934147.6454661533,6847934.640032243,38,367.80974999999984
1,15,934147.6454661533,6847934.640032243,39,367.80974999999995
1,15,934147.6454661533,6847934.640032243,40,367.8097499999999
1,15,934147.6454661533,6847934.640032243,41,367.80974999999984
1,15,934147.6454661533,6847934.640032243,42,367.80975
1,15,934147.6454661533,6847934.640032243,43,367.8097499999998
1,15,934147.6454661533,6847934.640032243,44,367.80974999999995
1,15,934147.6454661533,6847934.640032243,45,367.8097499999997
1,15,934147.6454661533,6847934.640032243,46,367.80974999999984
1,15,934147.6454661533,6847934.640032243,47,367.8097499999999
1,15,934147.6454661533,6847934.640032243,48,367.8097499999999
1,14,934219.8512487066,6847970.932334671,1,586.4512500000005
1,14,934219.8512487066,6847970.932334671,2,618.412933039814
1,14,934219.8512487066,6847970.932334671,3,705.7338750000009
1,14,934219.8512487066,6847970.932334671,4,722.2792499999991
1,14,934219.8512487066,6847970.932334671,5,722.2792499999987
1,14,934219.8512487066,6847970.932334671,6,722.2792499999994
1,14,934219.8512487066,6847970.932334671,7,722.2792500000016
1,14,934219.8512487066,6847970.932334671,8,722.2792499999994
1,14,934219.8512487066,6847970.932334671,9,722.2792499999983
1,14,934219.8512487066,6847970.932334671,10,722.2792499999989
1,14,934219.8512487066,6847970.932334671,11,705.733875000001
1,14,934219.8512487066,6847970.932334671,12,618.4129330398141
1,14,934219.8512487066,6847970.932334671,13,586.4512500000005
1,14,934219.8512487066,6847970.932334671,14,618.4129330398135
1,14,934219.8512487066,6847970.932334671,15,705.7338750000007
1,14,934219.8512487066,6847970.932334671,16,722.2792499999991
1,14,934219.8512487066,6847970.932334671,17,722.2792499999987
1,14,934219.8512487066,6847970.932334671,18,722.2792499999994
1,14,934219.8512487066,6847970.932334671,19,722.2792500000015
1,14,934219.8512487066,6847970.932334671,20,722.2792499999994
1,14,934219.8512487066,6847970.932334671,21,722.2792499999985
1,14,934219.8512487066,6847970.932334671,22,722.2792499999989
1,14,934219.8512487066,6847970.932334671,23,705.733875000001
1,14,934219.8512487066,6847970.932334671,24,618.4129330398141
1,14,934219.8512487066,6847970.932334671,25,586.4512500000005
1,14,934219.8512487066,6847970.932334671,26,618.4129330398138
1,14,934219.8512487066,6847970.932334671,27,705.733875000001
1,14,934219.8512487066,6847970.932334671,28,722.2792499999989
1,14,934219.8512487066,6847970.932334671,29,722.2792499999985
1,14,934219.8512487066,6847970.932334671,30,722.2792499999996
1,14,934219.8512487066,6847970.932334671,31,722.2792500000018
1,14,934219.8512487066,6847970.932334671,32,722.2792499999991
1,14,934219.8512487066,6847970.932334671,33,722.2792499999986
1,14,934219.8512487066,6847970.932334671,34,722.2792499999989
1,14,934219.8512487066,6847970.932334671,35,705.7338750000009
1,14,934219.8512487066,6847970.932334671,36,618.4129330398141
1,14,934219.8512487066,6847970.932334671,37,586.4512500000005
1,14,934219.8512487066,6847970.932334671,38,618.4129330398135
1,14,934219.8512487066,6847970.932334671,39,705.7338750000011
1,14,934219.8512487066,6847970.932334671,40,722.2792499999989
1,14,934219.8512487066,6847970.932334671,41,722.2792499999981
1,14,934219.8512487066,6847970.932334671,42,722.2792499999996
1,14,934219.8512487066,6847970.932334671,43,722.2792500000016
1,14,934219.8512487066,6847970.932334671,44,722.2792499999991
1,14,934219.8512487066,6847970.932334671,45,722.2792499999982
1,14,934219.8512487066,6847970.932334671,46,722.2792499999989
1,14,934219.8512487066,6847970.932334671,47,705.7338750000007
1,14,934219.8512487066,6847970.932334671,48,618.412933039814
1,30,933207.9998219206,6847554.204435076,1,733.7137499999999
1,30,933207.9998219206,6847554.204435076,2,733.7137499999999
1,30,933207.9998219206,6847554.204435076,3,733.7137499999999
1,30,933207.9998219206,6847554.204435076,4,733.7137499999995
1,30,933207.9998219206,6847554.204435076,5,733.7137499999999
1,30,933207.9998219206,6847554.204435076,6,733.7137499999999
1,30,933207.9998219206,6847554.204435076,7,733.7137499999999
1,30,933207.9998219206,6847554.204435076,8,733.7137499999999
1,30,933207.9998219206,6847554.204435076,9,733.7137499999999
1,30,933207.9998219206,6847554.204435076,10,733.7137499999995
1,30,933207.9998219206,6847554.204435076,11,733.7137499999999
1,30,933207.9998219206,6847554.204435076,12,733.7137499999999
1,30,933207.9998219206,6847554.204435076,13,733.7137499999999
1,30,933207.9998219206,6847554.204435076,14,733.7137499999999
1,30,933207.9998219206,6847554.204435076,15,733.7137499999999
1,30,933207.9998219206,6847554.204435076,16,733.7137499999995
1,30,933207.9998219206,6847554.204435076,17,733.7137499999999
1,30,933207.9998219206,6847554.204435076,18,733.7137499999999
1,30,933207.9998219206,6847554.204435076,19,733.7137499999999
1,30,933207.9998219206,6847554.204435076,20,733.7137499999999
1,30,933207.9998219206,6847554.204435076,21,733.7137499999999
1,30,933207.9998219206,6847554.204435076,22,733.7137499999995
1,30,933207.9998219206,6847554.204435076,23,733.7137499999999
1,30,933207.9998219206,6847554.204435076,24,733.7137499999999
1,30,933207.9998219206,6847554.204435076,25,733.7137499999999
1,30,933207.9998219206,6847554.204435076,26,733.7137499999999
1,30,933207.9998219206,6847554.204435076,27,733.7137499999999
1,30,933207.9998219206,6847554.204435076,28,733.7137499999995
1,30,933207.9998219206,6847554.204435076,29,733.7137499999999
1,30,933207.9998219206,6847554.204435076,30,733.7137499999999
1,30,933207.9998219206,6847554.204435076,31,733.7137499999999
1,30,933207.9998219206,6847554.204435076,32,733.7137499999999
1,30,933207.9998219206,6847554.204435076,33,733.7137499999999
1,30,933207.9998219206,6847554.204435076,34,733.7137499999995
1,30,933207.9998219206,6847554.204435076,35,733.7137499999999
1,30,933207.9998219206,6847554.204435076,36,733.7137499999999
1,30,933207.9998219206,6847554.204435076,37,733.7137499999999
1,30,933207.9998219206,6847554.204435076,38,733.7137499999999
1,30,933207.9998219206,6847554.204435076,39,733.7137499999999
1,30,933207.9998219206,6847554.204435076,40,733.7137499999995
1,30,933207.9998219206,6847554.204435076,41,733.7137499999999
1,30,933207.9998219206,6847554.204435076,42,733.7137499999999
1,30,933207.9998219206,6847554.204435076,43,733.7137499999999
1,30,933207.9998219206,6847554.204435076,44,733.7137499999999
1,30,933207.9998219206,6847554.204435076,45,733.7137499999999
1,30,933207.9998219206,6847554.204435076,46,733.7137499999995
1,30,933207.9998219206,6847554.204435076,47,733.7137499999999
1,30,933207.9998219206,6847554.204435076,48,733.7137499999999
1,62,933921.19982138,6847190.704435252,4,830.9069999999905
1,62,933921.19982138,6847190.704435252,5,1192.2371999999982
1,62,933921.19982138,6847190.704435252,6,1271.5806731885164
1,62,933921.19982138,6847190.704435252,7,1300.6223999999997
1,62,933921.19982138,6847190.704435252,8,1271.5806731885161
1,62,933921.19982138,6847190.704435252,9,1192.2371999999982
1,62,933921.19982138,6847190.704435252,10,830.906999999988
1,62,933921.19982138,6847190.704435252,17,1192.2371999999978
1,62,933921.19982138,6847190.704435252,18,1271.5806731885157
1,62,933921.19982138,6847190.704435252,19,1300.6223999999993
1,62,933921.19982138,6847190.704435252,20,1271.5806731885164
1,62,933921.19982138,6847190.704435252,21,1192.2371999999982
1,62,933921.19982138,6847190.704435252,22,830.9069999999908
1,62,933921.19982138,6847190.704435252,28,830.9069999999894
1,62,933921.19982138,6847190.704435252,29,1192.2371999999982
1,62,933921.19982138,6847190.704435252,30,1271.580673188522
1,62,933921.19982138,6847190.704435252,31,1300.6224000000052
1,62,933921.19982138,6847190.704435252,32,1271.5806731885161
1,62,933921.19982138,6847190.704435252,33,1192.2371999999982
1,62,933921.19982138,6847190.704435252,34,830.9069999999855
1,62,933921.19982138,6847190.704435252,40,830.9069999999915
1,62,933921.19982138,6847190.704435252,41,1192.2371999999982
1,62,933921.19982138,6847190.704435252,42,1271.5806731885164
1,62,933921.19982138,6847190.704435252,43,1300.6224000000054
1,62,933921.19982138,6847190.704435252,44,1271.5806731885161
1,62,933921.19982138,6847190.704435252,45,1192.2371999999982
1,62,933921.19982138,6847190.704435252,46,830.9069999999911
1,62,933921.19982138,6847190.704435252,16,830.9069999999896
1,62,933921.19982138,6847190.704435252,1,298.0593000000001
1,62,933921.19982138,6847190.704435252,2,308.0423935914482
1,62,933921.19982138,6847190.704435252,3,335.3167125000005
1,62,933921.19982138,6847190.704435252,11,335.3167125000005
1,62,933921.19982138,6847190.704435252,12,308.0423935914482
1,62,933921.19982138,6847190.704435252,13,298.0593000000001
1,62,933921.19982138,6847190.704435252,14,308.0423935914482
1,62,933921.19982138,6847190.704435252,15,335.3167125000005
1,62,933921.19982138,6847190.704435252,23,335.3167125000005
1,62,933921.19982138,6847190.704435252,24,308.0423935914482
1,62,933921.19982138,6847190.704435252,25,298.0593000000001
1,62,933921.19982138,6847190.704435252,26,308.0423935914482
1,62,933921.19982138,6847190.704435252,27,335.3167125000005
1,62,933921.19982138,6847190.704435252,35,335.3167125000005
1,62,933921.19982138,6847190.704435252,36,308.0423935914482
1,62,933921.19982138,6847190.704435252,37,298.0593000000001
1,62,933921.19982138,6847190.704435252,38,308.0423935914482
1,62,933921.19982138,6847190.704435252,39,335.3167125000005
1,62,933921.19982138,6847190.704435252,47,335.3167125000005
1,62,933921.19982138,6847190.704435252,48,308.0423935914482
1,41,934604.5998208483,6848166.104434751,1,239.15430000000018
1,41,934604.5998208483,6848166.104434751,2,247.16445019392887
1,41,934604.5998208483,6848166.104434751,3,269.0485875000002
1,41,934604.5998208483,6848166.104434751,4,298.942875
1,41,934604.5998208483,6848166.104434751,5,328.8371625000003
1,41,934604.5998208483,6848166.104434751,6,350.72129980607133
1,41,934604.5998208483,6848166.104434751,7,358.73144999999994
1,41,934604.5998208483,6848166.104434751,8,350.72129980607133
1,41,934604.5998208483,6848166.104434751,9,328.8371625000003
1,41,934604.5998208483,6848166.104434751,10,298.942875
1,41,934604.5998208483,6848166.104434751,11,269.0485875000002
1,41,934604.5998208483,6848166.104434751,12,247.16445019392887
1,41,934604.5998208483,6848166.104434751,13,239.15430000000018
1,41,934604.5998208483,6848166.104434751,14,247.16445019392887
1,41,934604.5998208483,6848166.104434751,15,269.0485875000002
1,41,934604.5998208483,6848166.104434751,16,298.942875
1,41,934604.5998208483,6848166.104434751,17,328.8371625000003
1,41,934604.5998208483,6848166.104434751,18,350.72129980607133
1,41,934604.5998208483,6848166.104434751,19,358.73144999999994
1,41,934604.5998208483,6848166.104434751,20,350.72129980607133
1,41,934604.5998208483,6848166.104434751,21,328.8371625000003
1,41,934604.5998208483,6848166.104434751,22,298.942875
1,41,934604.5998208483,6848166.104434751,23,269.0485875000002
1,41,934604.5998208483,6848166.104434751,24,247.16445019392887
1,41,934604.5998208483,6848166.104434751,25,239.15430000000018
1,41,934604.5998208483,6848166.104434751,26,247.16445019392887
1,41,934604.5998208483,6848166.104434751,27,269.0485875000002
1,41,934604.5998208483,6848166.104434751,28,298.942875
1,41,934604.5998208483,6848166.104434751,29,328.8371625000003
1,41,934604.5998208483,6848166.104434751,30,350.72129980607133
1,41,934604.5998208483,6848166.104434751,31,358.73144999999994
1,41,934604.5998208483,6848166.104434751,32,350.72129980607133
1,41,934604.5998208483,6848166.104434751,33,328.8371625000003
1,41,934604.5998208483,6848166.104434751,34,298.942875
1,41,934604.5998208483,6848166.104434751,35,269.0485875000002
1,41,934604.5998208483,6848166.104434751,36,247.16445019392887
1,41,934604.5998208483,6848166.104434751,37,239.15430000000018
1,41,934604.5998208483,6848166.104434751,38,247.16445019392887
1,41,934604.5998208483,6848166.104434751,39,269.0485875000002
1,41,934604.5998208483,6848166.104434751,40,298.942875
1,41,934604.5998208483,6848166.104434751,41,328.8371625000003
1,41,934604.5998208483,6848166.104434751,42,350.72129980607133
1,41,934604.5998208483,6848166.104434751,43,358.73144999999994
1,41,934604.5998208483,6848166.104434751,44,350.72129980607133
1,41,934604.5998208483,6848166.104434751,45,328.8371625000003
1,41,934604.5998208483,6848166.104434751,46,298.942875
1,41,934604.5998208483,6848166.104434751,47,269.0485875000002
1,41,934604.5998208483,6848166.104434751,48,247.16445019392887
1,67,933792.4998214621,6848760.204434457,1,956.6864999999996
1,67,933792.4998214621,6848760.204434457,2,956.6864999999984
1,67,933792.4998214621,6848760.204434457,4,956.6865000000013
1,67,933792.4998214621,6848760.204434457,5,956.6864999999976
1,67,933792.4998214621,6848760.204434457,6,956.6865000000009
1,67,933792.4998214621,6848760.204434457,7,956.6865000000023
1,67,933792.4998214621,6848760.204434457,8,956.686500000001
1,67,933792.4998214621,6848760.204434457,12,956.6864999999987
1,67,933792.4998214621,6848760.204434457,13,956.6864999999996
1,67,933792.4998214621,6848760.204434457,14,956.6864999999996
1,67,933792.4998214621,6848760.204434457,18,956.6865000000009
1,67,933792.4998214621,6848760.204434457,19,956.6865000000017
1,67,933792.4998214621,6848760.204434457,20,956.6865000000009
1,67,933792.4998214621,6848760.204434457,22,956.6865000000022
1,67,933792.4998214621,6848760.204434457,24,956.686499999999
1,67,933792.4998214621,6848760.204434457,25,956.6864999999996
1,67,933792.4998214621,6848760.204434457,26,956.686499999999
1,67,933792.4998214621,6848760.204434457,28,956.6865000000016
1,67,933792.4998214621,6848760.204434457,29,956.6864999999999
1,67,933792.4998214621,6848760.204434457,30,956.6865000000008
1,67,933792.4998214621,6848760.204434457,31,956.6865000000028
1,67,933792.4998214621,6848760.204434457,32,956.6865000000009
1,67,933792.4998214621,6848760.204434457,33,956.6864999999985
1,67,933792.4998214621,6848760.204434457,34,956.6865000000021
1,67,933792.4998214621,6848760.204434457,36,956.6864999999989
1,67,933792.4998214621,6848760.204434457,37,956.6864999999996
1,67,933792.4998214621,6848760.204434457,38,956.686499999999
1,67,933792.4998214621,6848760.204434457,42,956.6865000000009
1,67,933792.4998214621,6848760.204434457,43,956.6865000000023
1,67,933792.4998214621,6848760.204434457,44,956.686500000001
1,67,933792.4998214621,6848760.204434457,46,956.6865000000018
1,67,933792.4998214621,6848760.204434457,3,956.6865000000003
1,67,933792.4998214621,6848760.204434457,9,956.6864999999991
1,67,933792.4998214621,6848760.204434457,11,956.6865000000005
1,67,933792.4998214621,6848760.204434457,15,956.6865000000005
1,67,933792.4998214621,6848760.204434457,16,956.6865000000024
1,67,933792.4998214621,6848760.204434457,23,956.6865000000005
1,67,933792.4998214621,6848760.204434457,27,956.6865000000006
1,67,933792.4998214621,6848760.204434457,35,956.6865000000009
1,67,933792.4998214621,6848760.204434457,39,956.6865000000008
1,67,933792.4998214621,6848760.204434457,47,956.6865000000012
1,67,933792.4998214621,6848760.204434457,48,956.6864999999984
1,67,933792.4998214621,6848760.204434457,10,956.6865000000021
1,67,933792.4998214621,6848760.204434457,21,956.6865000000004
1,67,933792.4998214621,6848760.204434457,40,956.6865000000024
1,67,933792.4998214621,6848760.204434457,41,956.6865000000005
1,67,933792.4998214621,6848760.204434457,45,956.6865000000003
1,67,933792.4998214621,6848760.204434457,17,956.6865000000007
1,56,934204.3998211591,6847660.904435011,1,296.8812000000001
1,56,934204.3998211591,6847660.904435011,2,306.82483472349804
1,56,934204.3998211591,6847660.904435011,3,333.9913500000004
1,56,934204.3998211591,6847660.904435011,4,371.1014999999997
1,56,934204.3998211591,6847660.904435011,5,408.2116500000004
1,56,934204.3998211591,6847660.904435011,6,435.3781652765022
1,56,934204.3998211591,6847660.904435011,7,445.32179999999966
1,56,934204.3998211591,6847660.904435011,8,435.3781652765022
1,56,934204.3998211591,6847660.904435011,9,408.2116500000004
1,56,934204.3998211591,6847660.904435011,10,371.1014999999997
1,56,934204.3998211591,6847660.904435011,11,333.9913500000004
1,56,934204.3998211591,6847660.904435011,12,306.82483472349804
1,56,934204.3998211591,6847660.904435011,13,296.8812000000001
1,56,934204.3998211591,6847660.904435011,14,306.82483472349804
1,56,934204.3998211591,6847660.904435011,15,333.9913500000004
1,56,934204.3998211591,6847660.904435011,16,371.1014999999997
1,56,934204.3998211591,6847660.904435011,17,408.2116500000004
1,56,934204.3998211591,6847660.904435011,18,435.3781652765022
1,56,934204.3998211591,6847660.904435011,19,445.32179999999966
1,56,934204.3998211591,6847660.904435011,20,435.3781652765022
1,56,934204.3998211591,6847660.904435011,21,408.2116500000004
1,56,934204.3998211591,6847660.904435011,22,371.1014999999997
1,56,934204.3998211591,6847660.904435011,23,333.9913500000004
1,56,934204.3998211591,6847660.904435011,24,306.82483472349804
1,56,934204.3998211591,6847660.904435011,25,296.8812000000001
1,56,934204.3998211591,6847660.904435011,26,306.82483472349804
1,56,934204.3998211591,6847660.904435011,27,333.9913500000004
1,56,934204.3998211591,6847660.904435011,28,371.1014999999997
1,56,934204.3998211591,6847660.904435011,29,408.2116500000004
1,56,934204.3998211591,6847660.904435011,30,435.3781652765022
1,56,934204.3998211591,6847660.904435011,31,445.32179999999966
1,56,934204.3998211591,6847660.904435011,32,435.3781652765022
1,56,934204.3998211591,6847660.904435011,33,408.2116500000004
1,56,934204.3998211591,6847660.904435011,34,371.1014999999997
1,56,934204.3998211591,6847660.904435011,35,333.9913500000004
1,56,934204.3998211591,6847660.904435011,36,306.82483472349804
1,56,934204.3998211591,6847660.904435011,37,296.8812000000001
1,56,934204.3998211591,6847660.904435011,38,306.82483472349804
1,56,934204.3998211591,6847660.904435011,39,333.9913500000004
1,56,934204.3998211591,6847660.904435011,40,371.1014999999997
1,56,934204.3998211591,6847660.904435011,41,408.2116500000004
1,56,934204.3998211591,6847660.904435011,42,435.3781652765022
1,56,934204.3998211591,6847660.904435011,43,445.32179999999966
1,56,934204.3998211591,6847660.904435011,44,435.3781652765022
1,56,934204.3998211591,6847660.904435011,45,408.2116500000004
1,56,934204.3998211591,6847660.904435011,46,371.1014999999997
1,56,934204.3998211591,6847660.904435011,47,333.9913500000004
1,56,934204.3998211591,6847660.904435011,48,306.82483472349804
1,53,934203.1998211733,6846356.304435672,1,78.44759999999897
1,53,934203.1998211733,6846356.304435672,2,127.41605512643196
1,53,934203.1998211733,6846356.304435672,3,261.2003625000007
1,53,934203.1998211733,6846356.304435672,6,457.38000000000005
1,53,934203.1998211733,6846356.304435672,7,457.3800000000003
1,53,934203.1998211733,6846356.304435672,9,457.38000000000005
1,53,934203.1998211733,6846356.304435672,11,261.20036250000055
1,53,934203.1998211733,6846356.304435672,12,127.41605512643163
1,53,934203.1998211733,6846356.304435672,14,127.41605512643173
1,53,934203.1998211733,6846356.304435672,17,457.3799999999998
1,53,934203.1998211733,6846356.304435672,18,457.37999999999965
1,53,934203.1998211733,6846356.304435672,20,457.37999999999994
1,53,934203.1998211733,6846356.304435672,21,457.38000000000017
1,53,934203.1998211733,6846356.304435672,22,443.95312499999875
1,53,934203.1998211733,6846356.304435672,23,261.20036250000186
1,53,934203.1998211733,6846356.304435672,24,127.41605512643088
1,53,934203.1998211733,6846356.304435672,25,82.84122000000005
1,53,934203.1998211733,6846356.304435672,26,127.41605512643184
1,53,934203.1998211733,6846356.304435672,27,261.2003625000016
1,53,934203.1998211733,6846356.304435672,29,457.38000000000005
1,53,934203.1998211733,6846356.304435672,30,457.37999999999965
1,53,934203.1998211733,6846356.304435672,32,457.3800000000001
1,53,934203.1998211733,6846356.304435672,34,443.9531249999985
1,53,934203.1998211733,6846356.304435672,35,261.20036250000067
1,53,934203.1998211733,6846356.304435672,37,153.94302000000016
1,53,934203.1998211733,6846356.304435672,38,127.41605512643139
1,53,934203.1998211733,6846356.304435672,39,261.2003625000004
1,53,934203.1998211733,6846356.304435672,40,443.9531249999987
1,53,934203.1998211733,6846356.304435672,41,457.38000000000017
1,53,934203.1998211733,6846356.304435672,42,457.38000000000005
1,53,934203.1998211733,6846356.304435672,43,457.3800000000002
1,53,934203.1998211733,6846356.304435672,44,457.3800000000001
1,53,934203.1998211733,6846356.304435672,45,457.3800000000004
1,53,934203.1998211733,6846356.304435672,46,443.95312499999915
1,53,934203.1998211733,6846356.304435672,4,443.9531249999981
1,53,934203.1998211733,6846356.304435672,5,457.3800000000001
1,53,934203.1998211733,6846356.304435672,8,457.38000000000005
1,53,934203.1998211733,6846356.304435672,10,443.95312499999835
1,53,934203.1998211733,6846356.304435672,13,78.44759999999877
1,53,934203.1998211733,6846356.304435672,16,443.9531249999983
1,53,934203.1998211733,6846356.304435672,28,443.95312499999807
1,53,934203.1998211733,6846356.304435672,31,457.38000000000017
1,53,934203.1998211733,6846356.304435672,33,457.38000000000005
1,53,934203.1998211733,6846356.304435672,36,127.4160551264305
1,53,934203.1998211733,6846356.304435672,47,261.2003625000005
1,53,934203.1998211733,6846356.304435672,48,127.41605512643153
1,53,934203.1998211733,6846356.304435672,19,457.3800000000001
1,53,934203.1998211733,6846356.304435672,15,261.2003625000009
1,80,934194.8998211797,6846378.104435661,4,564.1020000000001
1,80,934194.8998211797,6846378.104435661,5,564.1020000000003
1,80,934194.8998211797,6846378.104435661,8,564.1019999999996
1,80,934194.8998211797,6846378.104435661,10,564.1020000000003
1,80,934194.8998211797,6846378.104435661,13,564.1019999999996
1,80,934194.8998211797,6846378.104435661,15,564.1019999999996
1,80,934194.8998211797,6846378.104435661,16,564.102
1,80,934194.8998211797,6846378.104435661,19,564.1019999999995
1,80,934194.8998211797,6846378.104435661,28,564.102
1,80,934194.8998211797,6846378.104435661,31,564.1020000000003
1,80,934194.8998211797,6846378.104435661,33,564.102
1,80,934194.8998211797,6846378.104435661,36,564.1019999999999
1,80,934194.8998211797,6846378.104435661,47,564.1019999999997
1,80,934194.8998211797,6846378.104435661,48,564.1020000000001
1,80,934194.8998211797,6846378.104435661,6,564.1019999999996
1,80,934194.8998211797,6846378.104435661,7,564.1020000000001
1,80,934194.8998211797,6846378.104435661,12,564.102
1,80,934194.8998211797,6846378.104435661,14,564.1020000000001
1,80,934194.8998211797,6846378.104435661,18,564.1019999999997
1,80,934194.8998211797,6846378.104435661,20,564.1019999999996
1,80,934194.8998211797,6846378.104435661,30,564.1019999999999
1,80,934194.8998211797,6846378.104435661,32,564.1019999999987
1,80,934194.8998211797,6846378.104435661,34,564.102
1,80,934194.8998211797,6846378.104435661,35,564.1019999999995
1,80,934194.8998211797,6846378.104435661,38,564.102
1,80,934194.8998211797,6846378.104435661,43,564.102
1,80,934194.8998211797,6846378.104435661,45,564.102
1,80,934194.8998211797,6846378.104435661,1,564.1019999999996
1,80,934194.8998211797,6846378.104435661,2,564.1019999999994
1,80,934194.8998211797,6846378.104435661,3,564.1019999999995
1,80,934194.8998211797,6846378.104435661,9,564.1019999999991
1,80,934194.8998211797,6846378.104435661,11,564.1019999999996
1,80,934194.8998211797,6846378.104435661,22,564.1019999999996
1,80,934194.8998211797,6846378.104435661,23,564.1019999999993
1,80,934194.8998211797,6846378.104435661,25,564.1020000000001
1,80,934194.8998211797,6846378.104435661,26,564.1019999999999
1,80,934194.8998211797,6846378.104435661,27,564.1019999999993
1,80,934194.8998211797,6846378.104435661,29,564.1019999999997
1,80,934194.8998211797,6846378.104435661,37,564.1019999999996
1,80,934194.8998211797,6846378.104435661,40,564.1020000000001
1,80,934194.8998211797,6846378.104435661,42,564.101999999999
1,80,934194.8998211797,6846378.104435661,44,564.1019999999999
1,80,934194.8998211797,6846378.104435661,46,564.102
1,80,934194.8998211797,6846378.104435661,17,564.1019999999997
1,80,934194.8998211797,6846378.104435661,21,564.1019999999997
1,80,934194.8998211797,6846378.104435661,39,564.1019999999996
1,80,934194.8998211797,6846378.104435661,41,564.1019999999996
1,80,934194.8998211797,6846378.104435661,24,564.1020000000002
1,3,933908.0998213802,6848138.104434771,1,142.93125000000003
1,3,933908.0998213802,6848138.104434771,2,142.93124999999998
1,3,933908.0998213802,6848138.104434771,3,142.93125
1,3,933908.0998213802,6848138.104434771,4,142.93124999999992
1,3,933908.0998213802,6848138.104434771,5,142.93125000000006
1,3,933908.0998213802,6848138.104434771,6,142.93125000000003
1,3,933908.0998213802,6848138.104434771,7,142.93124999999998
1,3,933908.0998213802,6848138.104434771,8,142.93125000000003
1,3,933908.0998213802,6848138.104434771,9,142.93125000000006
1,3,933908.0998213802,6848138.104434771,10,142.93124999999992
1,3,933908.0998213802,6848138.104434771,11,142.93125
1,3,933908.0998213802,6848138.104434771,12,142.93124999999998
1,3,933908.0998213802,6848138.104434771,13,142.93125000000003
1,3,933908.0998213802,6848138.104434771,14,142.93124999999998
1,3,933908.0998213802,6848138.104434771,15,142.93125
1,3,933908.0998213802,6848138.104434771,16,142.93124999999992
1,3,933908.0998213802,6848138.104434771,17,142.93125000000006
1,3,933908.0998213802,6848138.104434771,18,142.93125000000003
1,3,933908.0998213802,6848138.104434771,19,142.93124999999998
1,3,933908.0998213802,6848138.104434771,20,142.9312500000001
1,3,933908.0998213802,6848138.104434771,21,142.93125000000006
1,3,933908.0998213802,6848138.104434771,22,142.93124999999992
1,3,933908.0998213802,6848138.104434771,23,142.93125
1,3,933908.0998213802,6848138.104434771,24,142.93124999999998
1,3,933908.0998213802,6848138.104434771,25,142.93125000000003
1,3,933908.0998213802,6848138.104434771,26,142.93125
1,3,933908.0998213802,6848138.104434771,27,142.93125
1,3,933908.0998213802,6848138.104434771,28,142.93124999999992
1,3,933908.0998213802,6848138.104434771,29,142.93125000000006
1,3,933908.0998213802,6848138.104434771,30,142.9312500000001
1,3,933908.0998213802,6848138.104434771,31,142.93124999999995
1,3,933908.0998213802,6848138.104434771,32,142.93125000000003
1,3,933908.0998213802,6848138.104434771,33,142.93125000000006
1,3,933908.0998213802,6848138.104434771,34,142.93124999999992
1,3,933908.0998213802,6848138.104434771,35,142.93125
1,3,933908.0998213802,6848138.104434771,36,142.93124999999998
1,3,933908.0998213802,6848138.104434771,37,142.93125000000003
1,3,933908.0998213802,6848138.104434771,38,142.93125
1,3,933908.0998213802,6848138.104434771,39,142.93125
1,3,933908.0998213802,6848138.104434771,40,142.93124999999992
1,3,933908.0998213802,6848138.104434771,41,142.93125000000006
1,3,933908.0998213802,6848138.104434771,42,142.9312500000001
1,3,933908.0998213802,6848138.104434771,43,142.93124999999998
1,3,933908.0998213802,6848138.104434771,44,142.93125000000003
1,3,933908.0998213802,6848138.104434771,45,142.93125000000006
1,3,933908.0998213802,6848138.104434771,46,142.93124999999992
1,3,933908.0998213802,6848138.104434771,47,142.93125
1,3,933908.0998213802,6848138.104434771,48,142.93125
1,54,934764.0998207259,6848247.404434707,1,172.00260000000023
1,54,934764.0998207259,6848247.404434707,2,177.76359472075674
1,54,934764.0998207259,6848247.404434707,3,193.50292500000012
1,54,934764.0998207259,6848247.404434707,4,215.00324999999975
1,54,934764.0998207259,6848247.404434707,5,236.50357500000027
1,54,934764.0998207259,6848247.404434707,6,178.05381549123072
1,54,934764.0998207259,6848247.404434707,7,182.12040000000016
1,54,934764.0998207259,6848247.404434707,8,178.05381549123072
1,54,934764.0998207259,6848247.404434707,9,236.50357500000027
1,54,934764.0998207259,6848247.404434707,10,215.00324999999975
1,54,934764.0998207259,6848247.404434707,11,193.50292500000012
1,54,934764.0998207259,6848247.404434707,12,177.76359472075674
1,54,934764.0998207259,6848247.404434707,13,172.00260000000023
1,54,934764.0998207259,6848247.404434707,14,177.76359472075674
1,54,934764.0998207259,6848247.404434707,15,193.50292500000012
1,54,934764.0998207259,6848247.404434707,16,215.00324999999975
1,54,934764.0998207259,6848247.404434707,17,236.50357500000027
1,54,934764.0998207259,6848247.404434707,18,178.05381549123072
1,54,934764.0998207259,6848247.404434707,19,182.12040000000016
1,54,934764.0998207259,6848247.404434707,20,178.05381549123072
1,54,934764.0998207259,6848247.404434707,21,236.50357500000027
1,54,934764.0998207259,6848247.404434707,22,215.00324999999975
1,54,934764.0998207259,6848247.404434707,23,193.50292500000012
1,54,934764.0998207259,6848247.404434707,24,177.76359472075674
1,54,934764.0998207259,6848247.404434707,25,172.00260000000023
1,54,934764.0998207259,6848247.404434707,26,177.76359472075674
1,54,934764.0998207259,6848247.404434707,27,193.50292500000012
1,54,934764.0998207259,6848247.404434707,28,215.00324999999975
1,54,934764.0998207259,6848247.404434707,29,236.50357500000027
1,54,934764.0998207259,6848247.404434707,30,178.05381549123072
1,54,934764.0998207259,6848247.404434707,31,182.12040000000016
1,54,934764.0998207259,6848247.404434707,32,178.05381549123072
1,54,934764.0998207259,6848247.404434707,33,236.50357500000027
1,54,934764.0998207259,6848247.404434707,34,215.00324999999975
1,54,934764.0998207259,6848247.404434707,35,193.50292500000012
1,54,934764.0998207259,6848247.404434707,36,177.76359472075674
1,54,934764.0998207259,6848247.404434707,37,172.00260000000023
1,54,934764.0998207259,6848247.404434707,38,177.76359472075674
1,54,934764.0998207259,6848247.404434707,39,193.50292500000012
1,54,934764.0998207259,6848247.404434707,40,215.00324999999975
1,54,934764.0998207259,6848247.404434707,41,236.50357500000027
1,54,934764.0998207259,6848247.404434707,42,178.05381549123072
1,54,934764.0998207259,6848247.404434707,43,182.12040000000016
1,54,934764.0998207259,6848247.404434707,44,178.05381549123072
1,54,934764.0998207259,6848247.404434707,45,236.50357500000027
1,54,934764.0998207259,6848247.404434707,46,215.00324999999975
1,54,934764.0998207259,6848247.404434707,47,193.50292500000012
1,54,934764.0998207259,6848247.404434707,48,177.76359472075674
1,27,932730.0998222866,6847424.704435145,1,184.85775000000018
1,27,932730.0998222866,6847424.704435145,2,184.85775000000027
1,27,932730.0998222866,6847424.704435145,3,184.8577500000001
1,27,932730.0998222866,6847424.704435145,4,184.85775
1,27,932730.0998222866,6847424.704435145,5,184.85775000000012
1,27,932730.0998222866,6847424.704435145,6,184.85775000000012
1,27,932730.0998222866,6847424.704435145,7,184.85775000000018
1,27,932730.0998222866,6847424.704435145,8,184.85775000000015
1,27,932730.0998222866,6847424.704435145,9,184.85775000000012
1,27,932730.0998222866,6847424.704435145,10,184.85774999999995
1,27,932730.0998222866,6847424.704435145,11,184.85775000000015
1,27,932730.0998222866,6847424.704435145,12,184.85775000000027
1,27,932730.0998222866,6847424.704435145,13,184.85775000000018
1,27,932730.0998222866,6847424.704435145,14,184.85775000000024
1,27,932730.0998222866,6847424.704435145,15,184.8577500000001
1,27,932730.0998222866,6847424.704435145,16,184.85775
1,27,932730.0998222866,6847424.704435145,17,184.85775000000012
1,27,932730.0998222866,6847424.704435145,18,184.85775000000018
1,27,932730.0998222866,6847424.704435145,19,184.85775000000018
1,27,932730.0998222866,6847424.704435145,20,184.85775000000012
1,27,932730.0998222866,6847424.704435145,21,184.85775000000012
1,27,932730.0998222866,6847424.704435145,22,184.85775
1,27,932730.0998222866,6847424.704435145,23,184.8577500000001
1,27,932730.0998222866,6847424.704435145,24,184.85775000000027
1,27,932730.0998222866,6847424.704435145,25,184.85775000000018
1,27,932730.0998222866,6847424.704435145,26,184.85775000000024
1,27,932730.0998222866,6847424.704435145,27,184.8577500000001
1,27,932730.0998222866,6847424.704435145,28,184.85775
1,27,932730.0998222866,6847424.704435145,29,184.85775000000012
1,27,932730.0998222866,6847424.704435145,30,184.8577500000002
1,27,932730.0998222866,6847424.704435145,31,184.85775000000018
1,27,932730.0998222866,6847424.704435145,32,184.85775000000018
1,27,932730.0998222866,6847424.704435145,33,184.85775000000012
1,27,932730.0998222866,6847424.704435145,34,184.85774999999995
1,27,932730.0998222866,6847424.704435145,35,184.8577500000001
1,27,932730.0998222866,6847424.704435145,36,184.85775000000027
1,27,932730.0998222866,6847424.704435145,37,184.85775000000018
1,27,932730.0998222866,6847424.704435145,38,184.85775000000027
1,27,932730.0998222866,6847424.704435145,39,184.85775000000012
1,27,932730.0998222866,6847424.704435145,40,184.85774999999995
1,27,932730.0998222866,6847424.704435145,41,184.85775000000012
1,27,932730.0998222866,6847424.704435145,42,184.85775000000018
1,27,932730.0998222866,6847424.704435145,43,184.85775000000018
1,27,932730.0998222866,6847424.704435145,44,184.8577500000002
1,27,932730.0998222866,6847424.704435145,45,184.85775000000027
1,27,932730.0998222866,6847424.704435145,46,184.85774999999995
1,27,932730.0998222866,6847424.704435145,47,184.85775000000012
1,27,932730.0998222866,6847424.704435145,48,184.85775000000027
1,42,934990.5998205657,6847039.104435317,1,617.4630000000014
1,42,934990.5998205657,6847039.104435317,2,617.463
1,42,934990.5998205657,6847039.104435317,3,617.4629999999986
1,42,934990.5998205657,6847039.104435317,4,617.463
1,42,934990.5998205657,6847039.104435317,5,617.462999999998
1,42,934990.5998205657,6847039.104435317,6,617.4629999999999
1,42,934990.5998205657,6847039.104435317,7,617.4629999999999
1,42,934990.5998205657,6847039.104435317,8,617.4629999999999
1,42,934990.5998205657,6847039.104435317,9,617.4629999999981
1,42,934990.5998205657,6847039.104435317,10,617.4630000000005
1,42,934990.5998205657,6847039.104435317,11,617.4629999999986
1,42,934990.5998205657,6847039.104435317,12,617.463
1,42,934990.5998205657,6847039.104435317,13,617.4630000000014
1,42,934990.5998205657,6847039.104435317,14,617.4630000000002
1,42,934990.5998205657,6847039.104435317,15,617.4629999999984
1,42,934990.5998205657,6847039.104435317,16,617.4630000000003
1,42,934990.5998205657,6847039.104435317,17,617.462999999998
1,42,934990.5998205657,6847039.104435317,18,617.4629999999999
1,42,934990.5998205657,6847039.104435317,19,617.4629999999988
1,42,934990.5998205657,6847039.104435317,20,617.4629999999999
1,42,934990.5998205657,6847039.104435317,21,617.4629999999979
1,42,934990.5998205657,6847039.104435317,22,617.4630000000009
1,42,934990.5998205657,6847039.104435317,23,617.4629999999985
1,42,934990.5998205657,6847039.104435317,24,617.4629999999999
1,42,934990.5998205657,6847039.104435317,25,617.4630000000017
1,42,934990.5998205657,6847039.104435317,26,617.4630000000002
1,42,934990.5998205657,6847039.104435317,27,617.4629999999985
1,42,934990.5998205657,6847039.104435317,28,617.4630000000004
1,42,934990.5998205657,6847039.104435317,29,617.4629999999981
1,42,934990.5998205657,6847039.104435317,30,617.4629999999997
1,42,934990.5998205657,6847039.104435317,31,617.4629999999997
1,42,934990.5998205657,6847039.104435317,32,617.4629999999999
1,42,934990.5998205657,6847039.104435317,33,617.4629999999979
1,42,934990.5998205657,6847039.104435317,34,617.4629999999995
1,42,934990.5998205657,6847039.104435317,35,617.4629999999994
1,42,934990.5998205657,6847039.104435317,36,617.4629999999999
1,42,934990.5998205657,6847039.104435317,37,617.4630000000016
1,42,934990.5998205657,6847039.104435317,38,617.4630000000006
1,42,934990.5998205657,6847039.104435317,39,617.463
1,42,934990.5998205657,6847039.104435317,40,617.4630000000003
1,42,934990.5998205657,6847039.104435317,41,617.4629999999978
1,42,934990.5998205657,6847039.104435317,42,617.4630000000001
1,42,934990.5998205657,6847039.104435317,43,617.4630000000017
1,42,934990.5998205657,6847039.104435317,44,617.4630000000001
1,42,934990.5998205657,6847039.104435317,45,617.4629999999978
1,42,934990.5998205657,6847039.104435317,46,617.4630000000002
1,42,934990.5998205657,6847039.104435317,47,617.4629999999999
1,42,934990.5998205657,6847039.104435317,48,617.4630000000008
1,18,933999.1998213149,6847743.404434972,1,93.06990000000008
1,18,933999.1998213149,6847743.404434972,2,96.18715056808071
1,18,933999.1998213149,6847743.404434972,3,97.19324999999999
1,18,933999.1998213149,6847743.404434972,4,97.19324999999999
1,18,933999.1998213149,6847743.404434972,10,97.19324999999999
1,18,933999.1998213149,6847743.404434972,11,97.19324999999999
1,18,933999.1998213149,6847743.404434972,12,96.18715056808071
1,18,933999.1998213149,6847743.404434972,13,93.06990000000008
1,18,933999.1998213149,6847743.404434972,14,96.18715056808071
1,18,933999.1998213149,6847743.404434972,15,97.19324999999999
1,18,933999.1998213149,6847743.404434972,16,97.19324999999999
1,18,933999.1998213149,6847743.404434972,22,97.19324999999999
1,18,933999.1998213149,6847743.404434972,23,97.19324999999999
1,18,933999.1998213149,6847743.404434972,24,96.18715056808071
1,18,933999.1998213149,6847743.404434972,25,93.06990000000008
1,18,933999.1998213149,6847743.404434972,26,96.18715056808071
1,18,933999.1998213149,6847743.404434972,27,97.19324999999999
1,18,933999.1998213149,6847743.404434972,28,97.19325
1,18,933999.1998213149,6847743.404434972,34,97.19324999999999
1,18,933999.1998213149,6847743.404434972,35,97.19324999999999
1,18,933999.1998213149,6847743.404434972,36,96.18715056808071
1,18,933999.1998213149,6847743.404434972,37,93.06990000000008
1,18,933999.1998213149,6847743.404434972,38,96.18715056808071
1,18,933999.1998213149,6847743.404434972,39,97.19325
1,18,933999.1998213149,6847743.404434972,40,97.19324999999999
1,18,933999.1998213149,6847743.404434972,46,97.19325
1,18,933999.1998213149,6847743.404434972,47,97.19325
1,18,933999.1998213149,6847743.404434972,48,96.18715056808071
1,18,933999.1998213149,6847743.404434972,6,97.19324999999998
1,18,933999.1998213149,6847743.404434972,7,97.19324999999999
1,18,933999.1998213149,6847743.404434972,8,97.19324999999999
1,18,933999.1998213149,6847743.404434972,19,97.19324999999998
1,18,933999.1998213149,6847743.404434972,30,97.19324999999998
1,18,933999.1998213149,6847743.404434972,31,97.19324999999998
1,18,933999.1998213149,6847743.404434972,32,97.19324999999999
1,18,933999.1998213149,6847743.404434972,43,97.19324999999996
1,18,933999.1998213149,6847743.404434972,45,97.19324999999998
1,18,933999.1998213149,6847743.404434972,18,97.19324999999996
1,18,933999.1998213149,6847743.404434972,20,97.19325000000002
1,18,933999.1998213149,6847743.404434972,42,97.19324999999999
1,18,933999.1998213149,6847743.404434972,44,97.19324999999999
1,18,933999.1998213149,6847743.404434972,5,97.19324999999999
1,18,933999.1998213149,6847743.404434972,9,97.19325
1,18,933999.1998213149,6847743.404434972,17,97.19325
1,18,933999.1998213149,6847743.404434972,21,97.19324999999999
1,18,933999.1998213149,6847743.404434972,29,97.19324999999999
1,18,933999.1998213149,6847743.404434972,33,97.19324999999999
1,18,933999.1998213149,6847743.404434972,41,97.19324999999999
1,64,933976.8998213315,6847785.004434952,5,38.68672500000016
1,64,933976.8998213315,6847785.004434952,6,51.407553581854316
1,64,933976.8998213315,6847785.004434952,7,56.06370000000008
1,64,933976.8998213315,6847785.004434952,8,51.4075535818543
1,64,933976.8998213315,6847785.004434952,9,38.68672500000016
1,64,933976.8998213315,6847785.004434952,17,38.68672500000016
1,64,933976.8998213315,6847785.004434952,18,51.40755358185434
1,64,933976.8998213315,6847785.004434952,19,56.063700000000125
1,64,933976.8998213315,6847785.004434952,20,51.407553581854295
1,64,933976.8998213315,6847785.004434952,21,38.686725000000145
1,64,933976.8998213315,6847785.004434952,29,38.686725000000166
1,64,933976.8998213315,6847785.004434952,30,51.407553581854316
1,64,933976.8998213315,6847785.004434952,31,56.063700000000125
1,64,933976.8998213315,6847785.004434952,32,51.40755358185431
1,64,933976.8998213315,6847785.004434952,33,38.68672500000014
1,64,933976.8998213315,6847785.004434952,41,38.68672500000016
1,64,933976.8998213315,6847785.004434952,42,51.40755358185431
1,64,933976.8998213315,6847785.004434952,43,56.06370000000013
1,64,933976.8998213315,6847785.004434952,44,51.40755358185431
1,64,933976.8998213315,6847785.004434952,45,38.68672500000015
1,64,933976.8998213315,6847785.004434952,4,22.089375000000064
1,64,933976.8998213315,6847785.004434952,10,22.089375000000064
1,64,933976.8998213315,6847785.004434952,16,22.089375000000064
1,64,933976.8998213315,6847785.004434952,22,22.089375000000064
1,64,933976.8998213315,6847785.004434952,28,22.08937500000005
1,64,933976.8998213315,6847785.004434952,34,22.089375000000064
1,64,933976.8998213315,6847785.004434952,40,22.089375000000064
1,64,933976.8998213315,6847785.004434952,46,22.08937500000005
1,64,933976.8998213315,6847785.004434952,3,10.161112500000055
1,64,933976.8998213315,6847785.004434952,39,10.161112500000037
1,64,933976.8998213315,6847785.004434952,11,10.161112500000055
1,64,933976.8998213315,6847785.004434952,15,10.161112500000055
1,64,933976.8998213315,6847785.004434952,23,10.161112500000055
1,64,933976.8998213315,6847785.004434952,27,10.161112500000055
1,64,933976.8998213315,6847785.004434952,35,10.161112500000055
1,64,933976.8998213315,6847785.004434952,47,10.16111250000004
1,64,933976.8998213315,6847785.004434952,1,2.356200000000001
1,64,933976.8998213315,6847785.004434952,2,2.4351177359007767
1,64,933976.8998213315,6847785.004434952,12,2.4351177359007767
1,64,933976.8998213315,6847785.004434952,13,2.356200000000001
1,64,933976.8998213315,6847785.004434952,14,2.4351177359007767
1,64,933976.8998213315,6847785.004434952,24,2.4351177359007767
1,64,933976.8998213315,6847785.004434952,25,2.356200000000001
1,64,933976.8998213315,6847785.004434952,26,2.4351177359007767
1,64,933976.8998213315,6847785.004434952,36,2.4351177359007767
1,64,933976.8998213315,6847785.004434952,37,2.356200000000001
1,64,933976.8998213315,6847785.004434952,38,2.4351177359007767
1,64,933976.8998213315,6847785.004434952,48,2.4351177359007767
1,77,934467.3998209637,6847130.604435277,1,162.57780000000017
1,77,934467.3998209637,6847130.604435277,2,168.02312377715353
1,77,934467.3998209637,6847130.604435277,3,182.90002500000008
1,77,934467.3998209637,6847130.604435277,4,203.22225000000003
1,77,934467.3998209637,6847130.604435277,5,223.54447500000018
1,77,934467.3998209637,6847130.604435277,6,238.42137622284653
1,77,934467.3998209637,6847130.604435277,7,243.8667
1,77,934467.3998209637,6847130.604435277,8,238.42137622284653
1,77,934467.3998209637,6847130.604435277,9,223.54447500000018
1,77,934467.3998209637,6847130.604435277,10,203.22225000000003
1,77,934467.3998209637,6847130.604435277,11,182.90002500000008
1,77,934467.3998209637,6847130.604435277,12,168.02312377715353
1,77,934467.3998209637,6847130.604435277,13,162.57780000000017
1,77,934467.3998209637,6847130.604435277,14,168.02312377715353
1,77,934467.3998209637,6847130.604435277,15,182.90002500000008
1,77,934467.3998209637,6847130.604435277,16,203.22225000000003
1,77,934467.3998209637,6847130.604435277,17,223.54447500000018
1,77,934467.3998209637,6847130.604435277,18,238.42137622284653
1,77,934467.3998209637,6847130.604435277,19,243.8667
1,77,934467.3998209637,6847130.604435277,20,238.42137622284653
1,77,934467.3998209637,6847130.604435277,21,223.54447500000018
1,77,934467.3998209637,6847130.604435277,22,203.22225000000003
1,77,934467.3998209637,6847130.604435277,23,182.90002500000008
1,77,934467.3998209637,6847130.604435277,24,168.02312377715353
1,77,934467.3998209637,6847130.604435277,25,162.57780000000017
1,77,934467.3998209637,6847130.604435277,26,168.02312377715353
1,77,934467.3998209637,6847130.604435277,27,182.90002500000008
1,77,934467.3998209637,6847130.604435277,28,203.22225000000003
1,77,934467.3998209637,6847130.604435277,29,223.54447500000018
1,77,934467.3998209637,6847130.604435277,30,238.42137622284653
1,77,934467.3998209637,6847130.604435277,31,243.8667
1,77,934467.3998209637,6847130.604435277,32,238.42137622284653
1,77,934467.3998209637,6847130.604435277,33,223.54447500000018
1,77,934467.3998209637,6847130.604435277,34,203.22225000000003
1,77,934467.3998209637,6847130.604435277,35,182.90002500000008
1,77,934467.3998209637,6847130.604435277,36,168.02312377715353
1,77,934467.3998209637,6847130.604435277,37,162.57780000000017
1,77,934467.3998209637,6847130.604435277,38,168.02312377715353
1,77,934467.3998209637,6847130.604435277,39,182.90002500000008
1,77,934467.3998209637,6847130.604435277,40,203.22225000000003
1,77,934467.3998209637,6847130.604435277,41,223.54447500000018
1,77,934467.3998209637,6847130.604435277,42,238.42137622284653
1,77,934467.3998209637,6847130.604435277,43,243.8667
1,77,934467.3998209637,6847130.604435277,44,238.42137622284653
1,77,934467.3998209637,6847130.604435277,45,223.54447500000018
1,77,934467.3998209637,6847130.604435277,46,203.22225000000003
1,77,934467.3998209637,6847130.604435277,47,182.90002500000008
1,77,934467.3998209637,6847130.604435277,48,168.02312377715353
1,71,933466.5998217198,6847887.004434904,1,261.0877500000001
1,71,933466.5998217198,6847887.004434904,2,261.08775
1,71,933466.5998217198,6847887.004434904,3,261.08775000000014
1,71,933466.5998217198,6847887.004434904,4,261.08774999999974
1,71,933466.5998217198,6847887.004434904,5,261.08775
1,71,933466.5998217198,6847887.004434904,6,261.08775
1,71,933466.5998217198,6847887.004434904,7,261.0877499999999
1,71,933466.5998217198,6847887.004434904,8,261.08775
1,71,933466.5998217198,6847887.004434904,9,261.08775
1,71,933466.5998217198,6847887.004434904,10,261.08774999999974
1,71,933466.5998217198,6847887.004434904,11,261.0877500000001
1,71,933466.5998217198,6847887.004434904,12,261.08775
1,71,933466.5998217198,6847887.004434904,13,261.0877500000001
1,71,933466.5998217198,6847887.004434904,14,261.08775
1,71,933466.5998217198,6847887.004434904,15,261.0877500000001
1,71,933466.5998217198,6847887.004434904,16,261.08774999999974
1,71,933466.5998217198,6847887.004434904,17,261.08775
1,71,933466.5998217198,6847887.004434904,18,261.0877500000001
1,71,933466.5998217198,6847887.004434904,19,261.08774999999997
1,71,933466.5998217198,6847887.004434904,20,261.0877500000001
1,71,933466.5998217198,6847887.004434904,21,261.08775
1,71,933466.5998217198,6847887.004434904,22,261.08774999999974
1,71,933466.5998217198,6847887.004434904,23,261.08775000000014
1,71,933466.5998217198,6847887.004434904,24,261.08775
1,71,933466.5998217198,6847887.004434904,25,261.08775
1,71,933466.5998217198,6847887.004434904,26,261.08775
1,71,933466.5998217198,6847887.004434904,27,261.08775000000014
1,71,933466.5998217198,6847887.004434904,28,261.08774999999974
1,71,933466.5998217198,6847887.004434904,29,261.08775
1,71,933466.5998217198,6847887.004434904,30,261.0877500000001
1,71,933466.5998217198,6847887.004434904,31,261.0877499999999
1,71,933466.5998217198,6847887.004434904,32,261.0877500000001
1,71,933466.5998217198,6847887.004434904,33,261.08775
1,71,933466.5998217198,6847887.004434904,34,261.08774999999974
1,71,933466.5998217198,6847887.004434904,35,261.08775000000014
1,71,933466.5998217198,6847887.004434904,36,261.08775
1,71,933466.5998217198,6847887.004434904,37,261.0877500000001
1,71,933466.5998217198,6847887.004434904,38,261.08775
1,71,933466.5998217198,6847887.004434904,39,261.0877500000001
1,71,933466.5998217198,6847887.004434904,40,261.08774999999974
1,71,933466.5998217198,6847887.004434904,41,261.08775
1,71,933466.5998217198,6847887.004434904,42,261.0877500000001
1,71,933466.5998217198,6847887.004434904,43,261.08774999999997
1,71,933466.5998217198,6847887.004434904,44,261.0877500000001
1,71,933466.5998217198,6847887.004434904,45,261.08775
1,71,933466.5998217198,6847887.004434904,46,261.08774999999974
1,71,933466.5998217198,6847887.004434904,47,261.08775000000014
1,71,933466.5998217198,6847887.004434904,48,261.08775
1,16,934880.899820648,6847145.104435267,1,94.24800000000035
1,16,934880.899820648,6847145.104435267,2,97.40470943603124
1,16,934880.899820648,6847145.104435267,3,104.8162500000002
1,16,934880.899820648,6847145.104435267,4,104.81625000000011
1,16,934880.899820648,6847145.104435267,5,104.81625000000012
1,16,934880.899820648,6847145.104435267,6,104.81625000000017
1,16,934880.899820648,6847145.104435267,7,104.8162500000001
1,16,934880.899820648,6847145.104435267,8,104.8162500000001
1,16,934880.899820648,6847145.104435267,9,104.81625000000011
1,16,934880.899820648,6847145.104435267,10,104.8162500000001
1,16,934880.899820648,6847145.104435267,11,104.8162500000002
1,16,934880.899820648,6847145.104435267,12,97.40470943603124
1,16,934880.899820648,6847145.104435267,13,94.24800000000032
1,16,934880.899820648,6847145.104435267,14,97.40470943603124
1,16,934880.899820648,6847145.104435267,15,104.81625000000021
1,16,934880.899820648,6847145.104435267,16,104.8162500000001
1,16,934880.899820648,6847145.104435267,18,104.81625000000014
1,16,934880.899820648,6847145.104435267,22,104.8162500000001
1,16,934880.899820648,6847145.104435267,23,104.81625000000018
1,16,934880.899820648,6847145.104435267,24,97.40470943603124
1,16,934880.899820648,6847145.104435267,25,94.24800000000032
1,16,934880.899820648,6847145.104435267,26,97.40470943603107
1,16,934880.899820648,6847145.104435267,27,104.81625000000021
1,16,934880.899820648,6847145.104435267,28,104.81625000000012
1,16,934880.899820648,6847145.104435267,29,104.81625000000011
1,16,934880.899820648,6847145.104435267,30,104.81625000000017
1,16,934880.899820648,6847145.104435267,32,104.81625000000014
1,16,934880.899820648,6847145.104435267,33,104.81625000000005
1,16,934880.899820648,6847145.104435267,34,104.81625000000008
1,16,934880.899820648,6847145.104435267,35,104.81625000000017
1,16,934880.899820648,6847145.104435267,36,97.4047094360311
1,16,934880.899820648,6847145.104435267,37,94.2480000000001
1,16,934880.899820648,6847145.104435267,38,97.40470943603101
1,16,934880.899820648,6847145.104435267,39,104.81625000000014
1,16,934880.899820648,6847145.104435267,40,104.8162500000001
1,16,934880.899820648,6847145.104435267,41,104.81625000000008
1,16,934880.899820648,6847145.104435267,42,104.81625000000014
1,16,934880.899820648,6847145.104435267,43,104.81625000000014
1,16,934880.899820648,6847145.104435267,46,104.81625000000008
1,16,934880.899820648,6847145.104435267,47,104.81625000000017
1,16,934880.899820648,6847145.104435267,48,97.40470943603107
1,16,934880.899820648,6847145.104435267,19,104.81625000000012
1,16,934880.899820648,6847145.104435267,21,104.81625000000012
1,16,934880.899820648,6847145.104435267,31,104.81625000000008
1,16,934880.899820648,6847145.104435267,44,104.81625000000015
1,16,934880.899820648,6847145.104435267,45,104.81625000000011
1,16,934880.899820648,6847145.104435267,20,104.8162500000001
1,16,934880.899820648,6847145.104435267,17,104.81625000000008
1,29,934901.9998206322,6847132.704435273,17,24.774750000000015
1,29,934901.9998206322,6847132.704435273,19,36.55574999999994
1,29,934901.9998206322,6847132.704435273,20,33.39904056396896
1,29,934901.9998206322,6847132.704435273,21,24.77474999999998
1,29,934901.9998206322,6847132.704435273,31,36.55574999999999
1,29,934901.9998206322,6847132.704435273,44,33.39904056396889
1,29,934901.9998206322,6847132.704435273,45,24.774749999999976
1,29,934901.9998206322,6847132.704435273,8,33.399040563968946
1,29,934901.9998206322,6847132.704435273,18,33.39904056396891
1,29,934901.9998206322,6847132.704435273,32,33.399040563968896
1,29,934901.9998206322,6847132.704435273,33,24.774750000000044
1,29,934901.9998206322,6847132.704435273,42,33.39904056396889
1,29,934901.9998206322,6847132.704435273,43,36.55574999999995
1,29,934901.9998206322,6847132.704435273,6,33.39904056396889
1,29,934901.9998206322,6847132.704435273,7,36.55574999999997
1,29,934901.9998206322,6847132.704435273,22,12.993749999999997
1,29,934901.9998206322,6847132.704435273,27,1.2127499999997997
1,29,934901.9998206322,6847132.704435273,28,12.99374999999995
1,29,934901.9998206322,6847132.704435273,29,24.77475000000001
1,29,934901.9998206322,6847132.704435273,30,33.39904056396887
1,29,934901.9998206322,6847132.704435273,41,24.77475000000001
1,29,934901.9998206322,6847132.704435273,34,12.993749999999975
1,29,934901.9998206322,6847132.704435273,35,1.2127499999998719
1,29,934901.9998206322,6847132.704435273,5,24.774749999999973
1,29,934901.9998206322,6847132.704435273,9,24.774749999999987
1,29,934901.9998206322,6847132.704435273,40,12.993749999999968
1,29,934901.9998206322,6847132.704435273,46,12.993749999999979
1,29,934901.9998206322,6847132.704435273,10,12.993749999999979
1,29,934901.9998206322,6847132.704435273,4,12.993749999999968
1,29,934901.9998206322,6847132.704435273,16,12.993749999999967
1,29,934901.9998206322,6847132.704435273,39,1.2127499999998865
1,29,934901.9998206322,6847132.704435273,47,1.2127499999998725
1,29,934901.9998206322,6847132.704435273,23,1.2127499999998288
1,29,934901.9998206322,6847132.704435273,11,1.2127499999998244
1,29,934901.9998206322,6847132.704435273,15,1.2127499999998101
1,29,934901.9998206322,6847132.704435273,3,1.2127499999999354
1,46,934906.099820619,6848106.204434778,1,151.97490000000028
1,46,934906.099820619,6848106.204434778,2,157.0650939656
1,46,934906.099820619,6848106.204434778,3,170.97176250000007
1,46,934906.099820619,6848106.204434778,4,189.96862499999995
1,46,934906.099820619,6848106.204434778,5,208.9654875000002
1,46,934906.099820619,6848106.204434778,6,157.32152190663535
1,46,934906.099820619,6848106.204434778,7,160.91460000000006
1,46,934906.099820619,6848106.204434778,8,157.32152190663535
1,46,934906.099820619,6848106.204434778,9,208.9654875000002
1,46,934906.099820619,6848106.204434778,10,189.96862499999995
1,46,934906.099820619,6848106.204434778,11,170.97176250000007
1,46,934906.099820619,6848106.204434778,12,157.0650939656
1,46,934906.099820619,6848106.204434778,13,151.97490000000028
1,46,934906.099820619,6848106.204434778,14,157.0650939656
1,46,934906.099820619,6848106.204434778,15,170.97176250000007
1,46,934906.099820619,6848106.204434778,16,189.96862499999995
1,46,934906.099820619,6848106.204434778,17,208.9654875000002
1,46,934906.099820619,6848106.204434778,18,157.32152190663535
1,46,934906.099820619,6848106.204434778,19,160.91460000000006
1,46,934906.099820619,6848106.204434778,20,157.32152190663535
1,46,934906.099820619,6848106.204434778,21,208.9654875000002
1,46,934906.099820619,6848106.204434778,22,189.96862499999995
1,46,934906.099820619,6848106.204434778,23,170.97176250000007
1,46,934906.099820619,6848106.204434778,24,157.0650939656
1,46,934906.099820619,6848106.204434778,25,151.97490000000028
1,46,934906.099820619,6848106.204434778,26,157.0650939656
1,46,934906.099820619,6848106.204434778,27,170.97176250000007
1,46,934906.099820619,6848106.204434778,28,189.96862499999995
1,46,934906.099820619,6848106.204434778,29,208.9654875000002
1,46,934906.099820619,6848106.204434778,30,157.32152190663535
1,46,934906.099820619,6848106.204434778,31,160.91460000000006
1,46,934906.099820619,6848106.204434778,32,157.32152190663535
1,46,934906.099820619,6848106.204434778,33,208.9654875000002
1,46,934906.099820619,6848106.204434778,34,189.96862499999995
1,46,934906.099820619,6848106.204434778,35,170.97176250000007
1,46,934906.099820619,6848106.204434778,36,157.0650939656
1,46,934906.099820619,6848106.204434778,37,151.97490000000028
1,46,934906.099820619,6848106.204434778,38,157.0650939656
1,46,934906.099820619,6848106.204434778,39,170.97176250000007
1,46,934906.099820619,6848106.204434778,40,189.96862499999995
1,46,934906.099820619,6848106.204434778,41,208.9654875000002
1,46,934906.099820619,6848106.204434778,42,157.32152190663535
1,46,934906.099820619,6848106.204434778,43,160.91460000000006
1,46,934906.099820619,6848106.204434778,44,157.32152190663535
1,46,934906.099820619,6848106.204434778,45,208.9654875000002
1,46,934906.099820619,6848106.204434778,46,189.96862499999995
1,46,934906.099820619,6848106.204434778,47,170.97176250000007
1,46,934906.099820619,6848106.204434778,48,157.0650939656
1,32,934724.7998207612,6847726.104434972,1,60.08310000000003
1,32,934724.7998207612,6847726.104434972,2,62.095502265469854
1,32,934724.7998207612,6847726.104434972,3,67.59348750000002
1,32,934724.7998207612,6847726.104434972,4,75.10387500000006
1,32,934724.7998207612,6847726.104434972,5,82.61426250000005
1,32,934724.7998207612,6847726.104434972,6,88.11224773453027
1,32,934724.7998207612,6847726.104434972,7,63.617400000000046
1,32,934724.7998207612,6847726.104434972,8,88.11224773453027
1,32,934724.7998207612,6847726.104434972,9,82.61426250000005
1,32,934724.7998207612,6847726.104434972,10,75.10387500000006
1,32,934724.7998207612,6847726.104434972,11,67.59348750000002
1,32,934724.7998207612,6847726.104434972,12,62.095502265469854
1,32,934724.7998207612,6847726.104434972,13,60.08310000000003
1,32,934724.7998207612,6847726.104434972,14,62.095502265469854
1,32,934724.7998207612,6847726.104434972,15,67.59348750000002
1,32,934724.7998207612,6847726.104434972,16,75.10387500000006
1,32,934724.7998207612,6847726.104434972,17,82.61426250000005
1,32,934724.7998207612,6847726.104434972,18,88.11224773453027
1,32,934724.7998207612,6847726.104434972,19,63.617400000000046
1,32,934724.7998207612,6847726.104434972,20,88.11224773453027
1,32,934724.7998207612,6847726.104434972,21,82.61426250000005
1,32,934724.7998207612,6847726.104434972,22,75.10387500000006
1,32,934724.7998207612,6847726.104434972,23,67.59348750000002
1,32,934724.7998207612,6847726.104434972,24,62.095502265469854
1,32,934724.7998207612,6847726.104434972,25,60.08310000000003
1,32,934724.7998207612,6847726.104434972,26,62.095502265469854
1,32,934724.7998207612,6847726.104434972,27,67.59348750000002
1,32,934724.7998207612,6847726.104434972,28,75.10387500000006
1,32,934724.7998207612,6847726.104434972,29,82.61426250000005
1,32,934724.7998207612,6847726.104434972,30,88.11224773453027
1,32,934724.7998207612,6847726.104434972,31,63.617400000000046
1,32,934724.7998207612,6847726.104434972,32,88.11224773453027
1,32,934724.7998207612,6847726.104434972,33,82.61426250000005
1,32,934724.7998207612,6847726.104434972,34,75.10387500000006
1,32,934724.7998207612,6847726.104434972,35,67.59348750000002
1,32,934724.7998207612,6847726.104434972,36,62.095502265469854
1,32,934724.7998207612,6847726.104434972,37,60.08310000000003
1,32,934724.7998207612,6847726.104434972,38,62.095502265469854
1,32,934724.7998207612,6847726.104434972,39,67.59348750000002
1,32,934724.7998207612,6847726.104434972,40,75.10387500000006
1,32,934724.7998207612,6847726.104434972,41,82.61426250000005
1,32,934724.7998207612,6847726.104434972,42,88.11224773453027
1,32,934724.7998207612,6847726.104434972,43,63.617400000000046
1,32,934724.7998207612,6847726.104434972,44,88.11224773453027
1,32,934724.7998207612,6847726.104434972,45,82.61426250000005
1,32,934724.7998207612,6847726.104434972,46,75.10387500000006
1,32,934724.7998207612,6847726.104434972,47,67.59348750000002
1,32,934724.7998207612,6847726.104434972,48,62.095502265469854
1,4,935353.7998202943,6846475.604435598,1,19.05750000000001
1,4,935353.7998202943,6846475.604435598,2,19.05750000000001
1,4,935353.7998202943,6846475.604435598,3,19.05750000000001
1,4,935353.7998202943,6846475.604435598,4,19.057500000000015
1,4,935353.7998202943,6846475.604435598,5,19.05750000000001
1,4,935353.7998202943,6846475.604435598,6,19.05750000000001
1,4,935353.7998202943,6846475.604435598,7,19.05750000000001
1,4,935353.7998202943,6846475.604435598,8,19.05750000000001
1,4,935353.7998202943,6846475.604435598,9,19.05750000000001
1,4,935353.7998202943,6846475.604435598,10,19.057500000000015
1,4,935353.7998202943,6846475.604435598,11,19.05750000000001
1,4,935353.7998202943,6846475.604435598,12,19.057500000000015
1,4,935353.7998202943,6846475.604435598,13,19.05750000000001
1,4,935353.7998202943,6846475.604435598,14,19.057500000000015
1,4,935353.7998202943,6846475.604435598,15,19.05750000000001
1,4,935353.7998202943,6846475.604435598,16,19.05750000000001
1,4,935353.7998202943,6846475.604435598,17,19.05750000000001
1,4,935353.7998202943,6846475.604435598,18,19.05750000000001
1,4,935353.7998202943,6846475.604435598,19,19.05750000000001
1,4,935353.7998202943,6846475.604435598,20,19.05750000000001
1,4,935353.7998202943,6846475.604435598,21,19.05750000000001
1,4,935353.7998202943,6846475.604435598,22,19.057500000000015
1,4,935353.7998202943,6846475.604435598,23,19.05750000000001
1,4,935353.7998202943,6846475.604435598,24,19.05750000000001
1,4,935353.7998202943,6846475.604435598,25,19.05750000000001
1,4,935353.7998202943,6846475.604435598,26,19.05750000000001
1,4,935353.7998202943,6846475.604435598,27,19.05750000000001
1,4,935353.7998202943,6846475.604435598,28,19.05750000000001
1,4,935353.7998202943,6846475.604435598,29,19.05750000000001
1,4,935353.7998202943,6846475.604435598,30,19.05750000000001
1,4,935353.7998202943,6846475.604435598,31,19.05750000000001
1,4,935353.7998202943,6846475.604435598,32,19.05750000000001
1,4,935353.7998202943,6846475.604435598,33,19.05750000000001
1,4,935353.7998202943,6846475.604435598,34,19.05750000000001
1,4,935353.7998202943,6846475.604435598,35,19.05750000000001
1,4,935353.7998202943,6846475.604435598,36,19.057500000000015
1,4,935353.7998202943,6846475.604435598,37,19.05750000000001
1,4,935353.7998202943,6846475.604435598,38,19.05750000000001
1,4,935353.7998202943,6846475.604435598,39,19.05750000000001
1,4,935353.7998202943,6846475.604435598,40,19.05750000000001
1,4,935353.7998202943,6846475.604435598,41,19.05750000000001
1,4,935353.7998202943,6846475.604435598,42,19.05750000000001
1,4,935353.7998202943,6846475.604435598,43,19.05750000000001
1,4,935353.7998202943,6846475.604435598,44,19.05750000000001
1,4,935353.7998202943,6846475.604435598,45,19.05750000000001
1,4,935353.7998202943,6846475.604435598,46,19.05750000000001
1,4,935353.7998202943,6846475.604435598,47,19.057500000000008
1,4,935353.7998202943,6846475.604435598,48,19.05750000000001
1,44,932588.1998224115,6845816.204435961,1,4.712400000000002
1,44,932588.1998224115,6845816.204435961,2,4.870235471801555
1,44,932588.1998224115,6845816.204435961,3,5.3014500000000035
1,44,932588.1998224115,6845816.204435961,4,5.890500000000003
1,44,932588.1998224115,6845816.204435961,5,6.479550000000004
1,44,932588.1998224115,6845816.204435961,6,6.9107645281984516
1,44,932588.1998224115,6845816.204435961,7,7.068600000000003
1,44,932588.1998224115,6845816.204435961,8,6.9107645281984516
1,44,932588.1998224115,6845816.204435961,9,6.479550000000004
1,44,932588.1998224115,6845816.204435961,10,5.890500000000003
1,44,932588.1998224115,6845816.204435961,11,5.3014500000000035
1,44,932588.1998224115,6845816.204435961,12,4.870235471801555
1,44,932588.1998224115,6845816.204435961,13,4.712400000000002
1,44,932588.1998224115,6845816.204435961,14,4.870235471801555
1,44,932588.1998224115,6845816.204435961,15,5.3014500000000035
1,44,932588.1998224115,6845816.204435961,16,5.890500000000003
1,44,932588.1998224115,6845816.204435961,17,6.479550000000004
1,44,932588.1998224115,6845816.204435961,18,6.9107645281984516
1,44,932588.1998224115,6845816.204435961,19,7.068600000000003
1,44,932588.1998224115,6845816.204435961,20,6.9107645281984516
1,44,932588.1998224115,6845816.204435961,21,6.479550000000004
1,44,932588.1998224115,6845816.204435961,22,5.890500000000003
1,44,932588.1998224115,6845816.204435961,23,5.3014500000000035
1,44,932588.1998224115,6845816.204435961,24,4.870235471801555
1,44,932588.1998224115,6845816.204435961,25,4.712400000000002
1,44,932588.1998224115,6845816.204435961,26,4.870235471801555
1,44,932588.1998224115,6845816.204435961,27,5.3014500000000035
1,44,932588.1998224115,6845816.204435961,28,5.890500000000003
1,44,932588.1998224115,6845816.204435961,29,6.479550000000004
1,44,932588.1998224115,6845816.204435961,30,6.9107645281984516
1,44,932588.1998224115,6845816.204435961,31,7.068600000000003
1,44,932588.1998224115,6845816.204435961,32,6.9107645281984516
1,44,932588.1998224115,6845816.204435961,33,6.479550000000004
1,44,932588.1998224115,6845816.204435961,34,5.890500000000003
1,44,932588.1998224115,6845816.204435961,35,5.3014500000000035
1,44,932588.1998224115,6845816.204435961,36,4.870235471801555
1,44,932588.1998224115,6845816.204435961,37,4.712400000000002
1,44,932588.1998224115,6845816.204435961,38,4.870235471801555
1,44,932588.1998224115,6845816.204435961,39,5.3014500000000035
1,44,932588.1998224115,6845816.204435961,40,5.890500000000003
1,44,932588.1998224115,6845816.204435961,41,6.479550000000004
1,44,932588.1998224115,6845816.204435961,42,6.9107645281984516
1,44,932588.1998224115,6845816.204435961,43,7.068600000000003
1,44,932588.1998224115,6845816.204435961,44,6.9107645281984516
1,44,932588.1998224115,6845816.204435961,45,6.479550000000004
1,44,932588.1998224115,6845816.204435961,46,5.890500000000003
1,44,932588.1998224115,6845816.204435961,47,5.3014500000000035
1,44,932588.1998224115,6845816.204435961,48,4.870235471801555
2,7,933780.291513979,6846818.296141294,1,215.3844000000003
2,7,933780.291513979,6846818.296141294,2,222.59840950528292
2,7,933780.291513979,6846818.296141294,3,242.30745000000024
2,7,933780.291513979,6846818.296141294,4,269.2304999999998
2,7,933780.291513979,6846818.296141294,5,296.1535500000003
2,7,933780.291513979,6846818.296141294,6,315.8625904947175
2,7,933780.291513979,6846818.296141294,7,323.0765999999997
2,7,933780.291513979,6846818.296141294,8,315.8625904947175
2,7,933780.291513979,6846818.296141294,9,296.1535500000003
2,7,933780.291513979,6846818.296141294,10,269.2304999999998
2,7,933780.291513979,6846818.296141294,11,242.30745000000024
2,7,933780.291513979,6846818.296141294,12,222.59840950528292
2,7,933780.291513979,6846818.296141294,13,215.3844000000003
2,7,933780.291513979,6846818.296141294,14,222.59840950528292
2,7,933780.291513979,6846818.296141294,15,242.30745000000024
2,7,933780.291513979,6846818.296141294,16,269.2304999999998
2,7,933780.291513979,6846818.296141294,17,296.1535500000003
2,7,933780.291513979,6846818.296141294,18,315.8625904947175
2,7,933780.291513979,6846818.296141294,19,323.0765999999997
2,7,933780.291513979,6846818.296141294,20,315.8625904947175
2,7,933780.291513979,6846818.296141294,21,296.1535500000003
2,7,933780.291513979,6846818.296141294,22,269.2304999999998
2,7,933780.291513979,6846818.296141294,23,242.30745000000024
2,7,933780.291513979,6846818.296141294,24,222.59840950528292
2,7,933780.291513979,6846818.296141294,25,215.3844000000003
2,7,933780.291513979,6846818.296141294,26,222.59840950528292
2,7,933780.291513979,6846818.296141294,27,242.30745000000024
2,7,933780.291513979,6846818.296141294,28,269.2304999999998
2,7,933780.291513979,6846818.296141294,29,296.1535500000003
2,7,933780.291513979,6846818.296141294,30,315.8625904947175
2,7,933780.291513979,6846818.296141294,31,323.0765999999997
2,7,933780.291513979,6846818.296141294,32,315.8625904947175
2,7,933780.291513979,6846818.296141294,33,296.1535500000003
2,7,933780.291513979,6846818.296141294,34,269.2304999999998
2,7,933780.291513979,6846818.296141294,35,242.30745000000024
2,7,933780.291513979,6846818.296141294,36,222.59840950528292
2,7,933780.291513979,6846818.296141294,37,215.3844000000003
2,7,933780.291513979,6846818.296141294,38,222.59840950528292
2,7,933780.291513979,6846818.296141294,39,242.30745000000024
2,7,933780.291513979,6846818.296141294,40,269.2304999999998
2,7,933780.291513979,6846818.296141294,41,296.1535500000003
2,7,933780.291513979,6846818.296141294,42,315.8625904947175
2,7,933780.291513979,6846818.296141294,43,323.0765999999997
2,7,933780.291513979,6846818.296141294,44,315.8625904947175
2,7,933780.291513979,6846818.296141294,45,296.1535500000003
2,7,933780.291513979,6846818.296141294,46,269.2304999999998
2,7,933780.291513979,6846818.296141294,47,242.30745000000024
2,7,933780.291513979,6846818.296141294,48,222.59840950528292
2,50,933472.5998217161,6847811.904434941,4,149.89589999999998
2,50,933472.5998217161,6847811.904434941,5,291.57974999999993
2,50,933472.5998217161,6847811.904434941,6,291.5797499999998
2,50,933472.5998217161,6847811.904434941,7,291.57974999999976
2,50,933472.5998217161,6847811.904434941,8,291.5797499999998
2,50,933472.5998217161,6847811.904434941,10,291.5797499999995
2,50,933472.5998217161,6847811.904434941,12,265.57107543294353
2,50,933472.5998217161,6847811.904434941,17,291.57974999999993
2,50,933472.5998217161,6847811.904434941,19,291.5797499999998
2,50,933472.5998217161,6847811.904434941,21,164.8854900000002
2,50,933472.5998217161,6847811.904434941,22,149.89589999999998
2,50,933472.5998217161,6847811.904434941,25,256.9644000000004
2,50,933472.5998217161,6847811.904434941,29,164.8854900000002
2,50,933472.5998217161,6847811.904434941,30,175.85863146462643
2,50,933472.5998217161,6847811.904434941,32,175.85863146462643
2,50,933472.5998217161,6847811.904434941,35,134.90631000000002
2,50,933472.5998217161,6847811.904434941,36,123.9331685353737
2,50,933472.5998217161,6847811.904434941,37,256.9644000000004
2,50,933472.5998217161,6847811.904434941,38,123.9331685353737
2,50,933472.5998217161,6847811.904434941,40,149.89589999999998
2,50,933472.5998217161,6847811.904434941,42,291.5797499999999
2,50,933472.5998217161,6847811.904434941,43,179.8750800000002
2,50,933472.5998217161,6847811.904434941,45,291.57974999999993
2,50,933472.5998217161,6847811.904434941,47,289.0849500000003
2,50,933472.5998217161,6847811.904434941,1,137.04768000000013
2,50,933472.5998217161,6847811.904434941,2,141.63790689756988
2,50,933472.5998217161,6847811.904434941,3,154.1786400000001
2,50,933472.5998217161,6847811.904434941,15,154.1786400000001
2,50,933472.5998217161,6847811.904434941,16,171.30959999999993
2,50,933472.5998217161,6847811.904434941,24,141.63790689756988
2,50,933472.5998217161,6847811.904434941,26,141.63790689756988
2,50,933472.5998217161,6847811.904434941,27,154.1786400000001
2,50,933472.5998217161,6847811.904434941,28,171.30959999999993
2,50,933472.5998217161,6847811.904434941,41,188.4405600000001
2,50,933472.5998217161,6847811.904434941,44,200.98129310243033
2,50,933472.5998217161,6847811.904434941,46,171.30959999999993
2,50,933472.5998217161,6847811.904434941,18,85.26017456705686
2,50,933472.5998217161,6847811.904434941,20,85.26017456705686
2,50,933472.5998217161,6847811.904434941,31,93.86685000000027
2,50,933472.5998217161,6847811.904434941,9,61.74630000000047
2,50,933472.5998217161,6847811.904434941,33,61.746300000000495
2,50,933472.5998217161,6847811.904434941,34,29.6257500000002
2,76,933472.5998217161,6847811.904434941,1,119.91672000000011
2,76,933472.5998217161,6847811.904434941,2,123.9331685353737
2,76,933472.5998217161,6847811.904434941,3,134.90631000000002
2,76,933472.5998217161,6847811.904434941,9,291.57974999999993
2,76,933472.5998217161,6847811.904434941,11,289.0849500000003
2,76,933472.5998217161,6847811.904434941,13,256.9644000000004
2,76,933472.5998217161,6847811.904434941,14,265.57107543294353
2,76,933472.5998217161,6847811.904434941,15,134.90631000000002
2,76,933472.5998217161,6847811.904434941,16,149.89589999999998
2,76,933472.5998217161,6847811.904434941,18,291.5797499999998
2,76,933472.5998217161,6847811.904434941,20,291.5797499999998
2,76,933472.5998217161,6847811.904434941,23,289.0849500000003
2,76,933472.5998217161,6847811.904434941,24,123.9331685353737
2,76,933472.5998217161,6847811.904434941,26,123.9331685353737
2,76,933472.5998217161,6847811.904434941,27,134.90631000000002
2,76,933472.5998217161,6847811.904434941,28,149.89589999999998
2,76,933472.5998217161,6847811.904434941,31,291.57974999999976
2,76,933472.5998217161,6847811.904434941,33,291.57974999999993
2,76,933472.5998217161,6847811.904434941,34,291.5797499999995
2,76,933472.5998217161,6847811.904434941,39,289.0849500000003
2,76,933472.5998217161,6847811.904434941,41,164.8854900000002
2,76,933472.5998217161,6847811.904434941,44,175.85863146462643
2,76,933472.5998217161,6847811.904434941,46,149.89589999999998
2,76,933472.5998217161,6847811.904434941,48,265.57107543294353
2,76,933472.5998217161,6847811.904434941,4,171.30959999999993
2,76,933472.5998217161,6847811.904434941,21,188.4405600000001
2,76,933472.5998217161,6847811.904434941,22,171.30959999999993
2,76,933472.5998217161,6847811.904434941,29,188.4405600000001
2,76,933472.5998217161,6847811.904434941,30,200.98129310243033
2,76,933472.5998217161,6847811.904434941,32,200.98129310243033
2,76,933472.5998217161,6847811.904434941,35,154.1786400000001
2,76,933472.5998217161,6847811.904434941,36,141.63790689756988
2,76,933472.5998217161,6847811.904434941,38,141.63790689756988
2,76,933472.5998217161,6847811.904434941,40,171.30959999999993
2,76,933472.5998217161,6847811.904434941,43,205.57151999999996
2,76,933472.5998217161,6847811.904434941,6,85.26017456705686
2,76,933472.5998217161,6847811.904434941,7,93.86685000000027
2,76,933472.5998217161,6847811.904434941,8,85.26017456705686
2,76,933472.5998217161,6847811.904434941,19,93.86685000000026
2,76,933472.5998217161,6847811.904434941,42,85.26017456705686
2,76,933472.5998217161,6847811.904434941,45,61.74630000000052
2,76,933472.5998217161,6847811.904434941,17,61.74630000000051
2,76,933472.5998217161,6847811.904434941,5,61.74630000000047
2,76,933472.5998217161,6847811.904434941,10,29.6257500000002
2,8,932794.3604016128,6848981.7958182,1,434.0952000000004
2,8,932794.3604016128,6848981.7958182,2,448.6346322847785
2,8,932794.3604016128,6848981.7958182,3,488.3571000000006
2,8,932794.3604016128,6848981.7958182,4,542.6189999999997
2,8,932794.3604016128,6848981.7958182,5,573.6307499999996
2,8,932794.3604016128,6848981.7958182,6,573.6307499999999
2,8,932794.3604016128,6848981.7958182,7,573.63075
2,8,932794.3604016128,6848981.7958182,8,573.6307499999999
2,8,932794.3604016128,6848981.7958182,9,573.6307499999996
2,8,932794.3604016128,6848981.7958182,10,542.6189999999997
2,8,932794.3604016128,6848981.7958182,11,488.3571000000006
2,8,932794.3604016128,6848981.7958182,12,448.6346322847785
2,8,932794.3604016128,6848981.7958182,13,434.0952000000004
2,8,932794.3604016128,6848981.7958182,14,448.6346322847785
2,8,932794.3604016128,6848981.7958182,15,488.3571000000006
2,8,932794.3604016128,6848981.7958182,16,542.6189999999997
2,8,932794.3604016128,6848981.7958182,17,573.6307499999996
2,8,932794.3604016128,6848981.7958182,18,573.6307499999999
2,8,932794.3604016128,6848981.7958182,19,573.6307500000001
2,8,932794.3604016128,6848981.7958182,20,573.6307499999999
2,8,932794.3604016128,6848981.7958182,21,573.6307499999996
2,8,932794.3604016128,6848981.7958182,22,542.6189999999997
2,8,932794.3604016128,6848981.7958182,23,488.3571000000006
2,8,932794.3604016128,6848981.7958182,24,448.6346322847785
2,8,932794.3604016128,6848981.7958182,25,434.0952000000004
2,8,932794.3604016128,6848981.7958182,26,448.6346322847785
2,8,932794.3604016128,6848981.7958182,27,488.3571000000006
2,8,932794.3604016128,6848981.7958182,28,542.6189999999997
2,8,932794.3604016128,6848981.7958182,29,573.6307499999996
2,8,932794.3604016128,6848981.7958182,30,573.6307499999999
2,8,932794.3604016128,6848981.7958182,31,573.6307500000001
2,8,932794.3604016128,6848981.7958182,32,573.6307499999999
2,8,932794.3604016128,6848981.7958182,33,573.6307499999996
2,8,932794.3604016128,6848981.7958182,34,542.6189999999997
2,8,932794.3604016128,6848981.7958182,35,488.3571000000006
2,8,932794.3604016128,6848981.7958182,36,448.6346322847785
2,8,932794.3604016128,6848981.7958182,37,434.0952000000004
2,8,932794.3604016128,6848981.7958182,38,448.6346322847785
2,8,932794.3604016128,6848981.7958182,39,488.3571000000006
2,8,932794.3604016128,6848981.7958182,40,542.6189999999997
2,8,932794.3604016128,6848981.7958182,41,573.6307499999996
2,8,932794.3604016128,6848981.7958182,42,573.63075
2,8,932794.3604016128,6848981.7958182,43,573.63075
2,8,932794.3604016128,6848981.7958182,44,573.63075
2,8,932794.3604016128,6848981.7958182,45,573.6307499999996
2,8,932794.3604016128,6848981.7958182,46,542.6189999999997
2,8,932794.3604016128,6848981.7958182,47,488.3571000000006
2,8,932794.3604016128,6848981.7958182,48,448.6346322847785
2,69,934334.8998210647,6847164.004435261,1,182.952
2,69,934334.8998210647,6847164.004435261,2,182.952
2,69,934334.8998210647,6847164.004435261,3,182.952
2,69,934334.8998210647,6847164.004435261,4,182.952
2,69,934334.8998210647,6847164.004435261,5,182.95199999999997
2,69,934334.8998210647,6847164.004435261,6,182.95199999999997
2,69,934334.8998210647,6847164.004435261,7,182.95200000000003
2,69,934334.8998210647,6847164.004435261,8,182.95199999999997
2,69,934334.8998210647,6847164.004435261,9,182.95199999999997
2,69,934334.8998210647,6847164.004435261,10,182.952
2,69,934334.8998210647,6847164.004435261,11,182.952
2,69,934334.8998210647,6847164.004435261,12,182.952
2,69,934334.8998210647,6847164.004435261,13,182.952
2,69,934334.8998210647,6847164.004435261,14,182.952
2,69,934334.8998210647,6847164.004435261,15,182.952
2,69,934334.8998210647,6847164.004435261,16,182.952
2,69,934334.8998210647,6847164.004435261,17,182.95199999999997
2,69,934334.8998210647,6847164.004435261,18,182.95199999999997
2,69,934334.8998210647,6847164.004435261,19,182.95200000000003
2,69,934334.8998210647,6847164.004435261,20,182.95199999999997
2,69,934334.8998210647,6847164.004435261,21,182.95199999999997
2,69,934334.8998210647,6847164.004435261,22,182.952
2,69,934334.8998210647,6847164.004435261,23,182.952
2,69,934334.8998210647,6847164.004435261,24,182.952
2,69,934334.8998210647,6847164.004435261,25,182.952
2,69,934334.8998210647,6847164.004435261,26,182.952
2,69,934334.8998210647,6847164.004435261,27,182.952
2,69,934334.8998210647,6847164.004435261,28,182.952
2,69,934334.8998210647,6847164.004435261,29,182.95199999999997
2,69,934334.8998210647,6847164.004435261,30,182.95199999999997
2,69,934334.8998210647,6847164.004435261,31,182.95200000000003
2,69,934334.8998210647,6847164.004435261,32,182.95199999999997
2,69,934334.8998210647,6847164.004435261,33,182.95199999999997
2,69,934334.8998210647,6847164.004435261,34,182.952
2,69,934334.8998210647,6847164.004435261,35,182.952
2,69,934334.8998210647,6847164.004435261,36,182.952
2,69,934334.8998210647,6847164.004435261,37,182.952
2,69,934334.8998210647,6847164.004435261,38,182.952
2,69,934334.8998210647,6847164.004435261,39,182.952
2,69,934334.8998210647,6847164.004435261,40,182.952
2,69,934334.8998210647,6847164.004435261,41,182.95199999999997
2,69,934334.8998210647,6847164.004435261,42,182.95199999999997
2,69,934334.8998210647,6847164.004435261,43,182.95200000000003
2,69,934334.8998210647,6847164.004435261,44,182.95199999999997
2,69,934334.8998210647,6847164.004435261,45,182.95199999999997
2,69,934334.8998210647,6847164.004435261,46,182.952
2,69,934334.8998210647,6847164.004435261,47,182.952
2,69,934334.8998210647,6847164.004435261,48,182.952
2,38,933906.9998213904,6847232.504435231,1,538.0452000000005
2,38,933906.9998213904,6847232.504435231,2,556.0662971039296
2,38,933906.9998213904,6847232.504435231,3,605.3008500000012
2,38,933906.9998213904,6847232.504435231,4,672.5564999999982
2,38,933906.9998213904,6847232.504435231,5,739.8121499999994
2,38,933906.9998213904,6847232.504435231,6,789.0467028960704
2,38,933906.9998213904,6847232.504435231,7,807.0678000000015
2,38,933906.9998213904,6847232.504435231,8,789.0467028960704
2,38,933906.9998213904,6847232.504435231,9,739.8121499999994
2,38,933906.9998213904,6847232.504435231,10,672.5564999999982
2,38,933906.9998213904,6847232.504435231,11,605.3008500000012
2,38,933906.9998213904,6847232.504435231,12,556.0662971039296
2,38,933906.9998213904,6847232.504435231,13,538.0452000000005
2,38,933906.9998213904,6847232.504435231,14,556.0662971039296
2,38,933906.9998213904,6847232.504435231,15,605.3008500000012
2,38,933906.9998213904,6847232.504435231,16,672.5564999999982
2,38,933906.9998213904,6847232.504435231,17,739.8121499999994
2,38,933906.9998213904,6847232.504435231,18,789.0467028960704
2,38,933906.9998213904,6847232.504435231,19,807.0678000000015
2,38,933906.9998213904,6847232.504435231,20,789.0467028960704
2,38,933906.9998213904,6847232.504435231,21,739.8121499999994
2,38,933906.9998213904,6847232.504435231,22,672.5564999999982
2,38,933906.9998213904,6847232.504435231,23,605.3008500000012
2,38,933906.9998213904,6847232.504435231,24,556.0662971039296
2,38,933906.9998213904,6847232.504435231,25,538.0452000000005
2,38,933906.9998213904,6847232.504435231,26,556.0662971039296
2,38,933906.9998213904,6847232.504435231,27,605.3008500000012
2,38,933906.9998213904,6847232.504435231,28,672.5564999999982
2,38,933906.9998213904,6847232.504435231,29,739.8121499999994
2,38,933906.9998213904,6847232.504435231,30,789.0467028960704
2,38,933906.9998213904,6847232.504435231,31,807.0678000000015
2,38,933906.9998213904,6847232.504435231,32,789.0467028960704
2,38,933906.9998213904,6847232.504435231,33,739.8121499999994
2,38,933906.9998213904,6847232.504435231,34,672.5564999999982
2,38,933906.9998213904,6847232.504435231,35,605.3008500000012
2,38,933906.9998213904,6847232.504435231,36,556.0662971039296
2,38,933906.9998213904,6847232.504435231,37,538.0452000000005
2,38,933906.9998213904,6847232.504435231,38,556.0662971039296
2,38,933906.9998213904,6847232.504435231,39,605.3008500000012
2,38,933906.9998213904,6847232.504435231,40,672.5564999999982
2,38,933906.9998213904,6847232.504435231,41,739.8121499999994
2,38,933906.9998213904,6847232.504435231,42,789.0467028960704
2,38,933906.9998213904,6847232.504435231,43,807.0678000000015
2,38,933906.9998213904,6847232.504435231,44,789.0467028960704
2,38,933906.9998213904,6847232.504435231,45,739.8121499999994
2,38,933906.9998213904,6847232.504435231,46,672.5564999999982
2,38,933906.9998213904,6847232.504435231,47,605.3008500000012
2,38,933906.9998213904,6847232.504435231,48,556.0662971039296
2,37,934585.699820864,6848050.504434808,1,423.28440000000035
2,37,934585.699820864,6848050.504434808,2,437.46173914358656
2,37,934585.699820864,6848050.504434808,3,476.19495000000074
2,37,934585.699820864,6848050.504434808,4,529.1054999999993
2,37,934585.699820864,6848050.504434808,5,626.2294499999995
2,37,934585.699820864,6848050.504434808,6,731.6994504852443
2,37,934585.699820864,6848050.504434808,7,765.9036000000016
2,37,934585.699820864,6848050.504434808,8,124.36520312474462
2,37,934585.699820864,6848050.504434808,18,124.36520312474462
2,37,934585.699820864,6848050.504434808,19,144.69840000000005
2,37,934585.699820864,6848050.504434808,20,124.36520312474462
2,37,934585.699820864,6848050.504434808,30,124.36520312474462
2,37,934585.699820864,6848050.504434808,31,144.69840000000005
2,37,934585.699820864,6848050.504434808,32,124.36520312474462
2,37,934585.699820864,6848050.504434808,42,124.36520312474462
2,37,934585.699820864,6848050.504434808,43,144.69840000000005
2,37,934585.699820864,6848050.504434808,44,124.36520312474462
2,37,934585.699820864,6848050.504434808,9,86.90220000000005
2,37,934585.699820864,6848050.504434808,10,79.00200000000005
2,37,934585.699820864,6848050.504434808,11,71.10180000000003
2,37,934585.699820864,6848050.504434808,12,65.31845221004437
2,37,934585.699820864,6848050.504434808,13,63.20160000000003
2,37,934585.699820864,6848050.504434808,14,65.31845221004437
2,37,934585.699820864,6848050.504434808,15,71.10180000000003
2,37,934585.699820864,6848050.504434808,16,79.00200000000005
2,37,934585.699820864,6848050.504434808,17,86.90220000000005
2,37,934585.699820864,6848050.504434808,21,86.90220000000005
2,37,934585.699820864,6848050.504434808,22,79.00200000000005
2,37,934585.699820864,6848050.504434808,23,71.10180000000003
2,37,934585.699820864,6848050.504434808,24,65.31845221004437
2,37,934585.699820864,6848050.504434808,25,63.20160000000003
2,37,934585.699820864,6848050.504434808,26,65.31845221004437
2,37,934585.699820864,6848050.504434808,27,71.10180000000003
2,37,934585.699820864,6848050.504434808,28,79.00200000000005
2,37,934585.699820864,6848050.504434808,29,86.90220000000005
2,37,934585.699820864,6848050.504434808,33,86.90220000000005
2,37,934585.699820864,6848050.504434808,34,79.00200000000005
2,37,934585.699820864,6848050.504434808,35,71.10180000000003
2,37,934585.699820864,6848050.504434808,36,65.31845221004437
2,37,934585.699820864,6848050.504434808,37,63.20160000000003
2,37,934585.699820864,6848050.504434808,38,65.31845221004437
2,37,934585.699820864,6848050.504434808,39,71.10180000000003
2,37,934585.699820864,6848050.504434808,40,79.00200000000005
2,37,934585.699820864,6848050.504434808,41,86.90220000000005
2,37,934585.699820864,6848050.504434808,45,86.90220000000005
2,37,934585.699820864,6848050.504434808,46,79.00200000000005
2,37,934585.699820864,6848050.504434808,47,71.10180000000003
2,37,934585.699820864,6848050.504434808,48,65.31845221004437
2,57,934687.8998207864,6848019.504434823,8,230.4943227934425
2,57,934687.8998207864,6848019.504434823,9,216.11205000000018
2,57,934687.8998207864,6848019.504434823,10,196.46550000000005
2,57,934687.8998207864,6848019.504434823,11,176.81895000000003
2,57,934687.8998207864,6848019.504434823,12,162.43667720655768
2,57,934687.8998207864,6848019.504434823,13,157.17240000000018
2,57,934687.8998207864,6848019.504434823,14,162.43667720655768
2,57,934687.8998207864,6848019.504434823,15,176.81895000000003
2,57,934687.8998207864,6848019.504434823,16,196.46550000000005
2,57,934687.8998207864,6848019.504434823,17,216.11205000000018
2,57,934687.8998207864,6848019.504434823,18,230.4943227934425
2,57,934687.8998207864,6848019.504434823,19,235.75860000000011
2,57,934687.8998207864,6848019.504434823,20,230.4943227934425
2,57,934687.8998207864,6848019.504434823,21,216.11205000000018
2,57,934687.8998207864,6848019.504434823,22,196.46550000000005
2,57,934687.8998207864,6848019.504434823,23,176.81895000000003
2,57,934687.8998207864,6848019.504434823,24,162.43667720655768
2,57,934687.8998207864,6848019.504434823,25,157.17240000000018
2,57,934687.8998207864,6848019.504434823,26,162.43667720655768
2,57,934687.8998207864,6848019.504434823,27,176.81895000000003
2,57,934687.8998207864,6848019.504434823,28,196.46550000000005
2,57,934687.8998207864,6848019.504434823,29,216.11205000000018
2,57,934687.8998207864,6848019.504434823,30,230.4943227934425
2,57,934687.8998207864,6848019.504434823,31,235.75860000000011
2,57,934687.8998207864,6848019.504434823,32,230.4943227934425
2,57,934687.8998207864,6848019.504434823,33,216.11205000000018
2,57,934687.8998207864,6848019.504434823,34,196.46550000000005
2,57,934687.8998207864,6848019.504434823,35,176.81895000000003
2,57,934687.8998207864,6848019.504434823,36,162.43667720655768
2,57,934687.8998207864,6848019.504434823,37,157.17240000000018
2,57,934687.8998207864,6848019.504434823,38,162.43667720655768
2,57,934687.8998207864,6848019.504434823,39,176.81895000000003
2,57,934687.8998207864,6848019.504434823,40,196.46550000000005
2,57,934687.8998207864,6848019.504434823,41,216.11205000000018
2,57,934687.8998207864,6848019.504434823,42,230.4943227934425
2,57,934687.8998207864,6848019.504434823,43,235.75860000000011
2,57,934687.8998207864,6848019.504434823,44,230.4943227934425
2,57,934687.8998207864,6848019.504434823,45,216.11205000000018
2,57,934687.8998207864,6848019.504434823,46,196.46550000000005
2,57,934687.8998207864,6848019.504434823,47,176.81895000000003
2,57,934687.8998207864,6848019.504434823,48,162.43667720655768
2,31,934107.899821243,6846671.504435516,1,91.47600000000008
2,31,934107.899821243,6846671.504435516,2,94.5398650408537
2,31,934107.899821243,6846671.504435516,3,102.91049999999998
2,31,934107.899821243,6846671.504435516,4,114.34500000000013
2,31,934107.899821243,6846671.504435516,5,125.7795000000001
2,31,934107.899821243,6846671.504435516,6,144.6474774422063
2,31,934107.899821243,6846671.504435516,7,152.39070000000012
2,31,934107.899821243,6846671.504435516,8,144.6474774422063
2,31,934107.899821243,6846671.504435516,9,125.7795000000001
2,31,934107.899821243,6846671.504435516,10,114.34500000000013
2,31,934107.899821243,6846671.504435516,11,102.91049999999998
2,31,934107.899821243,6846671.504435516,12,94.5398650408537
2,31,934107.899821243,6846671.504435516,13,91.47600000000008
2,31,934107.899821243,6846671.504435516,14,94.5398650408537
2,31,934107.899821243,6846671.504435516,15,102.91049999999998
2,31,934107.899821243,6846671.504435516,16,114.34500000000013
2,31,934107.899821243,6846671.504435516,17,125.7795000000001
2,31,934107.899821243,6846671.504435516,18,144.6474774422063
2,31,934107.899821243,6846671.504435516,19,152.39070000000012
2,31,934107.899821243,6846671.504435516,20,144.6474774422063
2,31,934107.899821243,6846671.504435516,21,125.7795000000001
2,31,934107.899821243,6846671.504435516,22,114.34500000000013
2,31,934107.899821243,6846671.504435516,23,102.91049999999998
2,31,934107.899821243,6846671.504435516,24,94.5398650408537
2,31,934107.899821243,6846671.504435516,25,91.47600000000008
2,31,934107.899821243,6846671.504435516,26,94.5398650408537
2,31,934107.899821243,6846671.504435516,27,102.91049999999998
2,31,934107.899821243,6846671.504435516,28,114.34500000000013
2,31,934107.899821243,6846671.504435516,29,125.7795000000001
2,31,934107.899821243,6846671.504435516,30,144.6474774422063
2,31,934107.899821243,6846671.504435516,31,152.39070000000012
2,31,934107.899821243,6846671.504435516,32,144.6474774422063
2,31,934107.899821243,6846671.504435516,33,125.7795000000001
2,31,934107.899821243,6846671.504435516,34,114.34500000000013
2,31,934107.899821243,6846671.504435516,35,102.91049999999998
2,31,934107.899821243,6846671.504435516,36,94.5398650408537
2,31,934107.899821243,6846671.504435516,37,91.47600000000008
2,31,934107.899821243,6846671.504435516,38,94.5398650408537
2,31,934107.899821243,6846671.504435516,39,102.91049999999998
2,31,934107.899821243,6846671.504435516,40,114.34500000000013
2,31,934107.899821243,6846671.504435516,41,125.7795000000001
2,31,934107.899821243,6846671.504435516,42,144.6474774422063
2,31,934107.899821243,6846671.504435516,43,152.39070000000012
2,31,934107.899821243,6846671.504435516,44,144.6474774422063
2,31,934107.899821243,6846671.504435516,45,125.7795000000001
2,31,934107.899821243,6846671.504435516,46,114.34500000000013
2,31,934107.899821243,6846671.504435516,47,102.91049999999998
2,31,934107.899821243,6846671.504435516,48,94.5398650408537
2,23,933186.3998219331,6847949.604434876,1,235.3428000000004
2,23,933186.3998219331,6847949.604434876,2,243.22528915056012
2,23,933186.3998219331,6847949.604434876,3,264.76065000000017
2,23,933186.3998219331,6847949.604434876,4,294.1784999999997
2,23,933186.3998219331,6847949.604434876,5,323.59635000000037
2,23,933186.3998219331,6847949.604434876,6,345.1317108494403
2,23,933186.3998219331,6847949.604434876,7,353.0141999999998
2,23,933186.3998219331,6847949.604434876,8,345.1317108494403
2,23,933186.3998219331,6847949.604434876,9,323.59635000000037
2,23,933186.3998219331,6847949.604434876,10,294.1784999999997
2,23,933186.3998219331,6847949.604434876,11,264.76065000000017
2,23,933186.3998219331,6847949.604434876,12,243.22528915056012
2,23,933186.3998219331,6847949.604434876,13,235.3428000000004
2,23,933186.3998219331,6847949.604434876,14,243.22528915056012
2,23,933186.3998219331,6847949.604434876,15,264.76065000000017
2,23,933186.3998219331,6847949.604434876,16,294.1784999999997
2,23,933186.3998219331,6847949.604434876,17,323.59635000000037
2,23,933186.3998219331,6847949.604434876,18,345.1317108494403
2,23,933186.3998219331,6847949.604434876,19,353.0141999999998
2,23,933186.3998219331,6847949.604434876,20,345.1317108494403
2,23,933186.3998219331,6847949.604434876,21,323.59635000000037
2,23,933186.3998219331,6847949.604434876,22,294.1784999999997
2,23,933186.3998219331,6847949.604434876,23,264.76065000000017
2,23,933186.3998219331,6847949.604434876,24,243.22528915056012
2,23,933186.3998219331,6847949.604434876,25,235.3428000000004
2,23,933186.3998219331,6847949.604434876,26,243.22528915056012
2,23,933186.3998219331,6847949.604434876,27,264.76065000000017
2,23,933186.3998219331,6847949.604434876,28,294.1784999999997
2,23,933186.3998219331,6847949.604434876,29,323.59635000000037
2,23,933186.3998219331,6847949.604434876,30,345.1317108494403
2,23,933186.3998219331,6847949.604434876,31,353.0141999999998
2,23,933186.3998219331,6847949.604434876,32,345.1317108494403
2,23,933186.3998219331,6847949.604434876,33,323.59635000000037
2,23,933186.3998219331,6847949.604434876,34,294.1784999999997
2,23,933186.3998219331,6847949.604434876,35,264.76065000000017
2,23,933186.3998219331,6847949.604434876,36,243.22528915056012
2,23,933186.3998219331,6847949.604434876,37,235.3428000000004
2,23,933186.3998219331,6847949.604434876,38,243.22528915056012
2,23,933186.3998219331,6847949.604434876,39,264.76065000000017
2,23,933186.3998219331,6847949.604434876,40,294.1784999999997
2,23,933186.3998219331,6847949.604434876,41,323.59635000000037
2,23,933186.3998219331,6847949.604434876,42,345.1317108494403
2,23,933186.3998219331,6847949.604434876,43,353.0141999999998
2,23,933186.3998219331,6847949.604434876,44,345.1317108494403
2,23,933186.3998219331,6847949.604434876,45,323.59635000000037
2,23,933186.3998219331,6847949.604434876,46,294.1784999999997
2,23,933186.3998219331,6847949.604434876,47,264.76065000000017
2,23,933186.3998219331,6847949.604434876,48,243.22528915056012
2,74,933841.6998214169,6849513.504434072,8,370.7421911598228
2,74,933841.6998214169,6849513.504434072,9,347.6088000000003
2,74,933841.6998214169,6849513.504434072,10,316.00799999999975
2,74,933841.6998214169,6849513.504434072,11,284.40720000000016
2,74,933841.6998214169,6849513.504434072,12,261.2738088401776
2,74,933841.6998214169,6849513.504434072,13,252.80640000000034
2,74,933841.6998214169,6849513.504434072,14,261.2738088401776
2,74,933841.6998214169,6849513.504434072,15,284.40720000000016
2,74,933841.6998214169,6849513.504434072,16,316.00799999999975
2,74,933841.6998214169,6849513.504434072,17,347.6088000000003
2,74,933841.6998214169,6849513.504434072,18,370.7421911598228
2,74,933841.6998214169,6849513.504434072,19,379.2096
2,74,933841.6998214169,6849513.504434072,20,370.7421911598228
2,74,933841.6998214169,6849513.504434072,21,347.6088000000003
2,74,933841.6998214169,6849513.504434072,22,316.00799999999975
2,74,933841.6998214169,6849513.504434072,23,284.40720000000016
2,74,933841.6998214169,6849513.504434072,24,261.2738088401776
2,74,933841.6998214169,6849513.504434072,25,252.80640000000034
2,74,933841.6998214169,6849513.504434072,26,261.2738088401776
2,74,933841.6998214169,6849513.504434072,27,284.40720000000016
2,74,933841.6998214169,6849513.504434072,28,316.00799999999975
2,74,933841.6998214169,6849513.504434072,29,347.6088000000003
2,74,933841.6998214169,6849513.504434072,30,370.7421911598228
2,74,933841.6998214169,6849513.504434072,31,379.2096
2,74,933841.6998214169,6849513.504434072,32,370.7421911598228
2,74,933841.6998214169,6849513.504434072,33,347.6088000000003
2,74,933841.6998214169,6849513.504434072,34,316.00799999999975
2,74,933841.6998214169,6849513.504434072,35,284.40720000000016
2,74,933841.6998214169,6849513.504434072,36,261.2738088401776
2,74,933841.6998214169,6849513.504434072,37,252.80640000000034
2,74,933841.6998214169,6849513.504434072,38,261.2738088401776
2,74,933841.6998214169,6849513.504434072,39,284.40720000000016
2,74,933841.6998214169,6849513.504434072,40,316.00799999999975
2,74,933841.6998214169,6849513.504434072,41,347.6088000000003
2,74,933841.6998214169,6849513.504434072,42,370.7421911598228
2,74,933841.6998214169,6849513.504434072,43,379.2096
2,74,933841.6998214169,6849513.504434072,44,370.7421911598228
2,74,933841.6998214169,6849513.504434072,45,347.6088000000003
2,74,933841.6998214169,6849513.504434072,46,316.00799999999975
2,74,933841.6998214169,6849513.504434072,47,284.40720000000016
2,74,933841.6998214169,6849513.504434072,48,261.2738088401776
2,74,933841.6998214169,6849513.504434072,1,36.590400000000024
2,74,933841.6998214169,6849513.504434072,2,37.81594601634149
2,74,933841.6998214169,6849513.504434072,3,41.164200000000015
2,74,933841.6998214169,6849513.504434072,4,45.73800000000002
2,74,933841.6998214169,6849513.504434072,5,50.311800000000034
2,74,933841.6998214169,6849513.504434072,6,53.66005398365856
2,74,933841.6998214169,6849513.504434072,7,54.885600000000025
2,78,933743.3998214928,6849429.204434117,1,601.2468
2,78,933743.3998214928,6849429.204434117,2,621.3847493139743
2,78,933743.3998214928,6849429.204434117,3,676.4026500000016
2,78,933743.3998214928,6849429.204434117,4,726.0907499999997
2,78,933743.3998214928,6849429.204434117,5,726.0907499999997
2,78,933743.3998214928,6849429.204434117,6,726.0907499999996
2,78,933743.3998214928,6849429.204434117,7,726.0907499999997
2,78,933743.3998214928,6849429.204434117,8,595.1387805460314
2,78,933743.3998214928,6849429.204434117,9,558.0036000000008
2,78,933743.3998214928,6849429.204434117,10,507.2759999999997
2,78,933743.3998214928,6849429.204434117,11,456.5484000000006
2,78,933743.3998214928,6849429.204434117,12,419.4132194539691
2,78,933743.3998214928,6849429.204434117,13,405.82080000000025
2,78,933743.3998214928,6849429.204434117,14,419.4132194539691
2,78,933743.3998214928,6849429.204434117,15,456.5484000000006
2,78,933743.3998214928,6849429.204434117,16,507.2759999999997
2,78,933743.3998214928,6849429.204434117,17,558.0036000000008
2,78,933743.3998214928,6849429.204434117,18,595.1387805460314
2,78,933743.3998214928,6849429.204434117,19,608.7311999999995
2,78,933743.3998214928,6849429.204434117,20,595.1387805460314
2,78,933743.3998214928,6849429.204434117,21,558.0036000000008
2,78,933743.3998214928,6849429.204434117,22,507.2759999999997
2,78,933743.3998214928,6849429.204434117,23,456.5484000000006
2,78,933743.3998214928,6849429.204434117,24,419.4132194539691
2,78,933743.3998214928,6849429.204434117,25,405.82080000000025
2,78,933743.3998214928,6849429.204434117,26,419.4132194539691
2,78,933743.3998214928,6849429.204434117,27,456.5484000000006
2,78,933743.3998214928,6849429.204434117,28,507.2759999999997
2,78,933743.3998214928,6849429.204434117,29,558.0036000000008
2,78,933743.3998214928,6849429.204434117,30,595.1387805460314
2,78,933743.3998214928,6849429.204434117,31,608.7311999999995
2,78,933743.3998214928,6849429.204434117,32,595.1387805460314
2,78,933743.3998214928,6849429.204434117,33,558.0036000000008
2,78,933743.3998214928,6849429.204434117,34,507.2759999999997
2,78,933743.3998214928,6849429.204434117,35,456.5484000000006
2,78,933743.3998214928,6849429.204434117,36,419.4132194539691
2,78,933743.3998214928,6849429.204434117,37,405.82080000000025
2,78,933743.3998214928,6849429.204434117,38,419.4132194539691
2,78,933743.3998214928,6849429.204434117,39,456.5484000000006
2,78,933743.3998214928,6849429.204434117,40,507.2759999999997
2,78,933743.3998214928,6849429.204434117,41,558.0036000000008
2,78,933743.3998214928,6849429.204434117,42,595.1387805460314
2,78,933743.3998214928,6849429.204434117,43,608.7311999999995
2,78,933743.3998214928,6849429.204434117,44,595.1387805460314
2,78,933743.3998214928,6849429.204434117,45,558.0036000000008
2,78,933743.3998214928,6849429.204434117,46,507.2759999999997
2,78,933743.3998214928,6849429.204434117,47,456.5484000000006
2,78,933743.3998214928,6849429.204434117,48,419.4132194539691
2,41,934604.5998208483,6848166.104434751,8,532.9418997922454
2,41,934604.5998208483,6848166.104434751,9,469.5767999999998
2,41,934604.5998208483,6848166.104434751,10,386.6939999999997
2,41,934604.5998208483,6848166.104434751,11,348.02460000000036
2,41,934604.5998208483,6848166.104434751,12,319.71663450179614
2,41,934604.5998208483,6848166.104434751,13,309.35520000000037
2,41,934604.5998208483,6848166.104434751,14,319.71663450179614
2,41,934604.5998208483,6848166.104434751,15,348.02460000000036
2,41,934604.5998208483,6848166.104434751,16,386.6939999999997
2,41,934604.5998208483,6848166.104434751,17,469.5767999999998
2,41,934604.5998208483,6848166.104434751,18,532.9418997922454
2,41,934604.5998208483,6848166.104434751,19,545.1138000000001
2,41,934604.5998208483,6848166.104434751,20,532.9418997922454
2,41,934604.5998208483,6848166.104434751,21,469.5767999999998
2,41,934604.5998208483,6848166.104434751,22,386.6939999999997
2,41,934604.5998208483,6848166.104434751,23,348.02460000000036
2,41,934604.5998208483,6848166.104434751,24,319.71663450179614
2,41,934604.5998208483,6848166.104434751,25,309.35520000000037
2,41,934604.5998208483,6848166.104434751,26,319.71663450179614
2,41,934604.5998208483,6848166.104434751,27,348.02460000000036
2,41,934604.5998208483,6848166.104434751,28,386.6939999999997
2,41,934604.5998208483,6848166.104434751,29,469.5767999999998
2,41,934604.5998208483,6848166.104434751,30,532.9418997922454
2,41,934604.5998208483,6848166.104434751,31,545.1138000000001
2,41,934604.5998208483,6848166.104434751,32,532.9418997922454
2,41,934604.5998208483,6848166.104434751,33,469.5767999999998
2,41,934604.5998208483,6848166.104434751,34,386.6939999999997
2,41,934604.5998208483,6848166.104434751,35,348.02460000000036
2,41,934604.5998208483,6848166.104434751,36,319.71663450179614
2,41,934604.5998208483,6848166.104434751,37,309.35520000000037
2,41,934604.5998208483,6848166.104434751,38,319.71663450179614
2,41,934604.5998208483,6848166.104434751,39,348.02460000000036
2,41,934604.5998208483,6848166.104434751,40,386.6939999999997
2,41,934604.5998208483,6848166.104434751,41,469.5767999999998
2,41,934604.5998208483,6848166.104434751,42,532.9418997922454
2,41,934604.5998208483,6848166.104434751,43,545.1138000000001
2,41,934604.5998208483,6848166.104434751,44,532.9418997922454
2,41,934604.5998208483,6848166.104434751,45,469.5767999999998
2,41,934604.5998208483,6848166.104434751,46,386.6939999999997
2,41,934604.5998208483,6848166.104434751,47,348.02460000000036
2,41,934604.5998208483,6848166.104434751,48,319.71663450179614
2,41,934604.5998208483,6848166.104434751,1,168.81480000000016
2,41,934604.5998208483,6848166.104434751,2,174.46902366630275
2,41,934604.5998208483,6848166.104434751,3,189.91665000000003
2,41,934604.5998208483,6848166.104434751,4,211.01850000000005
2,41,934604.5998208483,6848166.104434751,5,232.12035000000014
2,41,934604.5998208483,6848166.104434751,6,247.56797633369737
2,41,934604.5998208483,6848166.104434751,7,253.2222000000001
2,47,934432.7998209777,6848335.404434666,1,81.49680000000006
2,47,934432.7998209777,6848335.404434666,2,84.22642521821513
2,47,934432.7998209777,6848335.404434666,3,91.68389999999998
2,47,934432.7998209777,6848335.404434666,4,101.8710000000001
2,47,934432.7998209777,6848335.404434666,5,112.05810000000008
2,47,934432.7998209777,6848335.404434666,6,119.51557478178499
2,47,934432.7998209777,6848335.404434666,7,122.24520000000007
2,47,934432.7998209777,6848335.404434666,8,119.51557478178499
2,47,934432.7998209777,6848335.404434666,9,112.05810000000008
2,47,934432.7998209777,6848335.404434666,10,101.8710000000001
2,47,934432.7998209777,6848335.404434666,11,91.68389999999998
2,47,934432.7998209777,6848335.404434666,12,84.22642521821513
2,47,934432.7998209777,6848335.404434666,13,81.49680000000006
2,47,934432.7998209777,6848335.404434666,14,84.22642521821513
2,47,934432.7998209777,6848335.404434666,15,91.68389999999998
2,47,934432.7998209777,6848335.404434666,16,101.8710000000001
2,47,934432.7998209777,6848335.404434666,17,112.05810000000008
2,47,934432.7998209777,6848335.404434666,18,119.51557478178499
2,47,934432.7998209777,6848335.404434666,19,122.24520000000007
2,47,934432.7998209777,6848335.404434666,20,119.51557478178499
2,47,934432.7998209777,6848335.404434666,21,112.05810000000008
2,47,934432.7998209777,6848335.404434666,22,101.8710000000001
2,47,934432.7998209777,6848335.404434666,23,91.68389999999998
2,47,934432.7998209777,6848335.404434666,24,84.22642521821513
2,47,934432.7998209777,6848335.404434666,25,81.49680000000006
2,47,934432.7998209777,6848335.404434666,26,84.22642521821513
2,47,934432.7998209777,6848335.404434666,27,91.68389999999998
2,47,934432.7998209777,6848335.404434666,28,101.8710000000001
2,47,934432.7998209777,6848335.404434666,29,112.05810000000008
2,47,934432.7998209777,6848335.404434666,30,119.51557478178499
2,47,934432.7998209777,6848335.404434666,31,122.24520000000007
2,47,934432.7998209777,6848335.404434666,32,119.51557478178499
2,47,934432.7998209777,6848335.404434666,33,112.05810000000008
2,47,934432.7998209777,6848335.404434666,34,101.8710000000001
2,47,934432.7998209777,6848335.404434666,35,91.68389999999998
2,47,934432.7998209777,6848335.404434666,36,84.22642521821513
2,47,934432.7998209777,6848335.404434666,37,81.49680000000006
2,47,934432.7998209777,6848335.404434666,38,84.22642521821513
2,47,934432.7998209777,6848335.404434666,39,91.68389999999998
2,47,934432.7998209777,6848335.404434666,40,101.8710000000001
2,47,934432.7998209777,6848335.404434666,41,112.05810000000008
2,47,934432.7998209777,6848335.404434666,42,119.51557478178499
2,47,934432.7998209777,6848335.404434666,43,122.24520000000007
2,47,934432.7998209777,6848335.404434666,44,119.51557478178499
2,47,934432.7998209777,6848335.404434666,45,112.05810000000008
2,47,934432.7998209777,6848335.404434666,46,101.8710000000001
2,47,934432.7998209777,6848335.404434666,47,91.68389999999998
2,47,934432.7998209777,6848335.404434666,48,84.22642521821513
2,39,932773.3998222386,6848897.604434397,1,211.53825000000003
2,39,932773.3998222386,6848897.604434397,2,211.53825
2,39,932773.3998222386,6848897.604434397,3,211.53825000000012
2,39,932773.3998222386,6848897.604434397,4,211.53824999999995
2,39,932773.3998222386,6848897.604434397,5,211.53825000000026
2,39,932773.3998222386,6848897.604434397,6,211.53825000000015
2,39,932773.3998222386,6848897.604434397,7,211.53825000000003
2,39,932773.3998222386,6848897.604434397,8,211.53825000000015
2,39,932773.3998222386,6848897.604434397,9,211.53825000000026
2,39,932773.3998222386,6848897.604434397,10,211.53824999999998
2,39,932773.3998222386,6848897.604434397,11,211.53825000000012
2,39,932773.3998222386,6848897.604434397,12,211.53825
2,39,932773.3998222386,6848897.604434397,13,211.53825000000003
2,39,932773.3998222386,6848897.604434397,14,211.53825
2,39,932773.3998222386,6848897.604434397,15,211.53825000000012
2,39,932773.3998222386,6848897.604434397,16,211.53824999999998
2,39,932773.3998222386,6848897.604434397,17,211.53825000000026
2,39,932773.3998222386,6848897.604434397,18,211.53825000000015
2,39,932773.3998222386,6848897.604434397,19,211.53825000000003
2,39,932773.3998222386,6848897.604434397,20,211.53825000000015
2,39,932773.3998222386,6848897.604434397,21,211.53825000000026
2,39,932773.3998222386,6848897.604434397,22,211.53824999999995
2,39,932773.3998222386,6848897.604434397,23,211.53825000000012
2,39,932773.3998222386,6848897.604434397,24,211.53825000000003
2,39,932773.3998222386,6848897.604434397,25,211.53825000000003
2,39,932773.3998222386,6848897.604434397,26,211.53825
2,39,932773.3998222386,6848897.604434397,27,211.53825000000012
2,39,932773.3998222386,6848897.604434397,28,211.53824999999995
2,39,932773.3998222386,6848897.604434397,29,211.5382500000003
2,39,932773.3998222386,6848897.604434397,30,211.53825000000015
2,39,932773.3998222386,6848897.604434397,31,211.53825000000003
2,39,932773.3998222386,6848897.604434397,32,211.53825000000015
2,39,932773.3998222386,6848897.604434397,33,211.5382500000003
2,39,932773.3998222386,6848897.604434397,34,211.53824999999998
2,39,932773.3998222386,6848897.604434397,35,211.53825000000012
2,39,932773.3998222386,6848897.604434397,36,211.53825000000003
2,39,932773.3998222386,6848897.604434397,37,211.53825000000003
2,39,932773.3998222386,6848897.604434397,38,211.53825
2,39,932773.3998222386,6848897.604434397,39,211.53825000000012
2,39,932773.3998222386,6848897.604434397,40,211.53824999999998
2,39,932773.3998222386,6848897.604434397,41,211.53825000000023
2,39,932773.3998222386,6848897.604434397,42,211.5382500000001
2,39,932773.3998222386,6848897.604434397,43,211.53825000000003
2,39,932773.3998222386,6848897.604434397,44,211.5382500000001
2,39,932773.3998222386,6848897.604434397,45,211.53825000000023
2,39,932773.3998222386,6848897.604434397,46,211.53824999999998
2,39,932773.3998222386,6848897.604434397,47,211.53825000000012
2,39,932773.3998222386,6848897.604434397,48,211.53825
2,17,934313.499821071,6848126.304434771,1,729.3131999999998
2,17,934313.499821071,6848126.304434771,2,753.7405603711688
2,17,934313.499821071,6848126.304434771,3,820.4773500000022
2,17,934313.499821071,6848126.304434771,4,911.6414999999986
2,17,934313.499821071,6848126.304434771,5,958.5922500000011
2,17,934313.499821071,6848126.304434771,6,958.5922500000011
2,17,934313.499821071,6848126.304434771,7,958.5922500000011
2,17,934313.499821071,6848126.304434771,8,958.5922500000011
2,17,934313.499821071,6848126.304434771,9,958.5922500000012
2,17,934313.499821071,6848126.304434771,10,911.6414999999986
2,17,934313.499821071,6848126.304434771,11,820.4773500000022
2,17,934313.499821071,6848126.304434771,12,753.7405603711688
2,17,934313.499821071,6848126.304434771,13,729.3131999999998
2,17,934313.499821071,6848126.304434771,14,753.7405603711688
2,17,934313.499821071,6848126.304434771,15,820.4773500000022
2,17,934313.499821071,6848126.304434771,16,911.6414999999986
2,17,934313.499821071,6848126.304434771,17,958.5922500000012
2,17,934313.499821071,6848126.304434771,18,958.5922500000011
2,17,934313.499821071,6848126.304434771,19,958.5922500000011
2,17,934313.499821071,6848126.304434771,20,958.5922500000011
2,17,934313.499821071,6848126.304434771,21,958.5922500000012
2,17,934313.499821071,6848126.304434771,22,911.6414999999986
2,17,934313.499821071,6848126.304434771,23,820.4773500000022
2,17,934313.499821071,6848126.304434771,24,753.7405603711688
2,17,934313.499821071,6848126.304434771,25,729.3131999999998
2,17,934313.499821071,6848126.304434771,26,753.7405603711688
2,17,934313.499821071,6848126.304434771,27,820.4773500000022
2,17,934313.499821071,6848126.304434771,28,911.6414999999986
2,17,934313.499821071,6848126.304434771,29,958.5922500000012
2,17,934313.499821071,6848126.304434771,30,958.5922500000011
2,17,934313.499821071,6848126.304434771,31,958.5922500000011
2,17,934313.499821071,6848126.304434771,32,958.5922500000011
2,17,934313.499821071,6848126.304434771,33,958.5922500000012
2,17,934313.499821071,6848126.304434771,34,911.6414999999986
2,17,934313.499821071,6848126.304434771,35,820.4773500000022
2,17,934313.499821071,6848126.304434771,36,753.7405603711688
2,17,934313.499821071,6848126.304434771,37,729.3131999999998
2,17,934313.499821071,6848126.304434771,38,753.7405603711688
2,17,934313.499821071,6848126.304434771,39,820.4773500000022
2,17,934313.499821071,6848126.304434771,40,911.6414999999986
2,17,934313.499821071,6848126.304434771,41,958.5922500000012
2,17,934313.499821071,6848126.304434771,42,958.5922500000011
2,17,934313.499821071,6848126.304434771,43,958.5922500000011
2,17,934313.499821071,6848126.304434771,44,958.5922500000011
2,17,934313.499821071,6848126.304434771,45,958.5922500000012
2,17,934313.499821071,6848126.304434771,46,911.6414999999986
2,17,934313.499821071,6848126.304434771,47,820.4773500000022
2,17,934313.499821071,6848126.304434771,48,753.7405603711688
2,79,934635.7998208292,6847723.804434974,1,541.3715999999998
2,79,934635.7998208292,6847723.804434974,2,559.5041103781426
2,79,934635.7998208292,6847723.804434974,3,609.0430500000017
2,79,934635.7998208292,6847723.804434974,4,676.7144999999994
2,79,934635.7998208292,6847723.804434974,5,744.3859499999993
2,79,934635.7998208292,6847723.804434974,6,793.9248896218576
2,79,934635.7998208292,6847723.804434974,7,812.0574000000018
2,79,934635.7998208292,6847723.804434974,8,361.8463170570906
2,79,934635.7998208292,6847723.804434974,9,308.35035000000084
2,79,934635.7998208292,6847723.804434974,10,235.27349999999967
2,79,934635.7998208292,6847723.804434974,11,200.20770000000005
2,79,934635.7998208292,6847723.804434974,12,183.92301017038812
2,79,934635.7998208292,6847723.804434974,13,177.9624000000003
2,79,934635.7998208292,6847723.804434974,14,183.92301017038812
2,79,934635.7998208292,6847723.804434974,15,200.20770000000005
2,79,934635.7998208292,6847723.804434974,16,235.27349999999967
2,79,934635.7998208292,6847723.804434974,17,308.35035000000084
2,79,934635.7998208292,6847723.804434974,18,361.8463170570906
2,79,934635.7998208292,6847723.804434974,19,381.4272000000001
2,79,934635.7998208292,6847723.804434974,20,361.8463170570906
2,79,934635.7998208292,6847723.804434974,21,308.35035000000084
2,79,934635.7998208292,6847723.804434974,22,235.27349999999967
2,79,934635.7998208292,6847723.804434974,23,200.20770000000005
2,79,934635.7998208292,6847723.804434974,24,183.92301017038812
2,79,934635.7998208292,6847723.804434974,25,177.9624000000003
2,79,934635.7998208292,6847723.804434974,26,183.92301017038812
2,79,934635.7998208292,6847723.804434974,27,200.20770000000005
2,79,934635.7998208292,6847723.804434974,28,235.27349999999967
2,79,934635.7998208292,6847723.804434974,29,308.35035000000084
2,79,934635.7998208292,6847723.804434974,30,361.8463170570906
2,79,934635.7998208292,6847723.804434974,31,381.4272
2,79,934635.7998208292,6847723.804434974,32,361.8463170570906
2,79,934635.7998208292,6847723.804434974,33,308.35035000000084
2,79,934635.7998208292,6847723.804434974,34,235.27349999999967
2,79,934635.7998208292,6847723.804434974,35,200.20770000000005
2,79,934635.7998208292,6847723.804434974,36,183.92301017038812
2,79,934635.7998208292,6847723.804434974,37,177.9624000000003
2,79,934635.7998208292,6847723.804434974,38,183.92301017038812
2,79,934635.7998208292,6847723.804434974,39,200.20770000000005
2,79,934635.7998208292,6847723.804434974,40,235.27349999999967
2,79,934635.7998208292,6847723.804434974,41,308.35035000000084
2,79,934635.7998208292,6847723.804434974,42,361.8463170570906
2,79,934635.7998208292,6847723.804434974,43,381.4272
2,79,934635.7998208292,6847723.804434974,44,361.8463170570906
2,79,934635.7998208292,6847723.804434974,45,308.35035000000084
2,79,934635.7998208292,6847723.804434974,46,235.27349999999967
2,79,934635.7998208292,6847723.804434974,47,200.20770000000005
2,79,934635.7998208292,6847723.804434974,48,183.92301017038812
2,12,933061.759090488,6845988.289810399,1,485.96624999999983
2,12,933061.759090488,6845988.289810399,2,485.9662499999999
2,12,933061.759090488,6845988.289810399,3,485.96624999999995
2,12,933061.759090488,6845988.289810399,4,485.96624999999983
2,12,933061.759090488,6845988.289810399,5,485.96625
2,12,933061.759090488,6845988.289810399,6,485.9662499999999
2,12,933061.759090488,6845988.289810399,7,485.9662499999999
2,12,933061.759090488,6845988.289810399,8,485.9662499999999
2,12,933061.759090488,6845988.289810399,9,485.96625
2,12,933061.759090488,6845988.289810399,10,485.96624999999983
2,12,933061.759090488,6845988.289810399,11,485.96624999999995
2,12,933061.759090488,6845988.289810399,12,485.9662499999999
2,12,933061.759090488,6845988.289810399,13,485.96624999999983
2,12,933061.759090488,6845988.289810399,14,485.9662499999999
2,12,933061.759090488,6845988.289810399,15,485.96624999999995
2,12,933061.759090488,6845988.289810399,16,485.96624999999983
2,12,933061.759090488,6845988.289810399,17,485.96625
2,12,933061.759090488,6845988.289810399,18,485.9662499999999
2,12,933061.759090488,6845988.289810399,19,485.9662499999999
2,12,933061.759090488,6845988.289810399,20,485.9662499999999
2,12,933061.759090488,6845988.289810399,21,485.96625
2,12,933061.759090488,6845988.289810399,22,485.96624999999983
2,12,933061.759090488,6845988.289810399,23,485.96624999999995
2,12,933061.759090488,6845988.289810399,24,485.9662499999999
2,12,933061.759090488,6845988.289810399,25,485.96624999999983
2,12,933061.759090488,6845988.289810399,26,485.9662499999999
2,12,933061.759090488,6845988.289810399,27,485.96624999999995
2,12,933061.759090488,6845988.289810399,28,485.96624999999983
2,12,933061.759090488,6845988.289810399,29,485.96625
2,12,933061.759090488,6845988.289810399,30,485.9662499999999
2,12,933061.759090488,6845988.289810399,31,485.9662499999999
2,12,933061.759090488,6845988.289810399,32,485.9662499999999
2,12,933061.759090488,6845988.289810399,33,485.96625
2,12,933061.759090488,6845988.289810399,34,485.96624999999983
2,12,933061.759090488,6845988.289810399,35,485.96624999999995
2,12,933061.759090488,6845988.289810399,36,485.9662499999999
2,12,933061.759090488,6845988.289810399,37,485.96624999999983
2,12,933061.759090488,6845988.289810399,38,485.9662499999999
2,12,933061.759090488,6845988.289810399,39,485.96624999999995
2,12,933061.759090488,6845988.289810399,40,485.96624999999983
2,12,933061.759090488,6845988.289810399,41,485.96625
2,12,933061.759090488,6845988.289810399,42,485.9662499999999
2,12,933061.759090488,6845988.289810399,43,485.9662499999999
2,12,933061.759090488,6845988.289810399,44,485.9662499999999
2,12,933061.759090488,6845988.289810399,45,485.96625
2,12,933061.759090488,6845988.289810399,46,485.96624999999983
2,12,933061.759090488,6845988.289810399,47,485.96624999999995
2,12,933061.759090488,6845988.289810399,48,485.9662499999999
2,60,933867.5998214042,6848816.004434429,1,77.33880000000003
2,60,933867.5998214042,6848816.004434429,2,79.929158625449
2,60,933867.5998214042,6848816.004434429,3,87.00615
2,60,933867.5998214042,6848816.004434429,4,96.67350000000006
2,60,933867.5998214042,6848816.004434429,5,106.34085000000005
2,60,933867.5998214042,6848816.004434429,6,113.41784137455105
2,60,933867.5998214042,6848816.004434429,7,118.57230000000014
2,60,933867.5998214042,6848816.004434429,8,947.157750000001
2,60,933867.5998214042,6848816.004434429,9,947.1577499999989
2,60,933867.5998214042,6848816.004434429,10,891.8909999999995
2,60,933867.5998214042,6848816.004434429,11,802.7019000000017
2,60,933867.5998214042,6848816.004434429,12,737.410947318657
2,60,933867.5998214042,6848816.004434429,13,713.5127999999994
2,60,933867.5998214042,6848816.004434429,14,737.410947318657
2,60,933867.5998214042,6848816.004434429,15,802.7019000000017
2,60,933867.5998214042,6848816.004434429,16,891.8909999999995
2,60,933867.5998214042,6848816.004434429,17,947.1577499999989
2,60,933867.5998214042,6848816.004434429,18,947.157750000001
2,60,933867.5998214042,6848816.004434429,19,947.1577500000035
2,60,933867.5998214042,6848816.004434429,20,947.157750000001
2,60,933867.5998214042,6848816.004434429,21,947.1577499999989
2,60,933867.5998214042,6848816.004434429,22,891.8909999999995
2,60,933867.5998214042,6848816.004434429,23,802.7019000000017
2,60,933867.5998214042,6848816.004434429,24,737.410947318657
2,60,933867.5998214042,6848816.004434429,25,713.5127999999994
2,60,933867.5998214042,6848816.004434429,26,737.410947318657
2,60,933867.5998214042,6848816.004434429,27,802.7019000000017
2,60,933867.5998214042,6848816.004434429,28,891.8909999999995
2,60,933867.5998214042,6848816.004434429,29,947.1577499999989
2,60,933867.5998214042,6848816.004434429,30,947.157750000001
2,60,933867.5998214042,6848816.004434429,31,947.1577500000035
2,60,933867.5998214042,6848816.004434429,32,947.157750000001
2,60,933867.5998214042,6848816.004434429,33,947.1577499999989
2,60,933867.5998214042,6848816.004434429,34,891.8909999999995
2,60,933867.5998214042,6848816.004434429,35,802.7019000000017
2,60,933867.5998214042,6848816.004434429,36,737.410947318657
2,60,933867.5998214042,6848816.004434429,37,713.5127999999994
2,60,933867.5998214042,6848816.004434429,38,737.410947318657
2,60,933867.5998214042,6848816.004434429,39,802.7019000000017
2,60,933867.5998214042,6848816.004434429,40,891.8909999999995
2,60,933867.5998214042,6848816.004434429,41,947.1577499999989
2,60,933867.5998214042,6848816.004434429,42,947.157750000001
2,60,933867.5998214042,6848816.004434429,43,947.1577500000035
2,60,933867.5998214042,6848816.004434429,44,947.157750000001
2,60,933867.5998214042,6848816.004434429,45,947.1577499999989
2,60,933867.5998214042,6848816.004434429,46,891.8909999999995
2,60,933867.5998214042,6848816.004434429,47,802.7019000000017
2,60,933867.5998214042,6848816.004434429,48,737.410947318657
2,33,933229.2998218873,6849228.104434224,1,455.4742499999998
2,33,933229.2998218873,6849228.104434224,2,455.4742499999998
2,33,933229.2998218873,6849228.104434224,3,455.4742499999998
2,33,933229.2998218873,6849228.104434224,4,455.4742499999998
2,33,933229.2998218873,6849228.104434224,5,455.4742499999997
2,33,933229.2998218873,6849228.104434224,6,455.4742499999997
2,33,933229.2998218873,6849228.104434224,7,455.47424999999987
2,33,933229.2998218873,6849228.104434224,8,455.4742499999997
2,33,933229.2998218873,6849228.104434224,9,455.4742499999997
2,33,933229.2998218873,6849228.104434224,10,455.4742499999998
2,33,933229.2998218873,6849228.104434224,11,455.4742499999998
2,33,933229.2998218873,6849228.104434224,12,455.4742499999998
2,33,933229.2998218873,6849228.104434224,13,455.4742499999998
2,33,933229.2998218873,6849228.104434224,14,455.4742499999998
2,33,933229.2998218873,6849228.104434224,15,455.4742499999998
2,33,933229.2998218873,6849228.104434224,16,455.4742499999998
2,33,933229.2998218873,6849228.104434224,17,455.47424999999987
2,33,933229.2998218873,6849228.104434224,18,455.4742499999997
2,33,933229.2998218873,6849228.104434224,19,455.47424999999987
2,33,933229.2998218873,6849228.104434224,20,455.4742499999997
2,33,933229.2998218873,6849228.104434224,21,455.4742499999997
2,33,933229.2998218873,6849228.104434224,22,455.4742499999998
2,33,933229.2998218873,6849228.104434224,23,455.4742499999998
2,33,933229.2998218873,6849228.104434224,24,455.4742499999998
2,33,933229.2998218873,6849228.104434224,25,455.4742499999998
2,33,933229.2998218873,6849228.104434224,26,455.4742499999998
2,33,933229.2998218873,6849228.104434224,27,455.4742499999998
2,33,933229.2998218873,6849228.104434224,28,455.4742499999998
2,33,933229.2998218873,6849228.104434224,29,455.4742499999997
2,33,933229.2998218873,6849228.104434224,30,455.4742499999997
2,33,933229.2998218873,6849228.104434224,31,455.47424999999987
2,33,933229.2998218873,6849228.104434224,32,455.4742499999997
2,33,933229.2998218873,6849228.104434224,33,455.4742499999997
2,33,933229.2998218873,6849228.104434224,34,455.4742499999998
2,33,933229.2998218873,6849228.104434224,35,455.4742499999998
2,33,933229.2998218873,6849228.104434224,36,455.4742499999998
2,33,933229.2998218873,6849228.104434224,37,455.4742499999998
2,33,933229.2998218873,6849228.104434224,38,455.4742499999998
2,33,933229.2998218873,6849228.104434224,39,455.4742499999998
2,33,933229.2998218873,6849228.104434224,40,455.4742499999998
2,33,933229.2998218873,6849228.104434224,41,455.4742499999997
2,33,933229.2998218873,6849228.104434224,42,455.4742499999998
2,33,933229.2998218873,6849228.104434224,43,455.47424999999987
2,33,933229.2998218873,6849228.104434224,44,455.4742499999998
2,33,933229.2998218873,6849228.104434224,45,455.47424999999987
2,33,933229.2998218873,6849228.104434224,46,455.4742499999998
2,33,933229.2998218873,6849228.104434224,47,455.4742499999998
2,33,933229.2998218873,6849228.104434224,48,455.4742499999998
2,73,933230.5998218857,6849269.904434204,5,295.77240000000097
2,73,933230.5998218857,6849269.904434204,9,295.77240000000097
2,73,933230.5998218857,6849269.904434204,17,295.7724000000008
2,73,933230.5998218857,6849269.904434204,21,295.77240000000097
2,73,933230.5998218857,6849269.904434204,29,295.77240000000097
2,73,933230.5998218857,6849269.904434204,33,295.77240000000097
2,73,933230.5998218857,6849269.904434204,41,295.77240000000097
2,73,933230.5998218857,6849269.904434204,42,345.7679197105383
2,73,933230.5998218857,6849269.904434204,45,295.7724000000008
2,73,933230.5998218857,6849269.904434204,6,345.7679197105385
2,73,933230.5998218857,6849269.904434204,7,364.06755
2,73,933230.5998218857,6849269.904434204,8,345.7679197105385
2,73,933230.5998218857,6849269.904434204,18,345.7679197105385
2,73,933230.5998218857,6849269.904434204,19,364.06755
2,73,933230.5998218857,6849269.904434204,20,345.7679197105385
2,73,933230.5998218857,6849269.904434204,30,345.7679197105385
2,73,933230.5998218857,6849269.904434204,31,364.06755
2,73,933230.5998218857,6849269.904434204,32,345.7679197105385
2,73,933230.5998218857,6849269.904434204,43,364.06755
2,73,933230.5998218857,6849269.904434204,44,345.7679197105383
2,73,933230.5998218857,6849269.904434204,3,159.18210000000082
2,73,933230.5998218857,6849269.904434204,11,159.18210000000082
2,73,933230.5998218857,6849269.904434204,15,159.18210000000082
2,73,933230.5998218857,6849269.904434204,23,159.18210000000082
2,73,933230.5998218857,6849269.904434204,27,159.18210000000082
2,73,933230.5998218857,6849269.904434204,35,159.18210000000082
2,73,933230.5998218857,6849269.904434204,39,159.18210000000082
2,73,933230.5998218857,6849269.904434204,47,159.18210000000082
2,73,933230.5998218857,6849269.904434204,36,109.18658028946255
2,73,933230.5998218857,6849269.904434204,1,90.8869500000006
2,73,933230.5998218857,6849269.904434204,13,90.8869500000006
2,73,933230.5998218857,6849269.904434204,25,90.8869500000006
2,73,933230.5998218857,6849269.904434204,37,90.8869500000006
2,73,933230.5998218857,6849269.904434204,4,227.47725000000017
2,73,933230.5998218857,6849269.904434204,10,227.47725000000017
2,73,933230.5998218857,6849269.904434204,40,227.47725000000017
2,73,933230.5998218857,6849269.904434204,46,227.47725000000017
2,73,933230.5998218857,6849269.904434204,2,109.1865802894625
2,73,933230.5998218857,6849269.904434204,12,109.1865802894625
2,73,933230.5998218857,6849269.904434204,14,109.1865802894625
2,73,933230.5998218857,6849269.904434204,16,227.47725000000017
2,73,933230.5998218857,6849269.904434204,22,227.47725000000017
2,73,933230.5998218857,6849269.904434204,24,109.1865802894625
2,73,933230.5998218857,6849269.904434204,26,109.1865802894625
2,73,933230.5998218857,6849269.904434204,28,227.47725000000017
2,73,933230.5998218857,6849269.904434204,34,227.47725000000017
2,73,933230.5998218857,6849269.904434204,38,109.1865802894625
2,73,933230.5998218857,6849269.904434204,48,109.1865802894625
2,10,933074.0319191051,6846600.749738233,1,354.26160000000044
2,10,933074.0319191051,6846600.749738233,2,366.12711370366975
2,10,933074.0319191051,6846600.749738233,3,398.5443000000003
2,10,933074.0319191051,6846600.749738233,4,405.92475000000024
2,10,933074.0319191051,6846600.749738233,5,405.9247500000002
2,10,933074.0319191051,6846600.749738233,6,405.9247500000002
2,10,933074.0319191051,6846600.749738233,7,405.9247499999996
2,10,933074.0319191051,6846600.749738233,8,405.9247500000002
2,10,933074.0319191051,6846600.749738233,9,405.9247500000002
2,10,933074.0319191051,6846600.749738233,10,405.92475000000024
2,10,933074.0319191051,6846600.749738233,11,398.5443000000003
2,10,933074.0319191051,6846600.749738233,12,366.12711370366975
2,10,933074.0319191051,6846600.749738233,13,354.26160000000044
2,10,933074.0319191051,6846600.749738233,14,366.12711370366975
2,10,933074.0319191051,6846600.749738233,15,398.5443000000003
2,10,933074.0319191051,6846600.749738233,16,405.92475000000024
2,10,933074.0319191051,6846600.749738233,17,405.92475000000024
2,10,933074.0319191051,6846600.749738233,18,405.9247500000002
2,10,933074.0319191051,6846600.749738233,19,405.9247499999996
2,10,933074.0319191051,6846600.749738233,20,405.9247500000002
2,10,933074.0319191051,6846600.749738233,21,405.9247500000002
2,10,933074.0319191051,6846600.749738233,22,405.92475000000024
2,10,933074.0319191051,6846600.749738233,23,398.5443000000003
2,10,933074.0319191051,6846600.749738233,24,366.12711370366975
2,10,933074.0319191051,6846600.749738233,25,354.26160000000044
2,10,933074.0319191051,6846600.749738233,26,366.12711370366975
2,10,933074.0319191051,6846600.749738233,27,398.5443000000003
2,10,933074.0319191051,6846600.749738233,28,405.92475000000024
2,10,933074.0319191051,6846600.749738233,29,405.9247500000002
2,10,933074.0319191051,6846600.749738233,30,405.9247500000002
2,10,933074.0319191051,6846600.749738233,31,405.9247499999996
2,10,933074.0319191051,6846600.749738233,32,405.9247500000002
2,10,933074.0319191051,6846600.749738233,33,405.92475000000024
2,10,933074.0319191051,6846600.749738233,34,405.92475000000024
2,10,933074.0319191051,6846600.749738233,35,398.5443000000003
2,10,933074.0319191051,6846600.749738233,36,366.12711370366975
2,10,933074.0319191051,6846600.749738233,37,354.26160000000044
2,10,933074.0319191051,6846600.749738233,38,366.12711370366975
2,10,933074.0319191051,6846600.749738233,39,398.5443000000003
2,10,933074.0319191051,6846600.749738233,40,405.92475000000024
2,10,933074.0319191051,6846600.749738233,41,405.92475000000024
2,10,933074.0319191051,6846600.749738233,42,405.9247500000002
2,10,933074.0319191051,6846600.749738233,43,405.9247499999996
2,10,933074.0319191051,6846600.749738233,44,405.9247500000002
2,10,933074.0319191051,6846600.749738233,45,405.9247500000002
2,10,933074.0319191051,6846600.749738233,46,405.92475000000024
2,10,933074.0319191051,6846600.749738233,47,398.5443000000003
2,10,933074.0319191051,6846600.749738233,48,366.12711370366975
2,24,932152.499822722,6847957.104434883,1,183.78360000000032
2,24,932152.499822722,6847957.104434883,2,189.93918340026067
2,24,932152.499822722,6847957.104434883,3,206.75655
2,24,932152.499822722,6847957.104434883,4,229.72950000000003
2,24,932152.499822722,6847957.104434883,5,252.70245000000025
2,24,932152.499822722,6847957.104434883,6,269.51981659973967
2,24,932152.499822722,6847957.104434883,7,275.6754000000001
2,24,932152.499822722,6847957.104434883,8,269.51981659973967
2,24,932152.499822722,6847957.104434883,9,252.70245000000025
2,24,932152.499822722,6847957.104434883,10,229.72950000000003
2,24,932152.499822722,6847957.104434883,11,206.75655
2,24,932152.499822722,6847957.104434883,12,189.93918340026067
2,24,932152.499822722,6847957.104434883,13,183.78360000000032
2,24,932152.499822722,6847957.104434883,14,189.93918340026067
2,24,932152.499822722,6847957.104434883,15,206.75655
2,24,932152.499822722,6847957.104434883,16,229.72950000000003
2,24,932152.499822722,6847957.104434883,17,252.70245000000025
2,24,932152.499822722,6847957.104434883,18,269.51981659973967
2,24,932152.499822722,6847957.104434883,19,275.6754000000001
2,24,932152.499822722,6847957.104434883,20,269.51981659973967
2,24,932152.499822722,6847957.104434883,21,252.70245000000025
2,24,932152.499822722,6847957.104434883,22,229.72950000000003
2,24,932152.499822722,6847957.104434883,23,206.75655
2,24,932152.499822722,6847957.104434883,24,189.93918340026067
2,24,932152.499822722,6847957.104434883,25,183.78360000000032
2,24,932152.499822722,6847957.104434883,26,189.93918340026067
2,24,932152.499822722,6847957.104434883,27,206.75655
2,24,932152.499822722,6847957.104434883,28,229.72950000000003
2,24,932152.499822722,6847957.104434883,29,252.70245000000025
2,24,932152.499822722,6847957.104434883,30,269.51981659973967
2,24,932152.499822722,6847957.104434883,31,275.6754000000001
2,24,932152.499822722,6847957.104434883,32,269.51981659973967
2,24,932152.499822722,6847957.104434883,33,252.70245000000025
2,24,932152.499822722,6847957.104434883,34,229.72950000000003
2,24,932152.499822722,6847957.104434883,35,206.75655
2,24,932152.499822722,6847957.104434883,36,189.93918340026067
2,24,932152.499822722,6847957.104434883,37,183.78360000000032
2,24,932152.499822722,6847957.104434883,38,189.93918340026067
2,24,932152.499822722,6847957.104434883,39,206.75655
2,24,932152.499822722,6847957.104434883,40,229.72950000000003
2,24,932152.499822722,6847957.104434883,41,252.70245000000025
2,24,932152.499822722,6847957.104434883,42,269.51981659973967
2,24,932152.499822722,6847957.104434883,43,275.6754000000001
2,24,932152.499822722,6847957.104434883,44,269.51981659973967
2,24,932152.499822722,6847957.104434883,45,252.70245000000025
2,24,932152.499822722,6847957.104434883,46,229.72950000000003
2,24,932152.499822722,6847957.104434883,47,206.75655
2,24,932152.499822722,6847957.104434883,48,189.93918340026067
2,61,932731.0998222867,6847344.104435187,1,191.26800000000017
2,61,932731.0998222867,6847344.104435187,2,197.67426326723958
2,61,932731.0998222867,6847344.104435187,3,215.1765000000001
2,61,932731.0998222867,6847344.104435187,4,239.0849999999998
2,61,932731.0998222867,6847344.104435187,5,262.9935000000002
2,61,932731.0998222867,6847344.104435187,6,280.49573673276063
2,61,932731.0998222867,6847344.104435187,7,286.90200000000004
2,61,932731.0998222867,6847344.104435187,8,280.49573673276063
2,61,932731.0998222867,6847344.104435187,9,262.9935000000002
2,61,932731.0998222867,6847344.104435187,10,239.0849999999998
2,61,932731.0998222867,6847344.104435187,11,215.1765000000001
2,61,932731.0998222867,6847344.104435187,12,197.67426326723958
2,61,932731.0998222867,6847344.104435187,13,191.26800000000017
2,61,932731.0998222867,6847344.104435187,14,197.67426326723958
2,61,932731.0998222867,6847344.104435187,15,215.1765000000001
2,61,932731.0998222867,6847344.104435187,16,239.0849999999998
2,61,932731.0998222867,6847344.104435187,17,262.9935000000002
2,61,932731.0998222867,6847344.104435187,18,280.49573673276063
2,61,932731.0998222867,6847344.104435187,19,286.90200000000004
2,61,932731.0998222867,6847344.104435187,20,280.49573673276063
2,61,932731.0998222867,6847344.104435187,21,262.9935000000002
2,61,932731.0998222867,6847344.104435187,22,239.0849999999998
2,61,932731.0998222867,6847344.104435187,23,215.1765000000001
2,61,932731.0998222867,6847344.104435187,24,197.67426326723958
2,61,932731.0998222867,6847344.104435187,25,191.26800000000017
2,61,932731.0998222867,6847344.104435187,26,197.67426326723958
2,61,932731.0998222867,6847344.104435187,27,215.1765000000001
2,61,932731.0998222867,6847344.104435187,28,239.0849999999998
2,61,932731.0998222867,6847344.104435187,29,262.9935000000002
2,61,932731.0998222867,6847344.104435187,30,280.49573673276063
2,61,932731.0998222867,6847344.104435187,31,286.90200000000004
2,61,932731.0998222867,6847344.104435187,32,280.49573673276063
2,61,932731.0998222867,6847344.104435187,33,262.9935000000002
2,61,932731.0998222867,6847344.104435187,34,239.0849999999998
2,61,932731.0998222867,6847344.104435187,35,215.1765000000001
2,61,932731.0998222867,6847344.104435187,36,197.67426326723958
2,61,932731.0998222867,6847344.104435187,37,191.26800000000017
2,61,932731.0998222867,6847344.104435187,38,197.67426326723958
2,61,932731.0998222867,6847344.104435187,39,215.1765000000001
2,61,932731.0998222867,6847344.104435187,40,239.0849999999998
2,61,932731.0998222867,6847344.104435187,41,262.9935000000002
2,61,932731.0998222867,6847344.104435187,42,280.49573673276063
2,61,932731.0998222867,6847344.104435187,43,286.90200000000004
2,61,932731.0998222867,6847344.104435187,44,280.49573673276063
2,61,932731.0998222867,6847344.104435187,45,262.9935000000002
2,61,932731.0998222867,6847344.104435187,46,239.0849999999998
2,61,932731.0998222867,6847344.104435187,47,215.1765000000001
2,61,932731.0998222867,6847344.104435187,48,197.67426326723958
2,52,933544.3998216777,6846209.704435752,1,775.8828000000004
2,52,933544.3998216777,6846209.704435752,2,801.8699462101491
2,52,933544.3998216777,6846209.704435752,3,872.8681500000009
2,52,933544.3998216777,6846209.704435752,4,969.8534999999995
2,52,933544.3998216777,6846209.704435752,5,1066.83885
2,52,933544.3998216777,6846209.704435752,6,1137.8370537898522
2,52,933544.3998216777,6846209.704435752,7,1163.8242000000002
2,52,933544.3998216777,6846209.704435752,8,1137.8370537898522
2,52,933544.3998216777,6846209.704435752,9,1066.83885
2,52,933544.3998216777,6846209.704435752,10,969.8534999999995
2,52,933544.3998216777,6846209.704435752,11,872.8681500000009
2,52,933544.3998216777,6846209.704435752,12,801.8699462101491
2,52,933544.3998216777,6846209.704435752,13,775.8828000000004
2,52,933544.3998216777,6846209.704435752,14,801.8699462101491
2,52,933544.3998216777,6846209.704435752,15,872.8681500000009
2,52,933544.3998216777,6846209.704435752,16,969.8534999999995
2,52,933544.3998216777,6846209.704435752,17,1066.83885
2,52,933544.3998216777,6846209.704435752,18,1137.8370537898522
2,52,933544.3998216777,6846209.704435752,19,1163.8242000000002
2,52,933544.3998216777,6846209.704435752,20,1137.8370537898522
2,52,933544.3998216777,6846209.704435752,21,1066.83885
2,52,933544.3998216777,6846209.704435752,22,969.8534999999995
2,52,933544.3998216777,6846209.704435752,23,872.8681500000009
2,52,933544.3998216777,6846209.704435752,24,801.8699462101491
2,52,933544.3998216777,6846209.704435752,25,775.8828000000004
2,52,933544.3998216777,6846209.704435752,26,801.8699462101491
2,52,933544.3998216777,6846209.704435752,27,872.8681500000009
2,52,933544.3998216777,6846209.704435752,28,969.8534999999995
2,52,933544.3998216777,6846209.704435752,29,1066.83885
2,52,933544.3998216777,6846209.704435752,30,1137.8370537898522
2,52,933544.3998216777,6846209.704435752,31,1163.8242000000002
2,52,933544.3998216777,6846209.704435752,32,1137.8370537898522
2,52,933544.3998216777,6846209.704435752,33,1066.83885
2,52,933544.3998216777,6846209.704435752,34,969.8534999999995
2,52,933544.3998216777,6846209.704435752,35,872.8681500000009
2,52,933544.3998216777,6846209.704435752,36,801.8699462101491
2,52,933544.3998216777,6846209.704435752,37,775.8828000000004
2,52,933544.3998216777,6846209.704435752,38,801.8699462101491
2,52,933544.3998216777,6846209.704435752,39,872.8681500000009
2,52,933544.3998216777,6846209.704435752,40,969.8534999999995
2,52,933544.3998216777,6846209.704435752,41,1066.83885
2,52,933544.3998216777,6846209.704435752,42,1137.8370537898522
2,52,933544.3998216777,6846209.704435752,43,1163.8242000000002
2,52,933544.3998216777,6846209.704435752,44,1137.8370537898522
2,52,933544.3998216777,6846209.704435752,45,1066.83885
2,52,933544.3998216777,6846209.704435752,46,969.8534999999995
2,52,933544.3998216777,6846209.704435752,47,872.8681500000009
2,52,933544.3998216777,6846209.704435752,48,801.8699462101491
2,65,930937.2998236478,6848136.804434802,2,139.17414071771734
2,65,930937.2998236478,6848136.804434802,5,106.18839000000007
2,65,930937.2998236478,6848136.804434802,7,115.8418800000001
2,65,930937.2998236478,6848136.804434802,8,113.25523515035816
2,65,930937.2998236478,6848136.804434802,9,227.54655000000022
2,65,930937.2998236478,6848136.804434802,11,186.17445
2,65,930937.2998236478,6848136.804434802,16,206.86049999999994
2,65,930937.2998236478,6848136.804434802,19,115.8418800000001
2,65,930937.2998236478,6848136.804434802,22,206.86049999999994
2,65,930937.2998236478,6848136.804434802,23,186.17445
2,65,930937.2998236478,6848136.804434802,24,171.0312103920899
2,65,930937.2998236478,6848136.804434802,27,186.17445
2,65,930937.2998236478,6848136.804434802,34,206.86049999999994
2,65,930937.2998236478,6848136.804434802,35,186.17445
2,65,930937.2998236478,6848136.804434802,37,165.48840000000013
2,65,930937.2998236478,6848136.804434802,39,186.17445
2,65,930937.2998236478,6848136.804434802,40,206.86049999999994
2,65,930937.2998236478,6848136.804434802,47,186.17445
2,65,930937.2998236478,6848136.804434802,6,129.43455445755217
2,65,930937.2998236478,6848136.804434802,17,121.35816000000014
2,65,930937.2998236478,6848136.804434802,29,121.35816000000014
2,65,930937.2998236478,6848136.804434802,30,129.43455445755217
2,65,930937.2998236478,6848136.804434802,43,132.39072000000002
2,65,930937.2998236478,6848136.804434802,44,129.43455445755217
2,65,930937.2998236478,6848136.804434802,45,121.35816000000014
2,65,930937.2998236478,6848136.804434802,1,35.59248000000001
2,70,930937.2998236478,6848136.804434802,1,129.8959200000001
2,70,930937.2998236478,6848136.804434802,3,186.17445
2,70,930937.2998236478,6848136.804434802,4,206.86049999999994
2,70,930937.2998236478,6848136.804434802,6,113.25523515035816
2,70,930937.2998236478,6848136.804434802,10,206.86049999999994
2,70,930937.2998236478,6848136.804434802,12,171.0312103920899
2,70,930937.2998236478,6848136.804434802,13,165.48840000000013
2,70,930937.2998236478,6848136.804434802,14,171.0312103920899
2,70,930937.2998236478,6848136.804434802,15,186.17445
2,70,930937.2998236478,6848136.804434802,17,106.18839000000007
2,70,930937.2998236478,6848136.804434802,18,242.68978960791037
2,70,930937.2998236478,6848136.804434802,20,242.68978960791037
2,70,930937.2998236478,6848136.804434802,21,227.54655000000022
2,70,930937.2998236478,6848136.804434802,25,165.48840000000013
2,70,930937.2998236478,6848136.804434802,26,171.0312103920899
2,70,930937.2998236478,6848136.804434802,28,206.86049999999994
2,70,930937.2998236478,6848136.804434802,29,106.18839000000007
2,70,930937.2998236478,6848136.804434802,30,113.25523515035816
2,70,930937.2998236478,6848136.804434802,31,248.23260000000008
2,70,930937.2998236478,6848136.804434802,32,242.68978960791037
2,70,930937.2998236478,6848136.804434802,33,227.54655000000022
2,70,930937.2998236478,6848136.804434802,36,171.0312103920899
2,70,930937.2998236478,6848136.804434802,38,171.0312103920899
2,70,930937.2998236478,6848136.804434802,41,227.54655000000022
2,70,930937.2998236478,6848136.804434802,42,242.68978960791037
2,70,930937.2998236478,6848136.804434802,43,115.8418800000001
2,70,930937.2998236478,6848136.804434802,44,113.25523515035816
2,70,930937.2998236478,6848136.804434802,45,106.18839000000007
2,70,930937.2998236478,6848136.804434802,46,206.86049999999994
2,70,930937.2998236478,6848136.804434802,48,171.0312103920899
2,70,930937.2998236478,6848136.804434802,5,121.35816000000014
2,70,930937.2998236478,6848136.804434802,7,132.39072000000002
2,70,930937.2998236478,6848136.804434802,8,129.43455445755217
2,70,930937.2998236478,6848136.804434802,19,132.39072000000002
2,70,930937.2998236478,6848136.804434802,2,31.85706967437252
2,1,933761.3998214833,6849018.604434323,1,370.8936000000003
2,1,933761.3998214833,6849018.604434323,2,383.3161800747339
2,1,933761.3998214833,6849018.604434323,3,417.25530000000083
2,1,933761.3998214833,6849018.604434323,4,463.61699999999945
2,1,933761.3998214833,6849018.604434323,5,509.978700000001
2,1,933761.3998214833,6849018.604434323,6,543.9178199252665
2,1,933761.3998214833,6849018.604434323,7,556.3403999999999
2,1,933761.3998214833,6849018.604434323,8,543.9178199252665
2,1,933761.3998214833,6849018.604434323,9,509.978700000001
2,1,933761.3998214833,6849018.604434323,10,463.61699999999945
2,1,933761.3998214833,6849018.604434323,11,417.25530000000083
2,1,933761.3998214833,6849018.604434323,12,383.3161800747339
2,1,933761.3998214833,6849018.604434323,13,370.8936000000003
2,1,933761.3998214833,6849018.604434323,14,383.3161800747339
2,1,933761.3998214833,6849018.604434323,15,417.25530000000083
2,1,933761.3998214833,6849018.604434323,16,463.61699999999945
2,1,933761.3998214833,6849018.604434323,17,509.978700000001
2,1,933761.3998214833,6849018.604434323,18,543.9178199252665
2,1,933761.3998214833,6849018.604434323,19,556.3403999999999
2,1,933761.3998214833,6849018.604434323,20,543.9178199252665
2,1,933761.3998214833,6849018.604434323,21,509.978700000001
2,1,933761.3998214833,6849018.604434323,22,463.61699999999945
2,1,933761.3998214833,6849018.604434323,23,417.25530000000083
2,1,933761.3998214833,6849018.604434323,24,383.3161800747339
2,1,933761.3998214833,6849018.604434323,25,370.8936000000003
2,1,933761.3998214833,6849018.604434323,26,383.3161800747339
2,1,933761.3998214833,6849018.604434323,27,417.25530000000083
2,1,933761.3998214833,6849018.604434323,28,463.61699999999945
2,1,933761.3998214833,6849018.604434323,29,509.978700000001
2,1,933761.3998214833,6849018.604434323,30,543.9178199252665
2,1,933761.3998214833,6849018.604434323,31,556.3403999999999
2,1,933761.3998214833,6849018.604434323,32,543.9178199252665
2,1,933761.3998214833,6849018.604434323,33,509.978700000001
2,1,933761.3998214833,6849018.604434323,34,463.61699999999945
2,1,933761.3998214833,6849018.604434323,35,417.25530000000083
2,1,933761.3998214833,6849018.604434323,36,383.3161800747339
2,1,933761.3998214833,6849018.604434323,37,370.8936000000003
2,1,933761.3998214833,6849018.604434323,38,383.3161800747339
2,1,933761.3998214833,6849018.604434323,39,417.25530000000083
2,1,933761.3998214833,6849018.604434323,40,463.61699999999945
2,1,933761.3998214833,6849018.604434323,41,509.978700000001
2,1,933761.3998214833,6849018.604434323,42,543.9178199252665
2,1,933761.3998214833,6849018.604434323,43,556.3403999999999
2,1,933761.3998214833,6849018.604434323,44,543.9178199252665
2,1,933761.3998214833,6849018.604434323,45,509.978700000001
2,1,933761.3998214833,6849018.604434323,46,463.61699999999945
2,1,933761.3998214833,6849018.604434323,47,417.25530000000083
2,1,933761.3998214833,6849018.604434323,48,383.3161800747339
2,55,934305.7998210939,6846479.404435608,1,467.91360000000066
2,55,934305.7998210939,6846479.404435608,2,502.4795683245406
2,55,934305.7998210939,6846479.404435608,3,596.9155500000016
2,55,934305.7998210939,6846479.404435608,4,725.9174999999993
2,55,934305.7998210939,6846479.404435608,5,819.4724999999986
2,55,934305.7998210939,6846479.404435608,6,819.472500000001
2,55,934305.7998210939,6846479.404435608,7,819.4725000000026
2,55,934305.7998210939,6846479.404435608,8,819.472500000001
2,55,934305.7998210939,6846479.404435608,9,819.4724999999986
2,55,934305.7998210939,6846479.404435608,10,725.9174999999993
2,55,934305.7998210939,6846479.404435608,11,596.9155500000016
2,55,934305.7998210939,6846479.404435608,12,502.4795683245406
2,55,934305.7998210939,6846479.404435608,13,467.91360000000066
2,55,934305.7998210939,6846479.404435608,14,502.4795683245406
2,55,934305.7998210939,6846479.404435608,15,596.9155500000016
2,55,934305.7998210939,6846479.404435608,16,725.9174999999993
2,55,934305.7998210939,6846479.404435608,17,819.4724999999986
2,55,934305.7998210939,6846479.404435608,18,819.4725000000009
2,55,934305.7998210939,6846479.404435608,19,819.4725000000026
2,55,934305.7998210939,6846479.404435608,20,819.472500000001
2,55,934305.7998210939,6846479.404435608,21,819.4724999999986
2,55,934305.7998210939,6846479.404435608,22,725.9174999999993
2,55,934305.7998210939,6846479.404435608,23,596.9155500000016
2,55,934305.7998210939,6846479.404435608,24,502.4795683245406
2,55,934305.7998210939,6846479.404435608,25,467.91360000000066
2,55,934305.7998210939,6846479.404435608,26,502.4795683245406
2,55,934305.7998210939,6846479.404435608,27,596.9155500000016
2,55,934305.7998210939,6846479.404435608,28,725.9174999999991
2,55,934305.7998210939,6846479.404435608,29,819.4724999999986
2,55,934305.7998210939,6846479.404435608,30,819.4725000000011
2,55,934305.7998210939,6846479.404435608,31,819.4725000000026
2,55,934305.7998210939,6846479.404435608,32,819.4725000000011
2,55,934305.7998210939,6846479.404435608,33,819.4724999999986
2,55,934305.7998210939,6846479.404435608,34,725.9174999999993
2,55,934305.7998210939,6846479.404435608,35,596.9155500000016
2,55,934305.7998210939,6846479.404435608,36,502.4795683245406
2,55,934305.7998210939,6846479.404435608,37,467.91360000000066
2,55,934305.7998210939,6846479.404435608,38,502.4795683245406
2,55,934305.7998210939,6846479.404435608,39,596.9155500000016
2,55,934305.7998210939,6846479.404435608,40,725.9174999999991
2,55,934305.7998210939,6846479.404435608,41,819.4724999999986
2,55,934305.7998210939,6846479.404435608,42,819.4725000000011
2,55,934305.7998210939,6846479.404435608,43,819.4725000000026
2,55,934305.7998210939,6846479.404435608,44,819.4725000000011
2,55,934305.7998210939,6846479.404435608,45,819.4724999999986
2,55,934305.7998210939,6846479.404435608,46,725.9174999999993
2,55,934305.7998210939,6846479.404435608,47,596.9155500000016
2,55,934305.7998210939,6846479.404435608,48,502.4795683245406
2,28,933302.5998218316,6849201.904434238,1,143.0352000000002
2,28,933302.5998218316,6849201.904434238,2,147.82597079115297
2,28,933302.5998218316,6849201.904434238,3,160.91459999999998
2,28,933302.5998218316,6849201.904434238,4,178.79399999999987
2,28,933302.5998218316,6849201.904434238,5,196.67340000000016
2,28,933302.5998218316,6849201.904434238,6,209.76202920884714
2,28,933302.5998218316,6849201.904434238,7,214.5528
2,28,933302.5998218316,6849201.904434238,8,209.76202920884714
2,28,933302.5998218316,6849201.904434238,9,196.67340000000016
2,28,933302.5998218316,6849201.904434238,10,178.79399999999987
2,28,933302.5998218316,6849201.904434238,11,160.91459999999998
2,28,933302.5998218316,6849201.904434238,12,147.82597079115297
2,28,933302.5998218316,6849201.904434238,13,143.0352000000002
2,28,933302.5998218316,6849201.904434238,14,147.82597079115297
2,28,933302.5998218316,6849201.904434238,15,160.91459999999998
2,28,933302.5998218316,6849201.904434238,16,178.79399999999987
2,28,933302.5998218316,6849201.904434238,17,196.67340000000016
2,28,933302.5998218316,6849201.904434238,18,209.76202920884714
2,28,933302.5998218316,6849201.904434238,19,214.5528
2,28,933302.5998218316,6849201.904434238,20,209.76202920884714
2,28,933302.5998218316,6849201.904434238,21,196.67340000000016
2,28,933302.5998218316,6849201.904434238,22,178.79399999999987
2,28,933302.5998218316,6849201.904434238,23,160.91459999999998
2,28,933302.5998218316,6849201.904434238,24,147.82597079115297
2,28,933302.5998218316,6849201.904434238,25,143.0352000000002
2,28,933302.5998218316,6849201.904434238,26,147.82597079115297
2,28,933302.5998218316,6849201.904434238,27,160.91459999999998
2,28,933302.5998218316,6849201.904434238,28,178.79399999999987
2,28,933302.5998218316,6849201.904434238,29,196.67340000000016
2,28,933302.5998218316,6849201.904434238,30,209.76202920884714
2,28,933302.5998218316,6849201.904434238,31,214.5528
2,28,933302.5998218316,6849201.904434238,32,209.76202920884714
2,28,933302.5998218316,6849201.904434238,33,196.67340000000016
2,28,933302.5998218316,6849201.904434238,34,178.79399999999987
2,28,933302.5998218316,6849201.904434238,35,160.91459999999998
2,28,933302.5998218316,6849201.904434238,36,147.82597079115297
2,28,933302.5998218316,6849201.904434238,37,143.0352000000002
2,28,933302.5998218316,6849201.904434238,38,147.82597079115297
2,28,933302.5998218316,6849201.904434238,39,160.91459999999998
2,28,933302.5998218316,6849201.904434238,40,178.79399999999987
2,28,933302.5998218316,6849201.904434238,41,196.67340000000016
2,28,933302.5998218316,6849201.904434238,42,209.76202920884714
2,28,933302.5998218316,6849201.904434238,43,214.5528
2,28,933302.5998218316,6849201.904434238,44,209.76202920884714
2,28,933302.5998218316,6849201.904434238,45,196.67340000000016
2,28,933302.5998218316,6849201.904434238,46,178.79399999999987
2,28,933302.5998218316,6849201.904434238,47,160.91459999999998
2,28,933302.5998218316,6849201.904434238,48,147.82597079115297
2,13,933807.2281635706,6848521.778365977,1,194.5944000000003
2,13,933807.2281635706,6848521.778365977,2,201.11207654145247
2,13,933807.2281635706,6848521.778365977,3,218.9187000000001
2,13,933807.2281635706,6848521.778365977,4,243.24299999999982
2,13,933807.2281635706,6848521.778365977,5,267.5673000000004
2,13,933807.2281635706,6848521.778365977,6,285.3739234585479
2,13,933807.2281635706,6848521.778365977,7,291.89159999999987
2,13,933807.2281635706,6848521.778365977,8,285.3739234585479
2,13,933807.2281635706,6848521.778365977,9,267.5673000000004
2,13,933807.2281635706,6848521.778365977,10,243.24299999999982
2,13,933807.2281635706,6848521.778365977,11,218.9187000000001
2,13,933807.2281635706,6848521.778365977,12,201.11207654145247
2,13,933807.2281635706,6848521.778365977,13,194.5944000000003
2,13,933807.2281635706,6848521.778365977,14,201.11207654145247
2,13,933807.2281635706,6848521.778365977,15,218.9187000000001
2,13,933807.2281635706,6848521.778365977,16,243.24299999999982
2,13,933807.2281635706,6848521.778365977,17,267.5673000000004
2,13,933807.2281635706,6848521.778365977,18,285.3739234585479
2,13,933807.2281635706,6848521.778365977,19,291.89159999999987
2,13,933807.2281635706,6848521.778365977,20,285.3739234585479
2,13,933807.2281635706,6848521.778365977,21,267.5673000000004
2,13,933807.2281635706,6848521.778365977,22,243.24299999999982
2,13,933807.2281635706,6848521.778365977,23,218.9187000000001
2,13,933807.2281635706,6848521.778365977,24,201.11207654145247
2,13,933807.2281635706,6848521.778365977,25,194.5944000000003
2,13,933807.2281635706,6848521.778365977,26,201.11207654145247
2,13,933807.2281635706,6848521.778365977,27,218.9187000000001
2,13,933807.2281635706,6848521.778365977,28,243.24299999999982
2,13,933807.2281635706,6848521.778365977,29,267.5673000000004
2,13,933807.2281635706,6848521.778365977,30,285.3739234585479
2,13,933807.2281635706,6848521.778365977,31,291.89159999999987
2,13,933807.2281635706,6848521.778365977,32,285.3739234585479
2,13,933807.2281635706,6848521.778365977,33,267.5673000000004
2,13,933807.2281635706,6848521.778365977,34,243.24299999999982
2,13,933807.2281635706,6848521.778365977,35,218.9187000000001
2,13,933807.2281635706,6848521.778365977,36,201.11207654145247
2,13,933807.2281635706,6848521.778365977,37,194.5944000000003
2,13,933807.2281635706,6848521.778365977,38,201.11207654145247
2,13,933807.2281635706,6848521.778365977,39,218.9187000000001
2,13,933807.2281635706,6848521.778365977,40,243.24299999999982
2,13,933807.2281635706,6848521.778365977,41,267.5673000000004
2,13,933807.2281635706,6848521.778365977,42,285.3739234585479
2,13,933807.2281635706,6848521.778365977,43,291.89159999999987
2,13,933807.2281635706,6848521.778365977,44,285.3739234585479
2,13,933807.2281635706,6848521.778365977,45,267.5673000000004
2,13,933807.2281635706,6848521.778365977,46,243.24299999999982
2,13,933807.2281635706,6848521.778365977,47,218.9187000000001
2,13,933807.2281635706,6848521.778365977,48,201.11207654145247
2,5,933436.0728134823,6847046.593612878,1,79.00200000000007
2,5,933436.0728134823,6847046.593612878,2,81.64806526255546
2,5,933436.0728134823,6847046.593612878,3,88.87725
2,5,933436.0728134823,6847046.593612878,4,98.75250000000007
2,5,933436.0728134823,6847046.593612878,5,108.62775000000009
2,5,933436.0728134823,6847046.593612878,6,114.34500000000006
2,5,933436.0728134823,6847046.593612878,7,114.34499999999996
2,5,933436.0728134823,6847046.593612878,8,114.34500000000006
2,5,933436.0728134823,6847046.593612878,9,108.62775000000009
2,5,933436.0728134823,6847046.593612878,10,98.75250000000007
2,5,933436.0728134823,6847046.593612878,11,88.87725
2,5,933436.0728134823,6847046.593612878,12,81.64806526255546
2,5,933436.0728134823,6847046.593612878,13,79.00200000000007
2,5,933436.0728134823,6847046.593612878,14,81.64806526255546
2,5,933436.0728134823,6847046.593612878,15,88.87725
2,5,933436.0728134823,6847046.593612878,16,98.75250000000007
2,5,933436.0728134823,6847046.593612878,17,108.62775000000009
2,5,933436.0728134823,6847046.593612878,18,114.34500000000006
2,5,933436.0728134823,6847046.593612878,19,114.34499999999996
2,5,933436.0728134823,6847046.593612878,20,114.34500000000006
2,5,933436.0728134823,6847046.593612878,21,108.62775000000009
2,5,933436.0728134823,6847046.593612878,22,98.75250000000007
2,5,933436.0728134823,6847046.593612878,23,88.87725
2,5,933436.0728134823,6847046.593612878,24,81.64806526255546
2,5,933436.0728134823,6847046.593612878,25,79.00200000000007
2,5,933436.0728134823,6847046.593612878,26,81.64806526255546
2,5,933436.0728134823,6847046.593612878,27,88.87725
2,5,933436.0728134823,6847046.593612878,28,98.75250000000007
2,5,933436.0728134823,6847046.593612878,29,108.62775000000009
2,5,933436.0728134823,6847046.593612878,30,114.34500000000006
2,5,933436.0728134823,6847046.593612878,31,114.34499999999996
2,5,933436.0728134823,6847046.593612878,32,114.34500000000006
2,5,933436.0728134823,6847046.593612878,33,108.62775000000009
2,5,933436.0728134823,6847046.593612878,34,98.75250000000007
2,5,933436.0728134823,6847046.593612878,35,88.87725
2,5,933436.0728134823,6847046.593612878,36,81.64806526255546
2,5,933436.0728134823,6847046.593612878,37,79.00200000000007
2,5,933436.0728134823,6847046.593612878,38,81.64806526255546
2,5,933436.0728134823,6847046.593612878,39,88.87725
2,5,933436.0728134823,6847046.593612878,40,98.75250000000007
2,5,933436.0728134823,6847046.593612878,41,108.62775000000009
2,5,933436.0728134823,6847046.593612878,42,114.34500000000006
2,5,933436.0728134823,6847046.593612878,43,114.34499999999996
2,5,933436.0728134823,6847046.593612878,44,114.34500000000006
2,5,933436.0728134823,6847046.593612878,45,108.62775000000009
2,5,933436.0728134823,6847046.593612878,46,98.75250000000007
2,5,933436.0728134823,6847046.593612878,47,88.87725
2,5,933436.0728134823,6847046.593612878,48,81.64806526255546
2,11,934096.4175246346,6847743.417716952,1,30.769200000000005
2,11,934096.4175246346,6847743.417716952,2,31.79977278646897
2,11,934096.4175246346,6847743.417716952,3,34.61535000000001
2,11,934096.4175246346,6847743.417716952,4,38.46150000000003
2,11,934096.4175246346,6847743.417716952,5,42.30765000000003
2,11,934096.4175246346,6847743.417716952,6,45.12322721353107
2,11,934096.4175246346,6847743.417716952,7,46.15380000000005
2,11,934096.4175246346,6847743.417716952,8,45.12322721353107
2,11,934096.4175246346,6847743.417716952,9,42.30765000000003
2,11,934096.4175246346,6847743.417716952,10,38.46150000000003
2,11,934096.4175246346,6847743.417716952,11,34.61535000000001
2,11,934096.4175246346,6847743.417716952,12,31.79977278646897
2,11,934096.4175246346,6847743.417716952,13,30.769200000000005
2,11,934096.4175246346,6847743.417716952,14,31.79977278646897
2,11,934096.4175246346,6847743.417716952,15,34.61535000000001
2,11,934096.4175246346,6847743.417716952,16,38.46150000000003
2,11,934096.4175246346,6847743.417716952,17,42.30765000000003
2,11,934096.4175246346,6847743.417716952,18,45.12322721353107
2,11,934096.4175246346,6847743.417716952,19,46.15380000000005
2,11,934096.4175246346,6847743.417716952,20,45.12322721353107
2,11,934096.4175246346,6847743.417716952,21,42.30765000000003
2,11,934096.4175246346,6847743.417716952,22,38.46150000000003
2,11,934096.4175246346,6847743.417716952,23,34.61535000000001
2,11,934096.4175246346,6847743.417716952,24,31.79977278646897
2,11,934096.4175246346,6847743.417716952,25,30.769200000000005
2,11,934096.4175246346,6847743.417716952,26,31.79977278646897
2,11,934096.4175246346,6847743.417716952,27,34.61535000000001
2,11,934096.4175246346,6847743.417716952,28,38.46150000000003
2,11,934096.4175246346,6847743.417716952,29,42.30765000000003
2,11,934096.4175246346,6847743.417716952,30,45.12322721353107
2,11,934096.4175246346,6847743.417716952,31,46.15380000000005
2,11,934096.4175246346,6847743.417716952,32,45.12322721353107
2,11,934096.4175246346,6847743.417716952,33,42.30765000000003
2,11,934096.4175246346,6847743.417716952,34,38.46150000000003
2,11,934096.4175246346,6847743.417716952,35,34.61535000000001
2,11,934096.4175246346,6847743.417716952,36,31.79977278646897
2,11,934096.4175246346,6847743.417716952,37,30.769200000000005
2,11,934096.4175246346,6847743.417716952,38,31.79977278646897
2,11,934096.4175246346,6847743.417716952,39,34.61535000000001
2,11,934096.4175246346,6847743.417716952,40,38.46150000000003
2,11,934096.4175246346,6847743.417716952,41,42.30765000000003
2,11,934096.4175246346,6847743.417716952,42,45.12322721353107
2,11,934096.4175246346,6847743.417716952,43,46.15380000000005
2,11,934096.4175246346,6847743.417716952,44,45.12322721353107
2,11,934096.4175246346,6847743.417716952,45,42.30765000000003
2,11,934096.4175246346,6847743.417716952,46,38.46150000000003
2,11,934096.4175246346,6847743.417716952,47,34.61535000000001
2,11,934096.4175246346,6847743.417716952,48,31.79977278646897
2,35,933588.4998216212,6848428.004434628,1,214.55280000000033
2,35,933588.4998216212,6848428.004434628,2,221.73895618672978
2,35,933588.4998216212,6848428.004434628,3,241.37190000000012
2,35,933588.4998216212,6848428.004434628,4,268.19099999999975
2,35,933588.4998216212,6848428.004434628,5,295.0101000000004
2,35,933588.4998216212,6848428.004434628,6,314.6430438132707
2,35,933588.4998216212,6848428.004434628,7,321.8291999999998
2,35,933588.4998216212,6848428.004434628,8,314.6430438132707
2,35,933588.4998216212,6848428.004434628,9,295.0101000000004
2,35,933588.4998216212,6848428.004434628,10,268.19099999999975
2,35,933588.4998216212,6848428.004434628,11,241.37190000000012
2,35,933588.4998216212,6848428.004434628,12,221.73895618672978
2,35,933588.4998216212,6848428.004434628,13,214.55280000000033
2,35,933588.4998216212,6848428.004434628,14,221.73895618672978
2,35,933588.4998216212,6848428.004434628,15,241.37190000000012
2,35,933588.4998216212,6848428.004434628,16,268.19099999999975
2,35,933588.4998216212,6848428.004434628,17,295.0101000000004
2,35,933588.4998216212,6848428.004434628,18,314.6430438132707
2,35,933588.4998216212,6848428.004434628,19,321.8291999999998
2,35,933588.4998216212,6848428.004434628,20,314.6430438132707
2,35,933588.4998216212,6848428.004434628,21,295.0101000000004
2,35,933588.4998216212,6848428.004434628,22,268.19099999999975
2,35,933588.4998216212,6848428.004434628,23,241.37190000000012
2,35,933588.4998216212,6848428.004434628,24,221.73895618672978
2,35,933588.4998216212,6848428.004434628,25,214.55280000000033
2,35,933588.4998216212,6848428.004434628,26,221.73895618672978
2,35,933588.4998216212,6848428.004434628,27,241.37190000000012
2,35,933588.4998216212,6848428.004434628,28,268.19099999999975
2,35,933588.4998216212,6848428.004434628,29,295.0101000000004
2,35,933588.4998216212,6848428.004434628,30,314.6430438132707
2,35,933588.4998216212,6848428.004434628,31,321.8291999999998
2,35,933588.4998216212,6848428.004434628,32,314.6430438132707
2,35,933588.4998216212,6848428.004434628,33,295.0101000000004
2,35,933588.4998216212,6848428.004434628,34,268.19099999999975
2,35,933588.4998216212,6848428.004434628,35,241.37190000000012
2,35,933588.4998216212,6848428.004434628,36,221.73895618672978
2,35,933588.4998216212,6848428.004434628,37,214.55280000000033
2,35,933588.4998216212,6848428.004434628,38,221.73895618672978
2,35,933588.4998216212,6848428.004434628,39,241.37190000000012
2,35,933588.4998216212,6848428.004434628,40,268.19099999999975
2,35,933588.4998216212,6848428.004434628,41,295.0101000000004
2,35,933588.4998216212,6848428.004434628,42,314.6430438132707
2,35,933588.4998216212,6848428.004434628,43,321.8291999999998
2,35,933588.4998216212,6848428.004434628,44,314.6430438132707
2,35,933588.4998216212,6848428.004434628,45,295.0101000000004
2,35,933588.4998216212,6848428.004434628,46,268.19099999999975
2,35,933588.4998216212,6848428.004434628,47,241.37190000000012
2,35,933588.4998216212,6848428.004434628,48,221.73895618672978
2,63,934417.9998210015,6847132.404435275,1,108.93960000000007
2,63,934417.9998210015,6847132.404435275,2,112.58838473047122
2,63,934417.9998210015,6847132.404435275,3,122.55705000000002
2,63,934417.9998210015,6847132.404435275,4,136.17450000000005
2,63,934417.9998210015,6847132.404435275,5,149.79195000000013
2,63,934417.9998210015,6847132.404435275,6,159.76061526952893
2,63,934417.9998210015,6847132.404435275,7,163.40940000000006
2,63,934417.9998210015,6847132.404435275,8,159.76061526952893
2,63,934417.9998210015,6847132.404435275,9,149.79195000000013
2,63,934417.9998210015,6847132.404435275,10,136.17450000000005
2,63,934417.9998210015,6847132.404435275,11,122.55705000000002
2,63,934417.9998210015,6847132.404435275,12,112.58838473047122
2,63,934417.9998210015,6847132.404435275,13,108.93960000000007
2,63,934417.9998210015,6847132.404435275,14,112.58838473047122
2,63,934417.9998210015,6847132.404435275,15,122.55705000000002
2,63,934417.9998210015,6847132.404435275,16,136.17450000000005
2,63,934417.9998210015,6847132.404435275,17,149.79195000000013
2,63,934417.9998210015,6847132.404435275,18,159.76061526952893
2,63,934417.9998210015,6847132.404435275,19,163.40940000000006
2,63,934417.9998210015,6847132.404435275,20,159.76061526952893
2,63,934417.9998210015,6847132.404435275,21,149.79195000000013
2,63,934417.9998210015,6847132.404435275,22,136.17450000000005
2,63,934417.9998210015,6847132.404435275,23,122.55705000000002
2,63,934417.9998210015,6847132.404435275,24,112.58838473047122
2,63,934417.9998210015,6847132.404435275,25,108.93960000000007
2,63,934417.9998210015,6847132.404435275,26,112.58838473047122
2,63,934417.9998210015,6847132.404435275,27,122.55705000000002
2,63,934417.9998210015,6847132.404435275,28,136.17450000000005
2,63,934417.9998210015,6847132.404435275,29,149.79195000000013
2,63,934417.9998210015,6847132.404435275,30,159.76061526952893
2,63,934417.9998210015,6847132.404435275,31,163.40940000000006
2,63,934417.9998210015,6847132.404435275,32,159.76061526952893
2,63,934417.9998210015,6847132.404435275,33,149.79195000000013
2,63,934417.9998210015,6847132.404435275,34,136.17450000000005
2,63,934417.9998210015,6847132.404435275,35,122.55705000000002
2,63,934417.9998210015,6847132.404435275,36,112.58838473047122
2,63,934417.9998210015,6847132.404435275,37,108.93960000000007
2,63,934417.9998210015,6847132.404435275,38,112.58838473047122
2,63,934417.9998210015,6847132.404435275,39,122.55705000000002
2,63,934417.9998210015,6847132.404435275,40,136.17450000000005
2,63,934417.9998210015,6847132.404435275,41,149.79195000000013
2,63,934417.9998210015,6847132.404435275,42,159.76061526952893
2,63,934417.9998210015,6847132.404435275,43,163.40940000000006
2,63,934417.9998210015,6847132.404435275,44,159.76061526952893
2,63,934417.9998210015,6847132.404435275,45,149.79195000000013
2,63,934417.9998210015,6847132.404435275,46,136.17450000000005
2,63,934417.9998210015,6847132.404435275,47,122.55705000000002
2,63,934417.9998210015,6847132.404435275,48,112.58838473047122
2,15,934147.6454661533,6847934.640032243,1,301.03920000000016
2,15,934147.6454661533,6847934.640032243,2,311.1221013162641
2,15,934147.6454661533,6847934.640032243,3,338.66910000000036
2,15,934147.6454661533,6847934.640032243,4,367.8097499999998
2,15,934147.6454661533,6847934.640032243,5,367.80975000000007
2,15,934147.6454661533,6847934.640032243,6,367.80974999999995
2,15,934147.6454661533,6847934.640032243,7,367.8097499999997
2,15,934147.6454661533,6847934.640032243,8,367.80974999999995
2,15,934147.6454661533,6847934.640032243,9,367.80975000000007
2,15,934147.6454661533,6847934.640032243,10,367.8097499999998
2,15,934147.6454661533,6847934.640032243,11,338.66910000000036
2,15,934147.6454661533,6847934.640032243,12,311.1221013162641
2,15,934147.6454661533,6847934.640032243,13,301.03920000000016
2,15,934147.6454661533,6847934.640032243,14,311.1221013162641
2,15,934147.6454661533,6847934.640032243,15,338.66910000000036
2,15,934147.6454661533,6847934.640032243,16,367.8097499999998
2,15,934147.6454661533,6847934.640032243,17,367.80975000000007
2,15,934147.6454661533,6847934.640032243,18,367.80974999999995
2,15,934147.6454661533,6847934.640032243,19,367.8097499999997
2,15,934147.6454661533,6847934.640032243,20,367.80974999999995
2,15,934147.6454661533,6847934.640032243,21,367.80975000000007
2,15,934147.6454661533,6847934.640032243,22,367.8097499999998
2,15,934147.6454661533,6847934.640032243,23,338.66910000000036
2,15,934147.6454661533,6847934.640032243,24,311.1221013162641
2,15,934147.6454661533,6847934.640032243,25,301.03920000000016
2,15,934147.6454661533,6847934.640032243,26,311.1221013162641
2,15,934147.6454661533,6847934.640032243,27,338.66910000000036
2,15,934147.6454661533,6847934.640032243,28,367.8097499999998
2,15,934147.6454661533,6847934.640032243,29,367.80975000000007
2,15,934147.6454661533,6847934.640032243,30,367.80974999999995
2,15,934147.6454661533,6847934.640032243,31,367.8097499999997
2,15,934147.6454661533,6847934.640032243,32,367.80974999999995
2,15,934147.6454661533,6847934.640032243,33,367.80975000000007
2,15,934147.6454661533,6847934.640032243,34,367.8097499999998
2,15,934147.6454661533,6847934.640032243,35,338.66910000000036
2,15,934147.6454661533,6847934.640032243,36,311.1221013162641
2,15,934147.6454661533,6847934.640032243,37,301.03920000000016
2,15,934147.6454661533,6847934.640032243,38,311.1221013162641
2,15,934147.6454661533,6847934.640032243,39,338.66910000000036
2,15,934147.6454661533,6847934.640032243,40,367.8097499999998
2,15,934147.6454661533,6847934.640032243,41,367.80975000000007
2,15,934147.6454661533,6847934.640032243,42,367.80974999999995
2,15,934147.6454661533,6847934.640032243,43,367.8097499999997
2,15,934147.6454661533,6847934.640032243,44,367.80974999999995
2,15,934147.6454661533,6847934.640032243,45,367.80975000000007
2,15,934147.6454661533,6847934.640032243,46,367.8097499999998
2,15,934147.6454661533,6847934.640032243,47,338.66910000000036
2,15,934147.6454661533,6847934.640032243,48,311.1221013162641
2,14,934219.8512487066,6847970.932334671,1,399.99960000000016
2,14,934219.8512487066,6847970.932334671,2,413.39704622409636
2,14,934219.8512487066,6847970.932334671,3,449.9995500000005
2,14,934219.8512487066,6847970.932334671,4,499.99950000000007
2,14,934219.8512487066,6847970.932334671,5,558.3847500000008
2,14,934219.8512487066,6847970.932334671,6,620.0230619718965
2,14,934219.8512487066,6847970.932334671,7,642.5842500000008
2,14,934219.8512487066,6847970.932334671,8,620.0230619718965
2,14,934219.8512487066,6847970.932334671,9,558.3847500000008
2,14,934219.8512487066,6847970.932334671,10,499.99950000000007
2,14,934219.8512487066,6847970.932334671,11,449.9995500000005
2,14,934219.8512487066,6847970.932334671,12,413.39704622409636
2,14,934219.8512487066,6847970.932334671,13,399.99960000000016
2,14,934219.8512487066,6847970.932334671,14,413.39704622409636
2,14,934219.8512487066,6847970.932334671,15,449.9995500000005
2,14,934219.8512487066,6847970.932334671,16,499.99950000000007
2,14,934219.8512487066,6847970.932334671,17,558.3847500000008
2,14,934219.8512487066,6847970.932334671,18,620.0230619718965
2,14,934219.8512487066,6847970.932334671,19,642.5842500000008
2,14,934219.8512487066,6847970.932334671,20,620.0230619718965
2,14,934219.8512487066,6847970.932334671,21,558.3847500000008
2,14,934219.8512487066,6847970.932334671,22,499.99950000000007
2,14,934219.8512487066,6847970.932334671,23,449.9995500000005
2,14,934219.8512487066,6847970.932334671,24,413.39704622409636
2,14,934219.8512487066,6847970.932334671,25,399.99960000000016
2,14,934219.8512487066,6847970.932334671,26,413.39704622409636
2,14,934219.8512487066,6847970.932334671,27,449.9995500000005
2,14,934219.8512487066,6847970.932334671,28,499.99950000000007
2,14,934219.8512487066,6847970.932334671,29,558.3847500000008
2,14,934219.8512487066,6847970.932334671,30,620.0230619718965
2,14,934219.8512487066,6847970.932334671,31,642.5842500000008
2,14,934219.8512487066,6847970.932334671,32,620.0230619718965
2,14,934219.8512487066,6847970.932334671,33,558.3847500000008
2,14,934219.8512487066,6847970.932334671,34,499.99950000000007
2,14,934219.8512487066,6847970.932334671,35,449.9995500000005
2,14,934219.8512487066,6847970.932334671,36,413.39704622409636
2,14,934219.8512487066,6847970.932334671,37,399.99960000000016
2,14,934219.8512487066,6847970.932334671,38,413.39704622409636
2,14,934219.8512487066,6847970.932334671,39,449.9995500000005
2,14,934219.8512487066,6847970.932334671,40,499.99950000000007
2,14,934219.8512487066,6847970.932334671,41,558.3847500000008
2,14,934219.8512487066,6847970.932334671,42,620.0230619718965
2,14,934219.8512487066,6847970.932334671,43,642.5842500000008
2,14,934219.8512487066,6847970.932334671,44,620.0230619718965
2,14,934219.8512487066,6847970.932334671,45,558.3847500000008
2,14,934219.8512487066,6847970.932334671,46,499.99950000000007
2,14,934219.8512487066,6847970.932334671,47,449.9995500000005
2,14,934219.8512487066,6847970.932334671,48,413.39704622409636
2,30,933207.9998219206,6847554.204435076,1,733.4711999999989
2,30,933207.9998219206,6847554.204435076,2,733.7137499999999
2,30,933207.9998219206,6847554.204435076,3,733.7137499999999
2,30,933207.9998219206,6847554.204435076,4,733.7137499999999
2,30,933207.9998219206,6847554.204435076,5,733.7137499999999
2,30,933207.9998219206,6847554.204435076,6,733.7137499999997
2,30,933207.9998219206,6847554.204435076,7,733.7137499999999
2,30,933207.9998219206,6847554.204435076,8,733.7137499999997
2,30,933207.9998219206,6847554.204435076,9,733.7137499999999
2,30,933207.9998219206,6847554.204435076,10,733.7137499999999
2,30,933207.9998219206,6847554.204435076,11,733.7137499999999
2,30,933207.9998219206,6847554.204435076,12,733.7137499999999
2,30,933207.9998219206,6847554.204435076,13,733.4711999999989
2,30,933207.9998219206,6847554.204435076,14,733.7137499999999
2,30,933207.9998219206,6847554.204435076,15,733.7137499999999
2,30,933207.9998219206,6847554.204435076,16,733.7137499999999
2,30,933207.9998219206,6847554.204435076,17,733.7137499999999
2,30,933207.9998219206,6847554.204435076,18,733.7137499999997
2,30,933207.9998219206,6847554.204435076,19,733.7137499999999
2,30,933207.9998219206,6847554.204435076,20,733.7137499999997
2,30,933207.9998219206,6847554.204435076,21,733.7137499999999
2,30,933207.9998219206,6847554.204435076,22,733.7137499999999
2,30,933207.9998219206,6847554.204435076,23,733.7137499999999
2,30,933207.9998219206,6847554.204435076,24,733.7137499999999
2,30,933207.9998219206,6847554.204435076,25,733.4711999999989
2,30,933207.9998219206,6847554.204435076,26,733.7137499999999
2,30,933207.9998219206,6847554.204435076,27,733.7137499999999
2,30,933207.9998219206,6847554.204435076,28,733.7137499999999
2,30,933207.9998219206,6847554.204435076,29,733.7137499999999
2,30,933207.9998219206,6847554.204435076,30,733.7137499999997
2,30,933207.9998219206,6847554.204435076,31,733.7137499999999
2,30,933207.9998219206,6847554.204435076,32,733.7137499999997
2,30,933207.9998219206,6847554.204435076,33,733.7137499999999
2,30,933207.9998219206,6847554.204435076,34,733.7137499999999
2,30,933207.9998219206,6847554.204435076,35,733.7137499999999
2,30,933207.9998219206,6847554.204435076,36,733.7137499999999
2,30,933207.9998219206,6847554.204435076,37,733.4711999999989
2,30,933207.9998219206,6847554.204435076,38,733.7137499999999
2,30,933207.9998219206,6847554.204435076,39,733.7137499999999
2,30,933207.9998219206,6847554.204435076,40,733.7137499999999
2,30,933207.9998219206,6847554.204435076,41,733.7137499999999
2,30,933207.9998219206,6847554.204435076,42,733.7137499999997
2,30,933207.9998219206,6847554.204435076,43,733.71375
2,30,933207.9998219206,6847554.204435076,44,733.7137499999997
2,30,933207.9998219206,6847554.204435076,45,733.7137499999999
2,30,933207.9998219206,6847554.204435076,46,733.7137499999999
2,30,933207.9998219206,6847554.204435076,47,733.7137499999999
2,30,933207.9998219206,6847554.204435076,48,733.7137499999999
2,67,933792.4998214621,6848760.204434457,1,639.5003999999997
2,67,933792.4998214621,6848760.204434457,2,660.9196019674215
2,67,933792.4998214621,6848760.204434457,3,719.4379500000015
2,67,933792.4998214621,6848760.204434457,4,799.3754999999995
2,67,933792.4998214621,6848760.204434457,5,879.3130499999986
2,67,933792.4998214621,6848760.204434457,6,937.8313980325781
2,67,933792.4998214621,6848760.204434457,7,956.6865000000024
2,67,933792.4998214621,6848760.204434457,8,104.09148940712822
2,67,933792.4998214621,6848760.204434457,9,38.496149999999304
2,67,933792.4998214621,6848760.204434457,17,38.496149999999304
2,67,933792.4998214621,6848760.204434457,18,104.09148940712821
2,67,933792.4998214621,6848760.204434457,20,104.09148940712821
2,67,933792.4998214621,6848760.204434457,21,38.496149999999304
2,67,933792.4998214621,6848760.204434457,29,38.496149999999304
2,67,933792.4998214621,6848760.204434457,30,104.09148940712821
2,67,933792.4998214621,6848760.204434457,32,104.09148940712821
2,67,933792.4998214621,6848760.204434457,33,38.496149999999304
2,67,933792.4998214621,6848760.204434457,41,38.496149999999304
2,67,933792.4998214621,6848760.204434457,42,104.09148940712822
2,67,933792.4998214621,6848760.204434457,44,104.09148940712821
2,67,933792.4998214621,6848760.204434457,45,38.496149999999304
2,67,933792.4998214621,6848760.204434457,19,128.10104999999982
2,67,933792.4998214621,6848760.204434457,31,128.10104999999982
2,67,933792.4998214621,6848760.204434457,43,128.10104999999982
2,67,933792.4998214621,6848760.204434457,10,4.158000000000002
2,67,933792.4998214621,6848760.204434457,11,3.742200000000002
2,67,933792.4998214621,6848760.204434457,12,3.4378132742128624
2,67,933792.4998214621,6848760.204434457,13,3.3264000000000022
2,67,933792.4998214621,6848760.204434457,14,3.4378132742128624
2,67,933792.4998214621,6848760.204434457,15,3.742200000000002
2,67,933792.4998214621,6848760.204434457,16,4.158000000000002
2,67,933792.4998214621,6848760.204434457,22,4.158000000000002
2,67,933792.4998214621,6848760.204434457,23,3.742200000000002
2,67,933792.4998214621,6848760.204434457,24,3.4378132742128624
2,67,933792.4998214621,6848760.204434457,25,3.3264000000000022
2,67,933792.4998214621,6848760.204434457,26,3.4378132742128624
2,67,933792.4998214621,6848760.204434457,27,3.742200000000002
2,67,933792.4998214621,6848760.204434457,28,4.158000000000002
2,67,933792.4998214621,6848760.204434457,34,4.158000000000002
2,67,933792.4998214621,6848760.204434457,35,3.742200000000002
2,67,933792.4998214621,6848760.204434457,36,3.4378132742128624
2,67,933792.4998214621,6848760.204434457,37,3.3264000000000022
2,67,933792.4998214621,6848760.204434457,38,3.4378132742128624
2,67,933792.4998214621,6848760.204434457,39,3.742200000000002
2,67,933792.4998214621,6848760.204434457,40,4.158000000000002
2,67,933792.4998214621,6848760.204434457,46,4.158000000000002
2,67,933792.4998214621,6848760.204434457,47,3.742200000000002
2,67,933792.4998214621,6848760.204434457,48,3.4378132742128624
2,32,934724.7998207612,6847726.104434972,8,495.4949999999997
2,32,934724.7998207612,6847726.104434972,10,495.4949999999998
2,32,934724.7998207612,6847726.104434972,11,457.4839500000009
2,32,934724.7998207612,6847726.104434972,12,420.2726727725223
2,32,934724.7998207612,6847726.104434972,13,406.65240000000006
2,32,934724.7998207612,6847726.104434972,14,420.2726727725223
2,32,934724.7998207612,6847726.104434972,15,457.4839500000009
2,32,934724.7998207612,6847726.104434972,16,495.4949999999998
2,32,934724.7998207612,6847726.104434972,18,495.4949999999997
2,32,934724.7998207612,6847726.104434972,19,495.49499999999927
2,32,934724.7998207612,6847726.104434972,20,495.4949999999997
2,32,934724.7998207612,6847726.104434972,22,495.4949999999998
2,32,934724.7998207612,6847726.104434972,23,457.4839500000009
2,32,934724.7998207612,6847726.104434972,24,420.2726727725223
2,32,934724.7998207612,6847726.104434972,25,406.65240000000006
2,32,934724.7998207612,6847726.104434972,26,420.2726727725223
2,32,934724.7998207612,6847726.104434972,27,457.4839500000009
2,32,934724.7998207612,6847726.104434972,28,495.4949999999998
2,32,934724.7998207612,6847726.104434972,30,495.4949999999997
2,32,934724.7998207612,6847726.104434972,31,495.49499999999927
2,32,934724.7998207612,6847726.104434972,32,495.4949999999997
2,32,934724.7998207612,6847726.104434972,34,495.4949999999998
2,32,934724.7998207612,6847726.104434972,35,457.4839500000009
2,32,934724.7998207612,6847726.104434972,36,420.2726727725223
2,32,934724.7998207612,6847726.104434972,37,406.65240000000006
2,32,934724.7998207612,6847726.104434972,38,420.2726727725223
2,32,934724.7998207612,6847726.104434972,39,457.4839500000009
2,32,934724.7998207612,6847726.104434972,40,495.4949999999998
2,32,934724.7998207612,6847726.104434972,42,495.4949999999997
2,32,934724.7998207612,6847726.104434972,43,495.49499999999927
2,32,934724.7998207612,6847726.104434972,44,495.4949999999997
2,32,934724.7998207612,6847726.104434972,46,495.4949999999998
2,32,934724.7998207612,6847726.104434972,47,457.4839500000009
2,32,934724.7998207612,6847726.104434972,48,420.2726727725223
2,32,934724.7998207612,6847726.104434972,9,495.4950000000002
2,32,934724.7998207612,6847726.104434972,17,495.4950000000002
2,32,934724.7998207612,6847726.104434972,21,495.4950000000002
2,32,934724.7998207612,6847726.104434972,29,495.4950000000002
2,32,934724.7998207612,6847726.104434972,33,495.4950000000002
2,32,934724.7998207612,6847726.104434972,41,495.4950000000002
2,32,934724.7998207612,6847726.104434972,45,495.4950000000002
2,32,934724.7998207612,6847726.104434972,1,42.411600000000014
2,32,934724.7998207612,6847726.104434972,2,43.832119246214006
2,32,934724.7998207612,6847726.104434972,3,47.713050000000024
2,32,934724.7998207612,6847726.104434972,4,53.014500000000034
2,32,934724.7998207612,6847726.104434972,5,58.315950000000036
2,32,934724.7998207612,6847726.104434972,6,62.196880753786054
2,32,934724.7998207612,6847726.104434972,7,63.617400000000046
2,40,932737.3998222824,6847314.2044352,1,170.47800000000024
2,40,932737.3998222824,6847314.2044352,2,176.18793030340922
2,40,932737.3998222824,6847314.2044352,3,191.78775000000005
2,40,932737.3998222824,6847314.2044352,4,213.09749999999977
2,40,932737.3998222824,6847314.2044352,5,234.40725000000023
2,40,932737.3998222824,6847314.2044352,6,250.00706969659115
2,40,932737.3998222824,6847314.2044352,7,255.717
2,40,932737.3998222824,6847314.2044352,8,250.00706969659115
2,40,932737.3998222824,6847314.2044352,9,234.40725000000023
2,40,932737.3998222824,6847314.2044352,10,213.09749999999977
2,40,932737.3998222824,6847314.2044352,11,191.78775000000005
2,40,932737.3998222824,6847314.2044352,12,176.18793030340922
2,40,932737.3998222824,6847314.2044352,13,170.47800000000024
2,40,932737.3998222824,6847314.2044352,14,176.18793030340922
2,40,932737.3998222824,6847314.2044352,15,191.78775000000005
2,40,932737.3998222824,6847314.2044352,16,213.09749999999977
2,40,932737.3998222824,6847314.2044352,17,234.40725000000023
2,40,932737.3998222824,6847314.2044352,18,250.00706969659115
2,40,932737.3998222824,6847314.2044352,19,255.717
2,40,932737.3998222824,6847314.2044352,20,250.00706969659115
2,40,932737.3998222824,6847314.2044352,21,234.40725000000023
2,40,932737.3998222824,6847314.2044352,22,213.09749999999977
2,40,932737.3998222824,6847314.2044352,23,191.78775000000005
2,40,932737.3998222824,6847314.2044352,24,176.18793030340922
2,40,932737.3998222824,6847314.2044352,25,170.47800000000024
2,40,932737.3998222824,6847314.2044352,26,176.18793030340922
2,40,932737.3998222824,6847314.2044352,27,191.78775000000005
2,40,932737.3998222824,6847314.2044352,28,213.09749999999977
2,40,932737.3998222824,6847314.2044352,29,234.40725000000023
2,40,932737.3998222824,6847314.2044352,30,250.00706969659115
2,40,932737.3998222824,6847314.2044352,31,255.717
2,40,932737.3998222824,6847314.2044352,32,250.00706969659115
2,40,932737.3998222824,6847314.2044352,33,234.40725000000023
2,40,932737.3998222824,6847314.2044352,34,213.09749999999977
2,40,932737.3998222824,6847314.2044352,35,191.78775000000005
2,40,932737.3998222824,6847314.2044352,36,176.18793030340922
2,40,932737.3998222824,6847314.2044352,37,170.47800000000024
2,40,932737.3998222824,6847314.2044352,38,176.18793030340922
2,40,932737.3998222824,6847314.2044352,39,191.78775000000005
2,40,932737.3998222824,6847314.2044352,40,213.09749999999977
2,40,932737.3998222824,6847314.2044352,41,234.40725000000023
2,40,932737.3998222824,6847314.2044352,42,250.00706969659115
2,40,932737.3998222824,6847314.2044352,43,255.717
2,40,932737.3998222824,6847314.2044352,44,250.00706969659115
2,40,932737.3998222824,6847314.2044352,45,234.40725000000023
2,40,932737.3998222824,6847314.2044352,46,213.09749999999977
2,40,932737.3998222824,6847314.2044352,47,191.78775000000005
2,40,932737.3998222824,6847314.2044352,48,176.18793030340922
2,56,934204.3998211591,6847660.904435011,1,182.1204000000002
2,56,934204.3998211591,6847660.904435011,2,188.22027676315415
2,56,934204.3998211591,6847660.904435011,3,204.88545000000002
2,56,934204.3998211591,6847660.904435011,4,236.13975000000013
2,56,934204.3998211591,6847660.904435011,5,288.1494000000004
2,56,934204.3998211591,6847660.904435011,6,307.32576372458993
2,56,934204.3998211591,6847660.904435011,7,314.3447999999999
2,56,934204.3998211591,6847660.904435011,8,307.32576372458993
2,56,934204.3998211591,6847660.904435011,9,288.1494000000004
2,56,934204.3998211591,6847660.904435011,10,236.13975000000013
2,56,934204.3998211591,6847660.904435011,11,204.88545000000002
2,56,934204.3998211591,6847660.904435011,12,188.22027676315415
2,56,934204.3998211591,6847660.904435011,13,182.1204000000002
2,56,934204.3998211591,6847660.904435011,14,188.22027676315415
2,56,934204.3998211591,6847660.904435011,15,204.88545000000002
2,56,934204.3998211591,6847660.904435011,16,236.13975000000013
2,56,934204.3998211591,6847660.904435011,17,288.1494000000004
2,56,934204.3998211591,6847660.904435011,18,307.32576372458993
2,56,934204.3998211591,6847660.904435011,19,314.3447999999999
2,56,934204.3998211591,6847660.904435011,20,307.32576372458993
2,56,934204.3998211591,6847660.904435011,21,288.1494000000004
2,56,934204.3998211591,6847660.904435011,22,236.13975000000013
2,56,934204.3998211591,6847660.904435011,23,204.88545000000002
2,56,934204.3998211591,6847660.904435011,24,188.22027676315415
2,56,934204.3998211591,6847660.904435011,25,182.1204000000002
2,56,934204.3998211591,6847660.904435011,26,188.22027676315415
2,56,934204.3998211591,6847660.904435011,27,204.88545000000002
2,56,934204.3998211591,6847660.904435011,28,236.13975000000013
2,56,934204.3998211591,6847660.904435011,29,288.1494000000004
2,56,934204.3998211591,6847660.904435011,30,307.32576372458993
2,56,934204.3998211591,6847660.904435011,31,314.3447999999999
2,56,934204.3998211591,6847660.904435011,32,307.32576372458993
2,56,934204.3998211591,6847660.904435011,33,288.1494000000004
2,56,934204.3998211591,6847660.904435011,34,236.13975000000013
2,56,934204.3998211591,6847660.904435011,35,204.88545000000002
2,56,934204.3998211591,6847660.904435011,36,188.22027676315415
2,56,934204.3998211591,6847660.904435011,37,182.1204000000002
2,56,934204.3998211591,6847660.904435011,38,188.22027676315415
2,56,934204.3998211591,6847660.904435011,39,204.88545000000002
2,56,934204.3998211591,6847660.904435011,40,236.13975000000013
2,56,934204.3998211591,6847660.904435011,41,288.1494000000004
2,56,934204.3998211591,6847660.904435011,42,307.32576372458993
2,56,934204.3998211591,6847660.904435011,43,314.3447999999999
2,56,934204.3998211591,6847660.904435011,44,307.32576372458993
2,56,934204.3998211591,6847660.904435011,45,288.1494000000004
2,56,934204.3998211591,6847660.904435011,46,236.13975000000013
2,56,934204.3998211591,6847660.904435011,47,204.88545000000002
2,56,934204.3998211591,6847660.904435011,48,188.22027676315415
2,21,934045.0998212856,6847194.404435249,1,68.19120000000005
2,21,934045.0998212856,6847194.404435249,2,32.88841365663639
2,21,934045.0998212856,6847194.404435249,7,47.73384000000002
2,21,934045.0998212856,6847194.404435249,8,100.00282787863641
2,21,934045.0998212856,6847194.404435249,12,32.88841365663639
2,21,934045.0998212856,6847194.404435249,13,31.822560000000014
2,21,934045.0998212856,6847194.404435249,14,70.4751721213637
2,21,934045.0998212856,6847194.404435249,20,100.00282787863641
2,21,934045.0998212856,6847194.404435249,21,43.75602000000004
2,21,934045.0998212856,6847194.404435249,22,39.77820000000002
2,21,934045.0998212856,6847194.404435249,26,70.4751721213637
2,21,934045.0998212856,6847194.404435249,28,85.23900000000008
2,21,934045.0998212856,6847194.404435249,30,46.66798634336367
2,21,934045.0998212856,6847194.404435249,31,102.28680000000008
2,21,934045.0998212856,6847194.404435249,37,68.19120000000005
2,21,934045.0998212856,6847194.404435249,39,76.71509999999999
2,21,934045.0998212856,6847194.404435249,40,39.77820000000002
2,21,934045.0998212856,6847194.404435249,41,43.75602000000004
2,21,934045.0998212856,6847194.404435249,42,46.66798634336367
2,21,934045.0998212856,6847194.404435249,43,47.73384000000002
2,21,934045.0998212856,6847194.404435249,44,46.66798634336367
2,21,934045.0998212856,6847194.404435249,46,39.77820000000002
2,21,934045.0998212856,6847194.404435249,47,35.800380000000025
2,21,934045.0998212856,6847194.404435249,48,32.88841365663639
2,21,934045.0998212856,6847194.404435249,4,45.46080000000002
2,21,934045.0998212856,6847194.404435249,5,50.006880000000024
2,21,934045.0998212856,6847194.404435249,6,53.33484153527274
2,21,934045.0998212856,6847194.404435249,9,50.006880000000024
2,21,934045.0998212856,6847194.404435249,10,45.46080000000002
2,21,934045.0998212856,6847194.404435249,11,40.91472000000002
2,21,934045.0998212856,6847194.404435249,16,45.46080000000002
2,21,934045.0998212856,6847194.404435249,17,50.006880000000024
2,21,934045.0998212856,6847194.404435249,18,53.33484153527274
2,21,934045.0998212856,6847194.404435249,27,40.91472000000002
2,21,934045.0998212856,6847194.404435249,32,53.33484153527274
2,21,934045.0998212856,6847194.404435249,34,45.46080000000002
2,21,934045.0998212856,6847194.404435249,36,37.58675846472729
2,21,934045.0998212856,6847194.404435249,38,37.58675846472729
2,58,934045.0998212856,6847194.404435249,3,76.71509999999999
2,58,934045.0998212856,6847194.404435249,4,39.77820000000002
2,58,934045.0998212856,6847194.404435249,5,43.75602000000004
2,58,934045.0998212856,6847194.404435249,6,46.66798634336367
2,58,934045.0998212856,6847194.404435249,9,43.75602000000004
2,58,934045.0998212856,6847194.404435249,10,39.77820000000002
2,58,934045.0998212856,6847194.404435249,11,35.800380000000025
2,58,934045.0998212856,6847194.404435249,15,76.71509999999999
2,58,934045.0998212856,6847194.404435249,16,39.77820000000002
2,58,934045.0998212856,6847194.404435249,17,43.75602000000004
2,58,934045.0998212856,6847194.404435249,18,46.66798634336367
2,58,934045.0998212856,6847194.404435249,19,102.28680000000008
2,58,934045.0998212856,6847194.404435249,23,76.71509999999999
2,58,934045.0998212856,6847194.404435249,24,70.4751721213637
2,58,934045.0998212856,6847194.404435249,25,68.19120000000005
2,58,934045.0998212856,6847194.404435249,27,35.800380000000025
2,58,934045.0998212856,6847194.404435249,29,93.76290000000009
2,58,934045.0998212856,6847194.404435249,32,46.66798634336367
2,58,934045.0998212856,6847194.404435249,33,93.76290000000009
2,58,934045.0998212856,6847194.404435249,34,39.77820000000002
2,58,934045.0998212856,6847194.404435249,35,76.71509999999999
2,58,934045.0998212856,6847194.404435249,36,32.88841365663639
2,58,934045.0998212856,6847194.404435249,38,32.88841365663639
2,58,934045.0998212856,6847194.404435249,45,93.76290000000009
2,58,934045.0998212856,6847194.404435249,2,37.58675846472729
2,58,934045.0998212856,6847194.404435249,7,54.55296000000003
2,58,934045.0998212856,6847194.404435249,12,37.58675846472729
2,58,934045.0998212856,6847194.404435249,13,36.36864000000001
2,58,934045.0998212856,6847194.404435249,21,50.006880000000024
2,58,934045.0998212856,6847194.404435249,22,45.46080000000002
2,58,934045.0998212856,6847194.404435249,30,53.33484153527274
2,58,934045.0998212856,6847194.404435249,40,45.46080000000002
2,58,934045.0998212856,6847194.404435249,41,50.006880000000024
2,58,934045.0998212856,6847194.404435249,42,53.33484153527274
2,58,934045.0998212856,6847194.404435249,43,54.55296000000003
2,58,934045.0998212856,6847194.404435249,44,53.33484153527274
2,58,934045.0998212856,6847194.404435249,46,45.46080000000002
2,58,934045.0998212856,6847194.404435249,47,40.91472000000002
2,58,934045.0998212856,6847194.404435249,48,37.58675846472729
2,80,934194.8998211797,6846378.104435661,1,564.1019999999996
2,80,934194.8998211797,6846378.104435661,2,564.1019999999996
2,80,934194.8998211797,6846378.104435661,3,564.1020000000001
2,80,934194.8998211797,6846378.104435661,4,564.1019999999997
2,80,934194.8998211797,6846378.104435661,5,564.1019999999999
2,80,934194.8998211797,6846378.104435661,6,564.1019999999999
2,80,934194.8998211797,6846378.104435661,7,564.1019999999997
2,80,934194.8998211797,6846378.104435661,8,564.1019999999999
2,80,934194.8998211797,6846378.104435661,9,564.1019999999999
2,80,934194.8998211797,6846378.104435661,10,564.1019999999997
2,80,934194.8998211797,6846378.104435661,11,564.1020000000001
2,80,934194.8998211797,6846378.104435661,12,564.1019999999996
2,80,934194.8998211797,6846378.104435661,13,564.1019999999996
2,80,934194.8998211797,6846378.104435661,14,564.1019999999996
2,80,934194.8998211797,6846378.104435661,15,564.1020000000001
2,80,934194.8998211797,6846378.104435661,16,564.1019999999997
2,80,934194.8998211797,6846378.104435661,17,564.1019999999999
2,80,934194.8998211797,6846378.104435661,18,564.1019999999999
2,80,934194.8998211797,6846378.104435661,19,564.1019999999997
2,80,934194.8998211797,6846378.104435661,20,564.1019999999999
2,80,934194.8998211797,6846378.104435661,21,564.1019999999999
2,80,934194.8998211797,6846378.104435661,22,564.1019999999997
2,80,934194.8998211797,6846378.104435661,23,564.1020000000001
2,80,934194.8998211797,6846378.104435661,24,564.1019999999996
2,80,934194.8998211797,6846378.104435661,25,564.1019999999996
2,80,934194.8998211797,6846378.104435661,26,564.1019999999996
2,80,934194.8998211797,6846378.104435661,27,564.1020000000001
2,80,934194.8998211797,6846378.104435661,28,564.1019999999997
2,80,934194.8998211797,6846378.104435661,29,564.1019999999999
2,80,934194.8998211797,6846378.104435661,30,564.1019999999996
2,80,934194.8998211797,6846378.104435661,31,564.1019999999997
2,80,934194.8998211797,6846378.104435661,32,564.1019999999996
2,80,934194.8998211797,6846378.104435661,33,564.1019999999999
2,80,934194.8998211797,6846378.104435661,34,564.1019999999997
2,80,934194.8998211797,6846378.104435661,35,564.1020000000001
2,80,934194.8998211797,6846378.104435661,36,564.1019999999996
2,80,934194.8998211797,6846378.104435661,37,564.1019999999996
2,80,934194.8998211797,6846378.104435661,38,564.1019999999996
2,80,934194.8998211797,6846378.104435661,39,564.1020000000001
2,80,934194.8998211797,6846378.104435661,40,564.1019999999997
2,80,934194.8998211797,6846378.104435661,41,564.1019999999999
2,80,934194.8998211797,6846378.104435661,42,564.1019999999996
2,80,934194.8998211797,6846378.104435661,43,564.1019999999997
2,80,934194.8998211797,6846378.104435661,44,564.1019999999996
2,80,934194.8998211797,6846378.104435661,45,564.1019999999999
2,80,934194.8998211797,6846378.104435661,46,564.1019999999997
2,80,934194.8998211797,6846378.104435661,47,564.1020000000001
2,80,934194.8998211797,6846378.104435661,48,564.1019999999996
2,53,934203.1998211733,6846356.304435672,7,164.44889999999938
2,53,934203.1998211733,6846356.304435672,19,164.44889999999938
2,53,934203.1998211733,6846356.304435672,31,164.44889999999938
2,53,934203.1998211733,6846356.304435672,43,164.44889999999938
2,53,934203.1998211733,6846356.304435672,6,129.88293167546016
2,53,934203.1998211733,6846356.304435672,8,129.88293167546016
2,53,934203.1998211733,6846356.304435672,18,129.88293167546016
2,53,934203.1998211733,6846356.304435672,20,129.88293167546016
2,53,934203.1998211733,6846356.304435672,30,129.8829316754602
2,53,934203.1998211733,6846356.304435672,32,129.8829316754602
2,53,934203.1998211733,6846356.304435672,42,129.8829316754602
2,53,934203.1998211733,6846356.304435672,44,129.8829316754602
2,53,934203.1998211733,6846356.304435672,5,35.44695000000043
2,53,934203.1998211733,6846356.304435672,9,35.44695000000043
2,53,934203.1998211733,6846356.304435672,17,35.44695000000043
2,53,934203.1998211733,6846356.304435672,21,35.44695000000043
2,53,934203.1998211733,6846356.304435672,29,35.44695000000043
2,53,934203.1998211733,6846356.304435672,33,35.44695000000043
2,53,934203.1998211733,6846356.304435672,41,35.44695000000043
2,53,934203.1998211733,6846356.304435672,45,35.44695000000043
2,3,933908.0998213802,6848138.104434771,1,142.93125000000006
2,3,933908.0998213802,6848138.104434771,2,142.93124999999998
2,3,933908.0998213802,6848138.104434771,3,142.93125
2,3,933908.0998213802,6848138.104434771,4,142.93124999999995
2,3,933908.0998213802,6848138.104434771,5,142.93125000000003
2,3,933908.0998213802,6848138.104434771,6,142.93125
2,3,933908.0998213802,6848138.104434771,7,142.93124999999998
2,3,933908.0998213802,6848138.104434771,8,142.93125
2,3,933908.0998213802,6848138.104434771,9,142.93125000000003
2,3,933908.0998213802,6848138.104434771,10,142.93124999999995
2,3,933908.0998213802,6848138.104434771,11,142.93125
2,3,933908.0998213802,6848138.104434771,12,142.93124999999998
2,3,933908.0998213802,6848138.104434771,13,142.93125000000006
2,3,933908.0998213802,6848138.104434771,14,142.93124999999998
2,3,933908.0998213802,6848138.104434771,15,142.93125
2,3,933908.0998213802,6848138.104434771,16,142.93124999999995
2,3,933908.0998213802,6848138.104434771,17,142.93125000000003
2,3,933908.0998213802,6848138.104434771,18,142.93125
2,3,933908.0998213802,6848138.104434771,19,142.93124999999998
2,3,933908.0998213802,6848138.104434771,20,142.93125
2,3,933908.0998213802,6848138.104434771,21,142.93125000000003
2,3,933908.0998213802,6848138.104434771,22,142.93124999999995
2,3,933908.0998213802,6848138.104434771,23,142.93125000000003
2,3,933908.0998213802,6848138.104434771,24,142.93124999999998
2,3,933908.0998213802,6848138.104434771,25,142.93125000000006
2,3,933908.0998213802,6848138.104434771,26,142.93124999999998
2,3,933908.0998213802,6848138.104434771,27,142.93125
2,3,933908.0998213802,6848138.104434771,28,142.93124999999995
2,3,933908.0998213802,6848138.104434771,29,142.93125000000003
2,3,933908.0998213802,6848138.104434771,30,142.93125
2,3,933908.0998213802,6848138.104434771,31,142.93124999999998
2,3,933908.0998213802,6848138.104434771,32,142.93125
2,3,933908.0998213802,6848138.104434771,33,142.93125000000003
2,3,933908.0998213802,6848138.104434771,34,142.93124999999995
2,3,933908.0998213802,6848138.104434771,35,142.93125
2,3,933908.0998213802,6848138.104434771,36,142.93124999999998
2,3,933908.0998213802,6848138.104434771,37,142.93125000000006
2,3,933908.0998213802,6848138.104434771,38,142.93124999999998
2,3,933908.0998213802,6848138.104434771,39,142.93125
2,3,933908.0998213802,6848138.104434771,40,142.93124999999995
2,3,933908.0998213802,6848138.104434771,41,142.93125000000003
2,3,933908.0998213802,6848138.104434771,42,142.93125
2,3,933908.0998213802,6848138.104434771,43,142.93124999999998
2,3,933908.0998213802,6848138.104434771,44,142.93125
2,3,933908.0998213802,6848138.104434771,45,142.93125000000003
2,3,933908.0998213802,6848138.104434771,46,142.93124999999995
2,3,933908.0998213802,6848138.104434771,47,142.93125000000003
2,3,933908.0998213802,6848138.104434771,48,142.93124999999998
2,49,935012.7998205305,6848802.404434423,8,247.56797633369746
2,49,935012.7998205305,6848802.404434423,9,232.12035000000017
2,49,935012.7998205305,6848802.404434423,10,211.0184999999998
2,49,935012.7998205305,6848802.404434423,11,189.91665000000015
2,49,935012.7998205305,6848802.404434423,12,174.4690236663027
2,49,935012.7998205305,6848802.404434423,13,168.8148000000002
2,49,935012.7998205305,6848802.404434423,14,174.4690236663027
2,49,935012.7998205305,6848802.404434423,15,189.91665000000015
2,49,935012.7998205305,6848802.404434423,16,211.0184999999998
2,49,935012.7998205305,6848802.404434423,17,232.12035000000017
2,49,935012.7998205305,6848802.404434423,18,247.56797633369746
2,49,935012.7998205305,6848802.404434423,19,253.2222000000001
2,49,935012.7998205305,6848802.404434423,20,247.56797633369746
2,49,935012.7998205305,6848802.404434423,21,232.12035000000017
2,49,935012.7998205305,6848802.404434423,22,211.0184999999998
2,49,935012.7998205305,6848802.404434423,23,189.91665000000015
2,49,935012.7998205305,6848802.404434423,24,174.4690236663027
2,49,935012.7998205305,6848802.404434423,25,168.8148000000002
2,49,935012.7998205305,6848802.404434423,26,174.4690236663027
2,49,935012.7998205305,6848802.404434423,27,189.91665000000015
2,49,935012.7998205305,6848802.404434423,28,211.0184999999998
2,49,935012.7998205305,6848802.404434423,29,232.12035000000017
2,49,935012.7998205305,6848802.404434423,30,247.56797633369746
2,49,935012.7998205305,6848802.404434423,31,253.2222000000001
2,49,935012.7998205305,6848802.404434423,32,247.56797633369746
2,49,935012.7998205305,6848802.404434423,33,232.12035000000017
2,49,935012.7998205305,6848802.404434423,34,211.0184999999998
2,49,935012.7998205305,6848802.404434423,35,189.91665000000015
2,49,935012.7998205305,6848802.404434423,36,174.4690236663027
2,49,935012.7998205305,6848802.404434423,37,168.8148000000002
2,49,935012.7998205305,6848802.404434423,38,174.4690236663027
2,49,935012.7998205305,6848802.404434423,39,189.91665000000015
2,49,935012.7998205305,6848802.404434423,40,211.0184999999998
2,49,935012.7998205305,6848802.404434423,41,232.12035000000017
2,49,935012.7998205305,6848802.404434423,42,247.56797633369746
2,49,935012.7998205305,6848802.404434423,43,253.2222000000001
2,49,935012.7998205305,6848802.404434423,44,247.56797633369746
2,49,935012.7998205305,6848802.404434423,45,232.12035000000017
2,49,935012.7998205305,6848802.404434423,46,211.0184999999998
2,49,935012.7998205305,6848802.404434423,47,189.91665000000015
2,49,935012.7998205305,6848802.404434423,48,174.4690236663027
2,54,934764.0998207259,6848247.404434707,1,121.41360000000017
2,54,934764.0998207259,6848247.404434707,2,125.48018450876938
2,54,934764.0998207259,6848247.404434707,3,136.59029999999998
2,54,934764.0998207259,6848247.404434707,4,151.767
2,54,934764.0998207259,6848247.404434707,5,166.94370000000015
2,54,934764.0998207259,6848247.404434707,6,178.05381549123072
2,54,934764.0998207259,6848247.404434707,7,182.12040000000016
2,54,934764.0998207259,6848247.404434707,8,268.3002699182929
2,54,934764.0998207259,6848247.404434707,9,251.5590000000002
2,54,934764.0998207259,6848247.404434707,10,228.6899999999999
2,54,934764.0998207259,6848247.404434707,11,205.82100000000014
2,54,934764.0998207259,6848247.404434707,12,189.07973008170748
2,54,934764.0998207259,6848247.404434707,13,182.95200000000023
2,54,934764.0998207259,6848247.404434707,14,189.07973008170748
2,54,934764.0998207259,6848247.404434707,15,205.82100000000014
2,54,934764.0998207259,6848247.404434707,16,228.6899999999999
2,54,934764.0998207259,6848247.404434707,17,251.5590000000002
2,54,934764.0998207259,6848247.404434707,18,268.3002699182929
2,54,934764.0998207259,6848247.404434707,19,274.42800000000005
2,54,934764.0998207259,6848247.404434707,20,268.3002699182929
2,54,934764.0998207259,6848247.404434707,21,251.5590000000002
2,54,934764.0998207259,6848247.404434707,22,228.6899999999999
2,54,934764.0998207259,6848247.404434707,23,205.82100000000014
2,54,934764.0998207259,6848247.404434707,24,189.07973008170748
2,54,934764.0998207259,6848247.404434707,25,182.95200000000023
2,54,934764.0998207259,6848247.404434707,26,189.07973008170748
2,54,934764.0998207259,6848247.404434707,27,205.82100000000014
2,54,934764.0998207259,6848247.404434707,28,228.6899999999999
2,54,934764.0998207259,6848247.404434707,29,251.5590000000002
2,54,934764.0998207259,6848247.404434707,30,268.3002699182929
2,54,934764.0998207259,6848247.404434707,31,274.42800000000005
2,54,934764.0998207259,6848247.404434707,32,268.3002699182929
2,54,934764.0998207259,6848247.404434707,33,251.5590000000002
2,54,934764.0998207259,6848247.404434707,34,228.6899999999999
2,54,934764.0998207259,6848247.404434707,35,205.82100000000014
2,54,934764.0998207259,6848247.404434707,36,189.07973008170748
2,54,934764.0998207259,6848247.404434707,37,182.95200000000023
2,54,934764.0998207259,6848247.404434707,38,189.07973008170748
2,54,934764.0998207259,6848247.404434707,39,205.82100000000014
2,54,934764.0998207259,6848247.404434707,40,228.6899999999999
2,54,934764.0998207259,6848247.404434707,41,251.5590000000002
2,54,934764.0998207259,6848247.404434707,42,268.3002699182929
2,54,934764.0998207259,6848247.404434707,43,274.42800000000005
2,54,934764.0998207259,6848247.404434707,44,268.3002699182929
2,54,934764.0998207259,6848247.404434707,45,251.5590000000002
2,54,934764.0998207259,6848247.404434707,46,228.6899999999999
2,54,934764.0998207259,6848247.404434707,47,205.82100000000014
2,54,934764.0998207259,6848247.404434707,48,189.07973008170748
2,9,935423.408715666,6848507.683366759,8,67.07506747957319
2,9,935423.408715666,6848507.683366759,9,62.889750000000035
2,9,935423.408715666,6848507.683366759,10,57.172500000000035
2,9,935423.408715666,6848507.683366759,11,51.45525000000002
2,9,935423.408715666,6848507.683366759,12,47.269932520426856
2,9,935423.408715666,6848507.683366759,13,45.73800000000003
2,9,935423.408715666,6848507.683366759,14,47.269932520426856
2,9,935423.408715666,6848507.683366759,15,51.45525000000002
2,9,935423.408715666,6848507.683366759,16,57.172500000000035
2,9,935423.408715666,6848507.683366759,17,62.889750000000035
2,9,935423.408715666,6848507.683366759,18,67.07506747957319
2,9,935423.408715666,6848507.683366759,19,68.60700000000003
2,9,935423.408715666,6848507.683366759,20,67.07506747957319
2,9,935423.408715666,6848507.683366759,21,62.889750000000035
2,9,935423.408715666,6848507.683366759,22,57.172500000000035
2,9,935423.408715666,6848507.683366759,23,51.45525000000002
2,9,935423.408715666,6848507.683366759,24,47.269932520426856
2,9,935423.408715666,6848507.683366759,25,45.73800000000003
2,9,935423.408715666,6848507.683366759,26,47.269932520426856
2,9,935423.408715666,6848507.683366759,27,51.45525000000002
2,9,935423.408715666,6848507.683366759,28,57.172500000000035
2,9,935423.408715666,6848507.683366759,29,62.889750000000035
2,9,935423.408715666,6848507.683366759,30,67.07506747957319
2,9,935423.408715666,6848507.683366759,31,68.60700000000003
2,9,935423.408715666,6848507.683366759,32,67.07506747957319
2,9,935423.408715666,6848507.683366759,33,62.889750000000035
2,9,935423.408715666,6848507.683366759,34,57.172500000000035
2,9,935423.408715666,6848507.683366759,35,51.45525000000002
2,9,935423.408715666,6848507.683366759,36,47.269932520426856
2,9,935423.408715666,6848507.683366759,37,45.73800000000003
2,9,935423.408715666,6848507.683366759,38,47.269932520426856
2,9,935423.408715666,6848507.683366759,39,51.45525000000002
2,9,935423.408715666,6848507.683366759,40,57.172500000000035
2,9,935423.408715666,6848507.683366759,41,62.889750000000035
2,9,935423.408715666,6848507.683366759,42,67.07506747957319
2,9,935423.408715666,6848507.683366759,43,68.60700000000003
2,9,935423.408715666,6848507.683366759,44,67.07506747957319
2,9,935423.408715666,6848507.683366759,45,62.889750000000035
2,9,935423.408715666,6848507.683366759,46,57.172500000000035
2,9,935423.408715666,6848507.683366759,47,51.45525000000002
2,9,935423.408715666,6848507.683366759,48,47.269932520426856
2,62,933921.19982138,6847190.704435252,1,210.39480000000026
2,62,933921.19982138,6847190.704435252,2,217.44168959396347
2,62,933921.19982138,6847190.704435252,3,236.69415000000006
2,62,933921.19982138,6847190.704435252,4,262.9935000000001
2,62,933921.19982138,6847190.704435252,5,289.2928500000003
2,62,933921.19982138,6847190.704435252,6,308.5453104060367
2,62,933921.19982138,6847190.704435252,7,315.5921999999999
2,62,933921.19982138,6847190.704435252,8,308.5453104060367
2,62,933921.19982138,6847190.704435252,9,289.2928500000003
2,62,933921.19982138,6847190.704435252,10,262.9935000000001
2,62,933921.19982138,6847190.704435252,11,236.69415000000006
2,62,933921.19982138,6847190.704435252,12,217.44168959396347
2,62,933921.19982138,6847190.704435252,13,210.39480000000026
2,62,933921.19982138,6847190.704435252,14,217.44168959396347
2,62,933921.19982138,6847190.704435252,15,236.69415000000006
2,62,933921.19982138,6847190.704435252,16,262.9935000000001
2,62,933921.19982138,6847190.704435252,17,289.2928500000003
2,62,933921.19982138,6847190.704435252,18,308.5453104060367
2,62,933921.19982138,6847190.704435252,19,315.5921999999999
2,62,933921.19982138,6847190.704435252,20,308.5453104060367
2,62,933921.19982138,6847190.704435252,21,289.2928500000003
2,62,933921.19982138,6847190.704435252,22,262.9935000000001
2,62,933921.19982138,6847190.704435252,23,236.69415000000006
2,62,933921.19982138,6847190.704435252,24,217.44168959396347
2,62,933921.19982138,6847190.704435252,25,210.39480000000026
2,62,933921.19982138,6847190.704435252,26,217.44168959396347
2,62,933921.19982138,6847190.704435252,27,236.69415000000006
2,62,933921.19982138,6847190.704435252,28,262.9935000000001
2,62,933921.19982138,6847190.704435252,29,289.2928500000003
2,62,933921.19982138,6847190.704435252,30,308.5453104060367
2,62,933921.19982138,6847190.704435252,31,315.5921999999999
2,62,933921.19982138,6847190.704435252,32,308.5453104060367
2,62,933921.19982138,6847190.704435252,33,289.2928500000003
2,62,933921.19982138,6847190.704435252,34,262.9935000000001
2,62,933921.19982138,6847190.704435252,35,236.69415000000006
2,62,933921.19982138,6847190.704435252,36,217.44168959396347
2,62,933921.19982138,6847190.704435252,37,210.39480000000026
2,62,933921.19982138,6847190.704435252,38,217.44168959396347
2,62,933921.19982138,6847190.704435252,39,236.69415000000006
2,62,933921.19982138,6847190.704435252,40,262.9935000000001
2,62,933921.19982138,6847190.704435252,41,289.2928500000003
2,62,933921.19982138,6847190.704435252,42,308.5453104060367
2,62,933921.19982138,6847190.704435252,43,315.5921999999999
2,62,933921.19982138,6847190.704435252,44,308.5453104060367
2,62,933921.19982138,6847190.704435252,45,289.2928500000003
2,62,933921.19982138,6847190.704435252,46,262.9935000000001
2,62,933921.19982138,6847190.704435252,47,236.69415000000006
2,62,933921.19982138,6847190.704435252,48,217.44168959396347
2,25,933734.0998215002,6849385.604434141,4,129.41774999999998
2,25,933734.0998215002,6849385.604434141,5,214.96860000000117
2,25,933734.0998215002,6849385.604434141,6,277.59616883070476
2,25,933734.0998215002,6849385.604434141,7,300.5194499999996
2,25,933734.0998215002,6849385.604434141,1,83.1600000000001
2,25,933734.0998215002,6849385.604434141,2,85.94533185532147
2,25,933734.0998215002,6849385.604434141,3,93.55499999999996
2,25,933734.0998215002,6849385.604434141,8,91.46600110850892
2,25,933734.0998215002,6849385.604434141,9,85.75875000000008
2,25,933734.0998215002,6849385.604434141,10,77.96250000000005
2,25,933734.0998215002,6849385.604434141,11,70.16625000000002
2,25,933734.0998215002,6849385.604434141,12,64.45899889149118
2,25,933734.0998215002,6849385.604434141,13,62.370000000000026
2,25,933734.0998215002,6849385.604434141,14,64.45899889149118
2,25,933734.0998215002,6849385.604434141,15,70.16625000000002
2,25,933734.0998215002,6849385.604434141,16,77.96250000000005
2,25,933734.0998215002,6849385.604434141,17,85.75875000000008
2,25,933734.0998215002,6849385.604434141,18,91.46600110850892
2,25,933734.0998215002,6849385.604434141,19,93.55499999999999
2,25,933734.0998215002,6849385.604434141,20,91.46600110850892
2,25,933734.0998215002,6849385.604434141,21,85.75875000000008
2,25,933734.0998215002,6849385.604434141,22,77.96250000000005
2,25,933734.0998215002,6849385.604434141,23,70.16625000000002
2,25,933734.0998215002,6849385.604434141,24,64.45899889149118
2,25,933734.0998215002,6849385.604434141,25,62.370000000000026
2,25,933734.0998215002,6849385.604434141,26,64.45899889149118
2,25,933734.0998215002,6849385.604434141,27,70.16625000000002
2,25,933734.0998215002,6849385.604434141,28,77.96250000000005
2,25,933734.0998215002,6849385.604434141,29,85.75875000000008
2,25,933734.0998215002,6849385.604434141,30,91.46600110850892
2,25,933734.0998215002,6849385.604434141,31,93.55499999999999
2,25,933734.0998215002,6849385.604434141,32,91.46600110850892
2,25,933734.0998215002,6849385.604434141,33,85.75875000000008
2,25,933734.0998215002,6849385.604434141,34,77.96250000000005
2,25,933734.0998215002,6849385.604434141,35,70.16625000000002
2,25,933734.0998215002,6849385.604434141,36,64.45899889149118
2,25,933734.0998215002,6849385.604434141,37,62.370000000000026
2,25,933734.0998215002,6849385.604434141,38,64.45899889149118
2,25,933734.0998215002,6849385.604434141,39,70.16625000000002
2,25,933734.0998215002,6849385.604434141,40,77.96250000000005
2,25,933734.0998215002,6849385.604434141,41,85.75875000000008
2,25,933734.0998215002,6849385.604434141,42,91.46600110850892
2,25,933734.0998215002,6849385.604434141,43,93.55499999999999
2,25,933734.0998215002,6849385.604434141,44,91.46600110850892
2,25,933734.0998215002,6849385.604434141,45,85.75875000000008
2,25,933734.0998215002,6849385.604434141,46,77.96250000000005
2,25,933734.0998215002,6849385.604434141,47,70.16625000000002
2,25,933734.0998215002,6849385.604434141,48,64.45899889149118
2,81,934977.2998205577,6848768.304434442,8,73.17280088680714
2,81,934977.2998205577,6848768.304434442,9,68.60700000000004
2,81,934977.2998205577,6848768.304434442,10,62.37000000000005
2,81,934977.2998205577,6848768.304434442,11,56.133000000000024
2,81,934977.2998205577,6848768.304434442,12,51.567199113192956
2,81,934977.2998205577,6848768.304434442,13,49.89600000000003
2,81,934977.2998205577,6848768.304434442,14,51.567199113192956
2,81,934977.2998205577,6848768.304434442,15,56.133000000000024
2,81,934977.2998205577,6848768.304434442,16,62.37000000000005
2,81,934977.2998205577,6848768.304434442,17,68.60700000000004
2,81,934977.2998205577,6848768.304434442,18,73.17280088680714
2,81,934977.2998205577,6848768.304434442,19,74.84400000000002
2,81,934977.2998205577,6848768.304434442,20,73.17280088680714
2,81,934977.2998205577,6848768.304434442,21,68.60700000000004
2,81,934977.2998205577,6848768.304434442,22,62.37000000000005
2,81,934977.2998205577,6848768.304434442,23,56.133000000000024
2,81,934977.2998205577,6848768.304434442,24,51.567199113192956
2,81,934977.2998205577,6848768.304434442,25,49.89600000000003
2,81,934977.2998205577,6848768.304434442,26,51.567199113192956
2,81,934977.2998205577,6848768.304434442,27,56.133000000000024
2,81,934977.2998205577,6848768.304434442,28,62.37000000000005
2,81,934977.2998205577,6848768.304434442,29,68.60700000000004
2,81,934977.2998205577,6848768.304434442,30,73.17280088680714
2,81,934977.2998205577,6848768.304434442,31,74.84400000000002
2,81,934977.2998205577,6848768.304434442,32,73.17280088680714
2,81,934977.2998205577,6848768.304434442,33,68.60700000000004
2,81,934977.2998205577,6848768.304434442,34,62.37000000000005
2,81,934977.2998205577,6848768.304434442,35,56.133000000000024
2,81,934977.2998205577,6848768.304434442,36,51.567199113192956
2,81,934977.2998205577,6848768.304434442,37,49.89600000000003
2,81,934977.2998205577,6848768.304434442,38,51.567199113192956
2,81,934977.2998205577,6848768.304434442,39,56.133000000000024
2,81,934977.2998205577,6848768.304434442,40,62.37000000000005
2,81,934977.2998205577,6848768.304434442,41,68.60700000000004
2,81,934977.2998205577,6848768.304434442,42,73.17280088680714
2,81,934977.2998205577,6848768.304434442,43,74.84400000000002
2,81,934977.2998205577,6848768.304434442,44,73.17280088680714
2,81,934977.2998205577,6848768.304434442,45,68.60700000000004
2,81,934977.2998205577,6848768.304434442,46,62.37000000000005
2,81,934977.2998205577,6848768.304434442,47,56.133000000000024
2,81,934977.2998205577,6848768.304434442,48,51.567199113192956
2,27,932730.0998222866,6847424.704435145,1,184.85775000000027
2,27,932730.0998222866,6847424.704435145,2,184.85775000000046
2,27,932730.0998222866,6847424.704435145,3,184.8577500000002
2,27,932730.0998222866,6847424.704435145,4,184.85775000000007
2,27,932730.0998222866,6847424.704435145,5,184.85775000000024
2,27,932730.0998222866,6847424.704435145,6,184.8577500000001
2,27,932730.0998222866,6847424.704435145,7,184.85775000000015
2,27,932730.0998222866,6847424.704435145,8,184.8577500000001
2,27,932730.0998222866,6847424.704435145,9,184.85775000000024
2,27,932730.0998222866,6847424.704435145,10,184.85775000000007
2,27,932730.0998222866,6847424.704435145,11,184.8577500000002
2,27,932730.0998222866,6847424.704435145,12,184.85775000000046
2,27,932730.0998222866,6847424.704435145,13,184.85775000000027
2,27,932730.0998222866,6847424.704435145,14,184.85775000000046
2,27,932730.0998222866,6847424.704435145,15,184.8577500000002
2,27,932730.0998222866,6847424.704435145,16,184.85775000000007
2,27,932730.0998222866,6847424.704435145,17,184.85775000000024
2,27,932730.0998222866,6847424.704435145,18,184.8577500000001
2,27,932730.0998222866,6847424.704435145,19,184.85775000000015
2,27,932730.0998222866,6847424.704435145,20,184.8577500000001
2,27,932730.0998222866,6847424.704435145,21,184.85775000000024
2,27,932730.0998222866,6847424.704435145,22,184.85775000000007
2,27,932730.0998222866,6847424.704435145,23,184.8577500000002
2,27,932730.0998222866,6847424.704435145,24,184.85775000000046
2,27,932730.0998222866,6847424.704435145,25,184.85775000000027
2,27,932730.0998222866,6847424.704435145,26,184.85775000000046
2,27,932730.0998222866,6847424.704435145,27,184.8577500000002
2,27,932730.0998222866,6847424.704435145,28,184.85775000000007
2,27,932730.0998222866,6847424.704435145,29,184.85775000000024
2,27,932730.0998222866,6847424.704435145,30,184.8577500000001
2,27,932730.0998222866,6847424.704435145,31,184.85775000000015
2,27,932730.0998222866,6847424.704435145,32,184.8577500000001
2,27,932730.0998222866,6847424.704435145,33,184.85775000000024
2,27,932730.0998222866,6847424.704435145,34,184.85775000000007
2,27,932730.0998222866,6847424.704435145,35,184.8577500000002
2,27,932730.0998222866,6847424.704435145,36,184.85775000000046
2,27,932730.0998222866,6847424.704435145,37,184.85775000000027
2,27,932730.0998222866,6847424.704435145,38,184.85775000000046
2,27,932730.0998222866,6847424.704435145,39,184.8577500000002
2,27,932730.0998222866,6847424.704435145,40,184.85775000000007
2,27,932730.0998222866,6847424.704435145,41,184.85775000000024
2,27,932730.0998222866,6847424.704435145,42,184.8577500000001
2,27,932730.0998222866,6847424.704435145,43,184.85775000000015
2,27,932730.0998222866,6847424.704435145,44,184.8577500000001
2,27,932730.0998222866,6847424.704435145,45,184.85775000000024
2,27,932730.0998222866,6847424.704435145,46,184.85775000000007
2,27,932730.0998222866,6847424.704435145,47,184.8577500000002
2,27,932730.0998222866,6847424.704435145,48,184.85775000000046
2,42,934990.5998205657,6847039.104435317,1,464.86440000000016
2,42,934990.5998205657,6847039.104435317,2,480.43440507124734
2,42,934990.5998205657,6847039.104435317,3,522.972450000001
2,42,934990.5998205657,6847039.104435317,4,581.0804999999992
2,42,934990.5998205657,6847039.104435317,5,617.4629999999999
2,42,934990.5998205657,6847039.104435317,6,617.4629999999999
2,42,934990.5998205657,6847039.104435317,7,617.4630000000002
2,42,934990.5998205657,6847039.104435317,8,617.4629999999999
2,42,934990.5998205657,6847039.104435317,9,617.4629999999999
2,42,934990.5998205657,6847039.104435317,10,567.5669999999993
2,42,934990.5998205657,6847039.104435317,11,510.810300000001
2,42,934990.5998205657,6847039.104435317,12,469.2615119300556
2,42,934990.5998205657,6847039.104435317,13,454.0536000000002
2,42,934990.5998205657,6847039.104435317,14,469.2615119300556
2,42,934990.5998205657,6847039.104435317,15,510.810300000001
2,42,934990.5998205657,6847039.104435317,16,567.5669999999993
2,42,934990.5998205657,6847039.104435317,17,617.4629999999999
2,42,934990.5998205657,6847039.104435317,18,617.4629999999999
2,42,934990.5998205657,6847039.104435317,19,617.4630000000002
2,42,934990.5998205657,6847039.104435317,20,617.4629999999999
2,42,934990.5998205657,6847039.104435317,21,617.4629999999999
2,42,934990.5998205657,6847039.104435317,22,567.5669999999993
2,42,934990.5998205657,6847039.104435317,23,510.810300000001
2,42,934990.5998205657,6847039.104435317,24,469.2615119300556
2,42,934990.5998205657,6847039.104435317,25,454.0536000000002
2,42,934990.5998205657,6847039.104435317,26,469.2615119300556
2,42,934990.5998205657,6847039.104435317,27,510.810300000001
2,42,934990.5998205657,6847039.104435317,28,567.5669999999993
2,42,934990.5998205657,6847039.104435317,29,617.4629999999999
2,42,934990.5998205657,6847039.104435317,30,617.4629999999999
2,42,934990.5998205657,6847039.104435317,31,617.4630000000002
2,42,934990.5998205657,6847039.104435317,32,617.4629999999999
2,42,934990.5998205657,6847039.104435317,33,617.4629999999999
2,42,934990.5998205657,6847039.104435317,34,567.5669999999993
2,42,934990.5998205657,6847039.104435317,35,510.810300000001
2,42,934990.5998205657,6847039.104435317,36,469.2615119300556
2,42,934990.5998205657,6847039.104435317,37,454.0536000000002
2,42,934990.5998205657,6847039.104435317,38,469.2615119300556
2,42,934990.5998205657,6847039.104435317,39,510.810300000001
2,42,934990.5998205657,6847039.104435317,40,567.5669999999993
2,42,934990.5998205657,6847039.104435317,41,617.4629999999999
2,42,934990.5998205657,6847039.104435317,42,617.4629999999999
2,42,934990.5998205657,6847039.104435317,43,617.4630000000002
2,42,934990.5998205657,6847039.104435317,44,617.4629999999999
2,42,934990.5998205657,6847039.104435317,45,617.4629999999999
2,42,934990.5998205657,6847039.104435317,46,567.5669999999993
2,42,934990.5998205657,6847039.104435317,47,510.810300000001
2,42,934990.5998205657,6847039.104435317,48,469.2615119300556
2,18,933999.1998213149,6847743.404434972,1,65.69640000000005
2,18,933999.1998213149,6847743.404434972,2,67.89681216570405
2,18,933999.1998213149,6847743.404434972,3,73.90845000000003
2,18,933999.1998213149,6847743.404434972,4,82.12050000000005
2,18,933999.1998213149,6847743.404434972,5,90.33255000000007
2,18,933999.1998213149,6847743.404434972,6,96.34418783429606
2,18,933999.1998213149,6847743.404434972,7,97.19324999999999
2,18,933999.1998213149,6847743.404434972,8,96.34418783429606
2,18,933999.1998213149,6847743.404434972,9,90.33255000000007
2,18,933999.1998213149,6847743.404434972,10,82.12050000000005
2,18,933999.1998213149,6847743.404434972,11,73.90845000000003
2,18,933999.1998213149,6847743.404434972,12,67.89681216570405
2,18,933999.1998213149,6847743.404434972,13,65.69640000000005
2,18,933999.1998213149,6847743.404434972,14,67.89681216570405
2,18,933999.1998213149,6847743.404434972,15,73.90845000000003
2,18,933999.1998213149,6847743.404434972,16,82.12050000000005
2,18,933999.1998213149,6847743.404434972,17,90.33255000000007
2,18,933999.1998213149,6847743.404434972,18,96.34418783429606
2,18,933999.1998213149,6847743.404434972,19,97.19324999999999
2,18,933999.1998213149,6847743.404434972,20,96.34418783429606
2,18,933999.1998213149,6847743.404434972,21,90.33255000000007
2,18,933999.1998213149,6847743.404434972,22,82.12050000000005
2,18,933999.1998213149,6847743.404434972,23,73.90845000000003
2,18,933999.1998213149,6847743.404434972,24,67.89681216570405
2,18,933999.1998213149,6847743.404434972,25,65.69640000000005
2,18,933999.1998213149,6847743.404434972,26,67.89681216570405
2,18,933999.1998213149,6847743.404434972,27,73.90845000000003
2,18,933999.1998213149,6847743.404434972,28,82.12050000000005
2,18,933999.1998213149,6847743.404434972,29,90.33255000000007
2,18,933999.1998213149,6847743.404434972,30,96.34418783429606
2,18,933999.1998213149,6847743.404434972,31,97.19324999999999
2,18,933999.1998213149,6847743.404434972,32,96.34418783429606
2,18,933999.1998213149,6847743.404434972,33,90.33255000000007
2,18,933999.1998213149,6847743.404434972,34,82.12050000000005
2,18,933999.1998213149,6847743.404434972,35,73.90845000000003
2,18,933999.1998213149,6847743.404434972,36,67.89681216570405
2,18,933999.1998213149,6847743.404434972,37,65.69640000000005
2,18,933999.1998213149,6847743.404434972,38,67.89681216570405
2,18,933999.1998213149,6847743.404434972,39,73.90845000000003
2,18,933999.1998213149,6847743.404434972,40,82.12050000000005
2,18,933999.1998213149,6847743.404434972,41,90.33255000000007
2,18,933999.1998213149,6847743.404434972,42,96.34418783429606
2,18,933999.1998213149,6847743.404434972,43,97.19324999999999
2,18,933999.1998213149,6847743.404434972,44,96.34418783429606
2,18,933999.1998213149,6847743.404434972,45,90.33255000000007
2,18,933999.1998213149,6847743.404434972,46,82.12050000000005
2,18,933999.1998213149,6847743.404434972,47,73.90845000000003
2,18,933999.1998213149,6847743.404434972,48,67.89681216570405
2,26,933533.0998216621,6848578.504434551,1,71.51760000000004
2,26,933533.0998216621,6848578.504434551,3,80.4573
2,26,933533.0998216621,6848578.504434551,4,41.71860000000002
2,26,933533.0998216621,6848578.504434551,7,50.062320000000035
2,26,933533.0998216621,6848578.504434551,8,104.88101460442357
2,26,933533.0998216621,6848578.504434551,10,41.71860000000002
2,26,933533.0998216621,6848578.504434551,11,37.54674000000002
2,26,933533.0998216621,6848578.504434551,13,71.51760000000004
2,26,933533.0998216621,6848578.504434551,15,37.54674000000002
2,26,933533.0998216621,6848578.504434551,17,45.89046000000005
2,26,933533.0998216621,6848578.504434551,22,41.71860000000002
2,26,933533.0998216621,6848578.504434551,23,37.54674000000002
2,26,933533.0998216621,6848578.504434551,24,73.91298539557654
2,26,933533.0998216621,6848578.504434551,26,73.91298539557654
2,26,933533.0998216621,6848578.504434551,35,37.54674000000002
2,26,933533.0998216621,6848578.504434551,37,33.37488000000002
2,26,933533.0998216621,6848578.504434551,38,73.91298539557654
2,26,933533.0998216621,6848578.504434551,42,104.88101460442357
2,26,933533.0998216621,6848578.504434551,44,48.944473482064346
2,26,933533.0998216621,6848578.504434551,47,37.54674000000002
2,26,933533.0998216621,6848578.504434551,48,34.49272651793572
2,26,933533.0998216621,6848578.504434551,6,55.93654112235921
2,26,933533.0998216621,6848578.504434551,9,52.446240000000024
2,26,933533.0998216621,6848578.504434551,16,47.67840000000003
2,26,933533.0998216621,6848578.504434551,19,57.21408000000003
2,26,933533.0998216621,6848578.504434551,20,55.93654112235921
2,26,933533.0998216621,6848578.504434551,21,52.446240000000024
2,26,933533.0998216621,6848578.504434551,25,38.14272000000001
2,26,933533.0998216621,6848578.504434551,28,47.67840000000003
2,26,933533.0998216621,6848578.504434551,31,57.21408000000003
2,26,933533.0998216621,6848578.504434551,32,55.93654112235921
2,26,933533.0998216621,6848578.504434551,34,47.67840000000003
2,26,933533.0998216621,6848578.504434551,39,42.910560000000004
2,26,933533.0998216621,6848578.504434551,40,47.67840000000003
2,26,933533.0998216621,6848578.504434551,43,57.21408000000003
2,26,933533.0998216621,6848578.504434551,45,52.446240000000024
2,66,933533.0998216621,6848578.504434551,2,73.91298539557654
2,66,933533.0998216621,6848578.504434551,5,98.33670000000006
2,66,933533.0998216621,6848578.504434551,6,48.944473482064346
2,66,933533.0998216621,6848578.504434551,9,45.89046000000005
2,66,933533.0998216621,6848578.504434551,12,73.91298539557654
2,66,933533.0998216621,6848578.504434551,14,73.91298539557654
2,66,933533.0998216621,6848578.504434551,16,41.71860000000002
2,66,933533.0998216621,6848578.504434551,18,104.88101460442357
2,66,933533.0998216621,6848578.504434551,19,50.062320000000035
2,66,933533.0998216621,6848578.504434551,20,48.944473482064346
2,66,933533.0998216621,6848578.504434551,21,45.89046000000005
2,66,933533.0998216621,6848578.504434551,25,33.37488000000002
2,66,933533.0998216621,6848578.504434551,27,80.4573
2,66,933533.0998216621,6848578.504434551,28,41.71860000000002
2,66,933533.0998216621,6848578.504434551,29,98.33670000000006
2,66,933533.0998216621,6848578.504434551,30,104.88101460442357
2,66,933533.0998216621,6848578.504434551,31,50.062320000000035
2,66,933533.0998216621,6848578.504434551,32,48.944473482064346
2,66,933533.0998216621,6848578.504434551,33,98.33670000000006
2,66,933533.0998216621,6848578.504434551,34,41.71860000000002
2,66,933533.0998216621,6848578.504434551,36,73.91298539557654
2,66,933533.0998216621,6848578.504434551,39,37.54674000000002
2,66,933533.0998216621,6848578.504434551,40,41.71860000000002
2,66,933533.0998216621,6848578.504434551,41,98.33670000000006
2,66,933533.0998216621,6848578.504434551,43,50.062320000000035
2,66,933533.0998216621,6848578.504434551,45,45.89046000000005
2,66,933533.0998216621,6848578.504434551,46,89.39700000000006
2,66,933533.0998216621,6848578.504434551,4,47.67840000000003
2,66,933533.0998216621,6848578.504434551,7,57.21408000000003
2,66,933533.0998216621,6848578.504434551,10,47.67840000000003
2,66,933533.0998216621,6848578.504434551,11,42.910560000000004
2,66,933533.0998216621,6848578.504434551,15,42.910560000000004
2,66,933533.0998216621,6848578.504434551,17,52.446240000000024
2,66,933533.0998216621,6848578.504434551,22,47.67840000000003
2,66,933533.0998216621,6848578.504434551,23,42.910560000000004
2,66,933533.0998216621,6848578.504434551,35,42.910560000000004
2,66,933533.0998216621,6848578.504434551,37,38.14272000000001
2,66,933533.0998216621,6848578.504434551,44,55.93654112235921
2,66,933533.0998216621,6848578.504434551,47,42.910560000000004
2,66,933533.0998216621,6848578.504434551,48,39.42025887764082
2,48,931239.099823409,6848973.804434372,1,136.38240000000013
2,48,931239.099823409,6848973.804434372,3,153.43020000000004
2,48,931239.099823409,6848973.804434372,4,170.47799999999998
2,48,931239.099823409,6848973.804434372,5,187.52580000000017
2,48,931239.099823409,6848973.804434372,6,200.00565575727288
2,48,931239.099823409,6848973.804434372,7,204.57360000000008
2,48,931239.099823409,6848973.804434372,12,140.95034424272737
2,48,931239.099823409,6848973.804434372,19,204.57360000000008
2,48,931239.099823409,6848973.804434372,20,200.00565575727288
2,48,931239.099823409,6848973.804434372,22,170.47799999999998
2,48,931239.099823409,6848973.804434372,24,140.95034424272737
2,48,931239.099823409,6848973.804434372,27,153.43020000000004
2,48,931239.099823409,6848973.804434372,28,170.47799999999998
2,48,931239.099823409,6848973.804434372,29,187.52580000000017
2,48,931239.099823409,6848973.804434372,30,200.00565575727288
2,48,931239.099823409,6848973.804434372,31,204.57360000000008
2,48,931239.099823409,6848973.804434372,32,200.00565575727288
2,48,931239.099823409,6848973.804434372,33,187.52580000000017
2,48,931239.099823409,6848973.804434372,34,170.47799999999998
2,48,931239.099823409,6848973.804434372,38,140.95034424272737
2,48,931239.099823409,6848973.804434372,39,153.43020000000004
2,48,931239.099823409,6848973.804434372,41,187.52580000000017
2,48,931239.099823409,6848973.804434372,42,200.00565575727288
2,48,931239.099823409,6848973.804434372,43,204.57360000000008
2,48,931239.099823409,6848973.804434372,44,200.00565575727288
2,48,931239.099823409,6848973.804434372,45,187.52580000000017
2,48,931239.099823409,6848973.804434372,46,170.47799999999998
2,48,931239.099823409,6848973.804434372,47,153.43020000000004
2,48,931239.099823409,6848973.804434372,13,72.73728000000003
2,59,931239.099823409,6848973.804434372,2,140.95034424272737
2,59,931239.099823409,6848973.804434372,8,200.00565575727288
2,59,931239.099823409,6848973.804434372,9,187.52580000000017
2,59,931239.099823409,6848973.804434372,10,170.47799999999998
2,59,931239.099823409,6848973.804434372,11,153.43020000000004
2,59,931239.099823409,6848973.804434372,13,63.64512000000004
2,59,931239.099823409,6848973.804434372,14,140.95034424272737
2,59,931239.099823409,6848973.804434372,15,153.43020000000004
2,59,931239.099823409,6848973.804434372,16,170.47799999999998
2,59,931239.099823409,6848973.804434372,17,187.52580000000017
2,59,931239.099823409,6848973.804434372,18,200.00565575727288
2,59,931239.099823409,6848973.804434372,21,187.52580000000017
2,59,931239.099823409,6848973.804434372,23,153.43020000000004
2,59,931239.099823409,6848973.804434372,25,136.38240000000013
2,59,931239.099823409,6848973.804434372,26,140.95034424272737
2,59,931239.099823409,6848973.804434372,35,153.43020000000004
2,59,931239.099823409,6848973.804434372,36,140.95034424272737
2,59,931239.099823409,6848973.804434372,37,136.38240000000013
2,59,931239.099823409,6848973.804434372,40,170.47799999999998
2,59,931239.099823409,6848973.804434372,48,140.95034424272737
2,77,934467.3998209637,6847130.604435277,1,103.95000000000032
2,77,934467.3998209637,6847130.604435277,2,113.55939490085925
2,77,934467.3998209637,6847130.604435277,3,129.1059
2,77,934467.3998209637,6847130.604435277,4,143.45100000000014
2,77,934467.3998209637,6847130.604435277,5,157.79610000000008
2,77,934467.3998209637,6847130.604435277,6,168.2974420396564
2,77,934467.3998209637,6847130.604435277,7,172.14120000000005
2,77,934467.3998209637,6847130.604435277,8,168.2974420396564
2,77,934467.3998209637,6847130.604435277,9,157.79610000000008
2,77,934467.3998209637,6847130.604435277,10,143.45100000000014
2,77,934467.3998209637,6847130.604435277,11,129.1059
2,77,934467.3998209637,6847130.604435277,12,113.55939490085925
2,77,934467.3998209637,6847130.604435277,13,103.95000000000032
2,77,934467.3998209637,6847130.604435277,14,113.55939490085925
2,77,934467.3998209637,6847130.604435277,15,129.1059
2,77,934467.3998209637,6847130.604435277,16,143.45100000000014
2,77,934467.3998209637,6847130.604435277,17,157.79610000000008
2,77,934467.3998209637,6847130.604435277,18,168.2974420396564
2,77,934467.3998209637,6847130.604435277,19,172.14120000000005
2,77,934467.3998209637,6847130.604435277,20,168.2974420396564
2,77,934467.3998209637,6847130.604435277,21,157.79610000000008
2,77,934467.3998209637,6847130.604435277,22,143.45100000000014
2,77,934467.3998209637,6847130.604435277,23,129.1059
2,77,934467.3998209637,6847130.604435277,24,113.55939490085925
2,77,934467.3998209637,6847130.604435277,25,103.95000000000032
2,77,934467.3998209637,6847130.604435277,26,113.55939490085925
2,77,934467.3998209637,6847130.604435277,27,129.1059
2,77,934467.3998209637,6847130.604435277,28,143.45100000000014
2,77,934467.3998209637,6847130.604435277,29,157.79610000000008
2,77,934467.3998209637,6847130.604435277,30,168.2974420396564
2,77,934467.3998209637,6847130.604435277,31,172.14120000000005
2,77,934467.3998209637,6847130.604435277,32,168.2974420396564
2,77,934467.3998209637,6847130.604435277,33,157.79610000000008
2,77,934467.3998209637,6847130.604435277,34,143.45100000000014
2,77,934467.3998209637,6847130.604435277,35,129.1059
2,77,934467.3998209637,6847130.604435277,36,113.55939490085925
2,77,934467.3998209637,6847130.604435277,37,103.95000000000032
2,77,934467.3998209637,6847130.604435277,38,113.55939490085925
2,77,934467.3998209637,6847130.604435277,39,129.1059
2,77,934467.3998209637,6847130.604435277,40,143.45100000000014
2,77,934467.3998209637,6847130.604435277,41,157.79610000000008
2,77,934467.3998209637,6847130.604435277,42,168.2974420396564
2,77,934467.3998209637,6847130.604435277,43,172.14120000000005
2,77,934467.3998209637,6847130.604435277,44,168.2974420396564
2,77,934467.3998209637,6847130.604435277,45,157.79610000000008
2,77,934467.3998209637,6847130.604435277,46,143.45100000000014
2,77,934467.3998209637,6847130.604435277,47,129.1059
2,77,934467.3998209637,6847130.604435277,48,113.55939490085925
2,71,933466.5998217198,6847887.004434904,1,199.58400000000015
2,71,933466.5998217198,6847887.004434904,2,206.2687964527717
2,71,933466.5998217198,6847887.004434904,3,224.53200000000007
2,71,933466.5998217198,6847887.004434904,4,249.47999999999996
2,71,933466.5998217198,6847887.004434904,5,261.0877500000001
2,71,933466.5998217198,6847887.004434904,6,261.08775
2,71,933466.5998217198,6847887.004434904,7,261.0877499999999
2,71,933466.5998217198,6847887.004434904,8,261.08775
2,71,933466.5998217198,6847887.004434904,9,261.0877500000001
2,71,933466.5998217198,6847887.004434904,10,249.47999999999996
2,71,933466.5998217198,6847887.004434904,11,224.53200000000007
2,71,933466.5998217198,6847887.004434904,12,206.2687964527717
2,71,933466.5998217198,6847887.004434904,13,199.58400000000015
2,71,933466.5998217198,6847887.004434904,14,206.2687964527717
2,71,933466.5998217198,6847887.004434904,15,224.53200000000007
2,71,933466.5998217198,6847887.004434904,16,249.47999999999996
2,71,933466.5998217198,6847887.004434904,17,261.0877500000001
2,71,933466.5998217198,6847887.004434904,18,261.08775
2,71,933466.5998217198,6847887.004434904,19,261.0877499999999
2,71,933466.5998217198,6847887.004434904,20,261.08775
2,71,933466.5998217198,6847887.004434904,21,261.0877500000001
2,71,933466.5998217198,6847887.004434904,22,249.47999999999996
2,71,933466.5998217198,6847887.004434904,23,224.53200000000007
2,71,933466.5998217198,6847887.004434904,24,206.2687964527717
2,71,933466.5998217198,6847887.004434904,25,199.58400000000015
2,71,933466.5998217198,6847887.004434904,26,206.2687964527717
2,71,933466.5998217198,6847887.004434904,27,224.53200000000007
2,71,933466.5998217198,6847887.004434904,28,249.47999999999996
2,71,933466.5998217198,6847887.004434904,29,261.0877500000001
2,71,933466.5998217198,6847887.004434904,30,261.08775
2,71,933466.5998217198,6847887.004434904,31,261.0877499999999
2,71,933466.5998217198,6847887.004434904,32,261.08775
2,71,933466.5998217198,6847887.004434904,33,261.0877500000001
2,71,933466.5998217198,6847887.004434904,34,249.47999999999996
2,71,933466.5998217198,6847887.004434904,35,224.53200000000007
2,71,933466.5998217198,6847887.004434904,36,206.2687964527717
2,71,933466.5998217198,6847887.004434904,37,199.58400000000015
2,71,933466.5998217198,6847887.004434904,38,206.2687964527717
2,71,933466.5998217198,6847887.004434904,39,224.53200000000007
2,71,933466.5998217198,6847887.004434904,40,249.47999999999996
2,71,933466.5998217198,6847887.004434904,41,261.0877500000001
2,71,933466.5998217198,6847887.004434904,42,261.08775
2,71,933466.5998217198,6847887.004434904,43,261.0877499999999
2,71,933466.5998217198,6847887.004434904,44,261.08775
2,71,933466.5998217198,6847887.004434904,45,261.0877500000001
2,71,933466.5998217198,6847887.004434904,46,249.47999999999996
2,71,933466.5998217198,6847887.004434904,47,224.53200000000007
2,71,933466.5998217198,6847887.004434904,48,206.2687964527717
2,16,934880.899820648,6847145.104435267,1,55.71720000000001
2,16,934880.899820648,6847145.104435267,2,57.583372343065456
2,16,934880.899820648,6847145.104435267,3,62.68185000000003
2,16,934880.899820648,6847145.104435267,4,69.64650000000006
2,16,934880.899820648,6847145.104435267,5,91.4760000000001
2,16,934880.899820648,6847145.104435267,6,97.56373451574284
2,16,934880.899820648,6847145.104435267,7,99.79200000000003
2,16,934880.899820648,6847145.104435267,8,97.56373451574284
2,16,934880.899820648,6847145.104435267,9,91.4760000000001
2,16,934880.899820648,6847145.104435267,10,83.16000000000007
2,16,934880.899820648,6847145.104435267,11,74.84400000000002
2,16,934880.899820648,6847145.104435267,12,68.75626548425726
2,16,934880.899820648,6847145.104435267,13,66.52800000000002
2,16,934880.899820648,6847145.104435267,14,68.75626548425726
2,16,934880.899820648,6847145.104435267,15,74.84400000000002
2,16,934880.899820648,6847145.104435267,16,83.16000000000007
2,16,934880.899820648,6847145.104435267,17,91.4760000000001
2,16,934880.899820648,6847145.104435267,18,97.56373451574284
2,16,934880.899820648,6847145.104435267,19,99.79200000000003
2,16,934880.899820648,6847145.104435267,20,97.56373451574284
2,16,934880.899820648,6847145.104435267,21,91.4760000000001
2,16,934880.899820648,6847145.104435267,22,83.16000000000007
2,16,934880.899820648,6847145.104435267,23,74.84400000000002
2,16,934880.899820648,6847145.104435267,24,68.75626548425726
2,16,934880.899820648,6847145.104435267,25,66.52800000000002
2,16,934880.899820648,6847145.104435267,26,68.75626548425726
2,16,934880.899820648,6847145.104435267,27,74.84400000000002
2,16,934880.899820648,6847145.104435267,28,83.16000000000007
2,16,934880.899820648,6847145.104435267,29,91.4760000000001
2,16,934880.899820648,6847145.104435267,30,97.56373451574284
2,16,934880.899820648,6847145.104435267,31,99.79200000000003
2,16,934880.899820648,6847145.104435267,32,97.56373451574284
2,16,934880.899820648,6847145.104435267,33,91.4760000000001
2,16,934880.899820648,6847145.104435267,34,83.16000000000007
2,16,934880.899820648,6847145.104435267,35,74.84400000000002
2,16,934880.899820648,6847145.104435267,36,68.75626548425726
2,16,934880.899820648,6847145.104435267,37,66.52800000000002
2,16,934880.899820648,6847145.104435267,38,68.75626548425726
2,16,934880.899820648,6847145.104435267,39,74.84400000000002
2,16,934880.899820648,6847145.104435267,40,83.16000000000007
2,16,934880.899820648,6847145.104435267,41,91.4760000000001
2,16,934880.899820648,6847145.104435267,42,97.56373451574284
2,16,934880.899820648,6847145.104435267,43,99.79200000000003
2,16,934880.899820648,6847145.104435267,44,97.56373451574284
2,16,934880.899820648,6847145.104435267,45,91.4760000000001
2,16,934880.899820648,6847145.104435267,46,83.16000000000007
2,16,934880.899820648,6847145.104435267,47,74.84400000000002
2,16,934880.899820648,6847145.104435267,48,68.75626548425726
2,46,934906.099820619,6848106.204434778,1,107.27640000000014
2,46,934906.099820619,6848106.204434778,2,110.86947809336482
2,46,934906.099820619,6848106.204434778,3,120.68595000000002
2,46,934906.099820619,6848106.204434778,4,134.0955000000001
2,46,934906.099820619,6848106.204434778,5,147.50505000000013
2,46,934906.099820619,6848106.204434778,6,157.32152190663535
2,46,934906.099820619,6848106.204434778,7,160.91460000000006
2,46,934906.099820619,6848106.204434778,8,157.32152190663535
2,46,934906.099820619,6848106.204434778,9,147.50505000000013
2,46,934906.099820619,6848106.204434778,10,134.0955000000001
2,46,934906.099820619,6848106.204434778,11,120.68595000000002
2,46,934906.099820619,6848106.204434778,12,110.86947809336482
2,46,934906.099820619,6848106.204434778,13,107.27640000000014
2,46,934906.099820619,6848106.204434778,14,110.86947809336482
2,46,934906.099820619,6848106.204434778,15,120.68595000000002
2,46,934906.099820619,6848106.204434778,16,134.0955000000001
2,46,934906.099820619,6848106.204434778,17,147.50505000000013
2,46,934906.099820619,6848106.204434778,18,157.32152190663535
2,46,934906.099820619,6848106.204434778,19,160.91460000000006
2,46,934906.099820619,6848106.204434778,20,157.32152190663535
2,46,934906.099820619,6848106.204434778,21,147.50505000000013
2,46,934906.099820619,6848106.204434778,22,134.0955000000001
2,46,934906.099820619,6848106.204434778,23,120.68595000000002
2,46,934906.099820619,6848106.204434778,24,110.86947809336482
2,46,934906.099820619,6848106.204434778,25,107.27640000000014
2,46,934906.099820619,6848106.204434778,26,110.86947809336482
2,46,934906.099820619,6848106.204434778,27,120.68595000000002
2,46,934906.099820619,6848106.204434778,28,134.0955000000001
2,46,934906.099820619,6848106.204434778,29,147.50505000000013
2,46,934906.099820619,6848106.204434778,30,157.32152190663535
2,46,934906.099820619,6848106.204434778,31,160.91460000000006
2,46,934906.099820619,6848106.204434778,32,157.32152190663535
2,46,934906.099820619,6848106.204434778,33,147.50505000000013
2,46,934906.099820619,6848106.204434778,34,134.0955000000001
2,46,934906.099820619,6848106.204434778,35,120.68595000000002
2,46,934906.099820619,6848106.204434778,36,110.86947809336482
2,46,934906.099820619,6848106.204434778,37,107.27640000000014
2,46,934906.099820619,6848106.204434778,38,110.86947809336482
2,46,934906.099820619,6848106.204434778,39,120.68595000000002
2,46,934906.099820619,6848106.204434778,40,134.0955000000001
2,46,934906.099820619,6848106.204434778,41,147.50505000000013
2,46,934906.099820619,6848106.204434778,42,157.32152190663535
2,46,934906.099820619,6848106.204434778,43,160.91460000000006
2,46,934906.099820619,6848106.204434778,44,157.32152190663535
2,46,934906.099820619,6848106.204434778,45,147.50505000000013
2,46,934906.099820619,6848106.204434778,46,134.0955000000001
2,46,934906.099820619,6848106.204434778,47,120.68595000000002
2,46,934906.099820619,6848106.204434778,48,110.86947809336482
2,43,934084.1998212618,6846602.604435545,1,139.7088000000002
2,43,934084.1998212618,6846602.604435545,2,144.3881575169402
2,43,934084.1998212618,6846602.604435545,3,157.1724000000001
2,43,934084.1998212618,6846602.604435545,4,174.6359999999999
2,43,934084.1998212618,6846602.604435545,5,192.09960000000012
2,43,934084.1998212618,6846602.604435545,6,194.38650000000004
2,43,934084.1998212618,6846602.604435545,7,194.3865
2,43,934084.1998212618,6846602.604435545,8,194.38650000000004
2,43,934084.1998212618,6846602.604435545,9,192.09960000000012
2,43,934084.1998212618,6846602.604435545,10,174.6359999999999
2,43,934084.1998212618,6846602.604435545,11,157.1724000000001
2,43,934084.1998212618,6846602.604435545,12,144.3881575169402
2,43,934084.1998212618,6846602.604435545,13,139.7088000000002
2,43,934084.1998212618,6846602.604435545,14,144.3881575169402
2,43,934084.1998212618,6846602.604435545,15,157.1724000000001
2,43,934084.1998212618,6846602.604435545,16,174.6359999999999
2,43,934084.1998212618,6846602.604435545,17,192.09960000000012
2,43,934084.1998212618,6846602.604435545,18,194.38650000000004
2,43,934084.1998212618,6846602.604435545,19,194.3865
2,43,934084.1998212618,6846602.604435545,20,194.38650000000004
2,43,934084.1998212618,6846602.604435545,21,192.09960000000012
2,43,934084.1998212618,6846602.604435545,22,174.6359999999999
2,43,934084.1998212618,6846602.604435545,23,157.1724000000001
2,43,934084.1998212618,6846602.604435545,24,144.3881575169402
2,43,934084.1998212618,6846602.604435545,25,139.7088000000002
2,43,934084.1998212618,6846602.604435545,26,144.3881575169402
2,43,934084.1998212618,6846602.604435545,27,157.1724000000001
2,43,934084.1998212618,6846602.604435545,28,174.6359999999999
2,43,934084.1998212618,6846602.604435545,29,192.09960000000012
2,43,934084.1998212618,6846602.604435545,30,194.38650000000004
2,43,934084.1998212618,6846602.604435545,31,194.38649999999996
2,43,934084.1998212618,6846602.604435545,32,194.38650000000004
2,43,934084.1998212618,6846602.604435545,33,192.09960000000012
2,43,934084.1998212618,6846602.604435545,34,174.6359999999999
2,43,934084.1998212618,6846602.604435545,35,157.1724000000001
2,43,934084.1998212618,6846602.604435545,36,144.3881575169402
2,43,934084.1998212618,6846602.604435545,37,139.7088000000002
2,43,934084.1998212618,6846602.604435545,38,144.3881575169402
2,43,934084.1998212618,6846602.604435545,39,157.1724000000001
2,43,934084.1998212618,6846602.604435545,40,174.6359999999999
2,43,934084.1998212618,6846602.604435545,41,192.09960000000012
2,43,934084.1998212618,6846602.604435545,42,194.38650000000004
2,43,934084.1998212618,6846602.604435545,43,194.38649999999996
2,43,934084.1998212618,6846602.604435545,44,194.38650000000004
2,43,934084.1998212618,6846602.604435545,45,192.09960000000012
2,43,934084.1998212618,6846602.604435545,46,174.6359999999999
2,43,934084.1998212618,6846602.604435545,47,157.1724000000001
2,43,934084.1998212618,6846602.604435545,48,144.3881575169402
2,6,931976.7421459949,6849371.227088254,1,18.29520000000001
2,6,931976.7421459949,6849371.227088254,2,18.90797300817074
2,6,931976.7421459949,6849371.227088254,3,20.58210000000001
2,6,931976.7421459949,6849371.227088254,4,22.86900000000001
2,6,931976.7421459949,6849371.227088254,5,25.155900000000017
2,6,931976.7421459949,6849371.227088254,6,26.83002699182928
2,6,931976.7421459949,6849371.227088254,7,27.44280000000001
2,6,931976.7421459949,6849371.227088254,8,26.83002699182928
2,6,931976.7421459949,6849371.227088254,9,25.155900000000017
2,6,931976.7421459949,6849371.227088254,10,22.86900000000001
2,6,931976.7421459949,6849371.227088254,11,20.58210000000001
2,6,931976.7421459949,6849371.227088254,12,18.90797300817074
2,6,931976.7421459949,6849371.227088254,13,18.29520000000001
2,6,931976.7421459949,6849371.227088254,14,18.90797300817074
2,6,931976.7421459949,6849371.227088254,15,20.58210000000001
2,6,931976.7421459949,6849371.227088254,16,22.86900000000001
2,6,931976.7421459949,6849371.227088254,17,25.155900000000017
2,6,931976.7421459949,6849371.227088254,18,26.83002699182928
2,6,931976.7421459949,6849371.227088254,19,27.44280000000001
2,6,931976.7421459949,6849371.227088254,20,26.83002699182928
2,6,931976.7421459949,6849371.227088254,21,25.155900000000017
2,6,931976.7421459949,6849371.227088254,22,22.86900000000001
2,6,931976.7421459949,6849371.227088254,23,20.58210000000001
2,6,931976.7421459949,6849371.227088254,24,18.90797300817074
2,6,931976.7421459949,6849371.227088254,25,18.29520000000001
2,6,931976.7421459949,6849371.227088254,26,18.90797300817074
2,6,931976.7421459949,6849371.227088254,27,20.58210000000001
2,6,931976.7421459949,6849371.227088254,28,22.86900000000001
2,6,931976.7421459949,6849371.227088254,29,25.155900000000017
2,6,931976.7421459949,6849371.227088254,30,26.83002699182928
2,6,931976.7421459949,6849371.227088254,31,27.44280000000001
2,6,931976.7421459949,6849371.227088254,32,26.83002699182928
2,6,931976.7421459949,6849371.227088254,33,25.155900000000017
2,6,931976.7421459949,6849371.227088254,34,22.86900000000001
2,6,931976.7421459949,6849371.227088254,35,20.58210000000001
2,6,931976.7421459949,6849371.227088254,36,18.90797300817074
2,6,931976.7421459949,6849371.227088254,37,18.29520000000001
2,6,931976.7421459949,6849371.227088254,38,18.90797300817074
2,6,931976.7421459949,6849371.227088254,39,20.58210000000001
2,6,931976.7421459949,6849371.227088254,40,22.86900000000001
2,6,931976.7421459949,6849371.227088254,41,25.155900000000017
2,6,931976.7421459949,6849371.227088254,42,26.83002699182928
2,6,931976.7421459949,6849371.227088254,43,27.44280000000001
2,6,931976.7421459949,6849371.227088254,44,26.83002699182928
2,6,931976.7421459949,6849371.227088254,45,25.155900000000017
2,6,931976.7421459949,6849371.227088254,46,22.86900000000001
2,6,931976.7421459949,6849371.227088254,47,20.58210000000001
2,6,931976.7421459949,6849371.227088254,48,18.90797300817074
2,64,933976.8998213315,6847785.004434952,7,3.8461500000000557
2,64,933976.8998213315,6847785.004434952,19,3.8461500000000557
2,64,933976.8998213315,6847785.004434952,31,3.8461500000000557
2,64,933976.8998213315,6847785.004434952,43,3.8461500000000557
2,64,933976.8998213315,6847785.004434952,1,1.663200000000001
2,64,933976.8998213315,6847785.004434952,2,1.7189066371064312
2,64,933976.8998213315,6847785.004434952,3,1.8711000000000009
2,64,933976.8998213315,6847785.004434952,4,2.079000000000001
2,64,933976.8998213315,6847785.004434952,5,2.2869000000000015
2,64,933976.8998213315,6847785.004434952,6,2.439093362893571
2,64,933976.8998213315,6847785.004434952,8,2.439093362893571
2,64,933976.8998213315,6847785.004434952,9,2.2869000000000015
2,64,933976.8998213315,6847785.004434952,10,2.079000000000001
2,64,933976.8998213315,6847785.004434952,11,1.8711000000000009
2,64,933976.8998213315,6847785.004434952,12,1.7189066371064312
2,64,933976.8998213315,6847785.004434952,13,1.663200000000001
2,64,933976.8998213315,6847785.004434952,14,1.7189066371064312
2,64,933976.8998213315,6847785.004434952,15,1.8711000000000009
2,64,933976.8998213315,6847785.004434952,16,2.079000000000001
2,64,933976.8998213315,6847785.004434952,17,2.2869000000000015
2,64,933976.8998213315,6847785.004434952,18,2.439093362893571
2,64,933976.8998213315,6847785.004434952,20,2.439093362893571
2,64,933976.8998213315,6847785.004434952,21,2.2869000000000015
2,64,933976.8998213315,6847785.004434952,22,2.079000000000001
2,64,933976.8998213315,6847785.004434952,23,1.8711000000000009
2,64,933976.8998213315,6847785.004434952,24,1.7189066371064312
2,64,933976.8998213315,6847785.004434952,25,1.663200000000001
2,64,933976.8998213315,6847785.004434952,26,1.7189066371064312
2,64,933976.8998213315,6847785.004434952,27,1.8711000000000009
2,64,933976.8998213315,6847785.004434952,28,2.079000000000001
2,64,933976.8998213315,6847785.004434952,29,2.2869000000000015
2,64,933976.8998213315,6847785.004434952,30,2.439093362893571
2,64,933976.8998213315,6847785.004434952,32,2.439093362893571
2,64,933976.8998213315,6847785.004434952,33,2.2869000000000015
2,64,933976.8998213315,6847785.004434952,34,2.079000000000001
2,64,933976.8998213315,6847785.004434952,35,1.8711000000000009
2,64,933976.8998213315,6847785.004434952,36,1.7189066371064312
2,64,933976.8998213315,6847785.004434952,37,1.663200000000001
2,64,933976.8998213315,6847785.004434952,38,1.7189066371064312
2,64,933976.8998213315,6847785.004434952,39,1.8711000000000009
2,64,933976.8998213315,6847785.004434952,40,2.079000000000001
2,64,933976.8998213315,6847785.004434952,41,2.2869000000000015
2,64,933976.8998213315,6847785.004434952,42,2.439093362893571
2,64,933976.8998213315,6847785.004434952,44,2.439093362893571
2,64,933976.8998213315,6847785.004434952,45,2.2869000000000015
2,64,933976.8998213315,6847785.004434952,46,2.079000000000001
2,64,933976.8998213315,6847785.004434952,47,1.8711000000000009
2,64,933976.8998213315,6847785.004434952,48,1.7189066371064312
2,4,935353.7998202943,6846475.604435598,1,14.137200000000007
2,4,935353.7998202943,6846475.604435598,2,14.610706415404664
2,4,935353.7998202943,6846475.604435598,3,15.90435000000001
2,4,935353.7998202943,6846475.604435598,4,17.67150000000001
2,4,935353.7998202943,6846475.604435598,5,19.05750000000001
2,4,935353.7998202943,6846475.604435598,6,19.05750000000001
2,4,935353.7998202943,6846475.604435598,7,19.05750000000001
2,4,935353.7998202943,6846475.604435598,8,19.05750000000001
2,4,935353.7998202943,6846475.604435598,9,19.05750000000001
2,4,935353.7998202943,6846475.604435598,10,17.67150000000001
2,4,935353.7998202943,6846475.604435598,11,15.90435000000001
2,4,935353.7998202943,6846475.604435598,12,14.610706415404664
2,4,935353.7998202943,6846475.604435598,13,14.137200000000007
2,4,935353.7998202943,6846475.604435598,14,14.610706415404664
2,4,935353.7998202943,6846475.604435598,15,15.90435000000001
2,4,935353.7998202943,6846475.604435598,16,17.67150000000001
2,4,935353.7998202943,6846475.604435598,17,19.05750000000001
2,4,935353.7998202943,6846475.604435598,18,19.05750000000001
2,4,935353.7998202943,6846475.604435598,19,19.05750000000001
2,4,935353.7998202943,6846475.604435598,20,19.05750000000001
2,4,935353.7998202943,6846475.604435598,21,19.05750000000001
2,4,935353.7998202943,6846475.604435598,22,17.67150000000001
2,4,935353.7998202943,6846475.604435598,23,15.90435000000001
2,4,935353.7998202943,6846475.604435598,24,14.610706415404664
2,4,935353.7998202943,6846475.604435598,25,14.137200000000007
2,4,935353.7998202943,6846475.604435598,26,14.610706415404664
2,4,935353.7998202943,6846475.604435598,27,15.90435000000001
2,4,935353.7998202943,6846475.604435598,28,17.67150000000001
2,4,935353.7998202943,6846475.604435598,29,19.05750000000001
2,4,935353.7998202943,6846475.604435598,30,19.05750000000001
2,4,935353.7998202943,6846475.604435598,31,19.05750000000001
2,4,935353.7998202943,6846475.604435598,32,19.05750000000001
2,4,935353.7998202943,6846475.604435598,33,19.05750000000001
2,4,935353.7998202943,6846475.604435598,34,17.67150000000001
2,4,935353.7998202943,6846475.604435598,35,15.90435000000001
2,4,935353.7998202943,6846475.604435598,36,14.610706415404664
2,4,935353.7998202943,6846475.604435598,37,14.137200000000007
2,4,935353.7998202943,6846475.604435598,38,14.610706415404664
2,4,935353.7998202943,6846475.604435598,39,15.90435000000001
2,4,935353.7998202943,6846475.604435598,40,17.67150000000001
2,4,935353.7998202943,6846475.604435598,41,19.05750000000001
2,4,935353.7998202943,6846475.604435598,42,19.05750000000001
2,4,935353.7998202943,6846475.604435598,43,19.05750000000001
2,4,935353.7998202943,6846475.604435598,44,19.05750000000001
2,4,935353.7998202943,6846475.604435598,45,19.05750000000001
2,4,935353.7998202943,6846475.604435598,46,17.67150000000001
2,4,935353.7998202943,6846475.604435598,47,15.90435000000001
2,4,935353.7998202943,6846475.604435598,48,14.610706415404664
2,20,932322.3998225784,6849328.204434182,1,11.642400000000006
2,20,932322.3998225784,6849328.204434182,2,12.032346459745018
2,20,932322.3998225784,6849328.204434182,3,13.097700000000009
2,20,932322.3998225784,6849328.204434182,4,14.553000000000006
2,20,932322.3998225784,6849328.204434182,5,16.00830000000001
2,20,932322.3998225784,6849328.204434182,6,17.073653540255
2,20,932322.3998225784,6849328.204434182,7,17.463600000000007
2,20,932322.3998225784,6849328.204434182,8,17.073653540255
2,20,932322.3998225784,6849328.204434182,9,16.00830000000001
2,20,932322.3998225784,6849328.204434182,10,14.553000000000006
2,20,932322.3998225784,6849328.204434182,11,13.097700000000009
2,20,932322.3998225784,6849328.204434182,12,12.032346459745018
2,20,932322.3998225784,6849328.204434182,13,11.642400000000006
2,20,932322.3998225784,6849328.204434182,14,12.032346459745018
2,20,932322.3998225784,6849328.204434182,15,13.097700000000009
2,20,932322.3998225784,6849328.204434182,16,14.553000000000006
2,20,932322.3998225784,6849328.204434182,17,16.00830000000001
2,20,932322.3998225784,6849328.204434182,18,17.073653540255
2,20,932322.3998225784,6849328.204434182,19,17.463600000000007
2,20,932322.3998225784,6849328.204434182,20,17.073653540255
2,20,932322.3998225784,6849328.204434182,21,16.00830000000001
2,20,932322.3998225784,6849328.204434182,22,14.553000000000006
2,20,932322.3998225784,6849328.204434182,23,13.097700000000009
2,20,932322.3998225784,6849328.204434182,24,12.032346459745018
2,20,932322.3998225784,6849328.204434182,25,11.642400000000006
2,20,932322.3998225784,6849328.204434182,26,12.032346459745018
2,20,932322.3998225784,6849328.204434182,27,13.097700000000009
2,20,932322.3998225784,6849328.204434182,28,14.553000000000006
2,20,932322.3998225784,6849328.204434182,29,16.00830000000001
2,20,932322.3998225784,6849328.204434182,30,17.073653540255
2,20,932322.3998225784,6849328.204434182,31,17.463600000000007
2,20,932322.3998225784,6849328.204434182,32,17.073653540255
2,20,932322.3998225784,6849328.204434182,33,16.00830000000001
2,20,932322.3998225784,6849328.204434182,34,14.553000000000006
2,20,932322.3998225784,6849328.204434182,35,13.097700000000009
2,20,932322.3998225784,6849328.204434182,36,12.032346459745018
2,20,932322.3998225784,6849328.204434182,37,11.642400000000006
2,20,932322.3998225784,6849328.204434182,38,12.032346459745018
2,20,932322.3998225784,6849328.204434182,39,13.097700000000009
2,20,932322.3998225784,6849328.204434182,40,14.553000000000006
2,20,932322.3998225784,6849328.204434182,41,16.00830000000001
2,20,932322.3998225784,6849328.204434182,42,17.073653540255
2,20,932322.3998225784,6849328.204434182,43,17.463600000000007
2,20,932322.3998225784,6849328.204434182,44,17.073653540255
2,20,932322.3998225784,6849328.204434182,45,16.00830000000001
2,20,932322.3998225784,6849328.204434182,46,14.553000000000006
2,20,932322.3998225784,6849328.204434182,47,13.097700000000009
2,20,932322.3998225784,6849328.204434182,48,12.032346459745018
2,82,931908.399822898,6848998.204434354,1,5.821200000000003
2,82,931908.399822898,6848998.204434354,2,6.016173229872509
2,82,931908.399822898,6848998.204434354,3,6.548850000000003
2,82,931908.399822898,6848998.204434354,4,7.276500000000003
2,82,931908.399822898,6848998.204434354,5,8.004150000000005
2,82,931908.399822898,6848998.204434354,6,8.536826770127497
2,82,931908.399822898,6848998.204434354,7,8.731800000000003
2,82,931908.399822898,6848998.204434354,8,8.536826770127497
2,82,931908.399822898,6848998.204434354,9,8.004150000000005
2,82,931908.399822898,6848998.204434354,10,7.276500000000003
2,82,931908.399822898,6848998.204434354,11,6.548850000000003
2,82,931908.399822898,6848998.204434354,12,6.016173229872509
2,82,931908.399822898,6848998.204434354,13,5.821200000000003
2,82,931908.399822898,6848998.204434354,14,6.016173229872509
2,82,931908.399822898,6848998.204434354,15,6.548850000000003
2,82,931908.399822898,6848998.204434354,16,7.276500000000003
2,82,931908.399822898,6848998.204434354,17,8.004150000000005
2,82,931908.399822898,6848998.204434354,18,8.536826770127497
2,82,931908.399822898,6848998.204434354,19,8.731800000000003
2,82,931908.399822898,6848998.204434354,20,8.536826770127497
2,82,931908.399822898,6848998.204434354,21,8.004150000000005
2,82,931908.399822898,6848998.204434354,22,7.276500000000003
2,82,931908.399822898,6848998.204434354,23,6.548850000000003
2,82,931908.399822898,6848998.204434354,24,6.016173229872509
2,82,931908.399822898,6848998.204434354,25,5.821200000000003
2,82,931908.399822898,6848998.204434354,26,6.016173229872509
2,82,931908.399822898,6848998.204434354,27,6.548850000000003
2,82,931908.399822898,6848998.204434354,28,7.276500000000003
2,82,931908.399822898,6848998.204434354,29,8.004150000000005
2,82,931908.399822898,6848998.204434354,30,8.536826770127497
2,82,931908.399822898,6848998.204434354,31,8.731800000000003
2,82,931908.399822898,6848998.204434354,32,8.536826770127497
2,82,931908.399822898,6848998.204434354,33,8.004150000000005
2,82,931908.399822898,6848998.204434354,34,7.276500000000003
2,82,931908.399822898,6848998.204434354,35,6.548850000000003
2,82,931908.399822898,6848998.204434354,36,6.016173229872509
2,82,931908.399822898,6848998.204434354,37,5.821200000000003
2,82,931908.399822898,6848998.204434354,38,6.016173229872509
2,82,931908.399822898,6848998.204434354,39,6.548850000000003
2,82,931908.399822898,6848998.204434354,40,7.276500000000003
2,82,931908.399822898,6848998.204434354,41,8.004150000000005
2,82,931908.399822898,6848998.204434354,42,8.536826770127497
2,82,931908.399822898,6848998.204434354,43,8.731800000000003
2,82,931908.399822898,6848998.204434354,44,8.536826770127497
2,82,931908.399822898,6848998.204434354,45,8.004150000000005
2,82,931908.399822898,6848998.204434354,46,7.276500000000003
2,82,931908.399822898,6848998.204434354,47,6.548850000000003
2,82,931908.399822898,6848998.204434354,48,6.016173229872509
2,44,932588.1998224115,6845816.204435961,1,3.3264000000000022
2,44,932588.1998224115,6845816.204435961,2,3.4378132742128624
2,44,932588.1998224115,6845816.204435961,3,3.742200000000002
2,44,932588.1998224115,6845816.204435961,4,4.158000000000002
2,44,932588.1998224115,6845816.204435961,5,4.573800000000003
2,44,932588.1998224115,6845816.204435961,6,4.878186725787142
2,44,932588.1998224115,6845816.204435961,7,4.989600000000002
2,44,932588.1998224115,6845816.204435961,8,4.878186725787142
2,44,932588.1998224115,6845816.204435961,9,4.573800000000003
2,44,932588.1998224115,6845816.204435961,10,4.158000000000002
2,44,932588.1998224115,6845816.204435961,11,3.742200000000002
2,44,932588.1998224115,6845816.204435961,12,3.4378132742128624
2,44,932588.1998224115,6845816.204435961,13,3.3264000000000022
2,44,932588.1998224115,6845816.204435961,14,3.4378132742128624
2,44,932588.1998224115,6845816.204435961,15,3.742200000000002
2,44,932588.1998224115,6845816.204435961,16,4.158000000000002
2,44,932588.1998224115,6845816.204435961,17,4.573800000000003
2,44,932588.1998224115,6845816.204435961,18,4.878186725787142
2,44,932588.1998224115,6845816.204435961,19,4.989600000000002
2,44,932588.1998224115,6845816.204435961,20,4.878186725787142
2,44,932588.1998224115,6845816.204435961,21,4.573800000000003
2,44,932588.1998224115,6845816.204435961,22,4.158000000000002
2,44,932588.1998224115,6845816.204435961,23,3.742200000000002
2,44,932588.1998224115,6845816.204435961,24,3.4378132742128624
2,44,932588.1998224115,6845816.204435961,25,3.3264000000000022
2,44,932588.1998224115,6845816.204435961,26,3.4378132742128624
2,44,932588.1998224115,6845816.204435961,27,3.742200000000002
2,44,932588.1998224115,6845816.204435961,28,4.158000000000002
2,44,932588.1998224115,6845816.204435961,29,4.573800000000003
2,44,932588.1998224115,6845816.204435961,30,4.878186725787142
2,44,932588.1998224115,6845816.204435961,31,4.989600000000002
2,44,932588.1998224115,6845816.204435961,32,4.878186725787142
2,44,932588.1998224115,6845816.204435961,33,4.573800000000003
2,44,932588.1998224115,6845816.204435961,34,4.158000000000002
2,44,932588.1998224115,6845816.204435961,35,3.742200000000002
2,44,932588.1998224115,6845816.204435961,36,3.4378132742128624
2,44,932588.1998224115,6845816.204435961,37,3.3264000000000022
2,44,932588.1998224115,6845816.204435961,38,3.4378132742128624
2,44,932588.1998224115,6845816.204435961,39,3.742200000000002
2,44,932588.1998224115,6845816.204435961,40,4.158000000000002
2,44,932588.1998224115,6845816.204435961,41,4.573800000000003
2,44,932588.1998224115,6845816.204435961,42,4.878186725787142
2,44,932588.1998224115,6845816.204435961,43,4.989600000000002
2,44,932588.1998224115,6845816.204435961,44,4.878186725787142
2,44,932588.1998224115,6845816.204435961,45,4.573800000000003
2,44,932588.1998224115,6845816.204435961,46,4.158000000000002
2,44,932588.1998224115,6845816.204435961,47,3.742200000000002
2,44,932588.1998224115,6845816.204435961,48,3.4378132742128624
2,75,932222.5998226551,6849264.004434216,1,2.4948000000000015
2,75,932222.5998226551,6849264.004434216,2,2.578359955659647
2,75,932222.5998226551,6849264.004434216,3,2.8066500000000016
2,75,932222.5998226551,6849264.004434216,4,3.118500000000002
2,75,932222.5998226551,6849264.004434216,5,3.430350000000002
2,75,932222.5998226551,6849264.004434216,6,3.6586400443403564
2,75,932222.5998226551,6849264.004434216,7,3.7422000000000013
2,75,932222.5998226551,6849264.004434216,8,3.6586400443403564
2,75,932222.5998226551,6849264.004434216,9,3.430350000000002
2,75,932222.5998226551,6849264.004434216,10,3.118500000000002
2,75,932222.5998226551,6849264.004434216,11,2.8066500000000016
2,75,932222.5998226551,6849264.004434216,12,2.578359955659647
2,75,932222.5998226551,6849264.004434216,13,2.4948000000000015
2,75,932222.5998226551,6849264.004434216,14,2.578359955659647
2,75,932222.5998226551,6849264.004434216,15,2.8066500000000016
2,75,932222.5998226551,6849264.004434216,16,3.118500000000002
2,75,932222.5998226551,6849264.004434216,17,3.430350000000002
2,75,932222.5998226551,6849264.004434216,18,3.6586400443403564
2,75,932222.5998226551,6849264.004434216,19,3.7422000000000013
2,75,932222.5998226551,6849264.004434216,20,3.6586400443403564
2,75,932222.5998226551,6849264.004434216,21,3.430350000000002
2,75,932222.5998226551,6849264.004434216,22,3.118500000000002
2,75,932222.5998226551,6849264.004434216,23,2.8066500000000016
2,75,932222.5998226551,6849264.004434216,24,2.578359955659647
2,75,932222.5998226551,6849264.004434216,25,2.4948000000000015
2,75,932222.5998226551,6849264.004434216,26,2.578359955659647
2,75,932222.5998226551,6849264.004434216,27,2.8066500000000016
2,75,932222.5998226551,6849264.004434216,28,3.118500000000002
2,75,932222.5998226551,6849264.004434216,29,3.430350000000002
2,75,932222.5998226551,6849264.004434216,30,3.6586400443403564
2,75,932222.5998226551,6849264.004434216,31,3.7422000000000013
2,75,932222.5998226551,6849264.004434216,32,3.6586400443403564
2,75,932222.5998226551,6849264.004434216,33,3.430350000000002
2,75,932222.5998226551,6849264.004434216,34,3.118500000000002
2,75,932222.5998226551,6849264.004434216,35,2.8066500000000016
2,75,932222.5998226551,6849264.004434216,36,2.578359955659647
2,75,932222.5998226551,6849264.004434216,37,2.4948000000000015
2,75,932222.5998226551,6849264.004434216,38,2.578359955659647
2,75,932222.5998226551,6849264.004434216,39,2.8066500000000016
2,75,932222.5998226551,6849264.004434216,40,3.118500000000002
2,75,932222.5998226551,6849264.004434216,41,3.430350000000002
2,75,932222.5998226551,6849264.004434216,42,3.6586400443403564
2,75,932222.5998226551,6849264.004434216,43,3.7422000000000013
2,75,932222.5998226551,6849264.004434216,44,3.6586400443403564
2,75,932222.5998226551,6849264.004434216,45,3.430350000000002
2,75,932222.5998226551,6849264.004434216,46,3.118500000000002
2,75,932222.5998226551,6849264.004434216,47,2.8066500000000016
2,75,932222.5998226551,6849264.004434216,48,2.578359955659647
3,7,933780.291513979,6846818.296141294,1,346.8464999999999
3,7,933780.291513979,6846818.296141294,2,346.8465
3,7,933780.291513979,6846818.296141294,3,346.84649999999993
3,7,933780.291513979,6846818.296141294,4,346.8464999999999
3,7,933780.291513979,6846818.296141294,5,346.8464999999999
3,7,933780.291513979,6846818.296141294,6,346.8464999999999
3,7,933780.291513979,6846818.296141294,7,346.8464999999999
3,7,933780.291513979,6846818.296141294,8,346.8464999999999
3,7,933780.291513979,6846818.296141294,9,346.8464999999999
3,7,933780.291513979,6846818.296141294,10,346.8464999999999
3,7,933780.291513979,6846818.296141294,11,346.84649999999993
3,7,933780.291513979,6846818.296141294,12,346.8464999999999
3,7,933780.291513979,6846818.296141294,13,346.8464999999999
3,7,933780.291513979,6846818.296141294,14,346.8464999999999
3,7,933780.291513979,6846818.296141294,15,346.84649999999993
3,7,933780.291513979,6846818.296141294,16,346.8464999999999
3,7,933780.291513979,6846818.296141294,17,346.8464999999999
3,7,933780.291513979,6846818.296141294,18,346.8464999999998
3,7,933780.291513979,6846818.296141294,19,346.8464999999999
3,7,933780.291513979,6846818.296141294,20,346.8464999999998
3,7,933780.291513979,6846818.296141294,21,346.8464999999999
3,7,933780.291513979,6846818.296141294,22,346.8464999999999
3,7,933780.291513979,6846818.296141294,23,346.84649999999993
3,7,933780.291513979,6846818.296141294,24,346.8464999999999
3,7,933780.291513979,6846818.296141294,25,346.8464999999999
3,7,933780.291513979,6846818.296141294,26,346.8464999999999
3,7,933780.291513979,6846818.296141294,27,346.84649999999993
3,7,933780.291513979,6846818.296141294,28,346.8464999999999
3,7,933780.291513979,6846818.296141294,29,346.8464999999999
3,7,933780.291513979,6846818.296141294,30,346.8464999999999
3,7,933780.291513979,6846818.296141294,31,346.8464999999999
3,7,933780.291513979,6846818.296141294,32,346.8464999999998
3,7,933780.291513979,6846818.296141294,33,346.8464999999999
3,7,933780.291513979,6846818.296141294,34,346.8464999999999
3,7,933780.291513979,6846818.296141294,35,346.84649999999993
3,7,933780.291513979,6846818.296141294,36,346.8464999999999
3,7,933780.291513979,6846818.296141294,37,346.8464999999999
3,7,933780.291513979,6846818.296141294,38,346.8464999999999
3,7,933780.291513979,6846818.296141294,39,346.84649999999993
3,7,933780.291513979,6846818.296141294,40,346.8464999999999
3,7,933780.291513979,6846818.296141294,41,346.8464999999999
3,7,933780.291513979,6846818.296141294,42,346.8464999999999
3,7,933780.291513979,6846818.296141294,43,346.8464999999999
3,7,933780.291513979,6846818.296141294,44,346.8464999999998
3,7,933780.291513979,6846818.296141294,45,346.8464999999999
3,7,933780.291513979,6846818.296141294,46,346.8464999999999
3,7,933780.291513979,6846818.296141294,47,346.84649999999993
3,7,933780.291513979,6846818.296141294,48,346.8464999999999
3,50,933472.5998217161,6847811.904434941,2,291.5797499999999
3,50,933472.5998217161,6847811.904434941,12,217.431477913142
3,50,933472.5998217161,6847811.904434941,14,291.57974999999976
3,50,933472.5998217161,6847811.904434941,24,217.43147791314215
3,50,933472.5998217161,6847811.904434941,25,267.08220000000006
3,50,933472.5998217161,6847811.904434941,26,229.3594422779015
3,50,933472.5998217161,6847811.904434941,36,276.9015350158702
3,50,933472.5998217161,6847811.904434941,37,254.0260800000001
3,50,933472.5998217161,6847811.904434941,3,291.5797499999998
3,50,933472.5998217161,6847811.904434941,5,291.57974999999993
3,50,933472.5998217161,6847811.904434941,6,291.57974999999976
3,50,933472.5998217161,6847811.904434941,7,291.57974999999954
3,50,933472.5998217161,6847811.904434941,8,291.57974999999965
3,50,933472.5998217161,6847811.904434941,9,291.57974999999993
3,50,933472.5998217161,6847811.904434941,11,262.4997375000003
3,50,933472.5998217161,6847811.904434941,15,262.4997375000004
3,50,933472.5998217161,6847811.904434941,17,291.57975
3,50,933472.5998217161,6847811.904434941,18,291.5797499999998
3,50,933472.5998217161,6847811.904434941,19,291.57974999999954
3,50,933472.5998217161,6847811.904434941,20,291.5797499999998
3,50,933472.5998217161,6847811.904434941,21,291.57974999999993
3,50,933472.5998217161,6847811.904434941,23,262.4997375000003
3,50,933472.5998217161,6847811.904434941,29,291.5797499999999
3,50,933472.5998217161,6847811.904434941,30,291.57974999999976
3,50,933472.5998217161,6847811.904434941,31,291.57974999999954
3,50,933472.5998217161,6847811.904434941,32,291.57975
3,50,933472.5998217161,6847811.904434941,33,291.57974999999993
3,50,933472.5998217161,6847811.904434941,38,291.57975
3,50,933472.5998217161,6847811.904434941,39,262.49973750000044
3,50,933472.5998217161,6847811.904434941,41,291.5797499999999
3,50,933472.5998217161,6847811.904434941,42,291.57974999999993
3,50,933472.5998217161,6847811.904434941,43,291.57974999999965
3,50,933472.5998217161,6847811.904434941,44,291.5797499999999
3,50,933472.5998217161,6847811.904434941,45,291.5797499999999
3,50,933472.5998217161,6847811.904434941,48,217.4314779131421
3,50,933472.5998217161,6847811.904434941,1,239.50080000000017
3,50,933472.5998217161,6847811.904434941,13,281.7876600000001
3,50,933472.5998217161,6847811.904434941,27,262.4997375000003
3,50,933472.5998217161,6847811.904434941,35,262.4997375000004
3,50,933472.5998217161,6847811.904434941,46,291.57974999999965
3,50,933472.5998217161,6847811.904434941,47,262.4997375000003
3,50,933472.5998217161,6847811.904434941,16,291.57974999999954
3,50,933472.5998217161,6847811.904434941,22,291.57974999999965
3,50,933472.5998217161,6847811.904434941,28,291.5797499999996
3,50,933472.5998217161,6847811.904434941,40,291.5797499999996
3,50,933472.5998217161,6847811.904434941,10,291.5797499999997
3,50,933472.5998217161,6847811.904434941,34,291.57974999999954
3,50,933472.5998217161,6847811.904434941,4,291.5797499999996
3,76,933472.5998217161,6847811.904434941,1,253.0143000000002
3,76,933472.5998217161,6847811.904434941,3,262.4997375000004
3,76,933472.5998217161,6847811.904434941,4,291.57974999999976
3,76,933472.5998217161,6847811.904434941,5,291.5797499999998
3,76,933472.5998217161,6847811.904434941,6,291.57974999999993
3,76,933472.5998217161,6847811.904434941,7,291.57974999999965
3,76,933472.5998217161,6847811.904434941,8,291.57974999999993
3,76,933472.5998217161,6847811.904434941,9,291.5797499999998
3,76,933472.5998217161,6847811.904434941,10,291.5797499999997
3,76,933472.5998217161,6847811.904434941,11,291.5797500000001
3,76,933472.5998217161,6847811.904434941,13,210.7274400000002
3,76,933472.5998217161,6847811.904434941,15,291.57975000000016
3,76,933472.5998217161,6847811.904434941,16,291.5797499999998
3,76,933472.5998217161,6847811.904434941,17,291.57974999999993
3,76,933472.5998217161,6847811.904434941,18,291.57974999999976
3,76,933472.5998217161,6847811.904434941,19,291.5797499999997
3,76,933472.5998217161,6847811.904434941,20,291.57974999999976
3,76,933472.5998217161,6847811.904434941,21,291.57975
3,76,933472.5998217161,6847811.904434941,22,291.5797499999997
3,76,933472.5998217161,6847811.904434941,23,291.57975000000005
3,76,933472.5998217161,6847811.904434941,27,291.57975
3,76,933472.5998217161,6847811.904434941,28,291.5797499999996
3,76,933472.5998217161,6847811.904434941,29,291.57974999999993
3,76,933472.5998217161,6847811.904434941,30,291.5797499999999
3,76,933472.5998217161,6847811.904434941,31,291.57974999999976
3,76,933472.5998217161,6847811.904434941,32,291.57974999999976
3,76,933472.5998217161,6847811.904434941,33,291.57974999999993
3,76,933472.5998217161,6847811.904434941,34,291.5797499999999
3,76,933472.5998217161,6847811.904434941,35,291.57975
3,76,933472.5998217161,6847811.904434941,38,217.43147791314212
3,76,933472.5998217161,6847811.904434941,39,291.5797499999999
3,76,933472.5998217161,6847811.904434941,40,291.5797499999997
3,76,933472.5998217161,6847811.904434941,41,291.57974999999993
3,76,933472.5998217161,6847811.904434941,42,291.5797499999999
3,76,933472.5998217161,6847811.904434941,43,291.5797499999997
3,76,933472.5998217161,6847811.904434941,44,291.5797499999998
3,76,933472.5998217161,6847811.904434941,45,291.57975
3,76,933472.5998217161,6847811.904434941,46,291.57974999999954
3,76,933472.5998217161,6847811.904434941,47,291.57975
3,76,933472.5998217161,6847811.904434941,48,291.5797499999999
3,76,933472.5998217161,6847811.904434941,25,225.4329000000002
3,76,933472.5998217161,6847811.904434941,37,238.48902000000024
3,76,933472.5998217161,6847811.904434941,2,217.43147791314203
3,76,933472.5998217161,6847811.904434941,12,291.5797499999998
3,76,933472.5998217161,6847811.904434941,14,217.43147791314203
3,76,933472.5998217161,6847811.904434941,24,291.57974999999965
3,76,933472.5998217161,6847811.904434941,26,279.65178563524046
3,76,933472.5998217161,6847811.904434941,36,232.10969289727169
3,8,932794.3604016128,6848981.7958182,1,573.6307499999991
3,8,932794.3604016128,6848981.7958182,2,573.6307499999994
3,8,932794.3604016128,6848981.7958182,3,573.6307500000003
3,8,932794.3604016128,6848981.7958182,4,573.6307500000004
3,8,932794.3604016128,6848981.7958182,5,573.6307499999996
3,8,932794.3604016128,6848981.7958182,6,573.6307499999998
3,8,932794.3604016128,6848981.7958182,7,573.6307499999996
3,8,932794.3604016128,6848981.7958182,8,573.6307499999998
3,8,932794.3604016128,6848981.7958182,9,573.6307499999996
3,8,932794.3604016128,6848981.7958182,10,573.6307500000004
3,8,932794.3604016128,6848981.7958182,11,573.6307500000004
3,8,932794.3604016128,6848981.7958182,12,573.6307499999994
3,8,932794.3604016128,6848981.7958182,13,573.6307499999991
3,8,932794.3604016128,6848981.7958182,14,573.6307499999995
3,8,932794.3604016128,6848981.7958182,15,573.6307500000003
3,8,932794.3604016128,6848981.7958182,16,573.6307500000004
3,8,932794.3604016128,6848981.7958182,17,573.6307499999996
3,8,932794.3604016128,6848981.7958182,18,573.6307499999998
3,8,932794.3604016128,6848981.7958182,19,573.6307499999996
3,8,932794.3604016128,6848981.7958182,20,573.6307499999998
3,8,932794.3604016128,6848981.7958182,21,573.6307499999996
3,8,932794.3604016128,6848981.7958182,22,573.6307500000004
3,8,932794.3604016128,6848981.7958182,23,573.6307500000003
3,8,932794.3604016128,6848981.7958182,24,573.6307499999995
3,8,932794.3604016128,6848981.7958182,25,573.6307499999991
3,8,932794.3604016128,6848981.7958182,26,573.6307499999994
3,8,932794.3604016128,6848981.7958182,27,573.6307500000004
3,8,932794.3604016128,6848981.7958182,28,573.6307500000004
3,8,932794.3604016128,6848981.7958182,29,573.6307499999996
3,8,932794.3604016128,6848981.7958182,30,573.6307499999998
3,8,932794.3604016128,6848981.7958182,31,573.6307499999996
3,8,932794.3604016128,6848981.7958182,32,573.6307499999998
3,8,932794.3604016128,6848981.7958182,33,573.6307499999996
3,8,932794.3604016128,6848981.7958182,34,573.6307500000004
3,8,932794.3604016128,6848981.7958182,35,573.6307500000003
3,8,932794.3604016128,6848981.7958182,36,573.6307499999994
3,8,932794.3604016128,6848981.7958182,37,573.6307499999992
3,8,932794.3604016128,6848981.7958182,38,573.6307499999995
3,8,932794.3604016128,6848981.7958182,39,573.6307500000004
3,8,932794.3604016128,6848981.7958182,40,573.6307500000004
3,8,932794.3604016128,6848981.7958182,41,573.6307499999996
3,8,932794.3604016128,6848981.7958182,42,573.6307499999998
3,8,932794.3604016128,6848981.7958182,43,573.6307499999996
3,8,932794.3604016128,6848981.7958182,44,573.6307499999998
3,8,932794.3604016128,6848981.7958182,45,573.6307499999996
3,8,932794.3604016128,6848981.7958182,46,573.6307500000004
3,8,932794.3604016128,6848981.7958182,47,573.6307500000003
3,8,932794.3604016128,6848981.7958182,48,573.6307499999994
3,69,934334.8998210647,6847164.004435261,1,182.952
3,69,934334.8998210647,6847164.004435261,2,182.95200000000003
3,69,934334.8998210647,6847164.004435261,3,182.952
3,69,934334.8998210647,6847164.004435261,4,182.952
3,69,934334.8998210647,6847164.004435261,5,182.952
3,69,934334.8998210647,6847164.004435261,6,182.952
3,69,934334.8998210647,6847164.004435261,7,182.952
3,69,934334.8998210647,6847164.004435261,8,182.952
3,69,934334.8998210647,6847164.004435261,9,182.952
3,69,934334.8998210647,6847164.004435261,10,182.952
3,69,934334.8998210647,6847164.004435261,11,182.952
3,69,934334.8998210647,6847164.004435261,12,182.952
3,69,934334.8998210647,6847164.004435261,13,182.952
3,69,934334.8998210647,6847164.004435261,14,182.952
3,69,934334.8998210647,6847164.004435261,15,182.952
3,69,934334.8998210647,6847164.004435261,16,182.952
3,69,934334.8998210647,6847164.004435261,17,182.952
3,69,934334.8998210647,6847164.004435261,18,182.952
3,69,934334.8998210647,6847164.004435261,19,182.952
3,69,934334.8998210647,6847164.004435261,20,182.952
3,69,934334.8998210647,6847164.004435261,21,182.952
3,69,934334.8998210647,6847164.004435261,22,182.952
3,69,934334.8998210647,6847164.004435261,23,182.952
3,69,934334.8998210647,6847164.004435261,24,182.952
3,69,934334.8998210647,6847164.004435261,25,182.952
3,69,934334.8998210647,6847164.004435261,26,182.952
3,69,934334.8998210647,6847164.004435261,27,182.952
3,69,934334.8998210647,6847164.004435261,28,182.952
3,69,934334.8998210647,6847164.004435261,29,182.952
3,69,934334.8998210647,6847164.004435261,30,182.952
3,69,934334.8998210647,6847164.004435261,31,182.952
3,69,934334.8998210647,6847164.004435261,32,182.952
3,69,934334.8998210647,6847164.004435261,33,182.952
3,69,934334.8998210647,6847164.004435261,34,182.952
3,69,934334.8998210647,6847164.004435261,35,182.952
3,69,934334.8998210647,6847164.004435261,36,182.952
3,69,934334.8998210647,6847164.004435261,37,182.952
3,69,934334.8998210647,6847164.004435261,38,182.952
3,69,934334.8998210647,6847164.004435261,39,182.952
3,69,934334.8998210647,6847164.004435261,40,182.952
3,69,934334.8998210647,6847164.004435261,41,182.952
3,69,934334.8998210647,6847164.004435261,42,182.952
3,69,934334.8998210647,6847164.004435261,43,182.952
3,69,934334.8998210647,6847164.004435261,44,182.952
3,69,934334.8998210647,6847164.004435261,45,182.952
3,69,934334.8998210647,6847164.004435261,46,182.952
3,69,934334.8998210647,6847164.004435261,47,182.952
3,69,934334.8998210647,6847164.004435261,48,182.952
3,21,934045.0998212856,6847194.404435249,18,203.66429580161324
3,21,934045.0998212856,6847194.404435249,32,192.83065611476093
3,21,934045.0998212856,6847194.404435249,29,127.74242249999703
3,21,934045.0998212856,6847194.404435249,33,136.66133249999703
3,21,934045.0998212856,6847194.404435249,20,190.51652031477968
3,21,934045.0998212856,6847194.404435249,5,137.95724249999745
3,21,934045.0998212856,6847194.404435249,42,178.68691750474648
3,21,934045.0998212856,6847194.404435249,44,175.2691839019273
3,21,934045.0998212856,6847194.404435249,1,60.01380000000002
3,21,934045.0998212856,6847194.404435249,2,78.19592776636676
3,21,934045.0998212856,6847194.404435249,3,80.97185250000003
3,21,934045.0998212856,6847194.404435249,4,75.38107500000005
3,21,934045.0998212856,6847194.404435249,6,158.74432636832324
3,21,934045.0998212856,6847194.404435249,7,200.62350000000018
3,21,934045.0998212856,6847194.404435249,8,160.3907143882764
3,21,934045.0998212856,6847194.404435249,9,127.91393999999704
3,21,934045.0998212856,6847194.404435249,10,77.30415000000005
3,21,934045.0998212856,6847194.404435249,11,74.84400000000002
3,21,934045.0998212856,6847194.404435249,12,75.11622004155107
3,21,934045.0998212856,6847194.404435249,13,58.94658000000001
3,21,934045.0998212856,6847194.404435249,14,83.91129233474562
3,21,934045.0998212856,6847194.404435249,15,81.81384750000005
3,21,934045.0998212856,6847194.404435249,16,72.52245000000003
3,21,934045.0998212856,6847194.404435249,17,144.62736749999704
3,21,934045.0998212856,6847194.404435249,19,215.90414999999996
3,21,934045.0998212856,6847194.404435249,21,122.78747249999704
3,21,934045.0998212856,6847194.404435249,22,75.38107500000005
3,21,934045.0998212856,6847194.404435249,23,78.64857000000005
3,21,934045.0998212856,6847194.404435249,24,78.52538487181216
3,21,934045.0998212856,6847194.404435249,25,58.60008000000001
3,21,934045.0998212856,6847194.404435249,26,77.42241977966886
3,21,934045.0998212856,6847194.404435249,27,77.13609750000003
3,21,934045.0998212856,6847194.404435249,28,72.79965000000006
3,21,934045.0998212856,6847194.404435249,30,158.15788170039173
3,21,934045.0998212856,6847194.404435249,31,198.04554
3,21,934045.0998212856,6847194.404435249,34,72.38385000000004
3,21,934045.0998212856,6847194.404435249,35,75.32736750000004
3,21,934045.0998212856,6847194.404435249,36,82.26400680751864
3,21,934045.0998212856,6847194.404435249,37,56.59038000000001
3,21,934045.0998212856,6847194.404435249,38,83.55318678534844
3,21,934045.0998212856,6847194.404435249,39,75.42092250000003
3,21,934045.0998212856,6847194.404435249,40,75.81420000000004
3,21,934045.0998212856,6847194.404435249,41,136.0896074999969
3,21,934045.0998212856,6847194.404435249,43,222.7856399999999
3,21,934045.0998212856,6847194.404435249,45,138.35744999999704
3,21,934045.0998212856,6847194.404435249,46,64.98607500000003
3,21,934045.0998212856,6847194.404435249,47,75.42092250000003
3,21,934045.0998212856,6847194.404435249,48,71.62110987943466
3,38,933906.9998213904,6847232.504435231,1,1031.2533000000137
3,38,933906.9998213904,6847232.504435231,2,1065.7937361158802
3,38,933906.9998213904,6847232.504435231,3,1160.1599625000197
3,38,933906.9998213904,6847232.504435231,4,1289.0666250000195
3,38,933906.9998213904,6847232.504435231,5,1320.6847500000033
3,38,933906.9998213904,6847232.504435231,6,1320.684750000004
3,38,933906.9998213904,6847232.504435231,8,1320.684750000004
3,38,933906.9998213904,6847232.504435231,10,1289.0666250000195
3,38,933906.9998213904,6847232.504435231,11,1160.1599625000197
3,38,933906.9998213904,6847232.504435231,12,1065.7937361158804
3,38,933906.9998213904,6847232.504435231,13,1031.253300000014
3,38,933906.9998213904,6847232.504435231,14,1065.7937361158804
3,38,933906.9998213904,6847232.504435231,15,1160.1599625000147
3,38,933906.9998213904,6847232.504435231,16,1289.066625000014
3,38,933906.9998213904,6847232.504435231,18,1320.6847500000038
3,38,933906.9998213904,6847232.504435231,20,1320.6847500000042
3,38,933906.9998213904,6847232.504435231,22,1289.066625000014
3,38,933906.9998213904,6847232.504435231,23,1160.1599625000147
3,38,933906.9998213904,6847232.504435231,24,1065.7937361158804
3,38,933906.9998213904,6847232.504435231,25,1031.253300000014
3,38,933906.9998213904,6847232.504435231,26,1065.7937361158804
3,38,933906.9998213904,6847232.504435231,27,1160.1599625000147
3,38,933906.9998213904,6847232.504435231,28,1289.066625000014
3,38,933906.9998213904,6847232.504435231,32,1320.684750000004
3,38,933906.9998213904,6847232.504435231,34,1289.066625000014
3,38,933906.9998213904,6847232.504435231,35,1160.1599625000147
3,38,933906.9998213904,6847232.504435231,36,1065.7937361158804
3,38,933906.9998213904,6847232.504435231,37,1031.253300000014
3,38,933906.9998213904,6847232.504435231,38,1065.7937361158804
3,38,933906.9998213904,6847232.504435231,39,1160.1599625000197
3,38,933906.9998213904,6847232.504435231,40,1289.0666250000138
3,38,933906.9998213904,6847232.504435231,41,1320.6847500000026
3,38,933906.9998213904,6847232.504435231,42,1320.684750000003
3,38,933906.9998213904,6847232.504435231,44,1320.6847500000029
3,38,933906.9998213904,6847232.504435231,46,1289.066625000014
3,38,933906.9998213904,6847232.504435231,47,1160.1599625000197
3,38,933906.9998213904,6847232.504435231,48,1065.7937361158802
3,38,933906.9998213904,6847232.504435231,7,1320.6847500000008
3,38,933906.9998213904,6847232.504435231,9,1320.6847500000026
3,38,933906.9998213904,6847232.504435231,17,1320.6847500000026
3,38,933906.9998213904,6847232.504435231,19,1320.6847500000008
3,38,933906.9998213904,6847232.504435231,21,1320.6847500000026
3,38,933906.9998213904,6847232.504435231,29,1320.6847500000026
3,38,933906.9998213904,6847232.504435231,31,1320.6847500000022
3,38,933906.9998213904,6847232.504435231,33,1320.6847500000026
3,38,933906.9998213904,6847232.504435231,43,1320.6847500000017
3,38,933906.9998213904,6847232.504435231,45,1320.6847500000026
3,38,933906.9998213904,6847232.504435231,30,1320.6847500000042
3,58,934045.0998212856,6847194.404435249,7,221.62140000000002
3,58,934045.0998212856,6847194.404435249,9,149.0868225000001
3,58,934045.0998212856,6847194.404435249,17,132.37339500000013
3,58,934045.0998212856,6847194.404435249,19,206.3407500000002
3,58,934045.0998212856,6847194.404435249,21,154.21329000000011
3,58,934045.0998212856,6847194.404435249,29,149.2583400000001
3,58,934045.0998212856,6847194.404435249,30,225.16896895112487
3,58,934045.0998212856,6847194.404435249,31,224.1993599999989
3,58,934045.0998212856,6847194.404435249,33,140.33943000000014
3,58,934045.0998212856,6847194.404435249,43,199.4592599999992
3,58,934045.0998212856,6847194.404435249,45,138.6433125000001
3,58,934045.0998212856,6847194.404435249,6,224.58252428319338
3,58,934045.0998212856,6847194.404435249,8,222.9361362632402
3,58,934045.0998212856,6847194.404435249,18,179.66255484990336
3,58,934045.0998212856,6847194.404435249,20,192.8103303367368
3,58,934045.0998212856,6847194.404435249,32,190.49619453675552
3,58,934045.0998212856,6847194.404435249,42,204.63993314677072
3,58,934045.0998212856,6847194.404435249,44,208.05766674958977
3,58,934045.0998212856,6847194.404435249,1,70.68600000000004
3,58,934045.0998212856,6847194.404435249,3,66.06542250000004
3,58,934045.0998212856,6847194.404435249,11,72.19327500000003
3,58,934045.0998212856,6847194.404435249,13,71.75322000000003
3,58,934045.0998212856,6847194.404435249,15,65.22342750000003
3,58,934045.0998212856,6847194.404435249,22,87.99367500000005
3,58,934045.0998212856,6847194.404435249,23,68.38870500000002
3,58,934045.0998212856,6847194.404435249,25,72.09972000000005
3,58,934045.0998212856,6847194.404435249,27,69.90117750000003
3,58,934045.0998212856,6847194.404435249,35,71.70990750000004
3,58,934045.0998212856,6847194.404435249,37,74.10942000000003
3,58,934045.0998212856,6847194.404435249,4,87.99367500000005
3,58,934045.0998212856,6847194.404435249,5,139.0435200000001
3,58,934045.0998212856,6847194.404435249,10,86.07060000000006
3,58,934045.0998212856,6847194.404435249,16,90.85230000000007
3,58,934045.0998212856,6847194.404435249,28,90.57510000000006
3,58,934045.0998212856,6847194.404435249,34,90.99090000000005
3,58,934045.0998212856,6847194.404435249,39,71.61635250000003
3,58,934045.0998212856,6847194.404435249,40,87.56055000000005
3,58,934045.0998212856,6847194.404435249,41,140.91115500000006
3,58,934045.0998212856,6847194.404435249,46,98.38867500000006
3,58,934045.0998212856,6847194.404435249,47,71.61635250000003
3,58,934045.0998212856,6847194.404435249,2,56.88148546624701
3,58,934045.0998212856,6847194.404435249,12,59.9611931910627
3,58,934045.0998212856,6847194.404435249,14,51.16612089786812
3,58,934045.0998212856,6847194.404435249,24,56.5520283608016
3,58,934045.0998212856,6847194.404435249,26,57.6549934529449
3,58,934045.0998212856,6847194.404435249,36,52.81340642509511
3,58,934045.0998212856,6847194.404435249,38,51.5242264472653
3,58,934045.0998212856,6847194.404435249,48,63.4563033531791
3,57,934687.8998207864,6848019.504434823,1,332.6746499999996
3,57,934687.8998207864,6848019.504434823,2,368.86142047218465
3,57,934687.8998207864,6848019.504434823,3,486.5639625000008
3,57,934687.8998207864,6848019.504434823,4,647.3486249999975
3,57,934687.8998207864,6848019.504434823,5,697.5044999999991
3,57,934687.8998207864,6848019.504434823,6,697.504499999999
3,57,934687.8998207864,6848019.504434823,7,697.5045000000011
3,57,934687.8998207864,6848019.504434823,8,697.5044999999986
3,57,934687.8998207864,6848019.504434823,9,697.5044999999992
3,57,934687.8998207864,6848019.504434823,10,647.3486249999975
3,57,934687.8998207864,6848019.504434823,11,486.56396249999995
3,57,934687.8998207864,6848019.504434823,12,368.86142047218465
3,57,934687.8998207864,6848019.504434823,13,332.67464999999964
3,57,934687.8998207864,6848019.504434823,14,368.86142047218453
3,57,934687.8998207864,6848019.504434823,15,486.5639625000009
3,57,934687.8998207864,6848019.504434823,16,647.3486249999983
3,57,934687.8998207864,6848019.504434823,17,697.5044999999992
3,57,934687.8998207864,6848019.504434823,18,697.504499999999
3,57,934687.8998207864,6848019.504434823,19,697.5045000000007
3,57,934687.8998207864,6848019.504434823,20,697.504499999999
3,57,934687.8998207864,6848019.504434823,21,697.5044999999992
3,57,934687.8998207864,6848019.504434823,22,647.3486249999975
3,57,934687.8998207864,6848019.504434823,23,486.5639625000003
3,57,934687.8998207864,6848019.504434823,24,368.86142047218453
3,57,934687.8998207864,6848019.504434823,25,332.67464999999953
3,57,934687.8998207864,6848019.504434823,26,368.86142047218453
3,57,934687.8998207864,6848019.504434823,27,486.5639625000009
3,57,934687.8998207864,6848019.504434823,28,647.3486249999975
3,57,934687.8998207864,6848019.504434823,29,697.5044999999996
3,57,934687.8998207864,6848019.504434823,30,697.504499999999
3,57,934687.8998207864,6848019.504434823,31,697.5045000000008
3,57,934687.8998207864,6848019.504434823,32,697.504499999999
3,57,934687.8998207864,6848019.504434823,33,697.5044999999991
3,57,934687.8998207864,6848019.504434823,34,647.3486249999975
3,57,934687.8998207864,6848019.504434823,35,486.5639625000007
3,57,934687.8998207864,6848019.504434823,36,368.86142047218465
3,57,934687.8998207864,6848019.504434823,37,332.6746499999995
3,57,934687.8998207864,6848019.504434823,38,368.86142047218453
3,57,934687.8998207864,6848019.504434823,39,486.5639625000008
3,57,934687.8998207864,6848019.504434823,40,647.3486249999976
3,57,934687.8998207864,6848019.504434823,41,697.5044999999991
3,57,934687.8998207864,6848019.504434823,42,697.504499999999
3,57,934687.8998207864,6848019.504434823,43,697.5045000000008
3,57,934687.8998207864,6848019.504434823,44,697.504499999999
3,57,934687.8998207864,6848019.504434823,45,697.5044999999993
3,57,934687.8998207864,6848019.504434823,46,647.3486249999982
3,57,934687.8998207864,6848019.504434823,47,486.56396250000046
3,57,934687.8998207864,6848019.504434823,48,368.86142047218465
3,31,934107.899821243,6846671.504435516,1,385.79309999999975
3,31,934107.899821243,6846671.504435516,2,444.7602845640746
3,31,934107.899821243,6846671.504435516,3,485.96625000000046
3,31,934107.899821243,6846671.504435516,4,485.96624999999995
3,31,934107.899821243,6846671.504435516,5,485.96624999999955
3,31,934107.899821243,6846671.504435516,6,485.966249999999
3,31,934107.899821243,6846671.504435516,7,485.9662499999991
3,31,934107.899821243,6846671.504435516,8,485.966249999999
3,31,934107.899821243,6846671.504435516,9,485.9662499999996
3,31,934107.899821243,6846671.504435516,10,485.9662499999996
3,31,934107.899821243,6846671.504435516,11,485.9662500000006
3,31,934107.899821243,6846671.504435516,12,444.7602845640747
3,31,934107.899821243,6846671.504435516,13,385.79309999999975
3,31,934107.899821243,6846671.504435516,14,444.7602845640746
3,31,934107.899821243,6846671.504435516,15,485.96625000000034
3,31,934107.899821243,6846671.504435516,16,485.9662499999999
3,31,934107.899821243,6846671.504435516,17,485.9662499999996
3,31,934107.899821243,6846671.504435516,18,485.966249999999
3,31,934107.899821243,6846671.504435516,19,485.96624999999943
3,31,934107.899821243,6846671.504435516,20,485.966249999999
3,31,934107.899821243,6846671.504435516,21,485.96624999999955
3,31,934107.899821243,6846671.504435516,22,485.96624999999943
3,31,934107.899821243,6846671.504435516,23,485.96625000000046
3,31,934107.899821243,6846671.504435516,24,444.7602845640746
3,31,934107.899821243,6846671.504435516,25,385.79310000000004
3,31,934107.899821243,6846671.504435516,26,444.76028456407454
3,31,934107.899821243,6846671.504435516,27,485.96625000000034
3,31,934107.899821243,6846671.504435516,28,485.9662499999998
3,31,934107.899821243,6846671.504435516,29,485.96624999999955
3,31,934107.899821243,6846671.504435516,30,485.966249999999
3,31,934107.899821243,6846671.504435516,31,485.9662499999991
3,31,934107.899821243,6846671.504435516,32,485.966249999999
3,31,934107.899821243,6846671.504435516,33,485.96624999999955
3,31,934107.899821243,6846671.504435516,34,485.9662499999995
3,31,934107.899821243,6846671.504435516,35,485.96625000000034
3,31,934107.899821243,6846671.504435516,36,444.76028456407454
3,31,934107.899821243,6846671.504435516,37,385.79309999999987
3,31,934107.899821243,6846671.504435516,38,444.76028456407454
3,31,934107.899821243,6846671.504435516,39,485.96625000000034
3,31,934107.899821243,6846671.504435516,40,485.96624999999966
3,31,934107.899821243,6846671.504435516,41,485.96624999999955
3,31,934107.899821243,6846671.504435516,42,485.966249999999
3,31,934107.899821243,6846671.504435516,43,485.96624999999943
3,31,934107.899821243,6846671.504435516,44,485.966249999999
3,31,934107.899821243,6846671.504435516,45,485.96624999999955
3,31,934107.899821243,6846671.504435516,46,485.9662499999999
3,31,934107.899821243,6846671.504435516,47,485.9662500000005
3,31,934107.899821243,6846671.504435516,48,444.7602845640746
3,23,933186.3998219331,6847949.604434876,1,451.07370000000014
3,23,933186.3998219331,6847949.604434876,2,466.18180420523964
3,23,933186.3998219331,6847949.604434876,3,507.4579125000005
3,23,933186.3998219331,6847949.604434876,4,563.8421249999996
3,23,933186.3998219331,6847949.604434876,5,620.2263374999994
3,23,933186.3998219331,6847949.604434876,6,661.5024457947598
3,23,933186.3998219331,6847949.604434876,7,676.6105500000003
3,23,933186.3998219331,6847949.604434876,8,661.5024457947598
3,23,933186.3998219331,6847949.604434876,9,620.2263374999994
3,23,933186.3998219331,6847949.604434876,10,563.8421249999996
3,23,933186.3998219331,6847949.604434876,11,507.4579125000005
3,23,933186.3998219331,6847949.604434876,12,466.18180420523964
3,23,933186.3998219331,6847949.604434876,13,451.07370000000014
3,23,933186.3998219331,6847949.604434876,14,466.18180420523964
3,23,933186.3998219331,6847949.604434876,15,507.4579125000005
3,23,933186.3998219331,6847949.604434876,16,563.8421249999996
3,23,933186.3998219331,6847949.604434876,17,620.2263374999994
3,23,933186.3998219331,6847949.604434876,18,661.5024457947598
3,23,933186.3998219331,6847949.604434876,19,676.6105500000003
3,23,933186.3998219331,6847949.604434876,20,661.5024457947598
3,23,933186.3998219331,6847949.604434876,21,620.2263374999994
3,23,933186.3998219331,6847949.604434876,22,563.8421249999996
3,23,933186.3998219331,6847949.604434876,23,507.4579125000005
3,23,933186.3998219331,6847949.604434876,24,466.18180420523964
3,23,933186.3998219331,6847949.604434876,25,451.07370000000014
3,23,933186.3998219331,6847949.604434876,26,466.18180420523964
3,23,933186.3998219331,6847949.604434876,27,507.4579125000005
3,23,933186.3998219331,6847949.604434876,28,563.8421249999996
3,23,933186.3998219331,6847949.604434876,29,620.2263374999994
3,23,933186.3998219331,6847949.604434876,30,661.5024457947598
3,23,933186.3998219331,6847949.604434876,31,676.6105500000003
3,23,933186.3998219331,6847949.604434876,32,661.5024457947598
3,23,933186.3998219331,6847949.604434876,33,620.2263374999994
3,23,933186.3998219331,6847949.604434876,34,563.8421249999996
3,23,933186.3998219331,6847949.604434876,35,507.4579125000005
3,23,933186.3998219331,6847949.604434876,36,466.18180420523964
3,23,933186.3998219331,6847949.604434876,37,451.07370000000014
3,23,933186.3998219331,6847949.604434876,38,466.18180420523964
3,23,933186.3998219331,6847949.604434876,39,507.4579125000005
3,23,933186.3998219331,6847949.604434876,40,563.8421249999996
3,23,933186.3998219331,6847949.604434876,41,620.2263374999994
3,23,933186.3998219331,6847949.604434876,42,661.5024457947598
3,23,933186.3998219331,6847949.604434876,43,676.6105500000003
3,23,933186.3998219331,6847949.604434876,44,661.5024457947598
3,23,933186.3998219331,6847949.604434876,45,620.2263374999994
3,23,933186.3998219331,6847949.604434876,46,563.8421249999996
3,23,933186.3998219331,6847949.604434876,47,507.4579125000005
3,23,933186.3998219331,6847949.604434876,48,466.18180420523964
3,25,933734.0998215002,6849385.604434141,11,312.10121250000145
3,25,933734.0998215002,6849385.604434141,15,312.1012125000012
3,25,933734.0998215002,6849385.604434141,27,312.10121250000134
3,25,933734.0998215002,6849385.604434141,39,312.1012125000012
3,25,933734.0998215002,6849385.604434141,35,312.10121250000134
3,25,933734.0998215002,6849385.604434141,47,312.1012125000012
3,25,933734.0998215002,6849385.604434141,5,657.5790375000006
3,25,933734.0998215002,6849385.604434141,6,784.0326978941939
3,25,933734.0998215002,6849385.604434141,7,798.5092500000012
3,25,933734.0998215002,6849385.604434141,8,784.0326978941941
3,25,933734.0998215002,6849385.604434141,9,657.579037500001
3,25,933734.0998215002,6849385.604434141,17,657.5790375000008
3,25,933734.0998215002,6849385.604434141,18,784.0326978941939
3,25,933734.0998215002,6849385.604434141,19,798.5092500000018
3,25,933734.0998215002,6849385.604434141,20,784.032697894194
3,25,933734.0998215002,6849385.604434141,21,657.5790375000004
3,25,933734.0998215002,6849385.604434141,29,657.5790375000006
3,25,933734.0998215002,6849385.604434141,30,784.0326978941937
3,25,933734.0998215002,6849385.604434141,31,798.509250000002
3,25,933734.0998215002,6849385.604434141,32,784.0326978941939
3,25,933734.0998215002,6849385.604434141,33,657.5790375000004
3,25,933734.0998215002,6849385.604434141,41,657.5790375000001
3,25,933734.0998215002,6849385.604434141,42,784.0326978941937
3,25,933734.0998215002,6849385.604434141,43,798.509250000003
3,25,933734.0998215002,6849385.604434141,44,784.0326978941936
3,25,933734.0998215002,6849385.604434141,45,657.5790375000003
3,25,933734.0998215002,6849385.604434141,3,312.10121250000105
3,25,933734.0998215002,6849385.604434141,23,312.1012125000011
3,25,933734.0998215002,6849385.604434141,40,484.8401250000003
3,25,933734.0998215002,6849385.604434141,4,484.8401250000001
3,25,933734.0998215002,6849385.604434141,16,484.84012500000017
3,25,933734.0998215002,6849385.604434141,34,484.84012499999994
3,25,933734.0998215002,6849385.604434141,22,484.840125
3,25,933734.0998215002,6849385.604434141,10,484.8401250000001
3,25,933734.0998215002,6849385.604434141,46,484.84012499999983
3,25,933734.0998215002,6849385.604434141,48,201.33100182879906
3,25,933734.0998215002,6849385.604434141,12,201.3310018287991
3,25,933734.0998215002,6849385.604434141,13,171.27495000000062
3,25,933734.0998215002,6849385.604434141,28,484.8401250000007
3,25,933734.0998215002,6849385.604434141,2,201.3310018287991
3,25,933734.0998215002,6849385.604434141,14,201.3310018287988
3,25,933734.0998215002,6849385.604434141,24,201.33100182879903
3,25,933734.0998215002,6849385.604434141,26,201.33100182879912
3,25,933734.0998215002,6849385.604434141,36,201.3310018287991
3,25,933734.0998215002,6849385.604434141,38,201.33100182879906
3,25,933734.0998215002,6849385.604434141,1,171.27495000000067
3,25,933734.0998215002,6849385.604434141,25,171.27495000000064
3,25,933734.0998215002,6849385.604434141,37,171.27495000000076
3,74,933841.6998214169,6849513.504434072,1,484.5456000000022
3,74,933841.6998214169,6849513.504434072,2,500.77480027700926
3,74,933841.6998214169,6849513.504434072,3,516.4582500000005
3,74,933841.6998214169,6849513.504434072,4,516.4582499999998
3,74,933841.6998214169,6849513.504434072,5,516.45825
3,74,933841.6998214169,6849513.504434072,9,516.4582500000001
3,74,933841.6998214169,6849513.504434072,10,516.4582499999996
3,74,933841.6998214169,6849513.504434072,12,500.77480027700926
3,74,933841.6998214169,6849513.504434072,13,484.5456000000022
3,74,933841.6998214169,6849513.504434072,14,500.77480027700926
3,74,933841.6998214169,6849513.504434072,16,516.4582499999997
3,74,933841.6998214169,6849513.504434072,17,516.4582500000001
3,74,933841.6998214169,6849513.504434072,21,516.4582500000001
3,74,933841.6998214169,6849513.504434072,22,516.4582499999997
3,74,933841.6998214169,6849513.504434072,23,516.4582500000005
3,74,933841.6998214169,6849513.504434072,24,500.77480027700926
3,74,933841.6998214169,6849513.504434072,25,484.5456000000022
3,74,933841.6998214169,6849513.504434072,26,500.77480027700926
3,74,933841.6998214169,6849513.504434072,28,516.4582499999995
3,74,933841.6998214169,6849513.504434072,29,516.4582500000001
3,74,933841.6998214169,6849513.504434072,32,516.4582499999999
3,74,933841.6998214169,6849513.504434072,33,516.4582500000001
3,74,933841.6998214169,6849513.504434072,34,516.4582499999997
3,74,933841.6998214169,6849513.504434072,35,516.4582500000004
3,74,933841.6998214169,6849513.504434072,36,500.77480027700926
3,74,933841.6998214169,6849513.504434072,37,484.5456000000022
3,74,933841.6998214169,6849513.504434072,38,500.77480027700926
3,74,933841.6998214169,6849513.504434072,40,516.4582499999996
3,74,933841.6998214169,6849513.504434072,41,516.4582500000001
3,74,933841.6998214169,6849513.504434072,42,516.4582499999999
3,74,933841.6998214169,6849513.504434072,44,516.45825
3,74,933841.6998214169,6849513.504434072,45,516.4582500000002
3,74,933841.6998214169,6849513.504434072,46,516.4582499999996
3,74,933841.6998214169,6849513.504434072,47,516.4582500000005
3,74,933841.6998214169,6849513.504434072,48,500.77480027700926
3,74,933841.6998214169,6849513.504434072,6,516.4582499999999
3,74,933841.6998214169,6849513.504434072,7,516.4582499999998
3,74,933841.6998214169,6849513.504434072,8,516.4582499999998
3,74,933841.6998214169,6849513.504434072,11,516.4582500000005
3,74,933841.6998214169,6849513.504434072,15,516.4582500000005
3,74,933841.6998214169,6849513.504434072,18,516.4582499999998
3,74,933841.6998214169,6849513.504434072,19,516.4582499999998
3,74,933841.6998214169,6849513.504434072,20,516.4582499999999
3,74,933841.6998214169,6849513.504434072,27,516.4582500000004
3,74,933841.6998214169,6849513.504434072,30,516.4582499999999
3,74,933841.6998214169,6849513.504434072,31,516.4582499999999
3,74,933841.6998214169,6849513.504434072,39,516.4582500000005
3,74,933841.6998214169,6849513.504434072,43,516.4582499999997
3,78,933743.3998214928,6849429.204434117,6,726.0907499999989
3,78,933743.3998214928,6849429.204434117,7,726.09075
3,78,933743.3998214928,6849429.204434117,8,726.0907499999987
3,78,933743.3998214928,6849429.204434117,18,726.0907499999987
3,78,933743.3998214928,6849429.204434117,19,726.0907500000017
3,78,933743.3998214928,6849429.204434117,20,726.0907499999988
3,78,933743.3998214928,6849429.204434117,30,726.0907499999989
3,78,933743.3998214928,6849429.204434117,31,726.0907500000013
3,78,933743.3998214928,6849429.204434117,43,726.0907500000002
3,78,933743.3998214928,6849429.204434117,32,726.0907499999983
3,78,933743.3998214928,6849429.204434117,42,726.0907499999985
3,78,933743.3998214928,6849429.204434117,44,726.0907499999988
3,78,933743.3998214928,6849429.204434117,9,726.0907499999983
3,78,933743.3998214928,6849429.204434117,10,726.0907500000001
3,78,933743.3998214928,6849429.204434117,17,726.0907499999983
3,78,933743.3998214928,6849429.204434117,21,726.0907499999985
3,78,933743.3998214928,6849429.204434117,29,726.0907499999983
3,78,933743.3998214928,6849429.204434117,33,726.0907499999986
3,78,933743.3998214928,6849429.204434117,22,726.0907500000008
3,78,933743.3998214928,6849429.204434117,34,726.0907499999995
3,78,933743.3998214928,6849429.204434117,41,726.0907499999988
3,78,933743.3998214928,6849429.204434117,28,726.0907499999998
3,78,933743.3998214928,6849429.204434117,40,726.0907500000001
3,78,933743.3998214928,6849429.204434117,46,726.0907500000005
3,78,933743.3998214928,6849429.204434117,5,726.0907499999985
3,78,933743.3998214928,6849429.204434117,45,726.0907499999985
3,78,933743.3998214928,6849429.204434117,4,726.0907499999993
3,78,933743.3998214928,6849429.204434117,16,726.090749999999
3,78,933743.3998214928,6849429.204434117,11,726.0907499999993
3,78,933743.3998214928,6849429.204434117,1,726.0907499999984
3,78,933743.3998214928,6849429.204434117,2,726.090749999999
3,78,933743.3998214928,6849429.204434117,12,726.090749999999
3,78,933743.3998214928,6849429.204434117,13,726.0907499999984
3,78,933743.3998214928,6849429.204434117,14,726.0907499999996
3,78,933743.3998214928,6849429.204434117,24,726.0907499999992
3,78,933743.3998214928,6849429.204434117,25,726.0907499999985
3,78,933743.3998214928,6849429.204434117,26,726.0907499999992
3,78,933743.3998214928,6849429.204434117,27,726.0907499999998
3,78,933743.3998214928,6849429.204434117,35,726.0907499999997
3,78,933743.3998214928,6849429.204434117,36,726.090749999999
3,78,933743.3998214928,6849429.204434117,37,726.0907499999984
3,78,933743.3998214928,6849429.204434117,38,726.0907499999993
3,78,933743.3998214928,6849429.204434117,48,726.0907499999996
3,78,933743.3998214928,6849429.204434117,3,726.0907499999992
3,78,933743.3998214928,6849429.204434117,23,726.090749999999
3,78,933743.3998214928,6849429.204434117,39,726.0907499999994
3,78,933743.3998214928,6849429.204434117,47,726.090749999999
3,78,933743.3998214928,6849429.204434117,15,726.0907499999997
3,37,934585.699820864,6848050.504434808,31,588.3223499999993
3,37,934585.699820864,6848050.504434808,6,544.7597597827713
3,37,934585.699820864,6848050.504434808,7,588.3223499999992
3,37,934585.699820864,6848050.504434808,8,544.7597597827715
3,37,934585.699820864,6848050.504434808,18,544.7597597827714
3,37,934585.699820864,6848050.504434808,19,588.3223499999999
3,37,934585.699820864,6848050.504434808,20,544.7597597827714
3,37,934585.699820864,6848050.504434808,29,391.9174875000015
3,37,934585.699820864,6848050.504434808,30,544.7597597827714
3,37,934585.699820864,6848050.504434808,32,544.7597597827714
3,37,934585.699820864,6848050.504434808,42,544.7597597827713
3,37,934585.699820864,6848050.504434808,44,544.7597597827714
3,37,934585.699820864,6848050.504434808,43,588.3223499999995
3,37,934585.699820864,6848050.504434808,5,391.91748750000164
3,37,934585.699820864,6848050.504434808,9,391.9174875000017
3,37,934585.699820864,6848050.504434808,17,391.91748750000164
3,37,934585.699820864,6848050.504434808,21,391.91748750000164
3,37,934585.699820864,6848050.504434808,33,391.91748750000164
3,37,934585.699820864,6848050.504434808,41,391.91748750000164
3,37,934585.699820864,6848050.504434808,45,391.9174875000014
3,37,934585.699820864,6848050.504434808,1,184.89240000000012
3,37,934585.699820864,6848050.504434808,2,191.08512115833156
3,37,934585.699820864,6848050.504434808,3,208.0039500000001
3,37,934585.699820864,6848050.504434808,4,231.11549999999994
3,37,934585.699820864,6848050.504434808,10,231.11549999999994
3,37,934585.699820864,6848050.504434808,11,208.0039500000001
3,37,934585.699820864,6848050.504434808,12,191.08512115833156
3,37,934585.699820864,6848050.504434808,13,184.89240000000012
3,37,934585.699820864,6848050.504434808,14,191.08512115833156
3,37,934585.699820864,6848050.504434808,15,208.0039500000001
3,37,934585.699820864,6848050.504434808,16,231.11549999999994
3,37,934585.699820864,6848050.504434808,22,231.11549999999994
3,37,934585.699820864,6848050.504434808,23,208.0039500000001
3,37,934585.699820864,6848050.504434808,24,191.08512115833156
3,37,934585.699820864,6848050.504434808,25,184.89240000000012
3,37,934585.699820864,6848050.504434808,26,191.08512115833156
3,37,934585.699820864,6848050.504434808,27,208.0039500000001
3,37,934585.699820864,6848050.504434808,28,231.11549999999994
3,37,934585.699820864,6848050.504434808,34,231.11549999999994
3,37,934585.699820864,6848050.504434808,35,208.0039500000001
3,37,934585.699820864,6848050.504434808,36,191.08512115833156
3,37,934585.699820864,6848050.504434808,37,184.89240000000012
3,37,934585.699820864,6848050.504434808,38,191.08512115833156
3,37,934585.699820864,6848050.504434808,39,208.0039500000001
3,37,934585.699820864,6848050.504434808,40,231.11549999999994
3,37,934585.699820864,6848050.504434808,46,231.11549999999994
3,37,934585.699820864,6848050.504434808,47,208.0039500000001
3,37,934585.699820864,6848050.504434808,48,191.08512115833156
3,41,934604.5998208483,6848166.104434751,1,665.1067499999999
3,41,934604.5998208483,6848166.104434751,2,665.1067499999999
3,41,934604.5998208483,6848166.104434751,3,665.1067499999998
3,41,934604.5998208483,6848166.104434751,11,665.10675
3,41,934604.5998208483,6848166.104434751,12,665.1067499999999
3,41,934604.5998208483,6848166.104434751,13,665.1067499999999
3,41,934604.5998208483,6848166.104434751,14,665.1067499999999
3,41,934604.5998208483,6848166.104434751,15,665.1067499999998
3,41,934604.5998208483,6848166.104434751,23,665.1067499999998
3,41,934604.5998208483,6848166.104434751,24,665.1067499999999
3,41,934604.5998208483,6848166.104434751,25,665.10675
3,41,934604.5998208483,6848166.104434751,26,665.1067499999999
3,41,934604.5998208483,6848166.104434751,27,665.1067499999999
3,41,934604.5998208483,6848166.104434751,29,665.1067499999991
3,41,934604.5998208483,6848166.104434751,35,665.1067499999999
3,41,934604.5998208483,6848166.104434751,36,665.1067499999999
3,41,934604.5998208483,6848166.104434751,37,665.10675
3,41,934604.5998208483,6848166.104434751,38,665.1067499999999
3,41,934604.5998208483,6848166.104434751,39,665.1067499999999
3,41,934604.5998208483,6848166.104434751,43,665.1067500000007
3,41,934604.5998208483,6848166.104434751,47,665.1067499999999
3,41,934604.5998208483,6848166.104434751,48,665.1067499999999
3,41,934604.5998208483,6848166.104434751,9,665.1067499999992
3,41,934604.5998208483,6848166.104434751,21,665.1067499999992
3,41,934604.5998208483,6848166.104434751,33,665.1067499999994
3,41,934604.5998208483,6848166.104434751,41,665.1067499999992
3,41,934604.5998208483,6848166.104434751,45,665.1067499999994
3,41,934604.5998208483,6848166.104434751,4,665.1067499999996
3,41,934604.5998208483,6848166.104434751,5,665.1067499999995
3,41,934604.5998208483,6848166.104434751,6,665.1067499999997
3,41,934604.5998208483,6848166.104434751,7,665.1067500000001
3,41,934604.5998208483,6848166.104434751,8,665.1067499999997
3,41,934604.5998208483,6848166.104434751,10,665.1067499999997
3,41,934604.5998208483,6848166.104434751,16,665.1067499999998
3,41,934604.5998208483,6848166.104434751,17,665.1067499999996
3,41,934604.5998208483,6848166.104434751,18,665.1067499999994
3,41,934604.5998208483,6848166.104434751,19,665.1067500000004
3,41,934604.5998208483,6848166.104434751,20,665.1067499999994
3,41,934604.5998208483,6848166.104434751,22,665.1067499999997
3,41,934604.5998208483,6848166.104434751,28,665.1067499999997
3,41,934604.5998208483,6848166.104434751,30,665.1067499999994
3,41,934604.5998208483,6848166.104434751,31,665.1067500000005
3,41,934604.5998208483,6848166.104434751,32,665.1067499999994
3,41,934604.5998208483,6848166.104434751,34,665.1067499999997
3,41,934604.5998208483,6848166.104434751,40,665.1067499999997
3,41,934604.5998208483,6848166.104434751,42,665.1067499999995
3,41,934604.5998208483,6848166.104434751,44,665.1067499999995
3,41,934604.5998208483,6848166.104434751,46,665.1067499999994
3,47,934432.7998209777,6848335.404434666,1,156.20220000000018
3,47,934432.7998209777,6848335.404434666,2,161.43398166824556
3,47,934432.7998209777,6848335.404434666,3,175.72747500000006
3,47,934432.7998209777,6848335.404434666,4,195.25274999999993
3,47,934432.7998209777,6848335.404434666,5,214.7780250000001
3,47,934432.7998209777,6848335.404434666,6,229.07151833175462
3,47,934432.7998209777,6848335.404434666,7,234.30330000000012
3,47,934432.7998209777,6848335.404434666,8,229.07151833175462
3,47,934432.7998209777,6848335.404434666,9,214.7780250000001
3,47,934432.7998209777,6848335.404434666,10,195.25274999999993
3,47,934432.7998209777,6848335.404434666,11,175.72747500000006
3,47,934432.7998209777,6848335.404434666,12,161.43398166824556
3,47,934432.7998209777,6848335.404434666,13,156.20220000000018
3,47,934432.7998209777,6848335.404434666,14,161.43398166824556
3,47,934432.7998209777,6848335.404434666,15,175.72747500000006
3,47,934432.7998209777,6848335.404434666,16,195.25274999999993
3,47,934432.7998209777,6848335.404434666,17,214.7780250000001
3,47,934432.7998209777,6848335.404434666,18,229.07151833175462
3,47,934432.7998209777,6848335.404434666,19,234.30330000000012
3,47,934432.7998209777,6848335.404434666,20,229.07151833175462
3,47,934432.7998209777,6848335.404434666,21,214.7780250000001
3,47,934432.7998209777,6848335.404434666,22,195.25274999999993
3,47,934432.7998209777,6848335.404434666,23,175.72747500000006
3,47,934432.7998209777,6848335.404434666,24,161.43398166824556
3,47,934432.7998209777,6848335.404434666,25,156.20220000000018
3,47,934432.7998209777,6848335.404434666,26,161.43398166824556
3,47,934432.7998209777,6848335.404434666,27,175.72747500000006
3,47,934432.7998209777,6848335.404434666,28,195.25274999999993
3,47,934432.7998209777,6848335.404434666,29,214.7780250000001
3,47,934432.7998209777,6848335.404434666,30,229.07151833175462
3,47,934432.7998209777,6848335.404434666,31,234.30330000000012
3,47,934432.7998209777,6848335.404434666,32,229.07151833175462
3,47,934432.7998209777,6848335.404434666,33,214.7780250000001
3,47,934432.7998209777,6848335.404434666,34,195.25274999999993
3,47,934432.7998209777,6848335.404434666,35,175.72747500000006
3,47,934432.7998209777,6848335.404434666,36,161.43398166824556
3,47,934432.7998209777,6848335.404434666,37,156.20220000000018
3,47,934432.7998209777,6848335.404434666,38,161.43398166824556
3,47,934432.7998209777,6848335.404434666,39,175.72747500000006
3,47,934432.7998209777,6848335.404434666,40,195.25274999999993
3,47,934432.7998209777,6848335.404434666,41,214.7780250000001
3,47,934432.7998209777,6848335.404434666,42,229.07151833175462
3,47,934432.7998209777,6848335.404434666,43,234.30330000000012
3,47,934432.7998209777,6848335.404434666,44,229.07151833175462
3,47,934432.7998209777,6848335.404434666,45,214.7780250000001
3,47,934432.7998209777,6848335.404434666,46,195.25274999999993
3,47,934432.7998209777,6848335.404434666,47,175.72747500000006
3,47,934432.7998209777,6848335.404434666,48,161.43398166824556
3,39,932773.3998222386,6848897.604434397,1,211.53825000000194
3,39,932773.3998222386,6848897.604434397,2,211.53825000000185
3,39,932773.3998222386,6848897.604434397,3,211.53825000000242
3,39,932773.3998222386,6848897.604434397,4,211.53825000000268
3,39,932773.3998222386,6848897.604434397,5,211.53825000000018
3,39,932773.3998222386,6848897.604434397,6,211.53825000000012
3,39,932773.3998222386,6848897.604434397,7,211.53824999999995
3,39,932773.3998222386,6848897.604434397,8,211.53825000000012
3,39,932773.3998222386,6848897.604434397,9,211.5382500000002
3,39,932773.3998222386,6848897.604434397,10,211.53825000000262
3,39,932773.3998222386,6848897.604434397,11,211.53825000000242
3,39,932773.3998222386,6848897.604434397,12,211.53825000000185
3,39,932773.3998222386,6848897.604434397,13,211.53825000000197
3,39,932773.3998222386,6848897.604434397,14,211.53825000000185
3,39,932773.3998222386,6848897.604434397,15,211.53825000000242
3,39,932773.3998222386,6848897.604434397,16,211.53825000000265
3,39,932773.3998222386,6848897.604434397,17,211.53825000000018
3,39,932773.3998222386,6848897.604434397,18,211.53825000000012
3,39,932773.3998222386,6848897.604434397,19,211.53824999999998
3,39,932773.3998222386,6848897.604434397,20,211.53825000000012
3,39,932773.3998222386,6848897.604434397,21,211.5382500000002
3,39,932773.3998222386,6848897.604434397,22,211.53825000000268
3,39,932773.3998222386,6848897.604434397,23,211.53825000000242
3,39,932773.3998222386,6848897.604434397,24,211.53825000000185
3,39,932773.3998222386,6848897.604434397,25,211.53825000000197
3,39,932773.3998222386,6848897.604434397,26,211.53825000000185
3,39,932773.3998222386,6848897.604434397,27,211.53825000000242
3,39,932773.3998222386,6848897.604434397,28,211.53825000000265
3,39,932773.3998222386,6848897.604434397,29,211.53825000000018
3,39,932773.3998222386,6848897.604434397,30,211.53825000000012
3,39,932773.3998222386,6848897.604434397,31,211.53824999999998
3,39,932773.3998222386,6848897.604434397,32,211.53825000000012
3,39,932773.3998222386,6848897.604434397,33,211.53825000000018
3,39,932773.3998222386,6848897.604434397,34,211.53825000000262
3,39,932773.3998222386,6848897.604434397,35,211.53825000000242
3,39,932773.3998222386,6848897.604434397,36,211.53825000000185
3,39,932773.3998222386,6848897.604434397,37,211.53825000000194
3,39,932773.3998222386,6848897.604434397,38,211.53825000000185
3,39,932773.3998222386,6848897.604434397,39,211.53825000000242
3,39,932773.3998222386,6848897.604434397,40,211.5382500000027
3,39,932773.3998222386,6848897.604434397,41,211.5382500000002
3,39,932773.3998222386,6848897.604434397,42,211.53825000000012
3,39,932773.3998222386,6848897.604434397,43,211.53824999999995
3,39,932773.3998222386,6848897.604434397,44,211.53825000000012
3,39,932773.3998222386,6848897.604434397,45,211.5382500000002
3,39,932773.3998222386,6848897.604434397,46,211.53825000000268
3,39,932773.3998222386,6848897.604434397,47,211.53825000000242
3,39,932773.3998222386,6848897.604434397,48,211.53825000000185
3,17,934313.499821071,6848126.304434771,1,958.592250000001
3,17,934313.499821071,6848126.304434771,2,958.5922500000011
3,17,934313.499821071,6848126.304434771,3,958.592250000001
3,17,934313.499821071,6848126.304434771,4,958.592250000001
3,17,934313.499821071,6848126.304434771,5,958.5922500000011
3,17,934313.499821071,6848126.304434771,6,958.5922500000014
3,17,934313.499821071,6848126.304434771,7,958.5922500000011
3,17,934313.499821071,6848126.304434771,8,958.5922500000012
3,17,934313.499821071,6848126.304434771,9,958.5922500000011
3,17,934313.499821071,6848126.304434771,10,958.592250000001
3,17,934313.499821071,6848126.304434771,11,958.592250000001
3,17,934313.499821071,6848126.304434771,12,958.5922500000011
3,17,934313.499821071,6848126.304434771,13,958.592250000001
3,17,934313.499821071,6848126.304434771,14,958.5922500000011
3,17,934313.499821071,6848126.304434771,15,958.592250000001
3,17,934313.499821071,6848126.304434771,16,958.592250000001
3,17,934313.499821071,6848126.304434771,17,958.5922500000011
3,17,934313.499821071,6848126.304434771,18,958.5922500000011
3,17,934313.499821071,6848126.304434771,19,958.5922500000011
3,17,934313.499821071,6848126.304434771,20,958.5922500000011
3,17,934313.499821071,6848126.304434771,21,958.5922500000011
3,17,934313.499821071,6848126.304434771,22,958.592250000001
3,17,934313.499821071,6848126.304434771,23,958.592250000001
3,17,934313.499821071,6848126.304434771,24,958.5922500000008
3,17,934313.499821071,6848126.304434771,25,958.592250000001
3,17,934313.499821071,6848126.304434771,26,958.5922500000011
3,17,934313.499821071,6848126.304434771,27,958.592250000001
3,17,934313.499821071,6848126.304434771,28,958.592250000001
3,17,934313.499821071,6848126.304434771,29,958.5922500000011
3,17,934313.499821071,6848126.304434771,30,958.5922500000011
3,17,934313.499821071,6848126.304434771,31,958.5922500000011
3,17,934313.499821071,6848126.304434771,32,958.5922500000011
3,17,934313.499821071,6848126.304434771,33,958.5922500000011
3,17,934313.499821071,6848126.304434771,34,958.592250000001
3,17,934313.499821071,6848126.304434771,35,958.592250000001
3,17,934313.499821071,6848126.304434771,36,958.5922500000011
3,17,934313.499821071,6848126.304434771,37,958.592250000001
3,17,934313.499821071,6848126.304434771,38,958.5922500000011
3,17,934313.499821071,6848126.304434771,39,958.592250000001
3,17,934313.499821071,6848126.304434771,40,958.592250000001
3,17,934313.499821071,6848126.304434771,41,958.5922500000011
3,17,934313.499821071,6848126.304434771,42,958.5922500000012
3,17,934313.499821071,6848126.304434771,43,958.5922500000011
3,17,934313.499821071,6848126.304434771,44,958.5922500000011
3,17,934313.499821071,6848126.304434771,45,958.5922500000011
3,17,934313.499821071,6848126.304434771,46,958.592250000001
3,17,934313.499821071,6848126.304434771,47,958.592250000001
3,17,934313.499821071,6848126.304434771,48,958.5922500000012
3,79,934635.7998208292,6847723.804434974,1,625.0166999999994
3,79,934635.7998208292,6847723.804434974,2,662.5467256405776
3,79,934635.7998208292,6847723.804434974,3,765.0806625000006
3,79,934635.7998208292,6847723.804434974,4,905.1446250000002
3,79,934635.7998208292,6847723.804434974,5,1045.2085874999987
3,79,934635.7998208292,6847723.804434974,6,1147.7425243594216
3,79,934635.7998208292,6847723.804434974,7,1185.2725500000024
3,79,934635.7998208292,6847723.804434974,8,1147.7425243594219
3,79,934635.7998208292,6847723.804434974,9,1045.2085874999987
3,79,934635.7998208292,6847723.804434974,10,905.1446250000002
3,79,934635.7998208292,6847723.804434974,11,765.0806625000008
3,79,934635.7998208292,6847723.804434974,12,662.5467256405776
3,79,934635.7998208292,6847723.804434974,13,625.0166999999994
3,79,934635.7998208292,6847723.804434974,14,662.5467256405778
3,79,934635.7998208292,6847723.804434974,15,765.080662500001
3,79,934635.7998208292,6847723.804434974,16,905.1446250000004
3,79,934635.7998208292,6847723.804434974,17,1045.2085874999989
3,79,934635.7998208292,6847723.804434974,18,1147.7425243594219
3,79,934635.7998208292,6847723.804434974,19,1185.272550000003
3,79,934635.7998208292,6847723.804434974,20,1147.7425243594216
3,79,934635.7998208292,6847723.804434974,21,1045.2085874999989
3,79,934635.7998208292,6847723.804434974,22,905.1446250000005
3,79,934635.7998208292,6847723.804434974,23,765.0806625000007
3,79,934635.7998208292,6847723.804434974,24,662.5467256405778
3,79,934635.7998208292,6847723.804434974,25,625.0166999999994
3,79,934635.7998208292,6847723.804434974,26,662.5467256405778
3,79,934635.7998208292,6847723.804434974,27,765.0806625000007
3,79,934635.7998208292,6847723.804434974,28,905.1446250000005
3,79,934635.7998208292,6847723.804434974,29,1045.208587499999
3,79,934635.7998208292,6847723.804434974,30,1147.7425243594219
3,79,934635.7998208292,6847723.804434974,31,1185.2725500000033
3,79,934635.7998208292,6847723.804434974,32,1147.7425243594219
3,79,934635.7998208292,6847723.804434974,33,1045.208587499999
3,79,934635.7998208292,6847723.804434974,34,905.1446250000001
3,79,934635.7998208292,6847723.804434974,35,765.0806625000007
3,79,934635.7998208292,6847723.804434974,36,662.546725640578
3,79,934635.7998208292,6847723.804434974,37,625.0166999999993
3,79,934635.7998208292,6847723.804434974,38,662.546725640578
3,79,934635.7998208292,6847723.804434974,39,765.0806625000012
3,79,934635.7998208292,6847723.804434974,40,905.1446250000001
3,79,934635.7998208292,6847723.804434974,41,1045.208587499999
3,79,934635.7998208292,6847723.804434974,42,1147.7425243594214
3,79,934635.7998208292,6847723.804434974,43,1185.2725500000029
3,79,934635.7998208292,6847723.804434974,44,1147.7425243594214
3,79,934635.7998208292,6847723.804434974,45,1045.2085874999989
3,79,934635.7998208292,6847723.804434974,46,905.1446250000001
3,79,934635.7998208292,6847723.804434974,47,765.0806625000013
3,79,934635.7998208292,6847723.804434974,48,662.5467256405778
3,12,933061.759090488,6845988.289810399,1,485.9662499999999
3,12,933061.759090488,6845988.289810399,2,485.9662499999998
3,12,933061.759090488,6845988.289810399,3,485.96625
3,12,933061.759090488,6845988.289810399,4,485.9662499999996
3,12,933061.759090488,6845988.289810399,5,485.9662499999998
3,12,933061.759090488,6845988.289810399,6,485.96624999999995
3,12,933061.759090488,6845988.289810399,7,485.96624999999983
3,12,933061.759090488,6845988.289810399,8,485.96624999999995
3,12,933061.759090488,6845988.289810399,9,485.96624999999983
3,12,933061.759090488,6845988.289810399,10,485.96624999999983
3,12,933061.759090488,6845988.289810399,11,485.96625
3,12,933061.759090488,6845988.289810399,12,485.9662499999998
3,12,933061.759090488,6845988.289810399,13,485.9662499999999
3,12,933061.759090488,6845988.289810399,14,485.9662499999998
3,12,933061.759090488,6845988.289810399,15,485.9662500000001
3,12,933061.759090488,6845988.289810399,16,485.9662499999996
3,12,933061.759090488,6845988.289810399,17,485.96624999999983
3,12,933061.759090488,6845988.289810399,18,485.96624999999995
3,12,933061.759090488,6845988.289810399,19,485.9662499999999
3,12,933061.759090488,6845988.289810399,20,485.96624999999995
3,12,933061.759090488,6845988.289810399,21,485.96624999999983
3,12,933061.759090488,6845988.289810399,22,485.96624999999983
3,12,933061.759090488,6845988.289810399,23,485.9662500000001
3,12,933061.759090488,6845988.289810399,24,485.9662499999998
3,12,933061.759090488,6845988.289810399,25,485.9662499999999
3,12,933061.759090488,6845988.289810399,26,485.9662499999998
3,12,933061.759090488,6845988.289810399,27,485.9662500000001
3,12,933061.759090488,6845988.289810399,28,485.96624999999983
3,12,933061.759090488,6845988.289810399,29,485.96624999999983
3,12,933061.759090488,6845988.289810399,30,485.96624999999995
3,12,933061.759090488,6845988.289810399,31,485.9662499999999
3,12,933061.759090488,6845988.289810399,32,485.96624999999995
3,12,933061.759090488,6845988.289810399,33,485.9662499999998
3,12,933061.759090488,6845988.289810399,34,485.9662499999996
3,12,933061.759090488,6845988.289810399,35,485.9662500000001
3,12,933061.759090488,6845988.289810399,36,485.9662499999998
3,12,933061.759090488,6845988.289810399,37,485.9662499999999
3,12,933061.759090488,6845988.289810399,38,485.9662499999998
3,12,933061.759090488,6845988.289810399,39,485.9662500000001
3,12,933061.759090488,6845988.289810399,40,485.9662499999996
3,12,933061.759090488,6845988.289810399,41,485.9662499999998
3,12,933061.759090488,6845988.289810399,42,485.96624999999995
3,12,933061.759090488,6845988.289810399,43,485.96624999999983
3,12,933061.759090488,6845988.289810399,44,485.96624999999995
3,12,933061.759090488,6845988.289810399,45,485.9662499999998
3,12,933061.759090488,6845988.289810399,46,485.9662499999996
3,12,933061.759090488,6845988.289810399,47,485.96625
3,12,933061.759090488,6845988.289810399,48,485.9662499999998
3,60,933867.5998214042,6848816.004434429,1,947.1577500000064
3,60,933867.5998214042,6848816.004434429,2,947.1577500000071
3,60,933867.5998214042,6848816.004434429,3,947.1577500000063
3,60,933867.5998214042,6848816.004434429,4,947.1577500000009
3,60,933867.5998214042,6848816.004434429,5,947.1577499999992
3,60,933867.5998214042,6848816.004434429,6,947.1577500000001
3,60,933867.5998214042,6848816.004434429,7,947.1577500000028
3,60,933867.5998214042,6848816.004434429,8,947.1577500000005
3,60,933867.5998214042,6848816.004434429,9,947.15775
3,60,933867.5998214042,6848816.004434429,10,947.1577500000009
3,60,933867.5998214042,6848816.004434429,11,947.1577500000008
3,60,933867.5998214042,6848816.004434429,12,947.1577500000022
3,60,933867.5998214042,6848816.004434429,13,947.1577500000008
3,60,933867.5998214042,6848816.004434429,14,947.1577500000021
3,60,933867.5998214042,6848816.004434429,15,947.1577500000001
3,60,933867.5998214042,6848816.004434429,16,947.1577500000008
3,60,933867.5998214042,6848816.004434429,17,947.1577499999999
3,60,933867.5998214042,6848816.004434429,18,947.1577500000009
3,60,933867.5998214042,6848816.004434429,19,947.1577500000027
3,60,933867.5998214042,6848816.004434429,20,947.1577500000003
3,60,933867.5998214042,6848816.004434429,21,947.1577499999996
3,60,933867.5998214042,6848816.004434429,22,947.1577500000009
3,60,933867.5998214042,6848816.004434429,23,947.1577500000003
3,60,933867.5998214042,6848816.004434429,24,947.1577500000021
3,60,933867.5998214042,6848816.004434429,25,947.1577500000008
3,60,933867.5998214042,6848816.004434429,26,947.1577500000017
3,60,933867.5998214042,6848816.004434429,27,947.1577500000006
3,60,933867.5998214042,6848816.004434429,28,947.1577500000008
3,60,933867.5998214042,6848816.004434429,29,947.1577499999995
3,60,933867.5998214042,6848816.004434429,30,947.1577500000006
3,60,933867.5998214042,6848816.004434429,31,947.1577500000027
3,60,933867.5998214042,6848816.004434429,32,947.1577500000004
3,60,933867.5998214042,6848816.004434429,33,947.1577499999999
3,60,933867.5998214042,6848816.004434429,34,947.157750000001
3,60,933867.5998214042,6848816.004434429,35,947.157750000001
3,60,933867.5998214042,6848816.004434429,36,947.1577500000012
3,60,933867.5998214042,6848816.004434429,37,947.1577500000005
3,60,933867.5998214042,6848816.004434429,38,947.1577500000004
3,60,933867.5998214042,6848816.004434429,39,947.157750000001
3,60,933867.5998214042,6848816.004434429,40,947.1577500000009
3,60,933867.5998214042,6848816.004434429,41,947.1577499999999
3,60,933867.5998214042,6848816.004434429,42,947.1577500000004
3,60,933867.5998214042,6848816.004434429,43,947.1577500000025
3,60,933867.5998214042,6848816.004434429,44,947.1577500000009
3,60,933867.5998214042,6848816.004434429,45,947.1577499999997
3,60,933867.5998214042,6848816.004434429,46,947.157750000001
3,60,933867.5998214042,6848816.004434429,47,947.1577500000011
3,60,933867.5998214042,6848816.004434429,48,947.1577500000008
3,28,933302.5998218316,6849201.904434238,2,280.14525
3,28,933302.5998218316,6849201.904434238,4,280.14524999999986
3,28,933302.5998218316,6849201.904434238,5,280.1452500000001
3,28,933302.5998218316,6849201.904434238,6,280.14525
3,28,933302.5998218316,6849201.904434238,7,280.1452499999998
3,28,933302.5998218316,6849201.904434238,8,280.14525
3,28,933302.5998218316,6849201.904434238,9,280.14525000000015
3,28,933302.5998218316,6849201.904434238,10,280.1452499999999
3,28,933302.5998218316,6849201.904434238,11,280.14525000000003
3,28,933302.5998218316,6849201.904434238,12,280.14525
3,28,933302.5998218316,6849201.904434238,14,280.14525
3,28,933302.5998218316,6849201.904434238,16,280.1452499999999
3,28,933302.5998218316,6849201.904434238,17,280.14525000000015
3,28,933302.5998218316,6849201.904434238,18,280.14525
3,28,933302.5998218316,6849201.904434238,19,280.1452499999998
3,28,933302.5998218316,6849201.904434238,20,280.14525
3,28,933302.5998218316,6849201.904434238,21,280.14525000000015
3,28,933302.5998218316,6849201.904434238,22,280.14524999999986
3,28,933302.5998218316,6849201.904434238,23,280.14525000000003
3,28,933302.5998218316,6849201.904434238,24,280.14525
3,28,933302.5998218316,6849201.904434238,26,280.1452499999999
3,28,933302.5998218316,6849201.904434238,27,280.14525
3,28,933302.5998218316,6849201.904434238,28,280.14524999999986
3,28,933302.5998218316,6849201.904434238,29,280.14525000000015
3,28,933302.5998218316,6849201.904434238,30,280.14525
3,28,933302.5998218316,6849201.904434238,31,280.1452499999998
3,28,933302.5998218316,6849201.904434238,32,280.14525
3,28,933302.5998218316,6849201.904434238,33,280.1452500000001
3,28,933302.5998218316,6849201.904434238,34,280.1452499999999
3,28,933302.5998218316,6849201.904434238,36,280.14525
3,28,933302.5998218316,6849201.904434238,38,280.14525
3,28,933302.5998218316,6849201.904434238,40,280.1452499999999
3,28,933302.5998218316,6849201.904434238,41,280.14525000000015
3,28,933302.5998218316,6849201.904434238,42,280.14525
3,28,933302.5998218316,6849201.904434238,43,280.1452499999998
3,28,933302.5998218316,6849201.904434238,44,280.14525
3,28,933302.5998218316,6849201.904434238,45,280.1452500000001
3,28,933302.5998218316,6849201.904434238,46,280.1452499999999
3,28,933302.5998218316,6849201.904434238,48,280.14525
3,28,933302.5998218316,6849201.904434238,3,280.14525000000003
3,28,933302.5998218316,6849201.904434238,15,280.1452500000001
3,28,933302.5998218316,6849201.904434238,35,280.14525000000003
3,28,933302.5998218316,6849201.904434238,39,280.1452500000001
3,28,933302.5998218316,6849201.904434238,47,280.14525000000003
3,28,933302.5998218316,6849201.904434238,1,280.14524999999986
3,28,933302.5998218316,6849201.904434238,13,280.14524999999986
3,28,933302.5998218316,6849201.904434238,25,280.14524999999986
3,28,933302.5998218316,6849201.904434238,37,280.14524999999986
3,33,933229.2998218873,6849228.104434224,1,455.4742499999997
3,33,933229.2998218873,6849228.104434224,3,455.4742499999998
3,33,933229.2998218873,6849228.104434224,13,455.4742499999997
3,33,933229.2998218873,6849228.104434224,15,455.4742499999998
3,33,933229.2998218873,6849228.104434224,25,455.4742499999997
3,33,933229.2998218873,6849228.104434224,35,455.4742499999998
3,33,933229.2998218873,6849228.104434224,37,455.47424999999964
3,33,933229.2998218873,6849228.104434224,39,455.4742499999998
3,33,933229.2998218873,6849228.104434224,47,455.4742499999998
3,33,933229.2998218873,6849228.104434224,2,455.47424999999987
3,33,933229.2998218873,6849228.104434224,4,455.47424999999976
3,33,933229.2998218873,6849228.104434224,6,455.4742499999999
3,33,933229.2998218873,6849228.104434224,7,455.47424999999976
3,33,933229.2998218873,6849228.104434224,8,455.4742499999999
3,33,933229.2998218873,6849228.104434224,10,455.4742499999998
3,33,933229.2998218873,6849228.104434224,11,455.47424999999987
3,33,933229.2998218873,6849228.104434224,12,455.47424999999987
3,33,933229.2998218873,6849228.104434224,14,455.47424999999987
3,33,933229.2998218873,6849228.104434224,16,455.4742499999998
3,33,933229.2998218873,6849228.104434224,18,455.4742499999999
3,33,933229.2998218873,6849228.104434224,19,455.47424999999964
3,33,933229.2998218873,6849228.104434224,20,455.4742499999999
3,33,933229.2998218873,6849228.104434224,22,455.47424999999976
3,33,933229.2998218873,6849228.104434224,23,455.47424999999976
3,33,933229.2998218873,6849228.104434224,24,455.47424999999987
3,33,933229.2998218873,6849228.104434224,26,455.47425
3,33,933229.2998218873,6849228.104434224,27,455.4742499999998
3,33,933229.2998218873,6849228.104434224,28,455.47424999999976
3,33,933229.2998218873,6849228.104434224,30,455.4742499999998
3,33,933229.2998218873,6849228.104434224,31,455.47424999999964
3,33,933229.2998218873,6849228.104434224,32,455.4742499999998
3,33,933229.2998218873,6849228.104434224,34,455.47424999999976
3,33,933229.2998218873,6849228.104434224,36,455.47424999999987
3,33,933229.2998218873,6849228.104434224,38,455.47425
3,33,933229.2998218873,6849228.104434224,40,455.47424999999987
3,33,933229.2998218873,6849228.104434224,42,455.47424999999987
3,33,933229.2998218873,6849228.104434224,43,455.47424999999976
3,33,933229.2998218873,6849228.104434224,44,455.47424999999987
3,33,933229.2998218873,6849228.104434224,46,455.4742499999998
3,33,933229.2998218873,6849228.104434224,48,455.47424999999987
3,33,933229.2998218873,6849228.104434224,5,455.47424999999987
3,33,933229.2998218873,6849228.104434224,9,455.4742499999998
3,33,933229.2998218873,6849228.104434224,17,455.4742499999998
3,33,933229.2998218873,6849228.104434224,21,455.47424999999987
3,33,933229.2998218873,6849228.104434224,29,455.47424999999964
3,33,933229.2998218873,6849228.104434224,33,455.4742499999997
3,33,933229.2998218873,6849228.104434224,41,455.47424999999964
3,33,933229.2998218873,6849228.104434224,45,455.4742499999998
3,73,933230.5998218857,6849269.904434204,22,375.43275
3,73,933230.5998218857,6849269.904434204,28,375.43275
3,73,933230.5998218857,6849269.904434204,7,375.43274999999977
3,73,933230.5998218857,6849269.904434204,19,375.43274999999977
3,73,933230.5998218857,6849269.904434204,31,375.43274999999977
3,73,933230.5998218857,6849269.904434204,43,375.43274999999977
3,73,933230.5998218857,6849269.904434204,47,375.4327499999999
3,73,933230.5998218857,6849269.904434204,3,375.4327499999999
3,73,933230.5998218857,6849269.904434204,15,375.4327499999999
3,73,933230.5998218857,6849269.904434204,35,375.4327499999999
3,73,933230.5998218857,6849269.904434204,39,375.4327499999999
3,73,933230.5998218857,6849269.904434204,5,375.43274999999994
3,73,933230.5998218857,6849269.904434204,9,375.43274999999994
3,73,933230.5998218857,6849269.904434204,17,375.43274999999994
3,73,933230.5998218857,6849269.904434204,21,375.43274999999994
3,73,933230.5998218857,6849269.904434204,29,375.4327499999998
3,73,933230.5998218857,6849269.904434204,33,375.4327499999998
3,73,933230.5998218857,6849269.904434204,41,375.4327499999998
3,73,933230.5998218857,6849269.904434204,42,375.43274999999994
3,73,933230.5998218857,6849269.904434204,44,375.43274999999994
3,73,933230.5998218857,6849269.904434204,45,375.43274999999994
3,73,933230.5998218857,6849269.904434204,1,375.43275000000017
3,73,933230.5998218857,6849269.904434204,13,375.43275000000017
3,73,933230.5998218857,6849269.904434204,25,375.43275000000017
3,73,933230.5998218857,6849269.904434204,37,375.43275000000017
3,73,933230.5998218857,6849269.904434204,2,375.4327499999997
3,73,933230.5998218857,6849269.904434204,12,375.4327499999997
3,73,933230.5998218857,6849269.904434204,14,375.4327499999997
3,73,933230.5998218857,6849269.904434204,24,375.4327499999998
3,73,933230.5998218857,6849269.904434204,26,375.4327499999997
3,73,933230.5998218857,6849269.904434204,36,375.4327499999997
3,73,933230.5998218857,6849269.904434204,38,375.4327499999997
3,73,933230.5998218857,6849269.904434204,48,375.4327499999996
3,73,933230.5998218857,6849269.904434204,4,375.4327499999998
3,73,933230.5998218857,6849269.904434204,6,375.4327499999998
3,73,933230.5998218857,6849269.904434204,8,375.4327499999998
3,73,933230.5998218857,6849269.904434204,10,375.4327499999999
3,73,933230.5998218857,6849269.904434204,11,375.4327499999998
3,73,933230.5998218857,6849269.904434204,16,375.4327499999999
3,73,933230.5998218857,6849269.904434204,18,375.4327499999998
3,73,933230.5998218857,6849269.904434204,20,375.4327499999998
3,73,933230.5998218857,6849269.904434204,23,375.43274999999977
3,73,933230.5998218857,6849269.904434204,27,375.4327499999998
3,73,933230.5998218857,6849269.904434204,30,375.4327499999998
3,73,933230.5998218857,6849269.904434204,32,375.4327499999998
3,73,933230.5998218857,6849269.904434204,34,375.4327499999999
3,73,933230.5998218857,6849269.904434204,40,375.4327499999998
3,73,933230.5998218857,6849269.904434204,46,375.4327499999999
3,10,933074.0319191051,6846600.749738233,1,405.92474999999985
3,10,933074.0319191051,6846600.749738233,2,405.92474999999996
3,10,933074.0319191051,6846600.749738233,3,405.92475000000036
3,10,933074.0319191051,6846600.749738233,4,405.92474999999985
3,10,933074.0319191051,6846600.749738233,5,405.92475000000013
3,10,933074.0319191051,6846600.749738233,6,405.92475000000036
3,10,933074.0319191051,6846600.749738233,7,405.92474999999956
3,10,933074.0319191051,6846600.749738233,8,405.92475000000036
3,10,933074.0319191051,6846600.749738233,9,405.92475000000013
3,10,933074.0319191051,6846600.749738233,10,405.92474999999985
3,10,933074.0319191051,6846600.749738233,11,405.92475000000036
3,10,933074.0319191051,6846600.749738233,12,405.92474999999996
3,10,933074.0319191051,6846600.749738233,13,405.92474999999985
3,10,933074.0319191051,6846600.749738233,14,405.92474999999996
3,10,933074.0319191051,6846600.749738233,15,405.92475000000036
3,10,933074.0319191051,6846600.749738233,16,405.92474999999985
3,10,933074.0319191051,6846600.749738233,17,405.92475000000013
3,10,933074.0319191051,6846600.749738233,18,405.9247500000002
3,10,933074.0319191051,6846600.749738233,19,405.92474999999956
3,10,933074.0319191051,6846600.749738233,20,405.92475000000024
3,10,933074.0319191051,6846600.749738233,21,405.92475000000013
3,10,933074.0319191051,6846600.749738233,22,405.92474999999985
3,10,933074.0319191051,6846600.749738233,23,405.92475000000036
3,10,933074.0319191051,6846600.749738233,24,405.92474999999996
3,10,933074.0319191051,6846600.749738233,25,405.92474999999985
3,10,933074.0319191051,6846600.749738233,26,405.92474999999996
3,10,933074.0319191051,6846600.749738233,27,405.92475000000036
3,10,933074.0319191051,6846600.749738233,28,405.92474999999985
3,10,933074.0319191051,6846600.749738233,29,405.9247500000002
3,10,933074.0319191051,6846600.749738233,30,405.92475000000024
3,10,933074.0319191051,6846600.749738233,31,405.92474999999956
3,10,933074.0319191051,6846600.749738233,32,405.92475000000024
3,10,933074.0319191051,6846600.749738233,33,405.9247500000002
3,10,933074.0319191051,6846600.749738233,34,405.92474999999985
3,10,933074.0319191051,6846600.749738233,35,405.92475000000036
3,10,933074.0319191051,6846600.749738233,36,405.92474999999996
3,10,933074.0319191051,6846600.749738233,37,405.92474999999985
3,10,933074.0319191051,6846600.749738233,38,405.92474999999996
3,10,933074.0319191051,6846600.749738233,39,405.92475000000036
3,10,933074.0319191051,6846600.749738233,40,405.92474999999985
3,10,933074.0319191051,6846600.749738233,41,405.9247500000002
3,10,933074.0319191051,6846600.749738233,42,405.92475000000036
3,10,933074.0319191051,6846600.749738233,43,405.92474999999956
3,10,933074.0319191051,6846600.749738233,44,405.92475000000036
3,10,933074.0319191051,6846600.749738233,45,405.9247500000002
3,10,933074.0319191051,6846600.749738233,46,405.92474999999985
3,10,933074.0319191051,6846600.749738233,47,405.92475000000036
3,10,933074.0319191051,6846600.749738233,48,405.92474999999996
3,24,932152.499822722,6847957.104434883,1,352.2519000000016
3,24,932152.499822722,6847957.104434883,2,364.0501015171676
3,24,932152.499822722,6847957.104434883,3,396.28338750000194
3,24,932152.499822722,6847957.104434883,4,440.314875000001
3,24,932152.499822722,6847957.104434883,5,484.34636250000233
3,24,932152.499822722,6847957.104434883,6,512.8328575584179
3,24,932152.499822722,6847957.104434883,7,495.6682499999991
3,24,932152.499822722,6847957.104434883,8,512.8328575584179
3,24,932152.499822722,6847957.104434883,9,484.34636250000233
3,24,932152.499822722,6847957.104434883,10,440.314875000001
3,24,932152.499822722,6847957.104434883,11,396.28338750000194
3,24,932152.499822722,6847957.104434883,12,364.0501015171676
3,24,932152.499822722,6847957.104434883,13,352.2519000000016
3,24,932152.499822722,6847957.104434883,14,364.0501015171676
3,24,932152.499822722,6847957.104434883,15,396.28338750000194
3,24,932152.499822722,6847957.104434883,16,440.314875000001
3,24,932152.499822722,6847957.104434883,17,484.34636250000233
3,24,932152.499822722,6847957.104434883,18,512.8328575584179
3,24,932152.499822722,6847957.104434883,19,495.6682499999991
3,24,932152.499822722,6847957.104434883,20,512.8328575584179
3,24,932152.499822722,6847957.104434883,21,484.34636250000233
3,24,932152.499822722,6847957.104434883,22,440.314875000001
3,24,932152.499822722,6847957.104434883,23,396.28338750000194
3,24,932152.499822722,6847957.104434883,24,364.0501015171676
3,24,932152.499822722,6847957.104434883,25,352.2519000000016
3,24,932152.499822722,6847957.104434883,26,364.0501015171676
3,24,932152.499822722,6847957.104434883,27,396.28338750000194
3,24,932152.499822722,6847957.104434883,28,440.314875000001
3,24,932152.499822722,6847957.104434883,29,484.34636250000233
3,24,932152.499822722,6847957.104434883,30,512.8328575584179
3,24,932152.499822722,6847957.104434883,31,495.6682499999989
3,24,932152.499822722,6847957.104434883,32,512.8328575584179
3,24,932152.499822722,6847957.104434883,33,484.34636250000233
3,24,932152.499822722,6847957.104434883,34,440.314875000001
3,24,932152.499822722,6847957.104434883,35,396.28338750000194
3,24,932152.499822722,6847957.104434883,36,364.0501015171676
3,24,932152.499822722,6847957.104434883,37,352.2519000000016
3,24,932152.499822722,6847957.104434883,38,364.0501015171676
3,24,932152.499822722,6847957.104434883,39,396.28338750000194
3,24,932152.499822722,6847957.104434883,40,440.314875000001
3,24,932152.499822722,6847957.104434883,41,484.34636250000233
3,24,932152.499822722,6847957.104434883,42,512.8328575584179
3,24,932152.499822722,6847957.104434883,43,495.6682499999989
3,24,932152.499822722,6847957.104434883,44,512.8328575584179
3,24,932152.499822722,6847957.104434883,45,484.34636250000233
3,24,932152.499822722,6847957.104434883,46,440.314875000001
3,24,932152.499822722,6847957.104434883,47,396.28338750000194
3,24,932152.499822722,6847957.104434883,48,364.0501015171676
3,40,932737.3998222824,6847314.2044352,5,442.7143874999973
3,40,932737.3998222824,6847314.2044352,6,414.2278924415809
3,40,932737.3998222824,6847314.2044352,7,431.3924999999993
3,40,932737.3998222824,6847314.2044352,8,414.2278924415809
3,40,932737.3998222824,6847314.2044352,9,442.71438749999743
3,40,932737.3998222824,6847314.2044352,17,442.71438749999743
3,40,932737.3998222824,6847314.2044352,18,414.2278924415809
3,40,932737.3998222824,6847314.2044352,19,431.3924999999993
3,40,932737.3998222824,6847314.2044352,20,414.2278924415809
3,40,932737.3998222824,6847314.2044352,21,442.71438749999743
3,40,932737.3998222824,6847314.2044352,29,442.71438749999743
3,40,932737.3998222824,6847314.2044352,30,414.2278924415809
3,40,932737.3998222824,6847314.2044352,31,431.3924999999993
3,40,932737.3998222824,6847314.2044352,32,414.2278924415809
3,40,932737.3998222824,6847314.2044352,33,442.71438749999743
3,40,932737.3998222824,6847314.2044352,41,442.71438749999743
3,40,932737.3998222824,6847314.2044352,42,414.2278924415809
3,40,932737.3998222824,6847314.2044352,43,431.3924999999993
3,40,932737.3998222824,6847314.2044352,44,414.2278924415809
3,40,932737.3998222824,6847314.2044352,45,442.71438749999743
3,40,932737.3998222824,6847314.2044352,3,442.69706250000075
3,40,932737.3998222824,6847314.2044352,11,442.6970625000008
3,40,932737.3998222824,6847314.2044352,13,356.0287500000002
3,40,932737.3998222824,6847314.2044352,15,442.69706250000075
3,40,932737.3998222824,6847314.2044352,23,442.6970625000008
3,40,932737.3998222824,6847314.2044352,25,356.0287500000002
3,40,932737.3998222824,6847314.2044352,27,442.6970625000008
3,40,932737.3998222824,6847314.2044352,35,442.6970625000008
3,40,932737.3998222824,6847314.2044352,37,356.0287500000002
3,40,932737.3998222824,6847314.2044352,39,442.6970625000008
3,40,932737.3998222824,6847314.2044352,47,442.6970625000008
3,40,932737.3998222824,6847314.2044352,4,445.94549999999936
3,40,932737.3998222824,6847314.2044352,10,445.9454999999994
3,40,932737.3998222824,6847314.2044352,16,445.9454999999994
3,40,932737.3998222824,6847314.2044352,22,445.9454999999994
3,40,932737.3998222824,6847314.2044352,28,445.9454999999994
3,40,932737.3998222824,6847314.2044352,34,445.9454999999994
3,40,932737.3998222824,6847314.2044352,40,445.9454999999994
3,40,932737.3998222824,6847314.2044352,46,445.9454999999995
3,40,932737.3998222824,6847314.2044352,1,356.0287500000001
3,40,932737.3998222824,6847314.2044352,2,379.2514543437429
3,40,932737.3998222824,6847314.2044352,12,379.25145434374303
3,40,932737.3998222824,6847314.2044352,14,379.25145434374303
3,40,932737.3998222824,6847314.2044352,24,379.25145434374315
3,40,932737.3998222824,6847314.2044352,26,379.25145434374303
3,40,932737.3998222824,6847314.2044352,36,379.25145434374315
3,40,932737.3998222824,6847314.2044352,38,379.25145434374303
3,40,932737.3998222824,6847314.2044352,48,379.25145434374315
3,61,932731.0998222867,6847344.104435187,1,337.3177499999998
3,61,932731.0998222867,6847344.104435187,2,337.31775000000044
3,61,932731.0998222867,6847344.104435187,3,337.3177500000005
3,61,932731.0998222867,6847344.104435187,4,337.3177499999996
3,61,932731.0998222867,6847344.104435187,10,337.3177499999996
3,61,932731.0998222867,6847344.104435187,11,337.31775000000044
3,61,932731.0998222867,6847344.104435187,12,337.3177500000004
3,61,932731.0998222867,6847344.104435187,13,337.3177499999997
3,61,932731.0998222867,6847344.104435187,14,337.3177500000004
3,61,932731.0998222867,6847344.104435187,15,337.31775000000044
3,61,932731.0998222867,6847344.104435187,16,337.3177499999996
3,61,932731.0998222867,6847344.104435187,22,337.3177499999996
3,61,932731.0998222867,6847344.104435187,23,337.3177500000003
3,61,932731.0998222867,6847344.104435187,24,337.3177500000004
3,61,932731.0998222867,6847344.104435187,25,337.3177499999997
3,61,932731.0998222867,6847344.104435187,26,337.31775000000033
3,61,932731.0998222867,6847344.104435187,27,337.3177500000003
3,61,932731.0998222867,6847344.104435187,28,337.3177499999996
3,61,932731.0998222867,6847344.104435187,34,337.3177499999996
3,61,932731.0998222867,6847344.104435187,35,337.3177500000003
3,61,932731.0998222867,6847344.104435187,36,337.3177500000004
3,61,932731.0998222867,6847344.104435187,37,337.3177499999997
3,61,932731.0998222867,6847344.104435187,38,337.31775000000033
3,61,932731.0998222867,6847344.104435187,39,337.3177500000003
3,61,932731.0998222867,6847344.104435187,40,337.3177499999996
3,61,932731.0998222867,6847344.104435187,46,337.3177499999994
3,61,932731.0998222867,6847344.104435187,47,337.3177500000003
3,61,932731.0998222867,6847344.104435187,48,337.3177500000004
3,61,932731.0998222867,6847344.104435187,5,337.31774999999993
3,61,932731.0998222867,6847344.104435187,9,337.31775
3,61,932731.0998222867,6847344.104435187,17,337.31775
3,61,932731.0998222867,6847344.104435187,21,337.31774999999993
3,61,932731.0998222867,6847344.104435187,29,337.31774999999993
3,61,932731.0998222867,6847344.104435187,33,337.31774999999993
3,61,932731.0998222867,6847344.104435187,41,337.31774999999993
3,61,932731.0998222867,6847344.104435187,45,337.31774999999993
3,61,932731.0998222867,6847344.104435187,6,337.31775000000016
3,61,932731.0998222867,6847344.104435187,7,337.31775000000005
3,61,932731.0998222867,6847344.104435187,8,337.31775000000016
3,61,932731.0998222867,6847344.104435187,18,337.31775000000016
3,61,932731.0998222867,6847344.104435187,19,337.31775000000005
3,61,932731.0998222867,6847344.104435187,20,337.31775000000016
3,61,932731.0998222867,6847344.104435187,30,337.31775000000016
3,61,932731.0998222867,6847344.104435187,31,337.31775000000005
3,61,932731.0998222867,6847344.104435187,32,337.31775000000016
3,61,932731.0998222867,6847344.104435187,42,337.31775000000016
3,61,932731.0998222867,6847344.104435187,43,337.31775000000005
3,61,932731.0998222867,6847344.104435187,44,337.31775000000016
3,52,933544.3998216777,6846209.704435752,1,1238.737500000001
3,52,933544.3998216777,6846209.704435752,2,1238.737500000001
3,52,933544.3998216777,6846209.704435752,3,1238.737500000001
3,52,933544.3998216777,6846209.704435752,4,1238.737500000001
3,52,933544.3998216777,6846209.704435752,5,1238.737500000001
3,52,933544.3998216777,6846209.704435752,6,1238.737500000001
3,52,933544.3998216777,6846209.704435752,7,1238.737500000001
3,52,933544.3998216777,6846209.704435752,8,1238.737500000001
3,52,933544.3998216777,6846209.704435752,9,1238.737500000001
3,52,933544.3998216777,6846209.704435752,10,1238.737500000001
3,52,933544.3998216777,6846209.704435752,11,1238.737500000001
3,52,933544.3998216777,6846209.704435752,12,1238.737500000001
3,52,933544.3998216777,6846209.704435752,13,1238.737500000001
3,52,933544.3998216777,6846209.704435752,14,1238.737500000001
3,52,933544.3998216777,6846209.704435752,15,1238.737500000001
3,52,933544.3998216777,6846209.704435752,16,1238.737500000001
3,52,933544.3998216777,6846209.704435752,17,1238.737500000001
3,52,933544.3998216777,6846209.704435752,18,1238.737500000001
3,52,933544.3998216777,6846209.704435752,19,1238.737500000001
3,52,933544.3998216777,6846209.704435752,20,1238.737500000001
3,52,933544.3998216777,6846209.704435752,21,1238.737500000001
3,52,933544.3998216777,6846209.704435752,22,1238.737500000001
3,52,933544.3998216777,6846209.704435752,23,1238.737500000001
3,52,933544.3998216777,6846209.704435752,24,1238.737500000001
3,52,933544.3998216777,6846209.704435752,25,1238.737500000001
3,52,933544.3998216777,6846209.704435752,26,1238.737500000001
3,52,933544.3998216777,6846209.704435752,27,1238.737500000001
3,52,933544.3998216777,6846209.704435752,28,1238.737500000001
3,52,933544.3998216777,6846209.704435752,29,1238.737500000001
3,52,933544.3998216777,6846209.704435752,30,1238.737500000001
3,52,933544.3998216777,6846209.704435752,31,1238.737500000001
3,52,933544.3998216777,6846209.704435752,32,1238.737500000001
3,52,933544.3998216777,6846209.704435752,33,1238.737500000001
3,52,933544.3998216777,6846209.704435752,34,1238.737500000001
3,52,933544.3998216777,6846209.704435752,35,1238.737500000001
3,52,933544.3998216777,6846209.704435752,36,1238.737500000001
3,52,933544.3998216777,6846209.704435752,37,1238.737500000001
3,52,933544.3998216777,6846209.704435752,38,1238.737500000001
3,52,933544.3998216777,6846209.704435752,39,1238.737500000001
3,52,933544.3998216777,6846209.704435752,40,1238.737500000001
3,52,933544.3998216777,6846209.704435752,41,1238.737500000001
3,52,933544.3998216777,6846209.704435752,42,1238.737500000001
3,52,933544.3998216777,6846209.704435752,43,1238.737500000001
3,52,933544.3998216777,6846209.704435752,44,1238.737500000001
3,52,933544.3998216777,6846209.704435752,45,1238.737500000001
3,52,933544.3998216777,6846209.704435752,46,1238.737500000001
3,52,933544.3998216777,6846209.704435752,47,1238.737500000001
3,52,933544.3998216777,6846209.704435752,48,1238.737500000001
3,65,930937.2998236478,6848136.804434802,1,98.66934000000012
3,65,930937.2998236478,6848136.804434802,2,102.21764801992906
3,65,930937.2998236478,6848136.804434802,3,125.86266000000006
3,65,930937.2998236478,6848136.804434802,4,171.2403
3,65,930937.2998236478,6848136.804434802,5,162.86539500000012
3,65,930937.2998236478,6848136.804434802,6,172.34227186645492
3,65,930937.2998236478,6848136.804434802,8,157.44347657478005
3,65,930937.2998236478,6848136.804434802,9,142.70256000000012
3,65,930937.2998236478,6848136.804434802,10,172.59164999999996
3,65,930937.2998236478,6848136.804434802,11,129.02793750000006
3,65,930937.2998236478,6848136.804434802,12,116.9572724331167
3,65,930937.2998236478,6848136.804434802,13,87.87240000000006
3,65,930937.2998236478,6848136.804434802,14,126.669094932768
3,65,930937.2998236478,6848136.804434802,15,125.62877250000005
3,65,930937.2998236478,6848136.804434802,16,169.50779999999997
3,65,930937.2998236478,6848136.804434802,17,158.67274500000016
3,65,930937.2998236478,6848136.804434802,18,213.17675991689813
3,65,930937.2998236478,6848136.804434802,19,170.20773000000005
3,65,930937.2998236478,6848136.804434802,20,170.8584900706947
3,65,930937.2998236478,6848136.804434802,21,126.69426000000011
3,65,930937.2998236478,6848136.804434802,22,126.80167500000007
3,65,930937.2998236478,6848136.804434802,23,160.58715750000005
3,65,930937.2998236478,6848136.804434802,24,140.24845736590882
3,65,930937.2998236478,6848136.804434802,26,105.06816819313055
3,65,930937.2998236478,6848136.804434802,27,140.92501500000006
3,65,930937.2998236478,6848136.804434802,28,161.659575
3,65,930937.2998236478,6848136.804434802,29,136.66133250000013
3,65,930937.2998236478,6848136.804434802,30,156.6101196757914
3,65,930937.2998236478,6848136.804434802,32,102.82811102398816
3,65,930937.2998236478,6848136.804434802,33,124.46453250000012
3,65,930937.2998236478,6848136.804434802,35,122.10486750000004
3,65,930937.2998236478,6848136.804434802,36,87.77883226823509
3,65,930937.2998236478,6848136.804434802,38,105.34032841067243
3,65,930937.2998236478,6848136.804434802,39,128.04561000000007
3,65,930937.2998236478,6848136.804434802,41,192.40452000000022
3,65,930937.2998236478,6848136.804434802,42,143.80487952060017
3,65,930937.2998236478,6848136.804434802,44,151.52867516976315
3,65,930937.2998236478,6848136.804434802,45,155.0518200000001
3,65,930937.2998236478,6848136.804434802,46,173.11139999999995
3,65,930937.2998236478,6848136.804434802,47,145.96139250000004
3,65,930937.2998236478,6848136.804434802,48,142.0819577788224
3,65,930937.2998236478,6848136.804434802,40,167.6367
3,65,930937.2998236478,6848136.804434802,25,115.80030000000012
3,65,930937.2998236478,6848136.804434802,37,110.99088000000013
3,65,930937.2998236478,6848136.804434802,31,167.46345000000005
3,65,930937.2998236478,6848136.804434802,7,161.62146000000007
3,65,930937.2998236478,6848136.804434802,43,151.53831000000005
3,65,930937.2998236478,6848136.804434802,34,167.27287499999997
3,70,930937.2998236478,6848136.804434802,7,190.04138999999998
3,70,930937.2998236478,6848136.804434802,25,118.64160000000007
3,70,930937.2998236478,6848136.804434802,31,184.19939999999997
3,70,930937.2998236478,6848136.804434802,34,125.77950000000014
3,70,930937.2998236478,6848136.804434802,37,123.45102000000007
3,70,930937.2998236478,6848136.804434802,40,125.41567500000015
3,70,930937.2998236478,6848136.804434802,43,200.12454000000002
3,70,930937.2998236478,6848136.804434802,1,135.7725600000001
3,70,930937.2998236478,6848136.804434802,3,137.8844775
3,70,930937.2998236478,6848136.804434802,4,121.8120750000001
3,70,930937.2998236478,6848136.804434802,6,171.46826341141806
3,70,930937.2998236478,6848136.804434802,8,186.36705870309297
3,70,930937.2998236478,6848136.804434802,10,120.4607250000001
3,70,930937.2998236478,6848136.804434802,11,134.7192
3,70,930937.2998236478,6848136.804434802,13,146.5695000000001
3,70,930937.2998236478,6848136.804434802,15,138.118365
3,70,930937.2998236478,6848136.804434802,16,123.54457500000017
3,70,930937.2998236478,6848136.804434802,18,130.63377536097485
3,70,930937.2998236478,6848136.804434802,19,181.45512
3,70,930937.2998236478,6848136.804434802,20,172.9520452071783
3,70,930937.2998236478,6848136.804434802,22,166.2507000000001
3,70,930937.2998236478,6848136.804434802,23,103.15998000000006
3,70,930937.2998236478,6848136.804434802,24,102.04575735621843
3,70,930937.2998236478,6848136.804434802,26,137.2260465289967
3,70,930937.2998236478,6848136.804434802,27,122.82212250000002
3,70,930937.2998236478,6848136.804434802,28,131.39280000000014
3,70,930937.2998236478,6848136.804434802,30,187.2004156020816
3,70,930937.2998236478,6848136.804434802,32,240.98242425388486
3,70,930937.2998236478,6848136.804434802,35,141.64227
3,70,930937.2998236478,6848136.804434802,36,154.51538245389222
3,70,930937.2998236478,6848136.804434802,42,200.00565575727282
3,70,930937.2998236478,6848136.804434802,44,192.2818601081099
3,70,930937.2998236478,6848136.804434802,9,179.6550525000002
3,70,930937.2998236478,6848136.804434802,17,163.68486750000017
3,70,930937.2998236478,6848136.804434802,29,185.69628000000023
3,70,930937.2998236478,6848136.804434802,33,197.8930800000002
3,70,930937.2998236478,6848136.804434802,38,136.95388631145482
3,70,930937.2998236478,6848136.804434802,39,135.70152750000003
3,70,930937.2998236478,6848136.804434802,41,129.95309250000008
3,70,930937.2998236478,6848136.804434802,45,167.30579250000022
3,70,930937.2998236478,6848136.804434802,46,119.94097500000014
3,70,930937.2998236478,6848136.804434802,48,100.21225694330491
3,70,930937.2998236478,6848136.804434802,2,140.07656670219816
3,70,930937.2998236478,6848136.804434802,12,125.33694228901054
3,70,930937.2998236478,6848136.804434802,14,115.6251197893592
3,70,930937.2998236478,6848136.804434802,47,117.78574500000002
3,70,930937.2998236478,6848136.804434802,21,195.66335250000026
3,70,930937.2998236478,6848136.804434802,5,159.4922175000002
3,1,933761.3998214833,6849018.604434323,1,615.5572499999988
3,1,933761.3998214833,6849018.604434323,2,615.5572499999989
3,1,933761.3998214833,6849018.604434323,3,615.5572499999993
3,1,933761.3998214833,6849018.604434323,4,615.5572499999988
3,1,933761.3998214833,6849018.604434323,5,615.5572499999992
3,1,933761.3998214833,6849018.604434323,6,615.5572499999996
3,1,933761.3998214833,6849018.604434323,7,615.5572499999998
3,1,933761.3998214833,6849018.604434323,8,615.5572499999995
3,1,933761.3998214833,6849018.604434323,9,615.5572499999994
3,1,933761.3998214833,6849018.604434323,10,615.5572499999997
3,1,933761.3998214833,6849018.604434323,11,615.5572499999997
3,1,933761.3998214833,6849018.604434323,12,615.5572499999995
3,1,933761.3998214833,6849018.604434323,13,615.5572499999996
3,1,933761.3998214833,6849018.604434323,14,615.5572499999994
3,1,933761.3998214833,6849018.604434323,15,615.5572499999997
3,1,933761.3998214833,6849018.604434323,16,615.5572499999997
3,1,933761.3998214833,6849018.604434323,17,615.5572499999995
3,1,933761.3998214833,6849018.604434323,18,615.5572499999996
3,1,933761.3998214833,6849018.604434323,19,615.5572499999998
3,1,933761.3998214833,6849018.604434323,20,615.5572499999996
3,1,933761.3998214833,6849018.604434323,21,615.5572499999995
3,1,933761.3998214833,6849018.604434323,22,615.5572499999995
3,1,933761.3998214833,6849018.604434323,23,615.5572499999995
3,1,933761.3998214833,6849018.604434323,24,615.5572499999996
3,1,933761.3998214833,6849018.604434323,25,615.5572499999998
3,1,933761.3998214833,6849018.604434323,26,615.5572499999994
3,1,933761.3998214833,6849018.604434323,27,615.5572499999997
3,1,933761.3998214833,6849018.604434323,28,615.5572499999997
3,1,933761.3998214833,6849018.604434323,29,615.5572499999996
3,1,933761.3998214833,6849018.604434323,30,615.5572499999995
3,1,933761.3998214833,6849018.604434323,31,615.5572499999996
3,1,933761.3998214833,6849018.604434323,32,615.5572499999995
3,1,933761.3998214833,6849018.604434323,33,615.5572499999996
3,1,933761.3998214833,6849018.604434323,34,615.5572499999994
3,1,933761.3998214833,6849018.604434323,35,615.5572499999996
3,1,933761.3998214833,6849018.604434323,36,615.5572499999992
3,1,933761.3998214833,6849018.604434323,37,615.5572499999992
3,1,933761.3998214833,6849018.604434323,38,615.5572499999992
3,1,933761.3998214833,6849018.604434323,39,615.5572499999996
3,1,933761.3998214833,6849018.604434323,40,615.5572499999995
3,1,933761.3998214833,6849018.604434323,41,615.5572499999993
3,1,933761.3998214833,6849018.604434323,42,615.5572499999997
3,1,933761.3998214833,6849018.604434323,43,615.5572499999996
3,1,933761.3998214833,6849018.604434323,44,615.5572499999995
3,1,933761.3998214833,6849018.604434323,45,615.5572499999997
3,1,933761.3998214833,6849018.604434323,46,615.5572499999994
3,1,933761.3998214833,6849018.604434323,47,615.5572499999996
3,1,933761.3998214833,6849018.604434323,48,615.5572499999992
3,43,934084.1998212618,6846602.604435545,3,194.38650000000007
3,43,934084.1998212618,6846602.604435545,5,194.3865
3,43,934084.1998212618,6846602.604435545,6,194.38650000000007
3,43,934084.1998212618,6846602.604435545,7,194.38649999999996
3,43,934084.1998212618,6846602.604435545,8,194.38650000000007
3,43,934084.1998212618,6846602.604435545,9,194.3865
3,43,934084.1998212618,6846602.604435545,11,194.38650000000004
3,43,934084.1998212618,6846602.604435545,15,194.38650000000004
3,43,934084.1998212618,6846602.604435545,17,194.38649999999998
3,43,934084.1998212618,6846602.604435545,18,194.38650000000007
3,43,934084.1998212618,6846602.604435545,19,194.38649999999996
3,43,934084.1998212618,6846602.604435545,20,194.38650000000007
3,43,934084.1998212618,6846602.604435545,21,194.3865
3,43,934084.1998212618,6846602.604435545,23,194.3865
3,43,934084.1998212618,6846602.604435545,27,194.38650000000004
3,43,934084.1998212618,6846602.604435545,29,194.3865
3,43,934084.1998212618,6846602.604435545,30,194.38650000000007
3,43,934084.1998212618,6846602.604435545,31,194.38649999999996
3,43,934084.1998212618,6846602.604435545,32,194.38650000000007
3,43,934084.1998212618,6846602.604435545,33,194.3865
3,43,934084.1998212618,6846602.604435545,35,194.3865000000001
3,43,934084.1998212618,6846602.604435545,39,194.38650000000004
3,43,934084.1998212618,6846602.604435545,41,194.3865
3,43,934084.1998212618,6846602.604435545,42,194.38650000000007
3,43,934084.1998212618,6846602.604435545,43,194.38649999999996
3,43,934084.1998212618,6846602.604435545,44,194.38650000000007
3,43,934084.1998212618,6846602.604435545,45,194.3865
3,43,934084.1998212618,6846602.604435545,47,194.38650000000007
3,43,934084.1998212618,6846602.604435545,26,194.38650000000004
3,43,934084.1998212618,6846602.604435545,2,194.3865
3,43,934084.1998212618,6846602.604435545,10,194.38649999999976
3,43,934084.1998212618,6846602.604435545,12,194.38650000000007
3,43,934084.1998212618,6846602.604435545,14,194.38650000000007
3,43,934084.1998212618,6846602.604435545,16,194.38649999999976
3,43,934084.1998212618,6846602.604435545,22,194.38649999999976
3,43,934084.1998212618,6846602.604435545,24,194.38650000000007
3,43,934084.1998212618,6846602.604435545,28,194.38649999999976
3,43,934084.1998212618,6846602.604435545,34,194.38649999999973
3,43,934084.1998212618,6846602.604435545,36,194.38650000000004
3,43,934084.1998212618,6846602.604435545,38,194.38650000000007
3,43,934084.1998212618,6846602.604435545,40,194.38649999999973
3,43,934084.1998212618,6846602.604435545,46,194.3864999999997
3,43,934084.1998212618,6846602.604435545,48,194.38650000000004
3,43,934084.1998212618,6846602.604435545,25,194.38649999999998
3,43,934084.1998212618,6846602.604435545,37,194.38649999999998
3,43,934084.1998212618,6846602.604435545,1,194.3865
3,43,934084.1998212618,6846602.604435545,13,194.3865
3,43,934084.1998212618,6846602.604435545,4,194.3864999999997
3,55,934305.7998210939,6846479.404435608,4,819.4725000000004
3,55,934305.7998210939,6846479.404435608,10,819.4725000000009
3,55,934305.7998210939,6846479.404435608,16,819.4725000000004
3,55,934305.7998210939,6846479.404435608,22,819.4725000000005
3,55,934305.7998210939,6846479.404435608,28,819.4725000000008
3,55,934305.7998210939,6846479.404435608,34,819.4725000000004
3,55,934305.7998210939,6846479.404435608,40,819.4725000000005
3,55,934305.7998210939,6846479.404435608,33,819.4724999999991
3,55,934305.7998210939,6846479.404435608,46,819.4725000000005
3,55,934305.7998210939,6846479.404435608,1,819.4724999999996
3,55,934305.7998210939,6846479.404435608,2,819.4724999999991
3,55,934305.7998210939,6846479.404435608,3,819.4725000000007
3,55,934305.7998210939,6846479.404435608,5,819.4724999999993
3,55,934305.7998210939,6846479.404435608,6,819.472500000001
3,55,934305.7998210939,6846479.404435608,7,819.4725000000026
3,55,934305.7998210939,6846479.404435608,8,819.472500000001
3,55,934305.7998210939,6846479.404435608,9,819.4724999999992
3,55,934305.7998210939,6846479.404435608,11,819.4725000000005
3,55,934305.7998210939,6846479.404435608,12,819.4724999999993
3,55,934305.7998210939,6846479.404435608,13,819.4724999999992
3,55,934305.7998210939,6846479.404435608,14,819.4724999999995
3,55,934305.7998210939,6846479.404435608,15,819.4725000000008
3,55,934305.7998210939,6846479.404435608,17,819.4724999999991
3,55,934305.7998210939,6846479.404435608,18,819.472500000001
3,55,934305.7998210939,6846479.404435608,19,819.4725000000033
3,55,934305.7998210939,6846479.404435608,20,819.472500000001
3,55,934305.7998210939,6846479.404435608,21,819.4724999999992
3,55,934305.7998210939,6846479.404435608,23,819.4725000000008
3,55,934305.7998210939,6846479.404435608,24,819.4724999999996
3,55,934305.7998210939,6846479.404435608,25,819.4724999999993
3,55,934305.7998210939,6846479.404435608,26,819.4724999999995
3,55,934305.7998210939,6846479.404435608,27,819.4725000000004
3,55,934305.7998210939,6846479.404435608,29,819.4724999999991
3,55,934305.7998210939,6846479.404435608,30,819.4725000000008
3,55,934305.7998210939,6846479.404435608,31,819.4725000000028
3,55,934305.7998210939,6846479.404435608,32,819.4725000000008
3,55,934305.7998210939,6846479.404435608,35,819.4725000000005
3,55,934305.7998210939,6846479.404435608,36,819.4724999999996
3,55,934305.7998210939,6846479.404435608,37,819.4724999999992
3,55,934305.7998210939,6846479.404435608,38,819.4724999999992
3,55,934305.7998210939,6846479.404435608,39,819.4725000000005
3,55,934305.7998210939,6846479.404435608,41,819.4724999999991
3,55,934305.7998210939,6846479.404435608,42,819.4725000000009
3,55,934305.7998210939,6846479.404435608,43,819.4725000000035
3,55,934305.7998210939,6846479.404435608,44,819.4725000000008
3,55,934305.7998210939,6846479.404435608,45,819.4724999999992
3,55,934305.7998210939,6846479.404435608,47,819.472500000001
3,55,934305.7998210939,6846479.404435608,48,819.4724999999988
3,13,933807.2281635706,6848521.778365977,1,372.97260000000057
3,13,933807.2281635706,6848521.778365977,2,385.4648133711176
3,13,933807.2281635706,6848521.778365977,3,419.59417500000126
3,13,933807.2281635706,6848521.778365977,4,466.2157500000001
3,13,933807.2281635706,6848521.778365977,5,512.8373250000009
3,13,933807.2281635706,6848521.778365977,6,546.9666866288832
3,13,933807.2281635706,6848521.778365977,7,559.458900000001
3,13,933807.2281635706,6848521.778365977,8,546.9666866288832
3,13,933807.2281635706,6848521.778365977,9,512.8373250000009
3,13,933807.2281635706,6848521.778365977,10,466.2157500000001
3,13,933807.2281635706,6848521.778365977,11,419.59417500000114
3,13,933807.2281635706,6848521.778365977,12,385.4648133711175
3,13,933807.2281635706,6848521.778365977,13,372.97260000000057
3,13,933807.2281635706,6848521.778365977,14,385.4648133711175
3,13,933807.2281635706,6848521.778365977,15,419.59417500000114
3,13,933807.2281635706,6848521.778365977,16,466.2157500000001
3,13,933807.2281635706,6848521.778365977,17,512.8373250000009
3,13,933807.2281635706,6848521.778365977,18,546.9666866288832
3,13,933807.2281635706,6848521.778365977,19,559.458900000001
3,13,933807.2281635706,6848521.778365977,20,546.9666866288832
3,13,933807.2281635706,6848521.778365977,21,512.8373250000009
3,13,933807.2281635706,6848521.778365977,22,466.2157500000001
3,13,933807.2281635706,6848521.778365977,23,419.59417500000114
3,13,933807.2281635706,6848521.778365977,24,385.4648133711175
3,13,933807.2281635706,6848521.778365977,25,372.97260000000057
3,13,933807.2281635706,6848521.778365977,26,385.4648133711175
3,13,933807.2281635706,6848521.778365977,27,419.59417500000114
3,13,933807.2281635706,6848521.778365977,28,466.2157500000001
3,13,933807.2281635706,6848521.778365977,29,512.8373250000009
3,13,933807.2281635706,6848521.778365977,30,546.9666866288832
3,13,933807.2281635706,6848521.778365977,31,559.458900000001
3,13,933807.2281635706,6848521.778365977,32,546.9666866288832
3,13,933807.2281635706,6848521.778365977,33,512.8373250000009
3,13,933807.2281635706,6848521.778365977,34,466.2157500000001
3,13,933807.2281635706,6848521.778365977,35,419.5941750000006
3,13,933807.2281635706,6848521.778365977,36,385.4648133711169
3,13,933807.2281635706,6848521.778365977,37,372.9726000000001
3,13,933807.2281635706,6848521.778365977,38,385.4648133711169
3,13,933807.2281635706,6848521.778365977,39,419.5941750000006
3,13,933807.2281635706,6848521.778365977,40,466.2157500000001
3,13,933807.2281635706,6848521.778365977,41,512.8373250000009
3,13,933807.2281635706,6848521.778365977,42,546.9666866288832
3,13,933807.2281635706,6848521.778365977,43,559.458900000001
3,13,933807.2281635706,6848521.778365977,44,546.9666866288832
3,13,933807.2281635706,6848521.778365977,45,512.8373250000009
3,13,933807.2281635706,6848521.778365977,46,466.2157500000001
3,13,933807.2281635706,6848521.778365977,47,419.5941750000006
3,13,933807.2281635706,6848521.778365977,48,385.4648133711169
3,5,933436.0728134823,6847046.593612878,1,114.3450000000001
3,5,933436.0728134823,6847046.593612878,2,114.34499999999989
3,5,933436.0728134823,6847046.593612878,3,114.34499999999991
3,5,933436.0728134823,6847046.593612878,4,114.34500000000035
3,5,933436.0728134823,6847046.593612878,5,114.34500000000003
3,5,933436.0728134823,6847046.593612878,6,114.34500000000006
3,5,933436.0728134823,6847046.593612878,7,114.34499999999994
3,5,933436.0728134823,6847046.593612878,8,114.34500000000006
3,5,933436.0728134823,6847046.593612878,9,114.345
3,5,933436.0728134823,6847046.593612878,10,114.34500000000035
3,5,933436.0728134823,6847046.593612878,11,114.34499999999991
3,5,933436.0728134823,6847046.593612878,12,114.34499999999989
3,5,933436.0728134823,6847046.593612878,13,114.3450000000001
3,5,933436.0728134823,6847046.593612878,14,114.34499999999989
3,5,933436.0728134823,6847046.593612878,15,114.34499999999991
3,5,933436.0728134823,6847046.593612878,16,114.34500000000034
3,5,933436.0728134823,6847046.593612878,17,114.345
3,5,933436.0728134823,6847046.593612878,18,114.34500000000006
3,5,933436.0728134823,6847046.593612878,19,114.34499999999994
3,5,933436.0728134823,6847046.593612878,20,114.34500000000006
3,5,933436.0728134823,6847046.593612878,21,114.345
3,5,933436.0728134823,6847046.593612878,22,114.34500000000035
3,5,933436.0728134823,6847046.593612878,23,114.34499999999991
3,5,933436.0728134823,6847046.593612878,24,114.34499999999989
3,5,933436.0728134823,6847046.593612878,25,114.3450000000001
3,5,933436.0728134823,6847046.593612878,26,114.34499999999989
3,5,933436.0728134823,6847046.593612878,27,114.34499999999991
3,5,933436.0728134823,6847046.593612878,28,114.34500000000035
3,5,933436.0728134823,6847046.593612878,29,114.345
3,5,933436.0728134823,6847046.593612878,30,114.34500000000006
3,5,933436.0728134823,6847046.593612878,31,114.34499999999994
3,5,933436.0728134823,6847046.593612878,32,114.34500000000006
3,5,933436.0728134823,6847046.593612878,33,114.345
3,5,933436.0728134823,6847046.593612878,34,114.34500000000035
3,5,933436.0728134823,6847046.593612878,35,114.34499999999991
3,5,933436.0728134823,6847046.593612878,36,114.34499999999989
3,5,933436.0728134823,6847046.593612878,37,114.3450000000001
3,5,933436.0728134823,6847046.593612878,38,114.34499999999989
3,5,933436.0728134823,6847046.593612878,39,114.34499999999991
3,5,933436.0728134823,6847046.593612878,40,114.34500000000034
3,5,933436.0728134823,6847046.593612878,41,114.345
3,5,933436.0728134823,6847046.593612878,42,114.34500000000006
3,5,933436.0728134823,6847046.593612878,43,114.34499999999994
3,5,933436.0728134823,6847046.593612878,44,114.34500000000006
3,5,933436.0728134823,6847046.593612878,45,114.345
3,5,933436.0728134823,6847046.593612878,46,114.34500000000035
3,5,933436.0728134823,6847046.593612878,47,114.34499999999991
3,5,933436.0728134823,6847046.593612878,48,114.34499999999989
3,11,934096.4175246346,6847743.417716952,1,55.266749999999995
3,11,934096.4175246346,6847743.417716952,2,55.26675000000002
3,11,934096.4175246346,6847743.417716952,3,55.26675
3,11,934096.4175246346,6847743.417716952,4,55.26675
3,11,934096.4175246346,6847743.417716952,5,55.26675
3,11,934096.4175246346,6847743.417716952,6,55.26675
3,11,934096.4175246346,6847743.417716952,7,55.26675
3,11,934096.4175246346,6847743.417716952,8,55.26675
3,11,934096.4175246346,6847743.417716952,9,55.26675
3,11,934096.4175246346,6847743.417716952,10,55.26675
3,11,934096.4175246346,6847743.417716952,11,55.26675
3,11,934096.4175246346,6847743.417716952,12,55.26675000000002
3,11,934096.4175246346,6847743.417716952,13,55.266749999999995
3,11,934096.4175246346,6847743.417716952,14,55.26675000000002
3,11,934096.4175246346,6847743.417716952,15,55.266749999999995
3,11,934096.4175246346,6847743.417716952,16,55.26675
3,11,934096.4175246346,6847743.417716952,17,55.26675
3,11,934096.4175246346,6847743.417716952,18,55.26675
3,11,934096.4175246346,6847743.417716952,19,55.26675
3,11,934096.4175246346,6847743.417716952,20,55.26675
3,11,934096.4175246346,6847743.417716952,21,55.26675
3,11,934096.4175246346,6847743.417716952,22,55.26675
3,11,934096.4175246346,6847743.417716952,23,55.266749999999995
3,11,934096.4175246346,6847743.417716952,24,55.26675000000002
3,11,934096.4175246346,6847743.417716952,25,55.266749999999995
3,11,934096.4175246346,6847743.417716952,26,55.26675000000002
3,11,934096.4175246346,6847743.417716952,27,55.26675
3,11,934096.4175246346,6847743.417716952,28,55.26675
3,11,934096.4175246346,6847743.417716952,29,55.26675
3,11,934096.4175246346,6847743.417716952,30,55.26675
3,11,934096.4175246346,6847743.417716952,31,55.26675
3,11,934096.4175246346,6847743.417716952,32,55.26675
3,11,934096.4175246346,6847743.417716952,33,55.26675
3,11,934096.4175246346,6847743.417716952,34,55.26675
3,11,934096.4175246346,6847743.417716952,35,55.26675
3,11,934096.4175246346,6847743.417716952,36,55.26675000000002
3,11,934096.4175246346,6847743.417716952,37,55.266749999999995
3,11,934096.4175246346,6847743.417716952,38,55.26675000000002
3,11,934096.4175246346,6847743.417716952,39,55.266749999999995
3,11,934096.4175246346,6847743.417716952,40,55.26675
3,11,934096.4175246346,6847743.417716952,41,55.26675
3,11,934096.4175246346,6847743.417716952,42,55.26675
3,11,934096.4175246346,6847743.417716952,43,55.26675
3,11,934096.4175246346,6847743.417716952,44,55.26675
3,11,934096.4175246346,6847743.417716952,45,55.26675
3,11,934096.4175246346,6847743.417716952,46,55.26675
3,11,934096.4175246346,6847743.417716952,47,55.26675
3,11,934096.4175246346,6847743.417716952,48,55.26675000000005
3,26,933533.0998216621,6848578.504434551,2,74.00341023822087
3,26,933533.0998216621,6848578.504434551,5,200.25621000000012
3,26,933533.0998216621,6848578.504434551,9,177.9398775000002
3,26,933533.0998216621,6848578.504434551,11,121.69946250000018
3,26,933533.0998216621,6848578.504434551,12,83.65793584996864
3,26,933533.0998216621,6848578.504434551,14,79.21742703744371
3,26,933533.0998216621,6848578.504434551,15,120.5612100000002
3,26,933533.0998216621,6848578.504434551,17,201.7045800000001
3,26,933533.0998216621,6848578.504434551,21,172.05111000000016
3,26,933533.0998216621,6848578.504434551,23,126.53313750000005
3,26,933533.0998216621,6848578.504434551,24,74.67664867108756
3,26,933533.0998216621,6848578.504434551,26,80.30606790761112
3,26,933533.0998216621,6848578.504434551,27,119.32940250000006
3,26,933533.0998216621,6848578.504434551,29,193.03341750000013
3,26,933533.0998216621,6848578.504434551,30,172.17966564226205
3,26,933533.0998216621,6848578.504434551,32,171.24467985315283
3,26,933533.0998216621,6848578.504434551,33,191.2801275000001
3,26,933533.0998216621,6848578.504434551,35,123.61734000000007
3,26,933533.0998216621,6848578.504434551,36,63.5037555298958
3,26,933533.0998216621,6848578.504434551,38,75.89420753903795
3,26,933533.0998216621,6848578.504434551,39,123.69530250000021
3,26,933533.0998216621,6848578.504434551,41,171.76524750000019
3,26,933533.0998216621,6848578.504434551,42,182.68809288072853
3,26,933533.0998216621,6848578.504434551,43,176.61105000000006
3,26,933533.0998216621,6848578.504434551,44,191.9972992157723
3,26,933533.0998216621,6848578.504434551,45,177.52061250000017
3,26,933533.0998216621,6848578.504434551,47,120.35850750000014
3,26,933533.0998216621,6848578.504434551,48,75.20664488419544
3,26,933533.0998216621,6848578.504434551,4,148.18072500000005
3,26,933533.0998216621,6848578.504434551,10,169.66372500000017
3,26,933533.0998216621,6848578.504434551,16,161.39970000000008
3,26,933533.0998216621,6848578.504434551,18,175.96026035474708
3,26,933533.0998216621,6848578.504434551,22,166.30267500000008
3,26,933533.0998216621,6848578.504434551,28,171.51749999999998
3,26,933533.0998216621,6848578.504434551,34,169.57710000000014
3,26,933533.0998216621,6848578.504434551,40,171.06705000000005
3,26,933533.0998216621,6848578.504434551,46,177.3387000000001
3,26,933533.0998216621,6848578.504434551,6,170.77718695859824
3,26,933533.0998216621,6848578.504434551,8,169.78122383541668
3,26,933533.0998216621,6848578.504434551,20,178.92782394626758
3,26,933533.0998216621,6848578.504434551,7,160.7482800000001
3,26,933533.0998216621,6848578.504434551,19,163.76283000000012
3,26,933533.0998216621,6848578.504434551,31,177.17238000000012
3,26,933533.0998216621,6848578.504434551,3,109.92712500000015
3,26,933533.0998216621,6848578.504434551,1,76.23000000000036
3,26,933533.0998216621,6848578.504434551,13,95.30136000000033
3,26,933533.0998216621,6848578.504434551,25,94.94100000000034
3,26,933533.0998216621,6848578.504434551,37,99.63954000000034
3,35,933588.4998216212,6848428.004434628,1,377.33849999999995
3,35,933588.4998216212,6848428.004434628,3,377.33850000000024
3,35,933588.4998216212,6848428.004434628,4,377.33849999999984
3,35,933588.4998216212,6848428.004434628,10,377.33849999999984
3,35,933588.4998216212,6848428.004434628,11,377.3385000000002
3,35,933588.4998216212,6848428.004434628,13,377.33849999999995
3,35,933588.4998216212,6848428.004434628,16,377.33849999999984
3,35,933588.4998216212,6848428.004434628,22,377.33849999999984
3,35,933588.4998216212,6848428.004434628,25,377.33849999999995
3,35,933588.4998216212,6848428.004434628,28,377.33849999999984
3,35,933588.4998216212,6848428.004434628,34,377.33849999999984
3,35,933588.4998216212,6848428.004434628,37,377.33849999999995
3,35,933588.4998216212,6848428.004434628,40,377.33849999999984
3,35,933588.4998216212,6848428.004434628,47,377.33850000000024
3,35,933588.4998216212,6848428.004434628,2,377.3385
3,35,933588.4998216212,6848428.004434628,12,377.3385
3,35,933588.4998216212,6848428.004434628,14,377.3385
3,35,933588.4998216212,6848428.004434628,24,377.3385
3,35,933588.4998216212,6848428.004434628,26,377.3385
3,35,933588.4998216212,6848428.004434628,36,377.3385
3,35,933588.4998216212,6848428.004434628,38,377.3385
3,35,933588.4998216212,6848428.004434628,48,377.3385000000001
3,35,933588.4998216212,6848428.004434628,5,377.3385
3,35,933588.4998216212,6848428.004434628,6,377.3385000000001
3,35,933588.4998216212,6848428.004434628,7,377.3385
3,35,933588.4998216212,6848428.004434628,8,377.3385000000001
3,35,933588.4998216212,6848428.004434628,9,377.33849999999995
3,35,933588.4998216212,6848428.004434628,15,377.3385000000002
3,35,933588.4998216212,6848428.004434628,17,377.3385
3,35,933588.4998216212,6848428.004434628,18,377.3385000000001
3,35,933588.4998216212,6848428.004434628,19,377.3385
3,35,933588.4998216212,6848428.004434628,20,377.3385000000001
3,35,933588.4998216212,6848428.004434628,21,377.3385
3,35,933588.4998216212,6848428.004434628,23,377.3385000000002
3,35,933588.4998216212,6848428.004434628,27,377.3385000000002
3,35,933588.4998216212,6848428.004434628,29,377.3385
3,35,933588.4998216212,6848428.004434628,30,377.3385000000001
3,35,933588.4998216212,6848428.004434628,31,377.3385
3,35,933588.4998216212,6848428.004434628,32,377.3385000000001
3,35,933588.4998216212,6848428.004434628,33,377.3385
3,35,933588.4998216212,6848428.004434628,35,377.3385000000002
3,35,933588.4998216212,6848428.004434628,39,377.3385000000002
3,35,933588.4998216212,6848428.004434628,41,377.3385
3,35,933588.4998216212,6848428.004434628,42,377.3385000000001
3,35,933588.4998216212,6848428.004434628,43,377.3385
3,35,933588.4998216212,6848428.004434628,44,377.3385000000001
3,35,933588.4998216212,6848428.004434628,45,377.3385
3,35,933588.4998216212,6848428.004434628,46,377.3384999999997
3,66,933533.0998216621,6848578.504434551,6,212.56698657617474
3,66,933533.0998216621,6848578.504434551,7,231.3511200000001
3,66,933533.0998216621,6848578.504434551,8,213.56294969935635
3,66,933533.0998216621,6848578.504434551,18,207.38391318002593
3,66,933533.0998216621,6848578.504434551,19,228.33657000000005
3,66,933533.0998216621,6848578.504434551,20,204.41634958850545
3,66,933533.0998216621,6848578.504434551,31,214.92702000000008
3,66,933533.0998216621,6848578.504434551,46,130.69980000000015
3,66,933533.0998216621,6848578.504434551,2,115.32431112786563
3,66,933533.0998216621,6848578.504434551,3,129.57367500000004
3,66,933533.0998216621,6848578.504434551,9,181.48457250000007
3,66,933533.0998216621,6848578.504434551,11,117.80133750000003
3,66,933533.0998216621,6848578.504434551,12,105.66978551611784
3,66,933533.0998216621,6848578.504434551,14,110.11029432864278
3,66,933533.0998216621,6848578.504434551,15,118.93959000000002
3,66,933533.0998216621,6848578.504434551,17,157.71987000000007
3,66,933533.0998216621,6848578.504434551,21,187.37334000000007
3,66,933533.0998216621,6848578.504434551,24,114.65107269499894
3,66,933533.0998216621,6848578.504434551,26,109.02165345847538
3,66,933533.0998216621,6848578.504434551,30,211.16450789251098
3,66,933533.0998216621,6848578.504434551,32,212.09949368162015
3,66,933533.0998216621,6848578.504434551,33,168.14432250000007
3,66,933533.0998216621,6848578.504434551,36,125.82396583619077
3,66,933533.0998216621,6848578.504434551,38,113.43351382704857
3,66,933533.0998216621,6848578.504434551,41,187.65920250000008
3,66,933533.0998216621,6848578.504434551,43,215.4883500000001
3,66,933533.0998216621,6848578.504434551,45,181.90383750000007
3,66,933533.0998216621,6848578.504434551,47,119.14229250000005
3,66,933533.0998216621,6848578.504434551,48,114.12107648189112
3,66,933533.0998216621,6848578.504434551,5,159.16824000000014
3,66,933533.0998216621,6848578.504434551,10,138.3747750000001
3,66,933533.0998216621,6848578.504434551,16,146.6388000000002
3,66,933533.0998216621,6848578.504434551,22,141.7358250000002
3,66,933533.0998216621,6848578.504434551,23,112.9676625000002
3,66,933533.0998216621,6848578.504434551,27,120.17139750000018
3,66,933533.0998216621,6848578.504434551,28,136.5210000000002
3,66,933533.0998216621,6848578.504434551,29,166.39103250000008
3,66,933533.0998216621,6848578.504434551,34,138.46140000000014
3,66,933533.0998216621,6848578.504434551,35,115.88346000000017
3,66,933533.0998216621,6848578.504434551,39,115.80549750000004
3,66,933533.0998216621,6848578.504434551,40,136.97145000000023
3,66,933533.0998216621,6848578.504434551,42,200.65608065404444
3,66,933533.0998216621,6848578.504434551,4,159.8577750000002
3,66,933533.0998216621,6848578.504434551,44,191.34687431900073
3,66,933533.0998216621,6848578.504434551,1,94.73310000000006
3,66,933533.0998216621,6848578.504434551,13,75.66174000000002
3,66,933533.0998216621,6848578.504434551,25,76.02210000000004
3,66,933533.0998216621,6848578.504434551,37,71.32356000000003
3,63,934417.9998210015,6847132.404435275,1,208.8009000000007
3,63,934417.9998210015,6847132.404435275,2,215.79440406673712
3,63,934417.9998210015,6847132.404435275,3,234.90101250000072
3,63,934417.9998210015,6847132.404435275,4,261.0011250000006
3,63,934417.9998210015,6847132.404435275,5,272.52224999999993
3,63,934417.9998210015,6847132.404435275,6,272.52225
3,63,934417.9998210015,6847132.404435275,7,272.52225
3,63,934417.9998210015,6847132.404435275,8,272.52225
3,63,934417.9998210015,6847132.404435275,9,272.52224999999993
3,63,934417.9998210015,6847132.404435275,10,261.0011250000006
3,63,934417.9998210015,6847132.404435275,11,234.90101250000072
3,63,934417.9998210015,6847132.404435275,12,215.79440406673712
3,63,934417.9998210015,6847132.404435275,13,208.8009000000007
3,63,934417.9998210015,6847132.404435275,14,215.79440406673712
3,63,934417.9998210015,6847132.404435275,15,234.90101250000072
3,63,934417.9998210015,6847132.404435275,16,261.0011250000006
3,63,934417.9998210015,6847132.404435275,17,272.52224999999993
3,63,934417.9998210015,6847132.404435275,18,272.52225
3,63,934417.9998210015,6847132.404435275,19,272.52225
3,63,934417.9998210015,6847132.404435275,20,272.52225
3,63,934417.9998210015,6847132.404435275,21,272.52224999999993
3,63,934417.9998210015,6847132.404435275,22,261.0011250000006
3,63,934417.9998210015,6847132.404435275,23,234.90101250000072
3,63,934417.9998210015,6847132.404435275,24,215.79440406673712
3,63,934417.9998210015,6847132.404435275,25,208.8009000000007
3,63,934417.9998210015,6847132.404435275,26,215.79440406673712
3,63,934417.9998210015,6847132.404435275,27,234.90101250000072
3,63,934417.9998210015,6847132.404435275,28,261.0011250000006
3,63,934417.9998210015,6847132.404435275,29,272.52224999999993
3,63,934417.9998210015,6847132.404435275,30,272.52225
3,63,934417.9998210015,6847132.404435275,31,272.52225
3,63,934417.9998210015,6847132.404435275,32,272.52225
3,63,934417.9998210015,6847132.404435275,33,272.52224999999993
3,63,934417.9998210015,6847132.404435275,34,261.0011250000006
3,63,934417.9998210015,6847132.404435275,35,234.90101250000072
3,63,934417.9998210015,6847132.404435275,36,215.79440406673712
3,63,934417.9998210015,6847132.404435275,37,208.8009000000007
3,63,934417.9998210015,6847132.404435275,38,215.79440406673712
3,63,934417.9998210015,6847132.404435275,39,234.90101250000072
3,63,934417.9998210015,6847132.404435275,40,261.0011250000006
3,63,934417.9998210015,6847132.404435275,41,272.52224999999993
3,63,934417.9998210015,6847132.404435275,42,272.52225
3,63,934417.9998210015,6847132.404435275,43,272.52225
3,63,934417.9998210015,6847132.404435275,44,272.52225
3,63,934417.9998210015,6847132.404435275,45,272.52224999999993
3,63,934417.9998210015,6847132.404435275,46,261.0011250000006
3,63,934417.9998210015,6847132.404435275,47,234.90101250000072
3,63,934417.9998210015,6847132.404435275,48,215.79440406673712
3,77,934467.3998209637,6847130.604435277,7,370.61640000000017
3,77,934467.3998209637,6847130.604435277,19,370.61640000000017
3,77,934467.3998209637,6847130.604435277,31,370.61640000000017
3,77,934467.3998209637,6847130.604435277,43,370.61640000000017
3,77,934467.3998209637,6847130.604435277,1,219.95820000000018
3,77,934467.3998209637,6847130.604435277,2,227.32540275732546
3,77,934467.3998209637,6847130.604435277,3,247.45297500000007
3,77,934467.3998209637,6847130.604435277,4,274.9477499999999
3,77,934467.3998209637,6847130.604435277,5,317.0215125000001
3,77,934467.3998209637,6847130.604435277,6,356.2556931759384
3,77,934467.3998209637,6847130.604435277,8,356.2556931759384
3,77,934467.3998209637,6847130.604435277,9,317.02151250000014
3,77,934467.3998209637,6847130.604435277,10,274.9477499999999
3,77,934467.3998209637,6847130.604435277,11,247.45297500000007
3,77,934467.3998209637,6847130.604435277,12,227.32540275732546
3,77,934467.3998209637,6847130.604435277,13,219.95820000000018
3,77,934467.3998209637,6847130.604435277,14,227.32540275732546
3,77,934467.3998209637,6847130.604435277,15,247.45297500000007
3,77,934467.3998209637,6847130.604435277,16,274.9477499999999
3,77,934467.3998209637,6847130.604435277,17,317.0215125000001
3,77,934467.3998209637,6847130.604435277,18,356.2556931759384
3,77,934467.3998209637,6847130.604435277,20,356.2556931759384
3,77,934467.3998209637,6847130.604435277,21,317.0215125000001
3,77,934467.3998209637,6847130.604435277,22,274.9477499999999
3,77,934467.3998209637,6847130.604435277,23,247.45297500000007
3,77,934467.3998209637,6847130.604435277,24,227.32540275732546
3,77,934467.3998209637,6847130.604435277,25,219.95820000000018
3,77,934467.3998209637,6847130.604435277,26,227.32540275732546
3,77,934467.3998209637,6847130.604435277,27,247.45297500000007
3,77,934467.3998209637,6847130.604435277,28,274.9477499999999
3,77,934467.3998209637,6847130.604435277,29,317.0215125000001
3,77,934467.3998209637,6847130.604435277,30,356.2556931759384
3,77,934467.3998209637,6847130.604435277,32,356.2556931759384
3,77,934467.3998209637,6847130.604435277,33,317.02151250000014
3,77,934467.3998209637,6847130.604435277,34,274.9477499999999
3,77,934467.3998209637,6847130.604435277,35,247.45297500000007
3,77,934467.3998209637,6847130.604435277,36,227.32540275732546
3,77,934467.3998209637,6847130.604435277,37,219.95820000000018
3,77,934467.3998209637,6847130.604435277,38,227.32540275732546
3,77,934467.3998209637,6847130.604435277,39,247.45297500000007
3,77,934467.3998209637,6847130.604435277,40,274.9477499999999
3,77,934467.3998209637,6847130.604435277,41,317.02151250000014
3,77,934467.3998209637,6847130.604435277,42,356.2556931759384
3,77,934467.3998209637,6847130.604435277,44,356.2556931759384
3,77,934467.3998209637,6847130.604435277,45,317.02151250000014
3,77,934467.3998209637,6847130.604435277,46,274.9477499999999
3,77,934467.3998209637,6847130.604435277,47,247.45297500000007
3,77,934467.3998209637,6847130.604435277,48,227.32540275732546
3,15,934147.6454661533,6847934.640032243,1,367.80975
3,15,934147.6454661533,6847934.640032243,2,367.8097499999998
3,15,934147.6454661533,6847934.640032243,3,367.8097499999999
3,15,934147.6454661533,6847934.640032243,4,367.80974999999995
3,15,934147.6454661533,6847934.640032243,5,367.8097499999998
3,15,934147.6454661533,6847934.640032243,6,367.80974999999967
3,15,934147.6454661533,6847934.640032243,7,367.80974999999967
3,15,934147.6454661533,6847934.640032243,8,367.80974999999984
3,15,934147.6454661533,6847934.640032243,9,367.80974999999984
3,15,934147.6454661533,6847934.640032243,10,367.80974999999995
3,15,934147.6454661533,6847934.640032243,11,367.8097499999999
3,15,934147.6454661533,6847934.640032243,12,367.8097499999998
3,15,934147.6454661533,6847934.640032243,13,367.80975
3,15,934147.6454661533,6847934.640032243,14,367.80974999999967
3,15,934147.6454661533,6847934.640032243,15,367.8097499999999
3,15,934147.6454661533,6847934.640032243,16,367.80974999999995
3,15,934147.6454661533,6847934.640032243,17,367.8097499999998
3,15,934147.6454661533,6847934.640032243,18,367.8097499999998
3,15,934147.6454661533,6847934.640032243,19,367.80974999999967
3,15,934147.6454661533,6847934.640032243,20,367.8097499999998
3,15,934147.6454661533,6847934.640032243,21,367.8097499999998
3,15,934147.6454661533,6847934.640032243,22,367.80975
3,15,934147.6454661533,6847934.640032243,23,367.8097499999999
3,15,934147.6454661533,6847934.640032243,24,367.8097499999997
3,15,934147.6454661533,6847934.640032243,25,367.80975
3,15,934147.6454661533,6847934.640032243,26,367.80974999999967
3,15,934147.6454661533,6847934.640032243,27,367.8097499999999
3,15,934147.6454661533,6847934.640032243,28,367.80975
3,15,934147.6454661533,6847934.640032243,29,367.8097499999998
3,15,934147.6454661533,6847934.640032243,30,367.8097499999999
3,15,934147.6454661533,6847934.640032243,31,367.80974999999967
3,15,934147.6454661533,6847934.640032243,32,367.8097499999998
3,15,934147.6454661533,6847934.640032243,33,367.8097499999998
3,15,934147.6454661533,6847934.640032243,34,367.80975
3,15,934147.6454661533,6847934.640032243,35,367.8097499999999
3,15,934147.6454661533,6847934.640032243,36,367.80974999999967
3,15,934147.6454661533,6847934.640032243,37,367.80974999999995
3,15,934147.6454661533,6847934.640032243,38,367.8097499999998
3,15,934147.6454661533,6847934.640032243,39,367.8097499999999
3,15,934147.6454661533,6847934.640032243,40,367.80975
3,15,934147.6454661533,6847934.640032243,41,367.8097499999998
3,15,934147.6454661533,6847934.640032243,42,367.8097499999998
3,15,934147.6454661533,6847934.640032243,43,367.80974999999967
3,15,934147.6454661533,6847934.640032243,44,367.8097499999998
3,15,934147.6454661533,6847934.640032243,45,367.80974999999984
3,15,934147.6454661533,6847934.640032243,46,367.80975
3,15,934147.6454661533,6847934.640032243,47,367.8097499999999
3,15,934147.6454661533,6847934.640032243,48,367.80974999999967
3,14,934219.8512487066,6847970.932334671,1,722.2792499999997
3,14,934219.8512487066,6847970.932334671,2,722.2792499999981
3,14,934219.8512487066,6847970.932334671,3,722.2792499999994
3,14,934219.8512487066,6847970.932334671,4,722.2792499999991
3,14,934219.8512487066,6847970.932334671,5,722.2792499999977
3,14,934219.8512487066,6847970.932334671,6,722.2792499999995
3,14,934219.8512487066,6847970.932334671,7,722.2792500000007
3,14,934219.8512487066,6847970.932334671,8,722.2792499999994
3,14,934219.8512487066,6847970.932334671,9,722.2792499999977
3,14,934219.8512487066,6847970.932334671,10,722.2792499999991
3,14,934219.8512487066,6847970.932334671,11,722.2792499999994
3,14,934219.8512487066,6847970.932334671,12,722.2792499999981
3,14,934219.8512487066,6847970.932334671,13,722.2792499999997
3,14,934219.8512487066,6847970.932334671,14,722.2792499999979
3,14,934219.8512487066,6847970.932334671,15,722.2792499999994
3,14,934219.8512487066,6847970.932334671,16,722.2792499999991
3,14,934219.8512487066,6847970.932334671,17,722.2792499999977
3,14,934219.8512487066,6847970.932334671,18,722.2792499999996
3,14,934219.8512487066,6847970.932334671,19,722.2792500000007
3,14,934219.8512487066,6847970.932334671,20,722.2792499999999
3,14,934219.8512487066,6847970.932334671,21,722.2792499999977
3,14,934219.8512487066,6847970.932334671,22,722.2792499999991
3,14,934219.8512487066,6847970.932334671,23,722.2792499999994
3,14,934219.8512487066,6847970.932334671,24,722.2792499999985
3,14,934219.8512487066,6847970.932334671,25,722.2792499999997
3,14,934219.8512487066,6847970.932334671,26,722.2792499999979
3,14,934219.8512487066,6847970.932334671,27,722.2792499999994
3,14,934219.8512487066,6847970.932334671,28,722.2792499999991
3,14,934219.8512487066,6847970.932334671,29,722.2792499999979
3,14,934219.8512487066,6847970.932334671,30,722.2792499999994
3,14,934219.8512487066,6847970.932334671,31,722.2792500000007
3,14,934219.8512487066,6847970.932334671,32,722.2792499999996
3,14,934219.8512487066,6847970.932334671,33,722.2792499999977
3,14,934219.8512487066,6847970.932334671,34,722.2792499999991
3,14,934219.8512487066,6847970.932334671,35,722.2792499999993
3,14,934219.8512487066,6847970.932334671,36,722.2792499999981
3,14,934219.8512487066,6847970.932334671,37,722.2792499999994
3,14,934219.8512487066,6847970.932334671,38,722.2792499999981
3,14,934219.8512487066,6847970.932334671,39,722.2792499999994
3,14,934219.8512487066,6847970.932334671,40,722.2792499999991
3,14,934219.8512487066,6847970.932334671,41,722.2792499999977
3,14,934219.8512487066,6847970.932334671,42,722.2792499999994
3,14,934219.8512487066,6847970.932334671,43,722.2792500000007
3,14,934219.8512487066,6847970.932334671,44,722.2792499999994
3,14,934219.8512487066,6847970.932334671,45,722.2792499999979
3,14,934219.8512487066,6847970.932334671,46,722.2792499999991
3,14,934219.8512487066,6847970.932334671,47,722.2792499999993
3,14,934219.8512487066,6847970.932334671,48,722.279249999998
3,30,933207.9998219206,6847554.204435076,1,733.7137499999999
3,30,933207.9998219206,6847554.204435076,2,733.7137499999999
3,30,933207.9998219206,6847554.204435076,3,733.7137500000005
3,30,933207.9998219206,6847554.204435076,4,733.7137499999999
3,30,933207.9998219206,6847554.204435076,5,733.7137499999999
3,30,933207.9998219206,6847554.204435076,6,733.7137499999999
3,30,933207.9998219206,6847554.204435076,7,733.7137499999999
3,30,933207.9998219206,6847554.204435076,8,733.7137499999999
3,30,933207.9998219206,6847554.204435076,9,733.7137499999999
3,30,933207.9998219206,6847554.204435076,10,733.7137499999999
3,30,933207.9998219206,6847554.204435076,11,733.7137500000005
3,30,933207.9998219206,6847554.204435076,12,733.7137499999999
3,30,933207.9998219206,6847554.204435076,13,733.7137499999999
3,30,933207.9998219206,6847554.204435076,14,733.7137499999999
3,30,933207.9998219206,6847554.204435076,15,733.7137500000005
3,30,933207.9998219206,6847554.204435076,16,733.7137499999999
3,30,933207.9998219206,6847554.204435076,17,733.7137499999999
3,30,933207.9998219206,6847554.204435076,18,733.7137499999999
3,30,933207.9998219206,6847554.204435076,19,733.7137499999999
3,30,933207.9998219206,6847554.204435076,20,733.7137499999999
3,30,933207.9998219206,6847554.204435076,21,733.7137499999999
3,30,933207.9998219206,6847554.204435076,22,733.7137499999999
3,30,933207.9998219206,6847554.204435076,23,733.7137499999999
3,30,933207.9998219206,6847554.204435076,24,733.7137499999999
3,30,933207.9998219206,6847554.204435076,25,733.7137499999999
3,30,933207.9998219206,6847554.204435076,26,733.7137499999999
3,30,933207.9998219206,6847554.204435076,27,733.7137499999999
3,30,933207.9998219206,6847554.204435076,28,733.7137499999999
3,30,933207.9998219206,6847554.204435076,29,733.7137499999999
3,30,933207.9998219206,6847554.204435076,30,733.7137499999999
3,30,933207.9998219206,6847554.204435076,31,733.7137499999999
3,30,933207.9998219206,6847554.204435076,32,733.7137499999999
3,30,933207.9998219206,6847554.204435076,33,733.7137499999999
3,30,933207.9998219206,6847554.204435076,34,733.7137499999999
3,30,933207.9998219206,6847554.204435076,35,733.7137499999999
3,30,933207.9998219206,6847554.204435076,36,733.7137499999999
3,30,933207.9998219206,6847554.204435076,37,733.7137499999999
3,30,933207.9998219206,6847554.204435076,38,733.7137499999999
3,30,933207.9998219206,6847554.204435076,39,733.7137500000003
3,30,933207.9998219206,6847554.204435076,40,733.7137499999999
3,30,933207.9998219206,6847554.204435076,41,733.7137499999999
3,30,933207.9998219206,6847554.204435076,42,733.7137499999999
3,30,933207.9998219206,6847554.204435076,43,733.7137499999999
3,30,933207.9998219206,6847554.204435076,44,733.7137499999999
3,30,933207.9998219206,6847554.204435076,45,733.7137499999999
3,30,933207.9998219206,6847554.204435076,46,733.7137499999999
3,30,933207.9998219206,6847554.204435076,47,733.7137499999999
3,30,933207.9998219206,6847554.204435076,48,733.7137499999998
3,67,933792.4998214621,6848760.204434457,3,195.30472499999314
3,67,933792.4998214621,6848760.204434457,4,363.4785000000001
3,67,933792.4998214621,6848760.204434457,5,556.0978499999985
3,67,933792.4998214621,6848760.204434457,12,591.9344696129077
3,67,933792.4998214621,6848760.204434457,13,522.1061999999985
3,67,933792.4998214621,6848760.204434457,14,591.9344696129081
3,67,933792.4998214621,6848760.204434457,24,591.9344696129082
3,67,933792.4998214621,6848760.204434457,25,522.1061999999984
3,67,933792.4998214621,6848760.204434457,26,591.9344696129084
3,67,933792.4998214621,6848760.204434457,36,591.934469612909
3,67,933792.4998214621,6848760.204434457,37,522.1061999999976
3,67,933792.4998214621,6848760.204434457,38,591.9344696129066
3,67,933792.4998214621,6848760.204434457,48,591.9344696129081
3,67,933792.4998214621,6848760.204434457,1,273.3538499999922
3,67,933792.4998214621,6848760.204434457,2,102.37799417322549
3,67,933792.4998214621,6848760.204434457,6,956.6865000000008
3,67,933792.4998214621,6848760.204434457,7,956.6865000000049
3,67,933792.4998214621,6848760.204434457,8,956.6865000000001
3,67,933792.4998214621,6848760.204434457,9,956.6864999999987
3,67,933792.4998214621,6848760.204434457,10,938.4039058362323
3,67,933792.4998214621,6848760.204434457,16,956.6865000000016
3,67,933792.4998214621,6848760.204434457,17,956.6864999999995
3,67,933792.4998214621,6848760.204434457,18,956.6864999999998
3,67,933792.4998214621,6848760.204434457,19,956.6865000000032
3,67,933792.4998214621,6848760.204434457,20,956.6865000000009
3,67,933792.4998214621,6848760.204434457,21,956.6864999999999
3,67,933792.4998214621,6848760.204434457,22,956.6865000000018
3,67,933792.4998214621,6848760.204434457,29,956.6864999999995
3,67,933792.4998214621,6848760.204434457,30,956.6865
3,67,933792.4998214621,6848760.204434457,31,956.6865000000031
3,67,933792.4998214621,6848760.204434457,32,956.6865000000009
3,67,933792.4998214621,6848760.204434457,33,956.6864999999995
3,67,933792.4998214621,6848760.204434457,34,956.6865000000013
3,67,933792.4998214621,6848760.204434457,40,956.6865000000015
3,67,933792.4998214621,6848760.204434457,41,956.686499999999
3,67,933792.4998214621,6848760.204434457,42,956.6864999999999
3,67,933792.4998214621,6848760.204434457,43,956.6865000000032
3,67,933792.4998214621,6848760.204434457,44,956.6864999999996
3,67,933792.4998214621,6848760.204434457,45,956.6864999999985
3,67,933792.4998214621,6848760.204434457,46,956.6865000000016
3,67,933792.4998214621,6848760.204434457,11,777.8405249999987
3,67,933792.4998214621,6848760.204434457,15,669.6285749999998
3,67,933792.4998214621,6848760.204434457,23,680.9799149999997
3,67,933792.4998214621,6848760.204434457,27,777.8405249999987
3,67,933792.4998214621,6848760.204434457,28,956.6865000000018
3,67,933792.4998214621,6848760.204434457,35,777.8405249999981
3,67,933792.4998214621,6848760.204434457,39,777.8405249999983
3,67,933792.4998214621,6848760.204434457,47,777.8405249999983
3,32,934724.7998207612,6847726.104434972,1,495.49499999999927
3,32,934724.7998207612,6847726.104434972,2,495.4949999999995
3,32,934724.7998207612,6847726.104434972,3,495.4950000000004
3,32,934724.7998207612,6847726.104434972,4,495.4949999999997
3,32,934724.7998207612,6847726.104434972,5,495.4949999999998
3,32,934724.7998207612,6847726.104434972,6,495.49499999999955
3,32,934724.7998207612,6847726.104434972,7,495.49499999999966
3,32,934724.7998207612,6847726.104434972,8,495.49499999999955
3,32,934724.7998207612,6847726.104434972,10,495.4949999999997
3,32,934724.7998207612,6847726.104434972,11,495.4950000000005
3,32,934724.7998207612,6847726.104434972,12,495.4949999999995
3,32,934724.7998207612,6847726.104434972,13,495.4949999999992
3,32,934724.7998207612,6847726.104434972,15,495.49500000000063
3,32,934724.7998207612,6847726.104434972,16,495.4949999999998
3,32,934724.7998207612,6847726.104434972,17,495.4949999999999
3,32,934724.7998207612,6847726.104434972,18,495.4949999999996
3,32,934724.7998207612,6847726.104434972,19,495.4949999999996
3,32,934724.7998207612,6847726.104434972,20,495.4949999999996
3,32,934724.7998207612,6847726.104434972,21,495.4949999999998
3,32,934724.7998207612,6847726.104434972,23,495.4950000000006
3,32,934724.7998207612,6847726.104434972,24,495.4949999999994
3,32,934724.7998207612,6847726.104434972,25,495.4949999999991
3,32,934724.7998207612,6847726.104434972,27,495.4950000000004
3,32,934724.7998207612,6847726.104434972,28,495.49499999999966
3,32,934724.7998207612,6847726.104434972,29,495.4949999999998
3,32,934724.7998207612,6847726.104434972,31,495.49499999999966
3,32,934724.7998207612,6847726.104434972,33,495.4949999999998
3,32,934724.7998207612,6847726.104434972,34,495.49499999999983
3,32,934724.7998207612,6847726.104434972,35,495.4950000000005
3,32,934724.7998207612,6847726.104434972,36,495.4949999999994
3,32,934724.7998207612,6847726.104434972,38,495.4949999999994
3,32,934724.7998207612,6847726.104434972,39,495.4950000000005
3,32,934724.7998207612,6847726.104434972,40,495.4949999999998
3,32,934724.7998207612,6847726.104434972,41,495.4949999999998
3,32,934724.7998207612,6847726.104434972,42,495.4949999999996
3,32,934724.7998207612,6847726.104434972,44,495.4949999999996
3,32,934724.7998207612,6847726.104434972,45,495.49499999999995
3,32,934724.7998207612,6847726.104434972,46,495.495
3,32,934724.7998207612,6847726.104434972,47,495.4950000000006
3,32,934724.7998207612,6847726.104434972,48,495.4949999999995
3,32,934724.7998207612,6847726.104434972,9,495.4949999999998
3,32,934724.7998207612,6847726.104434972,14,495.4949999999995
3,32,934724.7998207612,6847726.104434972,22,495.49499999999966
3,32,934724.7998207612,6847726.104434972,26,495.4949999999994
3,32,934724.7998207612,6847726.104434972,30,495.4949999999996
3,32,934724.7998207612,6847726.104434972,32,495.4949999999996
3,32,934724.7998207612,6847726.104434972,37,495.49499999999904
3,32,934724.7998207612,6847726.104434972,43,495.49499999999966
3,56,934204.3998211591,6847660.904435011,1,401.66280000000006
3,56,934204.3998211591,6847660.904435011,2,415.11595286120314
3,56,934204.3998211591,6847660.904435011,3,451.87065000000075
3,56,934204.3998211591,6847660.904435011,4,502.0784999999997
3,56,934204.3998211591,6847660.904435011,5,561.0527999999999
3,56,934204.3998211591,6847660.904435011,6,596.4997500000001
3,56,934204.3998211591,6847660.904435011,7,596.49975
3,56,934204.3998211591,6847660.904435011,8,596.4997500000002
3,56,934204.3998211591,6847660.904435011,9,561.0527999999999
3,56,934204.3998211591,6847660.904435011,10,502.0784999999997
3,56,934204.3998211591,6847660.904435011,11,451.87065000000075
3,56,934204.3998211591,6847660.904435011,12,415.11595286120314
3,56,934204.3998211591,6847660.904435011,13,401.66280000000006
3,56,934204.3998211591,6847660.904435011,14,415.11595286120314
3,56,934204.3998211591,6847660.904435011,15,451.87065000000075
3,56,934204.3998211591,6847660.904435011,16,502.0784999999997
3,56,934204.3998211591,6847660.904435011,17,561.0527999999999
3,56,934204.3998211591,6847660.904435011,18,596.4997500000001
3,56,934204.3998211591,6847660.904435011,19,596.49975
3,56,934204.3998211591,6847660.904435011,20,596.4997500000002
3,56,934204.3998211591,6847660.904435011,21,561.0527999999999
3,56,934204.3998211591,6847660.904435011,22,502.0784999999997
3,56,934204.3998211591,6847660.904435011,23,451.87065000000075
3,56,934204.3998211591,6847660.904435011,24,415.11595286120314
3,56,934204.3998211591,6847660.904435011,25,401.66280000000006
3,56,934204.3998211591,6847660.904435011,26,415.11595286120314
3,56,934204.3998211591,6847660.904435011,27,451.87065000000075
3,56,934204.3998211591,6847660.904435011,28,502.0784999999997
3,56,934204.3998211591,6847660.904435011,29,561.0527999999999
3,56,934204.3998211591,6847660.904435011,30,596.4997500000002
3,56,934204.3998211591,6847660.904435011,31,596.49975
3,56,934204.3998211591,6847660.904435011,32,596.4997500000002
3,56,934204.3998211591,6847660.904435011,33,561.0527999999999
3,56,934204.3998211591,6847660.904435011,34,502.0784999999997
3,56,934204.3998211591,6847660.904435011,35,451.87065000000075
3,56,934204.3998211591,6847660.904435011,36,415.11595286120314
3,56,934204.3998211591,6847660.904435011,37,401.66280000000006
3,56,934204.3998211591,6847660.904435011,38,415.11595286120314
3,56,934204.3998211591,6847660.904435011,39,451.87065000000075
3,56,934204.3998211591,6847660.904435011,40,502.0784999999997
3,56,934204.3998211591,6847660.904435011,41,561.0527999999999
3,56,934204.3998211591,6847660.904435011,42,596.4997500000002
3,56,934204.3998211591,6847660.904435011,43,596.49975
3,56,934204.3998211591,6847660.904435011,44,596.4997500000002
3,56,934204.3998211591,6847660.904435011,45,561.0527999999999
3,56,934204.3998211591,6847660.904435011,46,502.0784999999997
3,56,934204.3998211591,6847660.904435011,47,451.87065000000075
3,56,934204.3998211591,6847660.904435011,48,415.11595286120314
3,53,934203.1998211733,6846356.304435672,1,457.3799999999998
3,53,934203.1998211733,6846356.304435672,5,457.3800000000002
3,53,934203.1998211733,6846356.304435672,6,457.38
3,53,934203.1998211733,6846356.304435672,7,457.38
3,53,934203.1998211733,6846356.304435672,8,457.38
3,53,934203.1998211733,6846356.304435672,9,457.3800000000002
3,53,934203.1998211733,6846356.304435672,11,457.38000000000034
3,53,934203.1998211733,6846356.304435672,13,457.3799999999998
3,53,934203.1998211733,6846356.304435672,15,457.38000000000034
3,53,934203.1998211733,6846356.304435672,17,457.3800000000001
3,53,934203.1998211733,6846356.304435672,18,457.38
3,53,934203.1998211733,6846356.304435672,19,457.38
3,53,934203.1998211733,6846356.304435672,20,457.38
3,53,934203.1998211733,6846356.304435672,21,457.3800000000002
3,53,934203.1998211733,6846356.304435672,22,457.3799999999998
3,53,934203.1998211733,6846356.304435672,23,457.3800000000003
3,53,934203.1998211733,6846356.304435672,25,457.3799999999999
3,53,934203.1998211733,6846356.304435672,27,457.3800000000003
3,53,934203.1998211733,6846356.304435672,29,457.38000000000017
3,53,934203.1998211733,6846356.304435672,30,457.3800000000001
3,53,934203.1998211733,6846356.304435672,31,457.38000000000005
3,53,934203.1998211733,6846356.304435672,32,457.3800000000001
3,53,934203.1998211733,6846356.304435672,33,457.38000000000005
3,53,934203.1998211733,6846356.304435672,34,457.3799999999999
3,53,934203.1998211733,6846356.304435672,35,457.3800000000002
3,53,934203.1998211733,6846356.304435672,37,457.3799999999998
3,53,934203.1998211733,6846356.304435672,39,457.3800000000004
3,53,934203.1998211733,6846356.304435672,41,457.38000000000034
3,53,934203.1998211733,6846356.304435672,42,457.3800000000001
3,53,934203.1998211733,6846356.304435672,43,457.38
3,53,934203.1998211733,6846356.304435672,44,457.3800000000001
3,53,934203.1998211733,6846356.304435672,45,457.3800000000002
3,53,934203.1998211733,6846356.304435672,3,457.38000000000045
3,53,934203.1998211733,6846356.304435672,10,457.3799999999995
3,53,934203.1998211733,6846356.304435672,40,457.37999999999977
3,53,934203.1998211733,6846356.304435672,46,457.3799999999998
3,53,934203.1998211733,6846356.304435672,4,457.3799999999998
3,53,934203.1998211733,6846356.304435672,28,457.38
3,53,934203.1998211733,6846356.304435672,47,457.38000000000017
3,53,934203.1998211733,6846356.304435672,48,457.38000000000005
3,53,934203.1998211733,6846356.304435672,12,457.38000000000034
3,53,934203.1998211733,6846356.304435672,14,457.38000000000017
3,53,934203.1998211733,6846356.304435672,24,457.3800000000004
3,53,934203.1998211733,6846356.304435672,26,457.3800000000004
3,53,934203.1998211733,6846356.304435672,36,457.3800000000003
3,53,934203.1998211733,6846356.304435672,38,457.3800000000003
3,53,934203.1998211733,6846356.304435672,2,457.38000000000034
3,53,934203.1998211733,6846356.304435672,16,457.37999999999977
3,80,934194.8998211797,6846378.104435661,2,564.1019999999994
3,80,934194.8998211797,6846378.104435661,3,564.1019999999994
3,80,934194.8998211797,6846378.104435661,4,564.1020000000001
3,80,934194.8998211797,6846378.104435661,10,564.1019999999997
3,80,934194.8998211797,6846378.104435661,12,564.1019999999997
3,80,934194.8998211797,6846378.104435661,14,564.1019999999992
3,80,934194.8998211797,6846378.104435661,16,564.102
3,80,934194.8998211797,6846378.104435661,24,564.1019999999988
3,80,934194.8998211797,6846378.104435661,26,564.101999999999
3,80,934194.8998211797,6846378.104435661,28,564.1020000000001
3,80,934194.8998211797,6846378.104435661,36,564.1019999999993
3,80,934194.8998211797,6846378.104435661,38,564.1019999999994
3,80,934194.8998211797,6846378.104435661,40,564.1020000000002
3,80,934194.8998211797,6846378.104435661,46,564.102
3,80,934194.8998211797,6846378.104435661,47,564.1019999999997
3,80,934194.8998211797,6846378.104435661,48,564.1019999999995
3,80,934194.8998211797,6846378.104435661,1,564.1019999999996
3,80,934194.8998211797,6846378.104435661,5,564.1019999999997
3,80,934194.8998211797,6846378.104435661,6,564.1019999999991
3,80,934194.8998211797,6846378.104435661,7,564.1020000000001
3,80,934194.8998211797,6846378.104435661,8,564.1019999999991
3,80,934194.8998211797,6846378.104435661,9,564.1019999999999
3,80,934194.8998211797,6846378.104435661,11,564.1019999999997
3,80,934194.8998211797,6846378.104435661,13,564.1019999999997
3,80,934194.8998211797,6846378.104435661,15,564.1020000000001
3,80,934194.8998211797,6846378.104435661,17,564.1019999999994
3,80,934194.8998211797,6846378.104435661,18,564.1019999999991
3,80,934194.8998211797,6846378.104435661,19,564.1020000000002
3,80,934194.8998211797,6846378.104435661,20,564.1019999999991
3,80,934194.8998211797,6846378.104435661,21,564.1019999999992
3,80,934194.8998211797,6846378.104435661,22,564.102
3,80,934194.8998211797,6846378.104435661,23,564.1020000000002
3,80,934194.8998211797,6846378.104435661,25,564.1019999999997
3,80,934194.8998211797,6846378.104435661,27,564.1020000000001
3,80,934194.8998211797,6846378.104435661,29,564.1019999999992
3,80,934194.8998211797,6846378.104435661,30,564.1019999999993
3,80,934194.8998211797,6846378.104435661,31,564.1019999999995
3,80,934194.8998211797,6846378.104435661,32,564.1019999999993
3,80,934194.8998211797,6846378.104435661,33,564.1019999999992
3,80,934194.8998211797,6846378.104435661,34,564.1020000000003
3,80,934194.8998211797,6846378.104435661,35,564.102
3,80,934194.8998211797,6846378.104435661,37,564.1019999999997
3,80,934194.8998211797,6846378.104435661,39,564.1020000000002
3,80,934194.8998211797,6846378.104435661,41,564.1019999999993
3,80,934194.8998211797,6846378.104435661,42,564.1019999999991
3,80,934194.8998211797,6846378.104435661,43,564.1020000000001
3,80,934194.8998211797,6846378.104435661,44,564.1019999999992
3,80,934194.8998211797,6846378.104435661,45,564.1019999999996
3,72,932379.6998225332,6849477.804434106,1,28.586250000000007
3,72,932379.6998225332,6849477.804434106,2,28.586250000000007
3,72,932379.6998225332,6849477.804434106,3,28.586250000000007
3,72,932379.6998225332,6849477.804434106,4,28.58625000000001
3,72,932379.6998225332,6849477.804434106,5,28.58625000000001
3,72,932379.6998225332,6849477.804434106,6,28.586250000000007
3,72,932379.6998225332,6849477.804434106,7,28.586250000000014
3,72,932379.6998225332,6849477.804434106,8,28.586250000000007
3,72,932379.6998225332,6849477.804434106,9,28.58625000000001
3,72,932379.6998225332,6849477.804434106,10,28.586250000000014
3,72,932379.6998225332,6849477.804434106,11,28.586250000000007
3,72,932379.6998225332,6849477.804434106,12,28.586250000000007
3,72,932379.6998225332,6849477.804434106,13,28.586250000000014
3,72,932379.6998225332,6849477.804434106,14,28.586250000000007
3,72,932379.6998225332,6849477.804434106,15,28.586250000000007
3,72,932379.6998225332,6849477.804434106,16,28.58625000000001
3,72,932379.6998225332,6849477.804434106,17,28.58625000000001
3,72,932379.6998225332,6849477.804434106,18,28.586250000000007
3,72,932379.6998225332,6849477.804434106,19,28.586250000000014
3,72,932379.6998225332,6849477.804434106,20,28.586250000000007
3,72,932379.6998225332,6849477.804434106,21,28.58625000000001
3,72,932379.6998225332,6849477.804434106,22,28.58625000000001
3,72,932379.6998225332,6849477.804434106,23,28.586250000000007
3,72,932379.6998225332,6849477.804434106,24,28.586250000000007
3,72,932379.6998225332,6849477.804434106,25,28.586250000000014
3,72,932379.6998225332,6849477.804434106,26,28.586250000000007
3,72,932379.6998225332,6849477.804434106,27,28.586250000000007
3,72,932379.6998225332,6849477.804434106,28,28.586250000000014
3,72,932379.6998225332,6849477.804434106,29,28.58625000000001
3,72,932379.6998225332,6849477.804434106,30,28.586250000000007
3,72,932379.6998225332,6849477.804434106,31,28.586250000000014
3,72,932379.6998225332,6849477.804434106,32,28.586250000000007
3,72,932379.6998225332,6849477.804434106,33,28.58625000000001
3,72,932379.6998225332,6849477.804434106,34,28.586250000000014
3,72,932379.6998225332,6849477.804434106,35,28.586250000000007
3,72,932379.6998225332,6849477.804434106,36,28.586250000000007
3,72,932379.6998225332,6849477.804434106,37,28.586250000000014
3,72,932379.6998225332,6849477.804434106,38,28.586250000000007
3,72,932379.6998225332,6849477.804434106,39,28.586250000000007
3,72,932379.6998225332,6849477.804434106,40,28.58625000000001
3,72,932379.6998225332,6849477.804434106,41,28.58625000000001
3,72,932379.6998225332,6849477.804434106,42,28.586250000000007
3,72,932379.6998225332,6849477.804434106,43,28.586250000000014
3,72,932379.6998225332,6849477.804434106,44,28.586250000000007
3,72,932379.6998225332,6849477.804434106,45,28.58625000000001
3,72,932379.6998225332,6849477.804434106,46,28.586250000000014
3,72,932379.6998225332,6849477.804434106,47,28.586250000000007
3,72,932379.6998225332,6849477.804434106,48,28.586250000000007
3,3,933908.0998213802,6848138.104434771,1,142.93125000000006
3,3,933908.0998213802,6848138.104434771,2,142.93124999999998
3,3,933908.0998213802,6848138.104434771,3,142.93125
3,3,933908.0998213802,6848138.104434771,4,142.93124999999995
3,3,933908.0998213802,6848138.104434771,5,142.9312500000001
3,3,933908.0998213802,6848138.104434771,6,142.93125000000012
3,3,933908.0998213802,6848138.104434771,7,142.93125
3,3,933908.0998213802,6848138.104434771,8,142.93125000000012
3,3,933908.0998213802,6848138.104434771,9,142.93125000000003
3,3,933908.0998213802,6848138.104434771,10,142.93124999999995
3,3,933908.0998213802,6848138.104434771,11,142.93125
3,3,933908.0998213802,6848138.104434771,12,142.93124999999998
3,3,933908.0998213802,6848138.104434771,13,142.93125000000006
3,3,933908.0998213802,6848138.104434771,14,142.93124999999998
3,3,933908.0998213802,6848138.104434771,15,142.93125
3,3,933908.0998213802,6848138.104434771,16,142.93124999999995
3,3,933908.0998213802,6848138.104434771,17,142.93125000000003
3,3,933908.0998213802,6848138.104434771,18,142.93125000000012
3,3,933908.0998213802,6848138.104434771,19,142.93125
3,3,933908.0998213802,6848138.104434771,20,142.93125000000012
3,3,933908.0998213802,6848138.104434771,21,142.93125000000006
3,3,933908.0998213802,6848138.104434771,22,142.93124999999995
3,3,933908.0998213802,6848138.104434771,23,142.93125
3,3,933908.0998213802,6848138.104434771,24,142.93124999999998
3,3,933908.0998213802,6848138.104434771,25,142.93125000000006
3,3,933908.0998213802,6848138.104434771,26,142.93124999999998
3,3,933908.0998213802,6848138.104434771,27,142.93125
3,3,933908.0998213802,6848138.104434771,28,142.93124999999995
3,3,933908.0998213802,6848138.104434771,29,142.93125000000003
3,3,933908.0998213802,6848138.104434771,30,142.93125000000012
3,3,933908.0998213802,6848138.104434771,31,142.93125
3,3,933908.0998213802,6848138.104434771,32,142.93125000000012
3,3,933908.0998213802,6848138.104434771,33,142.93125000000003
3,3,933908.0998213802,6848138.104434771,34,142.93124999999995
3,3,933908.0998213802,6848138.104434771,35,142.93125
3,3,933908.0998213802,6848138.104434771,36,142.93124999999998
3,3,933908.0998213802,6848138.104434771,37,142.93125000000006
3,3,933908.0998213802,6848138.104434771,38,142.93124999999998
3,3,933908.0998213802,6848138.104434771,39,142.93125
3,3,933908.0998213802,6848138.104434771,40,142.93124999999995
3,3,933908.0998213802,6848138.104434771,41,142.93125000000006
3,3,933908.0998213802,6848138.104434771,42,142.93125000000012
3,3,933908.0998213802,6848138.104434771,43,142.93125
3,3,933908.0998213802,6848138.104434771,44,142.93125000000006
3,3,933908.0998213802,6848138.104434771,45,142.93125000000003
3,3,933908.0998213802,6848138.104434771,46,142.93124999999995
3,3,933908.0998213802,6848138.104434771,47,142.93125
3,3,933908.0998213802,6848138.104434771,48,142.93124999999998
3,49,935012.7998205305,6848802.404434423,1,323.56170000000185
3,49,935012.7998205305,6848802.404434423,2,334.3989620270822
3,49,935012.7998205305,6848802.404434423,3,364.0069125000028
3,49,935012.7998205305,6848802.404434423,4,404.4521250000025
3,49,935012.7998205305,6848802.404434423,5,442.13399999999973
3,49,935012.7998205305,6848802.404434423,6,442.13399999999956
3,49,935012.7998205305,6848802.404434423,7,442.1339999999994
3,49,935012.7998205305,6848802.404434423,8,442.13399999999956
3,49,935012.7998205305,6848802.404434423,9,442.13399999999973
3,49,935012.7998205305,6848802.404434423,10,404.4521250000026
3,49,935012.7998205305,6848802.404434423,11,364.0069125000028
3,49,935012.7998205305,6848802.404434423,12,334.39896202708206
3,49,935012.7998205305,6848802.404434423,13,323.56170000000185
3,49,935012.7998205305,6848802.404434423,14,334.39896202708206
3,49,935012.7998205305,6848802.404434423,15,364.0069125000028
3,49,935012.7998205305,6848802.404434423,16,404.4521250000026
3,49,935012.7998205305,6848802.404434423,17,442.13399999999973
3,49,935012.7998205305,6848802.404434423,18,442.13399999999956
3,49,935012.7998205305,6848802.404434423,19,442.1339999999994
3,49,935012.7998205305,6848802.404434423,20,442.13399999999956
3,49,935012.7998205305,6848802.404434423,21,442.13399999999973
3,49,935012.7998205305,6848802.404434423,22,404.4521250000025
3,49,935012.7998205305,6848802.404434423,23,364.0069125000028
3,49,935012.7998205305,6848802.404434423,24,334.3989620270822
3,49,935012.7998205305,6848802.404434423,25,323.5617000000018
3,49,935012.7998205305,6848802.404434423,26,334.39896202708206
3,49,935012.7998205305,6848802.404434423,27,364.0069125000028
3,49,935012.7998205305,6848802.404434423,28,404.4521250000026
3,49,935012.7998205305,6848802.404434423,29,442.13399999999973
3,49,935012.7998205305,6848802.404434423,30,442.13399999999956
3,49,935012.7998205305,6848802.404434423,31,442.1339999999994
3,49,935012.7998205305,6848802.404434423,32,442.13399999999956
3,49,935012.7998205305,6848802.404434423,33,442.1339999999998
3,49,935012.7998205305,6848802.404434423,34,404.4521250000026
3,49,935012.7998205305,6848802.404434423,35,364.0069125000028
3,49,935012.7998205305,6848802.404434423,36,334.3989620270822
3,49,935012.7998205305,6848802.404434423,37,323.56170000000185
3,49,935012.7998205305,6848802.404434423,38,334.3989620270822
3,49,935012.7998205305,6848802.404434423,39,364.0069125000027
3,49,935012.7998205305,6848802.404434423,40,404.4521250000025
3,49,935012.7998205305,6848802.404434423,41,442.1339999999997
3,49,935012.7998205305,6848802.404434423,42,442.13399999999956
3,49,935012.7998205305,6848802.404434423,43,442.1339999999994
3,49,935012.7998205305,6848802.404434423,44,442.13399999999956
3,49,935012.7998205305,6848802.404434423,45,442.1339999999999
3,49,935012.7998205305,6848802.404434423,46,404.4521250000026
3,49,935012.7998205305,6848802.404434423,47,364.00691250000284
3,49,935012.7998205305,6848802.404434423,48,334.39896202708206
3,46,934906.099820619,6848106.204434778,1,260.8798500000003
3,46,934906.099820619,6848106.204434778,2,276.7439685741364
3,46,934906.099820619,6848106.204434778,3,301.24710000000124
3,46,934906.099820619,6848106.204434778,4,334.71900000000136
3,46,934906.099820619,6848106.204434778,5,341.12924999999984
3,46,934906.099820619,6848106.204434778,6,341.1292499999998
3,46,934906.099820619,6848106.204434778,7,341.12924999999973
3,46,934906.099820619,6848106.204434778,8,341.12924999999984
3,46,934906.099820619,6848106.204434778,9,341.12924999999984
3,46,934906.099820619,6848106.204434778,10,334.71900000000136
3,46,934906.099820619,6848106.204434778,11,301.24710000000164
3,46,934906.099820619,6848106.204434778,12,276.7439685741364
3,46,934906.099820619,6848106.204434778,13,260.8798500000003
3,46,934906.099820619,6848106.204434778,14,276.7439685741364
3,46,934906.099820619,6848106.204434778,15,301.24710000000124
3,46,934906.099820619,6848106.204434778,16,334.7190000000009
3,46,934906.099820619,6848106.204434778,17,341.12924999999984
3,46,934906.099820619,6848106.204434778,18,341.1292499999999
3,46,934906.099820619,6848106.204434778,19,341.12924999999973
3,46,934906.099820619,6848106.204434778,20,341.1292499999999
3,46,934906.099820619,6848106.204434778,21,341.12924999999984
3,46,934906.099820619,6848106.204434778,22,334.71900000000136
3,46,934906.099820619,6848106.204434778,23,301.24710000000164
3,46,934906.099820619,6848106.204434778,24,276.7439685741364
3,46,934906.099820619,6848106.204434778,25,260.8798500000003
3,46,934906.099820619,6848106.204434778,26,276.7439685741364
3,46,934906.099820619,6848106.204434778,27,301.24710000000124
3,46,934906.099820619,6848106.204434778,28,334.71900000000136
3,46,934906.099820619,6848106.204434778,29,341.12924999999984
3,46,934906.099820619,6848106.204434778,30,341.12924999999984
3,46,934906.099820619,6848106.204434778,31,341.12924999999973
3,46,934906.099820619,6848106.204434778,32,341.1292499999999
3,46,934906.099820619,6848106.204434778,33,341.12924999999984
3,46,934906.099820619,6848106.204434778,34,334.71900000000136
3,46,934906.099820619,6848106.204434778,35,301.24710000000124
3,46,934906.099820619,6848106.204434778,36,276.7439685741364
3,46,934906.099820619,6848106.204434778,37,260.8798500000003
3,46,934906.099820619,6848106.204434778,38,276.7439685741364
3,46,934906.099820619,6848106.204434778,39,301.24710000000124
3,46,934906.099820619,6848106.204434778,40,334.71900000000136
3,46,934906.099820619,6848106.204434778,41,341.12924999999984
3,46,934906.099820619,6848106.204434778,42,341.12924999999984
3,46,934906.099820619,6848106.204434778,43,341.12924999999973
3,46,934906.099820619,6848106.204434778,44,341.1292499999999
3,46,934906.099820619,6848106.204434778,45,341.12924999999984
3,46,934906.099820619,6848106.204434778,46,334.7190000000009
3,46,934906.099820619,6848106.204434778,47,301.24710000000164
3,46,934906.099820619,6848106.204434778,48,276.7439685741364
3,54,934764.0998207259,6848247.404434707,6,295.39124999999984
3,54,934764.0998207259,6848247.404434707,7,295.39124999999996
3,54,934764.0998207259,6848247.404434707,8,295.39124999999996
3,54,934764.0998207259,6848247.404434707,18,295.39124999999984
3,54,934764.0998207259,6848247.404434707,19,295.39124999999996
3,54,934764.0998207259,6848247.404434707,20,295.39124999999984
3,54,934764.0998207259,6848247.404434707,30,295.39124999999984
3,54,934764.0998207259,6848247.404434707,31,295.39124999999996
3,54,934764.0998207259,6848247.404434707,32,295.39124999999996
3,54,934764.0998207259,6848247.404434707,42,295.39124999999996
3,54,934764.0998207259,6848247.404434707,43,295.39124999999996
3,54,934764.0998207259,6848247.404434707,44,295.39124999999996
3,54,934764.0998207259,6848247.404434707,1,295.39124999999984
3,54,934764.0998207259,6848247.404434707,2,295.3912500000009
3,54,934764.0998207259,6848247.404434707,3,295.39125000000143
3,54,934764.0998207259,6848247.404434707,4,295.39125000000183
3,54,934764.0998207259,6848247.404434707,5,295.39125000000007
3,54,934764.0998207259,6848247.404434707,9,295.39125000000007
3,54,934764.0998207259,6848247.404434707,10,295.3912500000017
3,54,934764.0998207259,6848247.404434707,11,295.39125000000183
3,54,934764.0998207259,6848247.404434707,12,295.3912500000009
3,54,934764.0998207259,6848247.404434707,13,295.39124999999984
3,54,934764.0998207259,6848247.404434707,14,295.3912500000009
3,54,934764.0998207259,6848247.404434707,15,295.3912500000014
3,54,934764.0998207259,6848247.404434707,16,295.39125000000126
3,54,934764.0998207259,6848247.404434707,17,295.39125000000007
3,54,934764.0998207259,6848247.404434707,21,295.39125000000007
3,54,934764.0998207259,6848247.404434707,22,295.3912500000017
3,54,934764.0998207259,6848247.404434707,23,295.3912500000018
3,54,934764.0998207259,6848247.404434707,24,295.3912500000009
3,54,934764.0998207259,6848247.404434707,25,295.39124999999984
3,54,934764.0998207259,6848247.404434707,26,295.3912500000009
3,54,934764.0998207259,6848247.404434707,27,295.3912500000013
3,54,934764.0998207259,6848247.404434707,28,295.3912500000017
3,54,934764.0998207259,6848247.404434707,29,295.3912500000001
3,54,934764.0998207259,6848247.404434707,33,295.39125000000007
3,54,934764.0998207259,6848247.404434707,34,295.3912500000017
3,54,934764.0998207259,6848247.404434707,35,295.3912500000014
3,54,934764.0998207259,6848247.404434707,36,295.3912500000009
3,54,934764.0998207259,6848247.404434707,37,295.39124999999984
3,54,934764.0998207259,6848247.404434707,38,295.3912500000009
3,54,934764.0998207259,6848247.404434707,39,295.3912500000014
3,54,934764.0998207259,6848247.404434707,40,295.39125000000166
3,54,934764.0998207259,6848247.404434707,41,295.39125000000007
3,54,934764.0998207259,6848247.404434707,45,295.39125000000007
3,54,934764.0998207259,6848247.404434707,46,295.3912500000013
3,54,934764.0998207259,6848247.404434707,47,295.3912500000018
3,54,934764.0998207259,6848247.404434707,48,295.3912500000009
3,9,935423.408715666,6848507.683366759,1,87.6645000000001
3,9,935423.408715666,6848507.683366759,2,90.60070399748484
3,9,935423.408715666,6848507.683366759,3,98.6225625000001
3,9,935423.408715666,6848507.683366759,4,109.5806250000001
3,9,935423.408715666,6848507.683366759,5,120.53868750000012
3,9,935423.408715666,6848507.683366759,6,128.56054600251537
3,9,935423.408715666,6848507.683366759,7,131.49675000000016
3,9,935423.408715666,6848507.683366759,8,128.56054600251537
3,9,935423.408715666,6848507.683366759,9,120.53868750000012
3,9,935423.408715666,6848507.683366759,10,109.5806250000001
3,9,935423.408715666,6848507.683366759,11,98.6225625000001
3,9,935423.408715666,6848507.683366759,12,90.60070399748484
3,9,935423.408715666,6848507.683366759,13,87.6645000000001
3,9,935423.408715666,6848507.683366759,14,90.60070399748484
3,9,935423.408715666,6848507.683366759,15,98.6225625000001
3,9,935423.408715666,6848507.683366759,16,109.5806250000001
3,9,935423.408715666,6848507.683366759,17,120.53868750000012
3,9,935423.408715666,6848507.683366759,18,128.56054600251537
3,9,935423.408715666,6848507.683366759,19,131.49675000000016
3,9,935423.408715666,6848507.683366759,20,128.56054600251537
3,9,935423.408715666,6848507.683366759,21,120.53868750000012
3,9,935423.408715666,6848507.683366759,22,109.5806250000001
3,9,935423.408715666,6848507.683366759,23,98.6225625000001
3,9,935423.408715666,6848507.683366759,24,90.60070399748484
3,9,935423.408715666,6848507.683366759,25,87.6645000000001
3,9,935423.408715666,6848507.683366759,26,90.60070399748484
3,9,935423.408715666,6848507.683366759,27,98.6225625000001
3,9,935423.408715666,6848507.683366759,28,109.5806250000001
3,9,935423.408715666,6848507.683366759,29,120.53868750000012
3,9,935423.408715666,6848507.683366759,30,128.56054600251537
3,9,935423.408715666,6848507.683366759,31,131.49675000000016
3,9,935423.408715666,6848507.683366759,32,128.56054600251537
3,9,935423.408715666,6848507.683366759,33,120.53868750000012
3,9,935423.408715666,6848507.683366759,34,109.5806250000001
3,9,935423.408715666,6848507.683366759,35,98.6225625000001
3,9,935423.408715666,6848507.683366759,36,90.60070399748484
3,9,935423.408715666,6848507.683366759,37,87.6645000000001
3,9,935423.408715666,6848507.683366759,38,90.60070399748484
3,9,935423.408715666,6848507.683366759,39,98.6225625000001
3,9,935423.408715666,6848507.683366759,40,109.5806250000001
3,9,935423.408715666,6848507.683366759,41,120.53868750000012
3,9,935423.408715666,6848507.683366759,42,128.56054600251537
3,9,935423.408715666,6848507.683366759,43,131.49675000000016
3,9,935423.408715666,6848507.683366759,44,128.56054600251537
3,9,935423.408715666,6848507.683366759,45,120.53868750000012
3,9,935423.408715666,6848507.683366759,46,109.5806250000001
3,9,935423.408715666,6848507.683366759,47,98.6225625000001
3,9,935423.408715666,6848507.683366759,48,90.60070399748484
3,62,933921.19982138,6847190.704435252,1,403.2567000000001
3,62,933921.19982138,6847190.704435252,2,416.76323838842995
3,62,933921.19982138,6847190.704435252,3,453.66378750000047
3,62,933921.19982138,6847190.704435252,4,504.0708749999995
3,62,933921.19982138,6847190.704435252,5,554.4779624999998
3,62,933921.19982138,6847190.704435252,6,591.3785116115697
3,62,933921.19982138,6847190.704435252,7,604.8850500000009
3,62,933921.19982138,6847190.704435252,8,591.3785116115697
3,62,933921.19982138,6847190.704435252,9,554.4779624999998
3,62,933921.19982138,6847190.704435252,10,504.0708749999995
3,62,933921.19982138,6847190.704435252,11,453.66378750000047
3,62,933921.19982138,6847190.704435252,12,416.76323838842995
3,62,933921.19982138,6847190.704435252,13,403.2567000000001
3,62,933921.19982138,6847190.704435252,14,416.76323838842995
3,62,933921.19982138,6847190.704435252,15,453.66378750000047
3,62,933921.19982138,6847190.704435252,16,504.0708749999995
3,62,933921.19982138,6847190.704435252,17,554.4779624999998
3,62,933921.19982138,6847190.704435252,18,591.3785116115697
3,62,933921.19982138,6847190.704435252,19,604.8850500000009
3,62,933921.19982138,6847190.704435252,20,591.3785116115697
3,62,933921.19982138,6847190.704435252,21,554.4779624999998
3,62,933921.19982138,6847190.704435252,22,504.0708749999995
3,62,933921.19982138,6847190.704435252,23,453.66378750000047
3,62,933921.19982138,6847190.704435252,24,416.76323838842995
3,62,933921.19982138,6847190.704435252,25,403.2567000000001
3,62,933921.19982138,6847190.704435252,26,416.76323838842995
3,62,933921.19982138,6847190.704435252,27,453.66378750000047
3,62,933921.19982138,6847190.704435252,28,504.0708749999995
3,62,933921.19982138,6847190.704435252,29,554.4779624999998
3,62,933921.19982138,6847190.704435252,30,591.3785116115697
3,62,933921.19982138,6847190.704435252,31,604.8850500000009
3,62,933921.19982138,6847190.704435252,32,591.3785116115697
3,62,933921.19982138,6847190.704435252,33,554.4779624999998
3,62,933921.19982138,6847190.704435252,34,504.0708749999995
3,62,933921.19982138,6847190.704435252,35,453.66378750000047
3,62,933921.19982138,6847190.704435252,36,416.76323838842995
3,62,933921.19982138,6847190.704435252,37,403.2567000000001
3,62,933921.19982138,6847190.704435252,38,416.76323838842995
3,62,933921.19982138,6847190.704435252,39,453.66378750000047
3,62,933921.19982138,6847190.704435252,40,504.0708749999995
3,62,933921.19982138,6847190.704435252,41,554.4779624999998
3,62,933921.19982138,6847190.704435252,42,591.3785116115697
3,62,933921.19982138,6847190.704435252,43,604.8850500000009
3,62,933921.19982138,6847190.704435252,44,591.3785116115697
3,62,933921.19982138,6847190.704435252,45,554.4779624999998
3,62,933921.19982138,6847190.704435252,46,504.0708749999995
3,62,933921.19982138,6847190.704435252,47,453.66378750000047
3,62,933921.19982138,6847190.704435252,48,416.76323838842995
3,81,934977.2998205577,6848768.304434442,1,95.63400000000011
3,81,934977.2998205577,6848768.304434442,2,98.83713163361975
3,81,934977.2998205577,6848768.304434442,3,107.58825000000004
3,81,934977.2998205577,6848768.304434442,4,119.5425000000001
3,81,934977.2998205577,6848768.304434442,5,134.26008750000247
3,81,934977.2998205577,6848768.304434442,6,172.6191563393013
3,81,934977.2998205577,6848768.304434442,7,186.65955000000014
3,81,934977.2998205577,6848768.304434442,8,172.6191563393013
3,81,934977.2998205577,6848768.304434442,9,134.26008750000247
3,81,934977.2998205577,6848768.304434442,10,119.5425000000001
3,81,934977.2998205577,6848768.304434442,11,107.58825000000004
3,81,934977.2998205577,6848768.304434442,12,98.83713163361975
3,81,934977.2998205577,6848768.304434442,13,95.63400000000011
3,81,934977.2998205577,6848768.304434442,14,98.83713163361975
3,81,934977.2998205577,6848768.304434442,15,107.58825000000004
3,81,934977.2998205577,6848768.304434442,16,119.5425000000001
3,81,934977.2998205577,6848768.304434442,17,134.26008750000247
3,81,934977.2998205577,6848768.304434442,18,172.6191563393013
3,81,934977.2998205577,6848768.304434442,19,186.65955000000017
3,81,934977.2998205577,6848768.304434442,20,172.61915633930133
3,81,934977.2998205577,6848768.304434442,21,134.26008750000247
3,81,934977.2998205577,6848768.304434442,22,119.5425000000001
3,81,934977.2998205577,6848768.304434442,23,107.58825000000004
3,81,934977.2998205577,6848768.304434442,24,98.83713163361975
3,81,934977.2998205577,6848768.304434442,25,95.63400000000011
3,81,934977.2998205577,6848768.304434442,26,98.83713163361975
3,81,934977.2998205577,6848768.304434442,27,107.58825000000004
3,81,934977.2998205577,6848768.304434442,28,119.5425000000001
3,81,934977.2998205577,6848768.304434442,29,134.26008750000247
3,81,934977.2998205577,6848768.304434442,30,172.6191563393013
3,81,934977.2998205577,6848768.304434442,31,186.6595500000002
3,81,934977.2998205577,6848768.304434442,32,172.61915633930133
3,81,934977.2998205577,6848768.304434442,33,134.26008750000247
3,81,934977.2998205577,6848768.304434442,34,119.5425000000001
3,81,934977.2998205577,6848768.304434442,35,107.58825000000004
3,81,934977.2998205577,6848768.304434442,36,98.83713163361975
3,81,934977.2998205577,6848768.304434442,37,95.63400000000011
3,81,934977.2998205577,6848768.304434442,38,98.83713163361975
3,81,934977.2998205577,6848768.304434442,39,107.58825000000004
3,81,934977.2998205577,6848768.304434442,40,119.5425000000001
3,81,934977.2998205577,6848768.304434442,41,134.2600875000025
3,81,934977.2998205577,6848768.304434442,42,172.6191563393013
3,81,934977.2998205577,6848768.304434442,43,186.6595500000002
3,81,934977.2998205577,6848768.304434442,44,172.6191563393013
3,81,934977.2998205577,6848768.304434442,45,134.26008750000273
3,81,934977.2998205577,6848768.304434442,46,119.5425000000001
3,81,934977.2998205577,6848768.304434442,47,107.58825000000004
3,81,934977.2998205577,6848768.304434442,48,98.83713163361975
3,27,932730.0998222866,6847424.704435145,1,184.85775000000024
3,27,932730.0998222866,6847424.704435145,2,184.85775000000038
3,27,932730.0998222866,6847424.704435145,3,184.85775000000027
3,27,932730.0998222866,6847424.704435145,4,184.85775000000007
3,27,932730.0998222866,6847424.704435145,5,184.85775000000027
3,27,932730.0998222866,6847424.704435145,6,184.8577500000001
3,27,932730.0998222866,6847424.704435145,7,184.85775000000018
3,27,932730.0998222866,6847424.704435145,8,184.8577500000001
3,27,932730.0998222866,6847424.704435145,9,184.85775000000027
3,27,932730.0998222866,6847424.704435145,10,184.85775000000007
3,27,932730.0998222866,6847424.704435145,11,184.85775000000027
3,27,932730.0998222866,6847424.704435145,12,184.85775000000038
3,27,932730.0998222866,6847424.704435145,13,184.85775000000027
3,27,932730.0998222866,6847424.704435145,14,184.85775000000038
3,27,932730.0998222866,6847424.704435145,15,184.85775000000027
3,27,932730.0998222866,6847424.704435145,16,184.85775000000007
3,27,932730.0998222866,6847424.704435145,17,184.85775000000027
3,27,932730.0998222866,6847424.704435145,18,184.8577500000001
3,27,932730.0998222866,6847424.704435145,19,184.85775000000018
3,27,932730.0998222866,6847424.704435145,20,184.8577500000001
3,27,932730.0998222866,6847424.704435145,21,184.85775000000027
3,27,932730.0998222866,6847424.704435145,22,184.85775000000007
3,27,932730.0998222866,6847424.704435145,23,184.85775000000027
3,27,932730.0998222866,6847424.704435145,24,184.85775000000038
3,27,932730.0998222866,6847424.704435145,25,184.85775000000027
3,27,932730.0998222866,6847424.704435145,26,184.85775000000038
3,27,932730.0998222866,6847424.704435145,27,184.85775000000027
3,27,932730.0998222866,6847424.704435145,28,184.85775000000007
3,27,932730.0998222866,6847424.704435145,29,184.85775000000027
3,27,932730.0998222866,6847424.704435145,30,184.8577500000001
3,27,932730.0998222866,6847424.704435145,31,184.85775000000018
3,27,932730.0998222866,6847424.704435145,32,184.8577500000001
3,27,932730.0998222866,6847424.704435145,33,184.85775000000027
3,27,932730.0998222866,6847424.704435145,34,184.85775000000007
3,27,932730.0998222866,6847424.704435145,35,184.85775000000027
3,27,932730.0998222866,6847424.704435145,36,184.85775000000038
3,27,932730.0998222866,6847424.704435145,37,184.85775000000024
3,27,932730.0998222866,6847424.704435145,38,184.85775000000038
3,27,932730.0998222866,6847424.704435145,39,184.85775000000027
3,27,932730.0998222866,6847424.704435145,40,184.85775000000007
3,27,932730.0998222866,6847424.704435145,41,184.85775000000027
3,27,932730.0998222866,6847424.704435145,42,184.8577500000001
3,27,932730.0998222866,6847424.704435145,43,184.85775000000018
3,27,932730.0998222866,6847424.704435145,44,184.8577500000001
3,27,932730.0998222866,6847424.704435145,45,184.85775000000027
3,27,932730.0998222866,6847424.704435145,46,184.85775000000007
3,27,932730.0998222866,6847424.704435145,47,184.85775000000027
3,27,932730.0998222866,6847424.704435145,48,184.85775000000038
3,42,934990.5998205657,6847039.104435317,1,617.4629999999997
3,42,934990.5998205657,6847039.104435317,2,617.4629999999999
3,42,934990.5998205657,6847039.104435317,3,617.4629999999997
3,42,934990.5998205657,6847039.104435317,4,617.4629999999999
3,42,934990.5998205657,6847039.104435317,5,617.4629999999999
3,42,934990.5998205657,6847039.104435317,6,617.4629999999999
3,42,934990.5998205657,6847039.104435317,7,617.463
3,42,934990.5998205657,6847039.104435317,8,617.4629999999999
3,42,934990.5998205657,6847039.104435317,9,617.4629999999999
3,42,934990.5998205657,6847039.104435317,10,617.4629999999999
3,42,934990.5998205657,6847039.104435317,11,617.4629999999997
3,42,934990.5998205657,6847039.104435317,12,617.4629999999999
3,42,934990.5998205657,6847039.104435317,13,617.4629999999997
3,42,934990.5998205657,6847039.104435317,14,617.4629999999999
3,42,934990.5998205657,6847039.104435317,15,617.4629999999997
3,42,934990.5998205657,6847039.104435317,16,617.4629999999999
3,42,934990.5998205657,6847039.104435317,17,617.4629999999999
3,42,934990.5998205657,6847039.104435317,18,617.4629999999999
3,42,934990.5998205657,6847039.104435317,19,617.463
3,42,934990.5998205657,6847039.104435317,20,617.4629999999999
3,42,934990.5998205657,6847039.104435317,21,617.4629999999999
3,42,934990.5998205657,6847039.104435317,22,617.4629999999999
3,42,934990.5998205657,6847039.104435317,23,617.4629999999997
3,42,934990.5998205657,6847039.104435317,24,617.4629999999999
3,42,934990.5998205657,6847039.104435317,25,617.4629999999997
3,42,934990.5998205657,6847039.104435317,26,617.4629999999999
3,42,934990.5998205657,6847039.104435317,27,617.4629999999997
3,42,934990.5998205657,6847039.104435317,28,617.4629999999999
3,42,934990.5998205657,6847039.104435317,29,617.4629999999997
3,42,934990.5998205657,6847039.104435317,30,617.4629999999999
3,42,934990.5998205657,6847039.104435317,31,617.463
3,42,934990.5998205657,6847039.104435317,32,617.4629999999999
3,42,934990.5998205657,6847039.104435317,33,617.4629999999997
3,42,934990.5998205657,6847039.104435317,34,617.4629999999999
3,42,934990.5998205657,6847039.104435317,35,617.4629999999997
3,42,934990.5998205657,6847039.104435317,36,617.4629999999999
3,42,934990.5998205657,6847039.104435317,37,617.4629999999997
3,42,934990.5998205657,6847039.104435317,38,617.4629999999999
3,42,934990.5998205657,6847039.104435317,39,617.4629999999997
3,42,934990.5998205657,6847039.104435317,40,617.4629999999999
3,42,934990.5998205657,6847039.104435317,41,617.4629999999999
3,42,934990.5998205657,6847039.104435317,42,617.4629999999999
3,42,934990.5998205657,6847039.104435317,43,617.463
3,42,934990.5998205657,6847039.104435317,44,617.4629999999999
3,42,934990.5998205657,6847039.104435317,45,617.4629999999997
3,42,934990.5998205657,6847039.104435317,46,617.4629999999999
3,42,934990.5998205657,6847039.104435317,47,617.4629999999999
3,42,934990.5998205657,6847039.104435317,48,617.4629999999999
3,18,933999.1998213149,6847743.404434972,1,97.19325000000002
3,18,933999.1998213149,6847743.404434972,2,97.19324999999999
3,18,933999.1998213149,6847743.404434972,3,97.19324999999999
3,18,933999.1998213149,6847743.404434972,4,97.19324999999998
3,18,933999.1998213149,6847743.404434972,10,97.19325000000002
3,18,933999.1998213149,6847743.404434972,11,97.19324999999999
3,18,933999.1998213149,6847743.404434972,12,97.19324999999999
3,18,933999.1998213149,6847743.404434972,13,97.19325000000002
3,18,933999.1998213149,6847743.404434972,14,97.19324999999999
3,18,933999.1998213149,6847743.404434972,15,97.19324999999999
3,18,933999.1998213149,6847743.404434972,16,97.19325
3,18,933999.1998213149,6847743.404434972,22,97.19325000000002
3,18,933999.1998213149,6847743.404434972,23,97.19324999999999
3,18,933999.1998213149,6847743.404434972,24,97.19324999999996
3,18,933999.1998213149,6847743.404434972,25,97.19325000000002
3,18,933999.1998213149,6847743.404434972,26,97.19324999999999
3,18,933999.1998213149,6847743.404434972,27,97.19324999999998
3,18,933999.1998213149,6847743.404434972,28,97.19325000000002
3,18,933999.1998213149,6847743.404434972,32,97.19325
3,18,933999.1998213149,6847743.404434972,34,97.19325000000002
3,18,933999.1998213149,6847743.404434972,35,97.19324999999999
3,18,933999.1998213149,6847743.404434972,36,97.19324999999999
3,18,933999.1998213149,6847743.404434972,37,97.19325000000003
3,18,933999.1998213149,6847743.404434972,38,97.19324999999996
3,18,933999.1998213149,6847743.404434972,39,97.19324999999995
3,18,933999.1998213149,6847743.404434972,40,97.19324999999998
3,18,933999.1998213149,6847743.404434972,46,97.19324999999999
3,18,933999.1998213149,6847743.404434972,47,97.19324999999998
3,18,933999.1998213149,6847743.404434972,48,97.19324999999996
3,18,933999.1998213149,6847743.404434972,5,97.19324999999999
3,18,933999.1998213149,6847743.404434972,6,97.19325000000002
3,18,933999.1998213149,6847743.404434972,7,97.19324999999999
3,18,933999.1998213149,6847743.404434972,8,97.19325
3,18,933999.1998213149,6847743.404434972,9,97.19325
3,18,933999.1998213149,6847743.404434972,17,97.19324999999999
3,18,933999.1998213149,6847743.404434972,18,97.19325
3,18,933999.1998213149,6847743.404434972,19,97.19324999999998
3,18,933999.1998213149,6847743.404434972,20,97.19325000000003
3,18,933999.1998213149,6847743.404434972,21,97.19324999999999
3,18,933999.1998213149,6847743.404434972,29,97.19324999999999
3,18,933999.1998213149,6847743.404434972,30,97.19325000000002
3,18,933999.1998213149,6847743.404434972,31,97.19325000000002
3,18,933999.1998213149,6847743.404434972,42,97.19325
3,18,933999.1998213149,6847743.404434972,43,97.19324999999999
3,18,933999.1998213149,6847743.404434972,44,97.19325
3,18,933999.1998213149,6847743.404434972,45,97.19324999999999
3,18,933999.1998213149,6847743.404434972,33,97.19324999999999
3,18,933999.1998213149,6847743.404434972,41,97.19325
3,64,933976.8998213315,6847785.004434952,5,87.66450000000002
3,64,933976.8998213315,6847785.004434952,6,87.66450000000002
3,64,933976.8998213315,6847785.004434952,7,87.66450000000002
3,64,933976.8998213315,6847785.004434952,8,87.66450000000002
3,64,933976.8998213315,6847785.004434952,9,87.66450000000002
3,64,933976.8998213315,6847785.004434952,17,87.66450000000002
3,64,933976.8998213315,6847785.004434952,18,87.66450000000002
3,64,933976.8998213315,6847785.004434952,19,87.66450000000002
3,64,933976.8998213315,6847785.004434952,20,87.66450000000002
3,64,933976.8998213315,6847785.004434952,21,87.66450000000002
3,64,933976.8998213315,6847785.004434952,29,87.66450000000002
3,64,933976.8998213315,6847785.004434952,30,87.66450000000003
3,64,933976.8998213315,6847785.004434952,31,87.66450000000002
3,64,933976.8998213315,6847785.004434952,33,87.66450000000002
3,64,933976.8998213315,6847785.004434952,41,87.66450000000002
3,64,933976.8998213315,6847785.004434952,42,87.66450000000003
3,64,933976.8998213315,6847785.004434952,43,87.66450000000002
3,64,933976.8998213315,6847785.004434952,44,87.66450000000003
3,64,933976.8998213315,6847785.004434952,45,87.66450000000002
3,64,933976.8998213315,6847785.004434952,2,41.91969221278567
3,64,933976.8998213315,6847785.004434952,12,41.91969221278567
3,64,933976.8998213315,6847785.004434952,14,41.91969221278567
3,64,933976.8998213315,6847785.004434952,24,41.91969221278567
3,64,933976.8998213315,6847785.004434952,26,41.91969221278567
3,64,933976.8998213315,6847785.004434952,32,87.66450000000003
3,64,933976.8998213315,6847785.004434952,36,41.91969221278567
3,64,933976.8998213315,6847785.004434952,38,41.91969221278566
3,64,933976.8998213315,6847785.004434952,1,35.62020000000008
3,64,933976.8998213315,6847785.004434952,4,82.64025000000015
3,64,933976.8998213315,6847785.004434952,10,82.64025000000015
3,64,933976.8998213315,6847785.004434952,13,35.62020000000008
3,64,933976.8998213315,6847785.004434952,15,59.13022500000012
3,64,933976.8998213315,6847785.004434952,22,82.64025000000017
3,64,933976.8998213315,6847785.004434952,23,59.13022500000009
3,64,933976.8998213315,6847785.004434952,25,35.62020000000008
3,64,933976.8998213315,6847785.004434952,28,82.64025000000015
3,64,933976.8998213315,6847785.004434952,34,82.64025000000015
3,64,933976.8998213315,6847785.004434952,37,35.620200000000075
3,64,933976.8998213315,6847785.004434952,40,82.64025000000015
3,64,933976.8998213315,6847785.004434952,3,59.13022500000012
3,64,933976.8998213315,6847785.004434952,11,59.13022500000011
3,64,933976.8998213315,6847785.004434952,16,82.64025000000018
3,64,933976.8998213315,6847785.004434952,27,59.1302250000001
3,64,933976.8998213315,6847785.004434952,35,59.130225000000095
3,64,933976.8998213315,6847785.004434952,39,59.13022500000011
3,64,933976.8998213315,6847785.004434952,46,82.64025000000017
3,64,933976.8998213315,6847785.004434952,47,59.13022500000011
3,64,933976.8998213315,6847785.004434952,48,41.91969221278564
3,48,931239.099823409,6848973.804434372,1,123.07680000000009
3,48,931239.099823409,6848973.804434372,6,200.3511939836828
3,48,931239.099823409,6848973.804434372,8,184.09057156439232
3,48,931239.099823409,6848973.804434372,10,170.44334999999998
3,48,931239.099823409,6848973.804434372,18,218.27853020095057
3,48,931239.099823409,6848973.804434372,19,192.53619000000006
3,48,931239.099823409,6848973.804434372,20,211.85558434533087
3,48,931239.099823409,6848973.804434372,21,166.82935500000013
3,48,931239.099823409,6848973.804434372,23,165.51438750000003
3,48,931239.099823409,6848973.804434372,24,117.6161866440075
3,48,931239.099823409,6848973.804434372,37,136.03590000000008
3,48,931239.099823409,6848973.804434372,38,147.0667870264311
3,48,931239.099823409,6848973.804434372,41,168.14432250000013
3,48,931239.099823409,6848973.804434372,43,181.26801000000003
3,48,931239.099823409,6848973.804434372,44,174.65941056120386
3,48,931239.099823409,6848973.804434372,45,155.9094075000001
3,48,931239.099823409,6848973.804434372,48,132.82851038239946
3,48,931239.099823409,6848973.804434372,2,120.29481615349837
3,48,931239.099823409,6848973.804434372,5,156.13809750000013
3,48,931239.099823409,6848973.804434372,7,171.35118000000003
3,48,931239.099823409,6848973.804434372,11,134.17346250000003
3,48,931239.099823409,6848973.804434372,12,104.58114464595037
3,48,931239.099823409,6848973.804434372,14,109.30813789799308
3,48,931239.099823409,6848973.804434372,17,162.4080150000001
3,48,931239.099823409,6848973.804434372,25,126.91602000000012
3,48,931239.099823409,6848973.804434372,26,127.2134153678517
3,48,931239.099823409,6848973.804434372,30,183.0946084412108
3,48,931239.099823409,6848973.804434372,32,182.20027420814984
3,48,931239.099823409,6848973.804434372,42,209.29453631429254
3,48,931239.099823409,6848973.804434372,4,158.59305
3,48,931239.099823409,6848973.804434372,9,170.9648325000001
3,48,931239.099823409,6848973.804434372,16,140.71364999999997
3,48,931239.099823409,6848973.804434372,22,138.85987500000002
3,48,931239.099823409,6848973.804434372,28,156.912525
3,48,931239.099823409,6848973.804434372,29,152.04073500000013
3,48,931239.099823409,6848973.804434372,31,171.16407
3,48,931239.099823409,6848973.804434372,33,142.43575500000009
3,48,931239.099823409,6848973.804434372,34,137.058075
3,48,931239.099823409,6848973.804434372,39,118.98636750000006
3,48,931239.099823409,6848973.804434372,46,139.483575
3,48,931239.099823409,6848973.804434372,3,133.47180000000003
3,48,931239.099823409,6848973.804434372,35,132.91047000000003
3,48,931239.099823409,6848973.804434372,47,137.26077750000002
3,48,931239.099823409,6848973.804434372,15,114.33980250000006
3,48,931239.099823409,6848973.804434372,13,108.0802800000001
3,48,931239.099823409,6848973.804434372,27,123.13397250000007
3,48,931239.099823409,6848973.804434372,36,98.17821742272893
3,48,931239.099823409,6848973.804434372,40,126.74970000000008
3,59,931239.099823409,6848973.804434372,2,149.860010311729
3,59,931239.099823409,6848973.804434372,3,160.60275000000007
3,59,931239.099823409,6848973.804434372,4,168.15645000000006
3,59,931239.099823409,6848973.804434372,5,203.28635250000013
3,59,931239.099823409,6848973.804434372,7,220.74822000000015
3,59,931239.099823409,6848973.804434372,9,188.45961750000015
3,59,931239.099823409,6848973.804434372,11,159.90108750000007
3,59,931239.099823409,6848973.804434372,12,165.57368181927694
3,59,931239.099823409,6848973.804434372,13,153.31932000000012
3,59,931239.099823409,6848973.804434372,14,160.84668856723425
3,59,931239.099823409,6848973.804434372,15,179.73474750000008
3,59,931239.099823409,6848973.804434372,16,186.03585000000004
3,59,931239.099823409,6848973.804434372,17,197.01643500000011
3,59,931239.099823409,6848973.804434372,22,187.889625
3,59,931239.099823409,6848973.804434372,25,134.48358000000007
3,59,931239.099823409,6848973.804434372,26,142.9414110973756
3,59,931239.099823409,6848973.804434372,27,170.9405775000001
3,59,931239.099823409,6848973.804434372,28,169.83697500000005
3,59,931239.099823409,6848973.804434372,29,207.38371500000014
3,59,931239.099823409,6848973.804434372,30,200.24956509356224
3,59,931239.099823409,6848973.804434372,31,220.93533000000016
3,59,931239.099823409,6848973.804434372,32,201.1438993266232
3,59,931239.099823409,6848973.804434372,33,216.98869500000015
3,59,931239.099823409,6848973.804434372,34,189.69142499999998
3,59,931239.099823409,6848973.804434372,35,161.16408000000007
3,59,931239.099823409,6848973.804434372,36,171.9766090424984
3,59,931239.099823409,6848973.804434372,39,175.08818250000013
3,59,931239.099823409,6848973.804434372,40,199.9998
3,59,931239.099823409,6848973.804434372,42,174.04963722048043
3,59,931239.099823409,6848973.804434372,46,187.26592500000004
3,59,931239.099823409,6848973.804434372,47,156.81377250000008
3,59,931239.099823409,6848973.804434372,1,138.3228000000001
3,59,931239.099823409,6848973.804434372,6,182.99297955109023
3,59,931239.099823409,6848973.804434372,10,156.3061500000001
3,59,931239.099823409,6848973.804434372,19,199.5632100000001
3,59,931239.099823409,6848973.804434372,21,192.59509500000016
3,59,931239.099823409,6848973.804434372,43,210.83139000000014
3,59,931239.099823409,6848973.804434372,44,208.68476297356918
3,59,931239.099823409,6848973.804434372,45,203.51504250000016
3,59,931239.099823409,6848973.804434372,8,199.25360197038069
3,59,931239.099823409,6848973.804434372,23,128.56016250000002
3,59,931239.099823409,6848973.804434372,37,125.3637000000001
3,59,931239.099823409,6848973.804434372,38,123.08803943879633
3,59,931239.099823409,6848973.804434372,48,137.32631608282796
3,59,931239.099823409,6848973.804434372,18,165.06564333382246
3,59,931239.099823409,6848973.804434372,20,171.4885891894422
3,59,931239.099823409,6848973.804434372,24,152.53863982121985
3,59,931239.099823409,6848973.804434372,41,191.2801275000001
3,71,933466.5998217198,6847887.004434904,1,261.0877500000001
3,71,933466.5998217198,6847887.004434904,2,261.08774999999997
3,71,933466.5998217198,6847887.004434904,3,261.08775000000014
3,71,933466.5998217198,6847887.004434904,4,261.0877499999998
3,71,933466.5998217198,6847887.004434904,5,261.08775000000014
3,71,933466.5998217198,6847887.004434904,6,261.0877500000001
3,71,933466.5998217198,6847887.004434904,7,261.08774999999997
3,71,933466.5998217198,6847887.004434904,8,261.0877500000001
3,71,933466.5998217198,6847887.004434904,9,261.08775000000014
3,71,933466.5998217198,6847887.004434904,10,261.0877499999998
3,71,933466.5998217198,6847887.004434904,11,261.08775000000014
3,71,933466.5998217198,6847887.004434904,12,261.08774999999997
3,71,933466.5998217198,6847887.004434904,13,261.0877500000001
3,71,933466.5998217198,6847887.004434904,14,261.08774999999997
3,71,933466.5998217198,6847887.004434904,15,261.08775000000014
3,71,933466.5998217198,6847887.004434904,16,261.0877499999998
3,71,933466.5998217198,6847887.004434904,17,261.08775
3,71,933466.5998217198,6847887.004434904,18,261.0877500000001
3,71,933466.5998217198,6847887.004434904,19,261.08774999999997
3,71,933466.5998217198,6847887.004434904,20,261.0877500000001
3,71,933466.5998217198,6847887.004434904,21,261.08775
3,71,933466.5998217198,6847887.004434904,22,261.0877499999998
3,71,933466.5998217198,6847887.004434904,23,261.08775000000014
3,71,933466.5998217198,6847887.004434904,24,261.08774999999997
3,71,933466.5998217198,6847887.004434904,25,261.0877500000001
3,71,933466.5998217198,6847887.004434904,26,261.08774999999997
3,71,933466.5998217198,6847887.004434904,27,261.08775000000014
3,71,933466.5998217198,6847887.004434904,28,261.0877499999998
3,71,933466.5998217198,6847887.004434904,29,261.08775
3,71,933466.5998217198,6847887.004434904,30,261.0877500000001
3,71,933466.5998217198,6847887.004434904,31,261.08774999999997
3,71,933466.5998217198,6847887.004434904,32,261.0877500000001
3,71,933466.5998217198,6847887.004434904,33,261.08775
3,71,933466.5998217198,6847887.004434904,34,261.0877499999998
3,71,933466.5998217198,6847887.004434904,35,261.08775000000014
3,71,933466.5998217198,6847887.004434904,36,261.08774999999997
3,71,933466.5998217198,6847887.004434904,37,261.0877500000001
3,71,933466.5998217198,6847887.004434904,38,261.08774999999997
3,71,933466.5998217198,6847887.004434904,39,261.08775000000014
3,71,933466.5998217198,6847887.004434904,40,261.0877499999998
3,71,933466.5998217198,6847887.004434904,41,261.08775000000014
3,71,933466.5998217198,6847887.004434904,42,261.08775
3,71,933466.5998217198,6847887.004434904,43,261.08774999999997
3,71,933466.5998217198,6847887.004434904,44,261.08775
3,71,933466.5998217198,6847887.004434904,45,261.08775000000014
3,71,933466.5998217198,6847887.004434904,46,261.0877499999998
3,71,933466.5998217198,6847887.004434904,47,261.08775000000014
3,71,933466.5998217198,6847887.004434904,48,261.08774999999997
3,16,934880.899820648,6847145.104435267,2,104.81625000000001
3,16,934880.899820648,6847145.104435267,3,104.81625000000008
3,16,934880.899820648,6847145.104435267,4,104.81625000000011
3,16,934880.899820648,6847145.104435267,5,104.81625000000011
3,16,934880.899820648,6847145.104435267,6,104.81625000000011
3,16,934880.899820648,6847145.104435267,7,104.81625000000008
3,16,934880.899820648,6847145.104435267,8,104.81625000000011
3,16,934880.899820648,6847145.104435267,9,104.81625000000007
3,16,934880.899820648,6847145.104435267,10,104.81625000000008
3,16,934880.899820648,6847145.104435267,11,104.8162500000001
3,16,934880.899820648,6847145.104435267,12,104.81625000000007
3,16,934880.899820648,6847145.104435267,13,104.81625000000017
3,16,934880.899820648,6847145.104435267,14,104.81625000000001
3,16,934880.899820648,6847145.104435267,15,104.8162500000001
3,16,934880.899820648,6847145.104435267,16,104.81625000000011
3,16,934880.899820648,6847145.104435267,18,104.8162500000001
3,16,934880.899820648,6847145.104435267,19,104.81625000000011
3,16,934880.899820648,6847145.104435267,20,104.8162500000001
3,16,934880.899820648,6847145.104435267,22,104.81625000000011
3,16,934880.899820648,6847145.104435267,23,104.81625000000008
3,16,934880.899820648,6847145.104435267,24,104.81625000000001
3,16,934880.899820648,6847145.104435267,25,104.81625000000014
3,16,934880.899820648,6847145.104435267,26,104.81625000000004
3,16,934880.899820648,6847145.104435267,27,104.81625000000007
3,16,934880.899820648,6847145.104435267,28,104.81625000000011
3,16,934880.899820648,6847145.104435267,29,104.8162500000001
3,16,934880.899820648,6847145.104435267,30,104.81625000000008
3,16,934880.899820648,6847145.104435267,31,104.81625000000011
3,16,934880.899820648,6847145.104435267,32,104.8162500000001
3,16,934880.899820648,6847145.104435267,33,104.81625000000008
3,16,934880.899820648,6847145.104435267,35,104.81625000000008
3,16,934880.899820648,6847145.104435267,36,104.81625000000007
3,16,934880.899820648,6847145.104435267,38,104.81625000000007
3,16,934880.899820648,6847145.104435267,39,104.8162500000001
3,16,934880.899820648,6847145.104435267,40,104.81625000000011
3,16,934880.899820648,6847145.104435267,41,104.81625000000011
3,16,934880.899820648,6847145.104435267,43,104.8162500000001
3,16,934880.899820648,6847145.104435267,45,104.81625000000011
3,16,934880.899820648,6847145.104435267,46,104.81625000000011
3,16,934880.899820648,6847145.104435267,47,104.81625000000007
3,16,934880.899820648,6847145.104435267,48,104.81625000000001
3,16,934880.899820648,6847145.104435267,1,104.81625000000017
3,16,934880.899820648,6847145.104435267,37,104.81625000000017
3,16,934880.899820648,6847145.104435267,34,104.8162500000001
3,16,934880.899820648,6847145.104435267,17,104.8162500000001
3,16,934880.899820648,6847145.104435267,21,104.8162500000001
3,16,934880.899820648,6847145.104435267,42,104.81625000000014
3,16,934880.899820648,6847145.104435267,44,104.81625000000011
3,29,934901.9998206322,6847132.704435273,1,22.69574999999996
3,29,934901.9998206322,6847132.704435273,16,54.573750000000004
3,29,934901.9998206322,6847132.704435273,17,66.70125000000003
3,29,934901.9998206322,6847132.704435273,21,66.70125000000003
3,29,934901.9998206322,6847132.704435273,22,54.57375
3,29,934901.9998206322,6847132.704435273,28,54.57375
3,29,934901.9998206322,6847132.704435273,34,54.57374999999999
3,29,934901.9998206322,6847132.704435273,37,22.69574999999996
3,29,934901.9998206322,6847132.704435273,40,54.57375
3,29,934901.9998206322,6847132.704435273,41,66.70125000000003
3,29,934901.9998206322,6847132.704435273,42,66.70125000000003
3,29,934901.9998206322,6847132.704435273,43,66.70125000000004
3,29,934901.9998206322,6847132.704435273,44,66.70125000000003
3,29,934901.9998206322,6847132.704435273,45,66.70125000000003
3,29,934901.9998206322,6847132.704435273,4,54.57374999999999
3,29,934901.9998206322,6847132.704435273,5,66.70125000000003
3,29,934901.9998206322,6847132.704435273,6,66.70125000000003
3,29,934901.9998206322,6847132.704435273,8,66.70125000000003
3,29,934901.9998206322,6847132.704435273,9,66.70125000000003
3,29,934901.9998206322,6847132.704435273,10,54.573750000000004
3,29,934901.9998206322,6847132.704435273,29,66.70125000000003
3,29,934901.9998206322,6847132.704435273,33,66.70125000000003
3,29,934901.9998206322,6847132.704435273,46,54.57374999999998
3,29,934901.9998206322,6847132.704435273,18,66.70125000000002
3,29,934901.9998206322,6847132.704435273,19,66.70125000000003
3,29,934901.9998206322,6847132.704435273,20,66.70125000000002
3,29,934901.9998206322,6847132.704435273,23,38.63474999999998
3,29,934901.9998206322,6847132.704435273,30,66.70125000000002
3,29,934901.9998206322,6847132.704435273,31,66.70125000000003
3,29,934901.9998206322,6847132.704435273,32,66.70125000000002
3,29,934901.9998206322,6847132.704435273,3,38.634749999999976
3,29,934901.9998206322,6847132.704435273,7,66.70125000000002
3,29,934901.9998206322,6847132.704435273,13,22.695749999999975
3,29,934901.9998206322,6847132.704435273,35,38.63474999999996
3,29,934901.9998206322,6847132.704435273,2,26.966592178159647
3,29,934901.9998206322,6847132.704435273,12,26.966592178159605
3,29,934901.9998206322,6847132.704435273,14,26.966592178159647
3,29,934901.9998206322,6847132.704435273,24,26.966592178159647
3,29,934901.9998206322,6847132.704435273,25,22.69575000000001
3,29,934901.9998206322,6847132.704435273,26,26.966592178159637
3,29,934901.9998206322,6847132.704435273,36,26.966592178159605
3,29,934901.9998206322,6847132.704435273,38,26.966592178159605
3,29,934901.9998206322,6847132.704435273,48,26.966592178159647
3,29,934901.9998206322,6847132.704435273,39,38.634749999999976
3,29,934901.9998206322,6847132.704435273,11,38.63474999999996
3,29,934901.9998206322,6847132.704435273,15,38.63474999999996
3,29,934901.9998206322,6847132.704435273,27,38.63474999999996
3,29,934901.9998206322,6847132.704435273,47,38.634749999999976
3,6,931976.7421459949,6849371.227088254,1,35.06580000000001
3,6,931976.7421459949,6849371.227088254,2,36.24028159899392
3,6,931976.7421459949,6849371.227088254,3,39.44902500000001
3,6,931976.7421459949,6849371.227088254,4,43.832250000000016
3,6,931976.7421459949,6849371.227088254,5,48.21547500000003
3,6,931976.7421459949,6849371.227088254,6,51.424218401006115
3,6,931976.7421459949,6849371.227088254,7,52.598700000000015
3,6,931976.7421459949,6849371.227088254,8,51.424218401006115
3,6,931976.7421459949,6849371.227088254,9,48.21547500000003
3,6,931976.7421459949,6849371.227088254,10,43.832250000000016
3,6,931976.7421459949,6849371.227088254,11,39.44902500000001
3,6,931976.7421459949,6849371.227088254,12,36.24028159899392
3,6,931976.7421459949,6849371.227088254,13,35.06580000000001
3,6,931976.7421459949,6849371.227088254,14,36.24028159899392
3,6,931976.7421459949,6849371.227088254,15,39.44902500000001
3,6,931976.7421459949,6849371.227088254,16,43.832250000000016
3,6,931976.7421459949,6849371.227088254,17,48.21547500000003
3,6,931976.7421459949,6849371.227088254,18,51.424218401006115
3,6,931976.7421459949,6849371.227088254,19,52.598700000000015
3,6,931976.7421459949,6849371.227088254,20,51.424218401006115
3,6,931976.7421459949,6849371.227088254,21,48.21547500000003
3,6,931976.7421459949,6849371.227088254,22,43.832250000000016
3,6,931976.7421459949,6849371.227088254,23,39.44902500000001
3,6,931976.7421459949,6849371.227088254,24,36.24028159899392
3,6,931976.7421459949,6849371.227088254,25,35.06580000000001
3,6,931976.7421459949,6849371.227088254,26,36.24028159899392
3,6,931976.7421459949,6849371.227088254,27,39.44902500000001
3,6,931976.7421459949,6849371.227088254,28,43.832250000000016
3,6,931976.7421459949,6849371.227088254,29,48.21547500000003
3,6,931976.7421459949,6849371.227088254,30,51.424218401006115
3,6,931976.7421459949,6849371.227088254,31,52.598700000000015
3,6,931976.7421459949,6849371.227088254,32,51.424218401006115
3,6,931976.7421459949,6849371.227088254,33,48.21547500000003
3,6,931976.7421459949,6849371.227088254,34,43.832250000000016
3,6,931976.7421459949,6849371.227088254,35,39.44902500000001
3,6,931976.7421459949,6849371.227088254,36,36.24028159899392
3,6,931976.7421459949,6849371.227088254,37,35.06580000000001
3,6,931976.7421459949,6849371.227088254,38,36.24028159899392
3,6,931976.7421459949,6849371.227088254,39,39.44902500000001
3,6,931976.7421459949,6849371.227088254,40,43.832250000000016
3,6,931976.7421459949,6849371.227088254,41,48.21547500000003
3,6,931976.7421459949,6849371.227088254,42,51.424218401006115
3,6,931976.7421459949,6849371.227088254,43,52.598700000000015
3,6,931976.7421459949,6849371.227088254,44,51.424218401006115
3,6,931976.7421459949,6849371.227088254,45,48.21547500000003
3,6,931976.7421459949,6849371.227088254,46,43.832250000000016
3,6,931976.7421459949,6849371.227088254,47,39.44902500000001
3,6,931976.7421459949,6849371.227088254,48,36.24028159899392
3,4,935353.7998202943,6846475.604435598,1,19.05750000000001
3,4,935353.7998202943,6846475.604435598,2,19.05750000000001
3,4,935353.7998202943,6846475.604435598,3,19.05750000000001
3,4,935353.7998202943,6846475.604435598,4,19.05750000000001
3,4,935353.7998202943,6846475.604435598,5,19.057500000000008
3,4,935353.7998202943,6846475.604435598,6,19.05750000000001
3,4,935353.7998202943,6846475.604435598,7,19.05750000000001
3,4,935353.7998202943,6846475.604435598,8,19.05750000000001
3,4,935353.7998202943,6846475.604435598,9,19.057500000000008
3,4,935353.7998202943,6846475.604435598,10,19.05750000000001
3,4,935353.7998202943,6846475.604435598,11,19.05750000000001
3,4,935353.7998202943,6846475.604435598,12,19.05750000000001
3,4,935353.7998202943,6846475.604435598,13,19.05750000000001
3,4,935353.7998202943,6846475.604435598,14,19.05750000000001
3,4,935353.7998202943,6846475.604435598,15,19.05750000000001
3,4,935353.7998202943,6846475.604435598,16,19.05750000000001
3,4,935353.7998202943,6846475.604435598,17,19.057500000000008
3,4,935353.7998202943,6846475.604435598,18,19.05750000000001
3,4,935353.7998202943,6846475.604435598,19,19.05750000000001
3,4,935353.7998202943,6846475.604435598,20,19.05750000000001
3,4,935353.7998202943,6846475.604435598,21,19.05750000000001
3,4,935353.7998202943,6846475.604435598,22,19.05750000000001
3,4,935353.7998202943,6846475.604435598,23,19.05750000000001
3,4,935353.7998202943,6846475.604435598,24,19.05750000000001
3,4,935353.7998202943,6846475.604435598,25,19.05750000000001
3,4,935353.7998202943,6846475.604435598,26,19.05750000000001
3,4,935353.7998202943,6846475.604435598,27,19.05750000000001
3,4,935353.7998202943,6846475.604435598,28,19.05750000000001
3,4,935353.7998202943,6846475.604435598,29,19.057500000000008
3,4,935353.7998202943,6846475.604435598,30,19.05750000000001
3,4,935353.7998202943,6846475.604435598,31,19.05750000000001
3,4,935353.7998202943,6846475.604435598,32,19.05750000000001
3,4,935353.7998202943,6846475.604435598,33,19.05750000000001
3,4,935353.7998202943,6846475.604435598,34,19.05750000000001
3,4,935353.7998202943,6846475.604435598,35,19.05750000000001
3,4,935353.7998202943,6846475.604435598,36,19.05750000000001
3,4,935353.7998202943,6846475.604435598,37,19.05750000000001
3,4,935353.7998202943,6846475.604435598,38,19.05750000000001
3,4,935353.7998202943,6846475.604435598,39,19.05750000000001
3,4,935353.7998202943,6846475.604435598,40,19.05750000000001
3,4,935353.7998202943,6846475.604435598,41,19.05750000000001
3,4,935353.7998202943,6846475.604435598,42,19.05750000000001
3,4,935353.7998202943,6846475.604435598,43,19.05750000000001
3,4,935353.7998202943,6846475.604435598,44,19.05750000000001
3,4,935353.7998202943,6846475.604435598,45,19.057500000000008
3,4,935353.7998202943,6846475.604435598,46,19.05750000000001
3,4,935353.7998202943,6846475.604435598,47,19.05750000000001
3,4,935353.7998202943,6846475.604435598,48,19.05750000000001
3,20,932322.3998225784,6849328.204434182,1,22.31460000000001
3,20,932322.3998225784,6849328.204434182,2,23.061997381177946
3,20,932322.3998225784,6849328.204434182,3,25.103925000000014
3,20,932322.3998225784,6849328.204434182,4,27.893250000000016
3,20,932322.3998225784,6849328.204434182,5,30.682575000000018
3,20,932322.3998225784,6849328.204434182,6,32.72450261882207
3,20,932322.3998225784,6849328.204434182,7,33.47190000000001
3,20,932322.3998225784,6849328.204434182,8,32.72450261882207
3,20,932322.3998225784,6849328.204434182,9,30.682575000000018
3,20,932322.3998225784,6849328.204434182,10,27.893250000000016
3,20,932322.3998225784,6849328.204434182,11,25.103925000000014
3,20,932322.3998225784,6849328.204434182,12,23.061997381177946
3,20,932322.3998225784,6849328.204434182,13,22.31460000000001
3,20,932322.3998225784,6849328.204434182,14,23.061997381177946
3,20,932322.3998225784,6849328.204434182,15,25.103925000000014
3,20,932322.3998225784,6849328.204434182,16,27.893250000000016
3,20,932322.3998225784,6849328.204434182,17,30.682575000000018
3,20,932322.3998225784,6849328.204434182,18,32.72450261882207
3,20,932322.3998225784,6849328.204434182,19,33.47190000000001
3,20,932322.3998225784,6849328.204434182,20,32.72450261882207
3,20,932322.3998225784,6849328.204434182,21,30.682575000000018
3,20,932322.3998225784,6849328.204434182,22,27.893250000000016
3,20,932322.3998225784,6849328.204434182,23,25.103925000000014
3,20,932322.3998225784,6849328.204434182,24,23.061997381177946
3,20,932322.3998225784,6849328.204434182,25,22.31460000000001
3,20,932322.3998225784,6849328.204434182,26,23.061997381177946
3,20,932322.3998225784,6849328.204434182,27,25.103925000000014
3,20,932322.3998225784,6849328.204434182,28,27.893250000000016
3,20,932322.3998225784,6849328.204434182,29,30.682575000000018
3,20,932322.3998225784,6849328.204434182,30,32.72450261882207
3,20,932322.3998225784,6849328.204434182,31,33.47190000000001
3,20,932322.3998225784,6849328.204434182,32,32.72450261882207
3,20,932322.3998225784,6849328.204434182,33,30.682575000000018
3,20,932322.3998225784,6849328.204434182,34,27.893250000000016
3,20,932322.3998225784,6849328.204434182,35,25.103925000000014
3,20,932322.3998225784,6849328.204434182,36,23.061997381177946
3,20,932322.3998225784,6849328.204434182,37,22.31460000000001
3,20,932322.3998225784,6849328.204434182,38,23.061997381177946
3,20,932322.3998225784,6849328.204434182,39,25.103925000000014
3,20,932322.3998225784,6849328.204434182,40,27.893250000000016
3,20,932322.3998225784,6849328.204434182,41,30.682575000000018
3,20,932322.3998225784,6849328.204434182,42,32.72450261882207
3,20,932322.3998225784,6849328.204434182,43,33.47190000000001
3,20,932322.3998225784,6849328.204434182,44,32.72450261882207
3,20,932322.3998225784,6849328.204434182,45,30.682575000000018
3,20,932322.3998225784,6849328.204434182,46,27.893250000000016
3,20,932322.3998225784,6849328.204434182,47,25.103925000000014
3,20,932322.3998225784,6849328.204434182,48,23.061997381177946
3,82,931908.399822898,6848998.204434354,1,9.563400000000003
3,82,931908.399822898,6848998.204434354,2,9.883713163361977
3,82,931908.399822898,6848998.204434354,3,10.758825000000003
3,82,931908.399822898,6848998.204434354,4,11.954250000000005
3,82,931908.399822898,6848998.204434354,5,13.149675000000006
3,82,931908.399822898,6848998.204434354,6,14.024786836638029
3,82,931908.399822898,6848998.204434354,7,14.345100000000002
3,82,931908.399822898,6848998.204434354,8,14.024786836638029
3,82,931908.399822898,6848998.204434354,9,13.149675000000006
3,82,931908.399822898,6848998.204434354,10,11.954250000000005
3,82,931908.399822898,6848998.204434354,11,10.758825000000003
3,82,931908.399822898,6848998.204434354,12,9.883713163361977
3,82,931908.399822898,6848998.204434354,13,9.563400000000003
3,82,931908.399822898,6848998.204434354,14,9.883713163361977
3,82,931908.399822898,6848998.204434354,15,10.758825000000003
3,82,931908.399822898,6848998.204434354,16,11.954250000000005
3,82,931908.399822898,6848998.204434354,17,13.149675000000006
3,82,931908.399822898,6848998.204434354,18,14.024786836638029
3,82,931908.399822898,6848998.204434354,19,14.345100000000002
3,82,931908.399822898,6848998.204434354,20,14.024786836638029
3,82,931908.399822898,6848998.204434354,21,13.149675000000006
3,82,931908.399822898,6848998.204434354,22,11.954250000000005
3,82,931908.399822898,6848998.204434354,23,10.758825000000003
3,82,931908.399822898,6848998.204434354,24,9.883713163361977
3,82,931908.399822898,6848998.204434354,25,9.563400000000003
3,82,931908.399822898,6848998.204434354,26,9.883713163361977
3,82,931908.399822898,6848998.204434354,27,10.758825000000003
3,82,931908.399822898,6848998.204434354,28,11.954250000000005
3,82,931908.399822898,6848998.204434354,29,13.149675000000006
3,82,931908.399822898,6848998.204434354,30,14.024786836638029
3,82,931908.399822898,6848998.204434354,31,14.345100000000002
3,82,931908.399822898,6848998.204434354,32,14.024786836638029
3,82,931908.399822898,6848998.204434354,33,13.149675000000006
3,82,931908.399822898,6848998.204434354,34,11.954250000000005
3,82,931908.399822898,6848998.204434354,35,10.758825000000003
3,82,931908.399822898,6848998.204434354,36,9.883713163361977
3,82,931908.399822898,6848998.204434354,37,9.563400000000003
3,82,931908.399822898,6848998.204434354,38,9.883713163361977
3,82,931908.399822898,6848998.204434354,39,10.758825000000003
3,82,931908.399822898,6848998.204434354,40,11.954250000000005
3,82,931908.399822898,6848998.204434354,41,13.149675000000006
3,82,931908.399822898,6848998.204434354,42,14.024786836638029
3,82,931908.399822898,6848998.204434354,43,14.345100000000002
3,82,931908.399822898,6848998.204434354,44,14.024786836638029
3,82,931908.399822898,6848998.204434354,45,13.149675000000006
3,82,931908.399822898,6848998.204434354,46,11.954250000000005
3,82,931908.399822898,6848998.204434354,47,10.758825000000003
3,82,931908.399822898,6848998.204434354,48,9.883713163361977
3,22,931942.9998228712,6849017.504434342,1,1.5939000000000065
3,22,931942.9998228712,6849017.504434342,2,1.6472855272269964
3,22,931942.9998228712,6849017.504434342,3,1.793137500000001
3,22,931942.9998228712,6849017.504434342,4,1.992375000000001
3,22,931942.9998228712,6849017.504434342,5,2.191612500000001
3,22,931942.9998228712,6849017.504434342,6,2.3374644727730054
3,22,931942.9998228712,6849017.504434342,7,2.390850000000001
3,22,931942.9998228712,6849017.504434342,8,2.3374644727730054
3,22,931942.9998228712,6849017.504434342,9,2.191612500000001
3,22,931942.9998228712,6849017.504434342,10,1.992375000000001
3,22,931942.9998228712,6849017.504434342,11,1.793137500000001
3,22,931942.9998228712,6849017.504434342,12,1.6472855272269964
3,22,931942.9998228712,6849017.504434342,13,1.5939000000000008
3,22,931942.9998228712,6849017.504434342,14,1.6472855272269964
3,22,931942.9998228712,6849017.504434342,15,1.793137500000001
3,22,931942.9998228712,6849017.504434342,16,1.992375000000001
3,22,931942.9998228712,6849017.504434342,17,2.191612500000001
3,22,931942.9998228712,6849017.504434342,18,2.3374644727730054
3,22,931942.9998228712,6849017.504434342,19,2.390850000000001
3,22,931942.9998228712,6849017.504434342,20,2.3374644727730054
3,22,931942.9998228712,6849017.504434342,21,2.191612500000001
3,22,931942.9998228712,6849017.504434342,22,1.992375000000001
3,22,931942.9998228712,6849017.504434342,23,1.793137500000001
3,22,931942.9998228712,6849017.504434342,24,1.6472855272269964
3,22,931942.9998228712,6849017.504434342,25,1.5939000000000008
3,22,931942.9998228712,6849017.504434342,26,1.6472855272269964
3,22,931942.9998228712,6849017.504434342,27,1.793137500000001
3,22,931942.9998228712,6849017.504434342,28,1.992375000000001
3,22,931942.9998228712,6849017.504434342,29,2.191612500000001
3,22,931942.9998228712,6849017.504434342,30,2.3374644727730054
3,22,931942.9998228712,6849017.504434342,31,2.390850000000001
3,22,931942.9998228712,6849017.504434342,32,2.3374644727730054
3,22,931942.9998228712,6849017.504434342,33,2.191612500000001
3,22,931942.9998228712,6849017.504434342,34,1.992375000000001
3,22,931942.9998228712,6849017.504434342,35,1.793137500000001
3,22,931942.9998228712,6849017.504434342,36,1.6472855272269964
3,22,931942.9998228712,6849017.504434342,37,1.5939000000000008
3,22,931942.9998228712,6849017.504434342,38,1.6472855272269964
3,22,931942.9998228712,6849017.504434342,39,1.793137500000001
3,22,931942.9998228712,6849017.504434342,40,1.992375000000001
3,22,931942.9998228712,6849017.504434342,41,2.191612500000001
3,22,931942.9998228712,6849017.504434342,42,2.3374644727730054
3,22,931942.9998228712,6849017.504434342,43,2.390850000000001
3,22,931942.9998228712,6849017.504434342,44,2.3374644727730054
3,22,931942.9998228712,6849017.504434342,45,2.191612500000001
3,22,931942.9998228712,6849017.504434342,46,1.992375000000001
3,22,931942.9998228712,6849017.504434342,47,1.793137500000001
3,22,931942.9998228712,6849017.504434342,48,1.6472855272269964
3,44,932588.1998224115,6845816.204435961,1,6.375600000000003
3,44,932588.1998224115,6845816.204435961,2,6.589142108907986
3,44,932588.1998224115,6845816.204435961,3,7.172550000000004
3,44,932588.1998224115,6845816.204435961,4,7.623000000000004
3,44,932588.1998224115,6845816.204435961,5,7.623000000000004
3,44,932588.1998224115,6845816.204435961,6,7.623000000000004
3,44,932588.1998224115,6845816.204435961,7,7.623000000000004
3,44,932588.1998224115,6845816.204435961,8,7.623000000000004
3,44,932588.1998224115,6845816.204435961,9,7.623000000000004
3,44,932588.1998224115,6845816.204435961,10,7.623000000000004
3,44,932588.1998224115,6845816.204435961,11,7.172550000000004
3,44,932588.1998224115,6845816.204435961,12,6.589142108907986
3,44,932588.1998224115,6845816.204435961,13,6.375600000000003
3,44,932588.1998224115,6845816.204435961,14,6.589142108907986
3,44,932588.1998224115,6845816.204435961,15,7.172550000000004
3,44,932588.1998224115,6845816.204435961,16,7.623000000000004
3,44,932588.1998224115,6845816.204435961,17,7.623000000000004
3,44,932588.1998224115,6845816.204435961,18,7.623000000000004
3,44,932588.1998224115,6845816.204435961,19,7.623000000000004
3,44,932588.1998224115,6845816.204435961,20,7.623000000000004
3,44,932588.1998224115,6845816.204435961,21,7.623000000000004
3,44,932588.1998224115,6845816.204435961,22,7.623000000000004
3,44,932588.1998224115,6845816.204435961,23,7.172550000000004
3,44,932588.1998224115,6845816.204435961,24,6.589142108907986
3,44,932588.1998224115,6845816.204435961,25,6.375600000000003
3,44,932588.1998224115,6845816.204435961,26,6.589142108907986
3,44,932588.1998224115,6845816.204435961,27,7.172550000000004
3,44,932588.1998224115,6845816.204435961,28,7.623000000000004
3,44,932588.1998224115,6845816.204435961,29,7.623000000000004
3,44,932588.1998224115,6845816.204435961,30,7.623000000000004
3,44,932588.1998224115,6845816.204435961,31,7.623000000000004
3,44,932588.1998224115,6845816.204435961,32,7.623000000000004
3,44,932588.1998224115,6845816.204435961,33,7.623000000000004
3,44,932588.1998224115,6845816.204435961,34,7.623000000000004
3,44,932588.1998224115,6845816.204435961,35,7.172550000000004
3,44,932588.1998224115,6845816.204435961,36,6.589142108907986
3,44,932588.1998224115,6845816.204435961,37,6.375600000000003
3,44,932588.1998224115,6845816.204435961,38,6.589142108907986
3,44,932588.1998224115,6845816.204435961,39,7.172550000000004
3,44,932588.1998224115,6845816.204435961,40,7.623000000000004
3,44,932588.1998224115,6845816.204435961,41,7.623000000000004
3,44,932588.1998224115,6845816.204435961,42,7.623000000000004
3,44,932588.1998224115,6845816.204435961,43,7.623000000000004
3,44,932588.1998224115,6845816.204435961,44,7.623000000000004
3,44,932588.1998224115,6845816.204435961,45,7.623000000000004
3,44,932588.1998224115,6845816.204435961,46,7.623000000000004
3,44,932588.1998224115,6845816.204435961,47,7.172550000000004
3,44,932588.1998224115,6845816.204435961,48,6.589142108907986
3,75,932222.5998226551,6849264.004434216,1,4.781700000000002
3,75,932222.5998226551,6849264.004434216,2,4.941856581680989
3,75,932222.5998226551,6849264.004434216,3,5.3794125000000035
3,75,932222.5998226551,6849264.004434216,4,5.9771250000000045
3,75,932222.5998226551,6849264.004434216,5,6.5748375000000046
3,75,932222.5998226551,6849264.004434216,6,7.012393418319015
3,75,932222.5998226551,6849264.004434216,7,7.172550000000004
3,75,932222.5998226551,6849264.004434216,8,7.012393418319015
3,75,932222.5998226551,6849264.004434216,9,6.5748375000000046
3,75,932222.5998226551,6849264.004434216,10,5.9771250000000045
3,75,932222.5998226551,6849264.004434216,11,5.3794125000000035
3,75,932222.5998226551,6849264.004434216,12,4.94185658168099
3,75,932222.5998226551,6849264.004434216,13,4.781700000000002
3,75,932222.5998226551,6849264.004434216,14,4.94185658168099
3,75,932222.5998226551,6849264.004434216,15,5.3794125000000035
3,75,932222.5998226551,6849264.004434216,16,5.9771250000000045
3,75,932222.5998226551,6849264.004434216,17,6.5748375000000046
3,75,932222.5998226551,6849264.004434216,18,7.012393418319015
3,75,932222.5998226551,6849264.004434216,19,7.172550000000004
3,75,932222.5998226551,6849264.004434216,20,7.012393418319015
3,75,932222.5998226551,6849264.004434216,21,6.5748375000000046
3,75,932222.5998226551,6849264.004434216,22,5.9771250000000045
3,75,932222.5998226551,6849264.004434216,23,5.3794125000000035
3,75,932222.5998226551,6849264.004434216,24,4.94185658168099
3,75,932222.5998226551,6849264.004434216,25,4.781700000000002
3,75,932222.5998226551,6849264.004434216,26,4.94185658168099
3,75,932222.5998226551,6849264.004434216,27,5.3794125000000035
3,75,932222.5998226551,6849264.004434216,28,5.9771250000000045
3,75,932222.5998226551,6849264.004434216,29,6.5748375000000046
3,75,932222.5998226551,6849264.004434216,30,7.012393418319015
3,75,932222.5998226551,6849264.004434216,31,7.172550000000004
3,75,932222.5998226551,6849264.004434216,32,7.012393418319015
3,75,932222.5998226551,6849264.004434216,33,6.5748375000000046
3,75,932222.5998226551,6849264.004434216,34,5.9771250000000045
3,75,932222.5998226551,6849264.004434216,35,5.3794125000000035
3,75,932222.5998226551,6849264.004434216,36,4.94185658168099
3,75,932222.5998226551,6849264.004434216,37,4.781700000000002
3,75,932222.5998226551,6849264.004434216,38,4.94185658168099
3,75,932222.5998226551,6849264.004434216,39,5.3794125000000035
3,75,932222.5998226551,6849264.004434216,40,5.9771250000000045
3,75,932222.5998226551,6849264.004434216,41,6.5748375000000046
3,75,932222.5998226551,6849264.004434216,42,7.012393418319015
3,75,932222.5998226551,6849264.004434216,43,7.172550000000004
3,75,932222.5998226551,6849264.004434216,44,7.012393418319015
3,75,932222.5998226551,6849264.004434216,45,6.5748375000000046
3,75,932222.5998226551,6849264.004434216,46,5.9771250000000045
3,75,932222.5998226551,6849264.004434216,47,5.3794125000000035
3,75,932222.5998226551,6849264.004434216,48,4.94185658168099
