sol,j,x,y,t,influjo_kg
1,7,933780.291513979,6846818.296141294,1,305.1278999999999
1,7,933780.291513979,6846818.296141294,2,315.34774679915085
1,7,933780.291513979,6846818.296141294,3,343.26888750000063
1,7,933780.291513979,6846818.296141294,4,346.8464999999997
1,7,933780.291513979,6846818.296141294,5,346.84649999999993
1,7,933780.291513979,6846818.296141294,6,346.8464999999998
1,7,933780.291513979,6846818.296141294,7,346.84649999999925
1,7,933780.291513979,6846818.296141294,8,346.8464999999999
1,7,933780.291513979,6846818.296141294,9,346.8465000000002
1,7,933780.291513979,6846818.296141294,10,346.84649999999965
1,7,933780.291513979,6846818.296141294,11,343.2688875000007
1,7,933780.291513979,6846818.296141294,12,315.34774679915085
1,7,933780.291513979,6846818.296141294,13,305.1278999999999
1,7,933780.291513979,6846818.296141294,14,315.34774679915085
1,7,933780.291513979,6846818.296141294,15,343.26888750000063
1,7,933780.291513979,6846818.296141294,16,346.84649999999954
1,7,933780.291513979,6846818.296141294,17,346.8465
1,7,933780.291513979,6846818.296141294,18,346.84649999999976
1,7,933780.291513979,6846818.296141294,19,346.84649999999925
1,7,933780.291513979,6846818.296141294,20,346.84649999999976
1,7,933780.291513979,6846818.296141294,21,346.84650000000016
1,7,933780.291513979,6846818.296141294,22,346.8464999999995
1,7,933780.291513979,6846818.296141294,23,343.26888750000063
1,7,933780.291513979,6846818.296141294,24,315.34774679915085
1,7,933780.291513979,6846818.296141294,25,305.1278999999999
1,7,933780.291513979,6846818.296141294,26,315.34774679915085
1,7,933780.291513979,6846818.296141294,27,343.26888750000063
1,7,933780.291513979,6846818.296141294,28,346.84649999999965
1,7,933780.291513979,6846818.296141294,29,346.8464999999999
1,7,933780.291513979,6846818.296141294,30,346.84649999999965
1,7,933780.291513979,6846818.296141294,31,346.8464999999993
1,7,933780.291513979,6846818.296141294,32,346.8465
1,7,933780.291513979,6846818.296141294,33,346.84649999999993
1,7,933780.291513979,6846818.296141294,34,346.84649999999965
1,7,933780.291513979,6846818.296141294,35,343.26888750000063
1,7,933780.291513979,6846818.296141294,36,315.34774679915085
1,7,933780.291513979,6846818.296141294,37,305.1278999999999
1,7,933780.291513979,6846818.296141294,38,315.34774679915085
1,7,933780.291513979,6846818.296141294,39,343.26888750000063
1,7,933780.291513979,6846818.296141294,40,346.8464999999998
1,7,933780.291513979,6846818.296141294,41,346.84650000000016
1,7,933780.291513979,6846818.296141294,42,346.8464999999998
1,7,933780.291513979,6846818.296141294,43,346.84649999999937
1,7,933780.291513979,6846818.296141294,44,346.8464999999999
1,7,933780.291513979,6846818.296141294,45,346.84649999999993
1,7,933780.291513979,6846818.296141294,46,346.84649999999976
1,7,933780.291513979,6846818.296141294,47,346.8465000000005
1,7,933780.291513979,6846818.296141294,48,346.84650000000016
1,50,933472.5998217161,6847811.904434941,43,261.2263499999998
1,50,933472.5998217161,6847811.904434941,1,106.44480000000006
1,50,933472.5998217161,6847811.904434941,6,269.418187709619
1,50,933472.5998217161,6847811.904434941,7,275.21802
1,50,933472.5998217161,6847811.904434941,9,227.43220500000027
1,50,933472.5998217161,6847811.904434941,14,84.64594019667054
1,50,933472.5998217161,6847811.904434941,15,177.2867250000001
1,50,933472.5998217161,6847811.904434941,16,214.93394999999995
1,50,933472.5998217161,6847811.904434941,18,271.2271819537651
1,50,933472.5998217161,6847811.904434941,19,254.46960000000027
1,50,933472.5998217161,6847811.904434941,20,266.2473663378574
1,50,933472.5998217161,6847811.904434941,24,117.74510464179042
1,50,933472.5998217161,6847811.904434941,29,239.83863750000023
1,50,933472.5998217161,6847811.904434941,31,254.46960000000018
1,50,933472.5998217161,6847811.904434941,33,208.9654875000006
1,50,933472.5998217161,6847811.904434941,36,91.96150508519402
1,50,933472.5998217161,6847811.904434941,37,72.45315000000043
1,50,933472.5998217161,6847811.904434941,38,112.73162695023008
1,50,933472.5998217161,6847811.904434941,39,182.99358000000007
1,50,933472.5998217161,6847811.904434941,42,284.45926344746243
1,50,933472.5998217161,6847811.904434941,44,291.5797499999999
1,50,933472.5998217161,6847811.904434941,46,206.84317499999997
1,50,933472.5998217161,6847811.904434941,48,252.77954520847663
1,50,933472.5998217161,6847811.904434941,45,211.97657250000015
1,50,933472.5998217161,6847811.904434941,47,262.4997375000004
1,50,933472.5998217161,6847811.904434941,2,151.42135050710067
1,50,933472.5998217161,6847811.904434941,17,211.69071000000014
1,50,933472.5998217161,6847811.904434941,26,100.06901472354599
1,50,933472.5998217161,6847811.904434941,40,175.01715
1,50,933472.5998217161,6847811.904434941,13,90.58896000000004
1,50,933472.5998217161,6847811.904434941,25,85.43304000000003
1,50,933472.5998217161,6847811.904434941,30,267.6701707995453
1,50,933472.5998217161,6847811.904434941,27,149.56326000000007
1,50,933472.5998217161,6847811.904434941,35,191.28879000000006
1,50,933472.5998217161,6847811.904434941,3,146.55390750000007
1,50,933472.5998217161,6847811.904434941,5,250.05345750000018
1,50,933472.5998217161,6847811.904434941,8,263.1375223001681
1,50,933472.5998217161,6847811.904434941,11,131.14851750000003
1,50,933472.5998217161,6847811.904434941,12,84.6459401966704
1,50,933472.5998217161,6847811.904434941,21,238.96199250000018
1,50,933472.5998217161,6847811.904434941,23,159.15264750000009
1,50,933472.5998217161,6847811.904434941,34,169.76767500000005
1,50,933472.5998217161,6847811.904434941,41,243.11652750000016
1,50,933472.5998217161,6847811.904434941,4,163.46137499999955
1,50,933472.5998217161,6847811.904434941,10,167.35950000000003
1,50,933472.5998217161,6847811.904434941,22,170.70322500000006
1,50,933472.5998217161,6847811.904434941,28,167.42880000000005
1,50,933472.5998217161,6847811.904434941,32,242.2768098033304
1,76,933472.5998217161,6847811.904434941,1,257.58810000000034
1,76,933472.5998217161,6847811.904434941,2,224.8043396895694
1,76,933472.5998217161,6847811.904434941,3,262.9831050000002
1,76,933472.5998217161,6847811.904434941,4,291.5797500000001
1,76,933472.5998217161,6847811.904434941,5,250.49178000000035
1,76,933472.5998217161,6847811.904434941,6,264.4383720937113
1,76,933472.5998217161,6847811.904434941,7,270.8313299999998
1,76,933472.5998217161,6847811.904434941,8,270.71903750316227
1,76,933472.5998217161,6847811.904434941,9,273.11303250000026
1,76,933472.5998217161,6847811.904434941,10,287.6816249999996
1,76,933472.5998217161,6847811.904434941,11,278.3884950000002
1,76,933472.5998217161,6847811.904434941,12,291.57974999999954
1,76,933472.5998217161,6847811.904434941,13,273.4439400000003
1,76,933472.5998217161,6847811.904434941,14,291.57974999999954
1,76,933472.5998217161,6847811.904434941,15,232.2502875000001
1,76,933472.5998217161,6847811.904434941,16,240.10717499999978
1,76,933472.5998217161,6847811.904434941,17,288.85452750000036
1,76,933472.5998217161,6847811.904434941,18,262.62937784956523
1,76,933472.5998217161,6847811.904434941,19,291.5797499999995
1,76,933472.5998217161,6847811.904434941,20,267.609193465473
1,76,933472.5998217161,6847811.904434941,21,261.58324500000026
1,76,933472.5998217161,6847811.904434941,22,284.3378999999997
1,76,933472.5998217161,6847811.904434941,23,250.38436500000014
1,76,933472.5998217161,6847811.904434941,24,258.48058555487955
1,76,933472.5998217161,6847811.904434941,25,278.5998600000002
1,76,933472.5998217161,6847811.904434941,26,276.156675473124
1,76,933472.5998217161,6847811.904434941,27,259.9737525000002
1,76,933472.5998217161,6847811.904434941,28,287.6123249999996
1,76,933472.5998217161,6847811.904434941,29,260.70660000000026
1,76,933472.5998217161,6847811.904434941,30,266.18638900378505
1,76,933472.5998217161,6847811.904434941,31,291.5797499999995
1,76,933472.5998217161,6847811.904434941,32,291.5797499999999
1,76,933472.5998217161,6847811.904434941,33,291.57974999999993
1,76,933472.5998217161,6847811.904434941,34,285.27344999999974
1,76,933472.5998217161,6847811.904434941,35,218.24822250000017
1,76,933472.5998217161,6847811.904434941,36,284.26418511147597
1,76,933472.5998217161,6847811.904434941,37,291.5797499999996
1,76,933472.5998217161,6847811.904434941,38,263.49406324643996
1,76,933472.5998217161,6847811.904434941,39,226.5434325000002
1,76,933472.5998217161,6847811.904434941,40,280.02397499999967
1,76,933472.5998217161,6847811.904434941,41,257.42871000000036
1,76,933472.5998217161,6847811.904434941,42,249.3972963558677
1,76,933472.5998217161,6847811.904434941,43,284.8230000000001
1,76,933472.5998217161,6847811.904434941,44,242.27680980333022
1,76,933472.5998217161,6847811.904434941,45,288.56866500000035
1,76,933472.5998217161,6847811.904434941,46,248.19794999999968
1,76,933472.5998217161,6847811.904434941,47,291.57975000000005
1,76,933472.5998217161,6847811.904434941,48,256.23168270466533
1,8,932794.3604016128,6848981.7958182,1,573.630749999999
1,8,932794.3604016128,6848981.7958182,2,573.630749999999
1,8,932794.3604016128,6848981.7958182,3,573.6307500000004
1,8,932794.3604016128,6848981.7958182,4,573.6307499999997
1,8,932794.3604016128,6848981.7958182,5,573.6307499999998
1,8,932794.3604016128,6848981.7958182,6,573.6307499999998
1,8,932794.3604016128,6848981.7958182,7,573.6307499999999
1,8,932794.3604016128,6848981.7958182,8,573.6307499999998
1,8,932794.3604016128,6848981.7958182,9,573.6307500000001
1,8,932794.3604016128,6848981.7958182,10,573.6307500000003
1,8,932794.3604016128,6848981.7958182,11,573.6307500000003
1,8,932794.3604016128,6848981.7958182,12,573.6307499999992
1,8,932794.3604016128,6848981.7958182,13,573.6307499999991
1,8,932794.3604016128,6848981.7958182,14,573.6307499999991
1,8,932794.3604016128,6848981.7958182,15,573.6307500000004
1,8,932794.3604016128,6848981.7958182,16,573.6307499999998
1,8,932794.3604016128,6848981.7958182,17,573.6307499999996
1,8,932794.3604016128,6848981.7958182,18,573.6307500000003
1,8,932794.3604016128,6848981.7958182,19,573.6307499999999
1,8,932794.3604016128,6848981.7958182,20,573.6307500000003
1,8,932794.3604016128,6848981.7958182,21,573.6307499999998
1,8,932794.3604016128,6848981.7958182,22,573.6307500000003
1,8,932794.3604016128,6848981.7958182,23,573.6307500000003
1,8,932794.3604016128,6848981.7958182,24,573.6307499999994
1,8,932794.3604016128,6848981.7958182,25,573.6307499999991
1,8,932794.3604016128,6848981.7958182,26,573.6307499999991
1,8,932794.3604016128,6848981.7958182,27,573.6307499999999
1,8,932794.3604016128,6848981.7958182,28,573.6307499999999
1,8,932794.3604016128,6848981.7958182,29,573.6307500000001
1,8,932794.3604016128,6848981.7958182,30,573.6307500000001
1,8,932794.3604016128,6848981.7958182,31,573.6307499999999
1,8,932794.3604016128,6848981.7958182,32,573.6307500000003
1,8,932794.3604016128,6848981.7958182,33,573.6307499999997
1,8,932794.3604016128,6848981.7958182,34,573.6307500000003
1,8,932794.3604016128,6848981.7958182,35,573.6307500000005
1,8,932794.3604016128,6848981.7958182,36,573.6307499999991
1,8,932794.3604016128,6848981.7958182,37,573.630749999999
1,8,932794.3604016128,6848981.7958182,38,573.6307499999995
1,8,932794.3604016128,6848981.7958182,39,573.6307500000001
1,8,932794.3604016128,6848981.7958182,40,573.6307500000004
1,8,932794.3604016128,6848981.7958182,41,573.6307499999997
1,8,932794.3604016128,6848981.7958182,42,573.6307500000004
1,8,932794.3604016128,6848981.7958182,43,573.6307499999998
1,8,932794.3604016128,6848981.7958182,44,573.6307500000001
1,8,932794.3604016128,6848981.7958182,45,573.6307499999999
1,8,932794.3604016128,6848981.7958182,46,573.63075
1,8,932794.3604016128,6848981.7958182,47,573.63075
1,8,932794.3604016128,6848981.7958182,48,573.630749999999
1,69,934334.8998210647,6847164.004435261,1,182.95200000000006
1,69,934334.8998210647,6847164.004435261,2,182.95199999999997
1,69,934334.8998210647,6847164.004435261,3,182.95199999999983
1,69,934334.8998210647,6847164.004435261,4,182.952
1,69,934334.8998210647,6847164.004435261,5,182.9519999999999
1,69,934334.8998210647,6847164.004435261,6,182.952
1,69,934334.8998210647,6847164.004435261,7,182.95199999999994
1,69,934334.8998210647,6847164.004435261,8,182.952
1,69,934334.8998210647,6847164.004435261,9,182.9519999999999
1,69,934334.8998210647,6847164.004435261,10,182.952
1,69,934334.8998210647,6847164.004435261,11,182.95199999999988
1,69,934334.8998210647,6847164.004435261,12,182.95199999999986
1,69,934334.8998210647,6847164.004435261,13,182.95200000000006
1,69,934334.8998210647,6847164.004435261,14,182.9519999999999
1,69,934334.8998210647,6847164.004435261,15,182.95199999999986
1,69,934334.8998210647,6847164.004435261,16,182.9519999999999
1,69,934334.8998210647,6847164.004435261,17,182.95200000000003
1,69,934334.8998210647,6847164.004435261,18,182.95200000000003
1,69,934334.8998210647,6847164.004435261,19,182.952
1,69,934334.8998210647,6847164.004435261,20,182.95199999999997
1,69,934334.8998210647,6847164.004435261,21,182.95199999999997
1,69,934334.8998210647,6847164.004435261,22,182.952
1,69,934334.8998210647,6847164.004435261,23,182.95199999999988
1,69,934334.8998210647,6847164.004435261,24,182.95199999999988
1,69,934334.8998210647,6847164.004435261,25,182.95200000000008
1,69,934334.8998210647,6847164.004435261,26,182.9519999999999
1,69,934334.8998210647,6847164.004435261,27,182.9519999999999
1,69,934334.8998210647,6847164.004435261,28,182.952
1,69,934334.8998210647,6847164.004435261,29,182.95200000000003
1,69,934334.8998210647,6847164.004435261,30,182.95200000000003
1,69,934334.8998210647,6847164.004435261,31,182.952
1,69,934334.8998210647,6847164.004435261,32,182.95200000000006
1,69,934334.8998210647,6847164.004435261,33,182.95200000000003
1,69,934334.8998210647,6847164.004435261,34,182.952
1,69,934334.8998210647,6847164.004435261,35,182.95199999999994
1,69,934334.8998210647,6847164.004435261,36,182.95199999999986
1,69,934334.8998210647,6847164.004435261,37,182.95200000000008
1,69,934334.8998210647,6847164.004435261,38,182.95199999999983
1,69,934334.8998210647,6847164.004435261,39,182.95199999999997
1,69,934334.8998210647,6847164.004435261,40,182.95199999999997
1,69,934334.8998210647,6847164.004435261,41,182.95199999999997
1,69,934334.8998210647,6847164.004435261,42,182.95199999999994
1,69,934334.8998210647,6847164.004435261,43,182.95199999999997
1,69,934334.8998210647,6847164.004435261,44,182.95199999999994
1,69,934334.8998210647,6847164.004435261,45,182.9519999999999
1,69,934334.8998210647,6847164.004435261,46,182.95199999999997
1,69,934334.8998210647,6847164.004435261,47,182.95199999999994
1,69,934334.8998210647,6847164.004435261,48,182.9519999999999
1,38,933906.9998213904,6847232.504435231,1,762.230699999999
1,38,933906.9998213904,6847232.504435231,2,787.7605875638985
1,38,933906.9998213904,6847232.504435231,4,563.7728250000075
1,38,933906.9998213904,6847232.504435231,10,527.8927500000041
1,38,933906.9998213904,6847232.504435231,11,698.5907775000004
1,38,933906.9998213904,6847232.504435231,12,787.7605875638985
1,38,933906.9998213904,6847232.504435231,13,762.230699999999
1,38,933906.9998213904,6847232.504435231,14,787.7605875638985
1,38,933906.9998213904,6847232.504435231,15,713.8714275000003
1,38,933906.9998213904,6847232.504435231,23,595.7894250000004
1,38,933906.9998213904,6847232.504435231,24,787.7605875638985
1,38,933906.9998213904,6847232.504435231,25,762.230699999999
1,38,933906.9998213904,6847232.504435231,26,787.7605875638985
1,38,933906.9998213904,6847232.504435231,27,644.3756550000004
1,38,933906.9998213904,6847232.504435231,34,576.8012250000061
1,38,933906.9998213904,6847232.504435231,35,641.6157825000006
1,38,933906.9998213904,6847232.504435231,36,787.7605875638985
1,38,933906.9998213904,6847232.504435231,37,762.230699999999
1,38,933906.9998213904,6847232.504435231,38,787.7605875638985
1,38,933906.9998213904,6847232.504435231,47,299.00581619365613
1,38,933906.9998213904,6847232.504435231,3,693.6479550000003
1,38,933906.9998213904,6847232.504435231,22,526.7146500000049
1,38,933906.9998213904,6847232.504435231,39,602.6657175000004
1,38,933906.9998213904,6847232.504435231,46,530.4741750000079
1,38,933906.9998213904,6847232.504435231,16,459.1991250000002
1,38,933906.9998213904,6847232.504435231,28,425.8658250000002
1,38,933906.9998213904,6847232.504435231,40,420.8069250000065
1,38,933906.9998213904,6847232.504435231,5,145.7898750000001
1,38,933906.9998213904,6847232.504435231,6,155.49220188446517
1,38,933906.9998213904,6847232.504435231,7,159.04350000000005
1,38,933906.9998213904,6847232.504435231,8,155.49220188446512
1,38,933906.9998213904,6847232.504435231,9,145.7898750000001
1,38,933906.9998213904,6847232.504435231,17,145.7898750000001
1,38,933906.9998213904,6847232.504435231,18,155.49220188446512
1,38,933906.9998213904,6847232.504435231,19,159.04350000000005
1,38,933906.9998213904,6847232.504435231,20,155.49220188446517
1,38,933906.9998213904,6847232.504435231,21,145.7898750000001
1,38,933906.9998213904,6847232.504435231,29,145.7898750000001
1,38,933906.9998213904,6847232.504435231,30,155.49220188446517
1,38,933906.9998213904,6847232.504435231,31,159.04350000000005
1,38,933906.9998213904,6847232.504435231,32,155.49220188446517
1,38,933906.9998213904,6847232.504435231,33,145.78987500000008
1,38,933906.9998213904,6847232.504435231,41,145.7898750000001
1,38,933906.9998213904,6847232.504435231,42,155.49220188446517
1,38,933906.9998213904,6847232.504435231,43,159.04350000000005
1,38,933906.9998213904,6847232.504435231,44,155.49220188446517
1,38,933906.9998213904,6847232.504435231,45,145.7898750000001
1,38,933906.9998213904,6847232.504435231,48,148.25569745042964
1,58,934045.0998212856,6847194.404435249,3,270.35835750000047
1,58,934045.0998212856,6847194.404435249,5,250.03440000000023
1,58,934045.0998212856,6847194.404435249,6,266.67420767636384
1,58,934045.0998212856,6847194.404435249,7,269.43840000000006
1,58,934045.0998212856,6847194.404435249,8,266.67420767636384
1,58,934045.0998212856,6847194.404435249,9,250.03440000000023
1,58,934045.0998212856,6847194.404435249,16,259.61512500000424
1,58,934045.0998212856,6847194.404435249,17,250.03440000000023
1,58,934045.0998212856,6847194.404435249,18,266.67420767636384
1,58,934045.0998212856,6847194.404435249,19,269.43840000000006
1,58,934045.0998212856,6847194.404435249,20,266.67420767636384
1,58,934045.0998212856,6847194.404435249,21,250.03440000000023
1,58,934045.0998212856,6847194.404435249,22,166.87440000000004
1,58,934045.0998212856,6847194.404435249,28,292.9484250000042
1,58,934045.0998212856,6847194.404435249,29,250.03440000000023
1,58,934045.0998212856,6847194.404435249,30,266.67420767636384
1,58,934045.0998212856,6847194.404435249,31,269.43840000000006
1,58,934045.0998212856,6847194.404435249,32,266.67420767636384
1,58,934045.0998212856,6847194.404435249,33,250.03440000000023
1,58,934045.0998212856,6847194.404435249,39,261.6265575000003
1,58,934045.0998212856,6847194.404435249,40,239.2235999999999
1,58,934045.0998212856,6847194.404435249,41,250.03440000000023
1,58,934045.0998212856,6847194.404435249,42,266.67420767636384
1,58,934045.0998212856,6847194.404435249,43,269.43840000000006
1,58,934045.0998212856,6847194.404435249,44,266.67420767636384
1,58,934045.0998212856,6847194.404435249,45,250.03440000000023
1,58,934045.0998212856,6847194.404435249,46,188.34007499999998
1,58,934045.0998212856,6847194.404435249,48,142.36844221834016
1,58,934045.0998212856,6847194.404435249,4,144.94095000000007
1,58,934045.0998212856,6847194.404435249,10,190.92149999999992
1,58,934045.0998212856,6847194.404435249,23,275.11407000000025
1,58,934045.0998212856,6847194.404435249,35,231.78251250000025
1,58,934045.0998212856,6847194.404435249,27,245.37917250000032
1,58,934045.0998212856,6847194.404435249,11,196.6682025000001
1,58,934045.0998212856,6847194.404435249,15,183.04035750000003
1,58,934045.0998212856,6847194.404435249,1,87.60906000000008
1,58,934045.0998212856,6847194.404435249,2,94.66878303863669
1,58,934045.0998212856,6847194.404435249,12,91.46015731603799
1,58,934045.0998212856,6847194.404435249,13,87.60906000000008
1,58,934045.0998212856,6847194.404435249,14,82.22103414159098
1,58,934045.0998212856,6847194.404435249,24,93.29365772895154
1,58,934045.0998212856,6847194.404435249,25,69.86826000000006
1,58,934045.0998212856,6847194.404435249,26,92.26231374668767
1,58,934045.0998212856,6847194.404435249,36,93.59446639044516
1,58,934045.0998212856,6847194.404435249,37,59.14062000000001
1,58,934045.0998212856,6847194.404435249,38,92.26231374668767
1,58,934045.0998212856,6847194.404435249,47,154.13186250000004
1,58,934045.0998212856,6847194.404435249,34,93.50302500000008
1,34,934604.4998208496,6848058.804434804,6,125.07910507846002
1,34,934604.4998208496,6848058.804434804,19,149.30685000000108
1,34,934604.4998208496,6848058.804434804,21,58.88767499999886
1,34,934604.4998208496,6848058.804434804,29,58.887674999999106
1,34,934604.4998208496,6848058.804434804,33,58.8876749999991
1,34,934604.4998208496,6848058.804434804,43,149.30685000000136
1,34,934604.4998208496,6848058.804434804,7,149.3068500000012
1,34,934604.4998208496,6848058.804434804,18,125.07910507846081
1,34,934604.4998208496,6848058.804434804,31,149.30685000000759
1,34,934604.4998208496,6848058.804434804,48,75.71006371737414
1,34,934604.4998208496,6848058.804434804,41,58.887674999999795
1,34,934604.4998208496,6848058.804434804,47,165.2631749999993
1,34,934604.4998208496,6848058.804434804,20,125.07910507846037
1,34,934604.4998208496,6848058.804434804,8,125.07910507846042
1,34,934604.4998208496,6848058.804434804,42,125.07910507846104
1,34,934604.4998208496,6848058.804434804,44,125.07910507846105
1,34,934604.4998208496,6848058.804434804,30,125.07910507846036
1,34,934604.4998208496,6848058.804434804,5,58.88767499999896
1,34,934604.4998208496,6848058.804434804,9,58.88767499999875
1,34,934604.4998208496,6848058.804434804,32,125.07910507846049
1,34,934604.4998208496,6848058.804434804,45,58.887674999998765
1,34,934604.4998208496,6848058.804434804,17,58.88767499999972
1,37,934585.699820864,6848050.504434808,1,674.2543499999987
1,37,934585.699820864,6848050.504434808,2,728.9443409792357
1,37,934585.699820864,6848050.504434808,3,813.7725750000013
1,37,934585.699820864,6848050.504434808,4,904.191749999999
1,37,934585.699820864,6848050.504434808,5,935.7232499999985
1,37,934585.699820864,6848050.504434808,7,935.7232500000015
1,37,934585.699820864,6848050.504434808,8,935.7232500000003
1,37,934585.699820864,6848050.504434808,9,935.7232499999981
1,37,934585.699820864,6848050.504434808,10,904.191749999999
1,37,934585.699820864,6848050.504434808,11,813.7725750000013
1,37,934585.699820864,6848050.504434808,12,728.9443409792357
1,37,934585.699820864,6848050.504434808,13,674.254349999999
1,37,934585.699820864,6848050.504434808,14,728.9443409792357
1,37,934585.699820864,6848050.504434808,15,813.7725750000013
1,37,934585.699820864,6848050.504434808,16,904.191749999999
1,37,934585.699820864,6848050.504434808,17,935.7232499999974
1,37,934585.699820864,6848050.504434808,18,935.7232500000003
1,37,934585.699820864,6848050.504434808,20,935.7232500000006
1,37,934585.699820864,6848050.504434808,22,904.191749999999
1,37,934585.699820864,6848050.504434808,23,813.7725750000013
1,37,934585.699820864,6848050.504434808,24,728.9443409792356
1,37,934585.699820864,6848050.504434808,25,674.2543499999987
1,37,934585.699820864,6848050.504434808,26,728.9443409792356
1,37,934585.699820864,6848050.504434808,27,813.7725750000013
1,37,934585.699820864,6848050.504434808,28,904.191749999999
1,37,934585.699820864,6848050.504434808,30,935.7232500000003
1,37,934585.699820864,6848050.504434808,31,935.7232500000007
1,37,934585.699820864,6848050.504434808,32,935.7232500000005
1,37,934585.699820864,6848050.504434808,34,904.191749999999
1,37,934585.699820864,6848050.504434808,35,813.7725750000013
1,37,934585.699820864,6848050.504434808,36,728.9443409792353
1,37,934585.699820864,6848050.504434808,37,674.2543499999988
1,37,934585.699820864,6848050.504434808,38,728.9443409792357
1,37,934585.699820864,6848050.504434808,39,813.7725750000013
1,37,934585.699820864,6848050.504434808,40,904.191749999999
1,37,934585.699820864,6848050.504434808,41,935.7232499999976
1,37,934585.699820864,6848050.504434808,42,935.7232500000007
1,37,934585.699820864,6848050.504434808,44,935.7232500000007
1,37,934585.699820864,6848050.504434808,45,935.7232499999984
1,37,934585.699820864,6848050.504434808,46,904.191749999999
1,37,934585.699820864,6848050.504434808,47,935.7232500000001
1,37,934585.699820864,6848050.504434808,48,935.7232499999991
1,37,934585.699820864,6848050.504434808,6,935.7232500000002
1,37,934585.699820864,6848050.504434808,21,935.723249999999
1,37,934585.699820864,6848050.504434808,29,935.723249999999
1,37,934585.699820864,6848050.504434808,33,935.7232499999984
1,37,934585.699820864,6848050.504434808,43,935.7232500000019
1,37,934585.699820864,6848050.504434808,19,935.723250000001
1,31,934107.899821243,6846671.504435516,1,133.12530000000035
1,31,934107.899821243,6846671.504435516,2,144.09486529020793
1,31,934107.899821243,6846671.504435516,3,174.06427500000018
1,31,934107.899821243,6846671.504435516,4,215.00324999999992
1,31,934107.899821243,6846671.504435516,5,425.2681125000002
1,31,934107.899821243,6846671.504435516,6,475.95765923524914
1,31,934107.899821243,6846671.504435516,7,485.96624999999915
1,31,934107.899821243,6846671.504435516,8,475.9576592352486
1,31,934107.899821243,6846671.504435516,9,425.2681125000002
1,31,934107.899821243,6846671.504435516,10,215.00324999999975
1,31,934107.899821243,6846671.504435516,11,174.06427500000015
1,31,934107.899821243,6846671.504435516,12,144.09486529020793
1,31,934107.899821243,6846671.504435516,13,133.12530000000035
1,31,934107.899821243,6846671.504435516,14,144.09486529020796
1,31,934107.899821243,6846671.504435516,15,174.06427500000015
1,31,934107.899821243,6846671.504435516,16,215.0032499999999
1,31,934107.899821243,6846671.504435516,17,425.2681125
1,31,934107.899821243,6846671.504435516,18,475.95765923524925
1,31,934107.899821243,6846671.504435516,19,485.9662499999991
1,31,934107.899821243,6846671.504435516,20,475.9576592352495
1,31,934107.899821243,6846671.504435516,21,425.2681125000001
1,31,934107.899821243,6846671.504435516,22,215.00324999999975
1,31,934107.899821243,6846671.504435516,23,174.06427500000015
1,31,934107.899821243,6846671.504435516,24,149.40163520850064
1,31,934107.899821243,6846671.504435516,25,133.12530000000038
1,31,934107.899821243,6846671.504435516,26,149.4016352085006
1,31,934107.899821243,6846671.504435516,27,174.06427500000015
1,31,934107.899821243,6846671.504435516,28,215.0032499999998
1,31,934107.899821243,6846671.504435516,29,425.2681125000006
1,31,934107.899821243,6846671.504435516,30,475.95765923524874
1,31,934107.899821243,6846671.504435516,31,485.9662499999989
1,31,934107.899821243,6846671.504435516,32,475.95765923524885
1,31,934107.899821243,6846671.504435516,33,425.26811250000026
1,31,934107.899821243,6846671.504435516,34,215.00324999999967
1,31,934107.899821243,6846671.504435516,35,174.06427500000015
1,31,934107.899821243,6846671.504435516,36,144.09486529020793
1,31,934107.899821243,6846671.504435516,37,133.12530000000035
1,31,934107.899821243,6846671.504435516,38,144.09486529020796
1,31,934107.899821243,6846671.504435516,39,174.06427500000015
1,31,934107.899821243,6846671.504435516,40,215.00324999999995
1,31,934107.899821243,6846671.504435516,41,425.2681125000002
1,31,934107.899821243,6846671.504435516,42,475.9576592352487
1,31,934107.899821243,6846671.504435516,43,485.966249999999
1,31,934107.899821243,6846671.504435516,44,475.9576592352491
1,31,934107.899821243,6846671.504435516,45,425.2681125000009
1,31,934107.899821243,6846671.504435516,46,215.0032499999998
1,31,934107.899821243,6846671.504435516,47,485.9662500000007
1,31,934107.899821243,6846671.504435516,48,444.7602845640745
1,23,933186.3998219331,6847949.604434876,1,333.4023000000005
1,23,933186.3998219331,6847949.604434876,2,344.5691596299596
1,23,933186.3998219331,6847949.604434876,3,375.0775875000004
1,23,933186.3998219331,6847949.604434876,4,416.7528749999997
1,23,933186.3998219331,6847949.604434876,5,458.42816250000027
1,23,933186.3998219331,6847949.604434876,6,488.93659037004
1,23,933186.3998219331,6847949.604434876,7,500.1034499999995
1,23,933186.3998219331,6847949.604434876,8,488.93659037004
1,23,933186.3998219331,6847949.604434876,9,458.42816250000027
1,23,933186.3998219331,6847949.604434876,10,416.7528749999997
1,23,933186.3998219331,6847949.604434876,11,375.0775875000004
1,23,933186.3998219331,6847949.604434876,12,344.5691596299595
1,23,933186.3998219331,6847949.604434876,13,333.4023000000005
1,23,933186.3998219331,6847949.604434876,14,344.5691596299596
1,23,933186.3998219331,6847949.604434876,15,375.07758750000033
1,23,933186.3998219331,6847949.604434876,16,416.7528749999997
1,23,933186.3998219331,6847949.604434876,17,458.4281625000003
1,23,933186.3998219331,6847949.604434876,18,488.93659037004
1,23,933186.3998219331,6847949.604434876,19,500.1034499999995
1,23,933186.3998219331,6847949.604434876,20,488.93659037004
1,23,933186.3998219331,6847949.604434876,21,458.4281625000003
1,23,933186.3998219331,6847949.604434876,22,416.7528749999997
1,23,933186.3998219331,6847949.604434876,23,375.0775875000004
1,23,933186.3998219331,6847949.604434876,24,344.5691596299596
1,23,933186.3998219331,6847949.604434876,25,333.4023000000004
1,23,933186.3998219331,6847949.604434876,26,344.5691596299596
1,23,933186.3998219331,6847949.604434876,27,375.0775875000004
1,23,933186.3998219331,6847949.604434876,28,416.7528749999997
1,23,933186.3998219331,6847949.604434876,29,458.4281625000003
1,23,933186.3998219331,6847949.604434876,30,488.93659037004
1,23,933186.3998219331,6847949.604434876,31,500.1034499999995
1,23,933186.3998219331,6847949.604434876,32,488.93659037004005
1,23,933186.3998219331,6847949.604434876,33,458.42816250000027
1,23,933186.3998219331,6847949.604434876,34,416.7528749999997
1,23,933186.3998219331,6847949.604434876,35,375.07758750000033
1,23,933186.3998219331,6847949.604434876,36,344.5691596299596
1,23,933186.3998219331,6847949.604434876,37,333.4023000000005
1,23,933186.3998219331,6847949.604434876,38,344.5691596299596
1,23,933186.3998219331,6847949.604434876,39,375.07758750000033
1,23,933186.3998219331,6847949.604434876,40,416.7528749999997
1,23,933186.3998219331,6847949.604434876,41,458.42816250000027
1,23,933186.3998219331,6847949.604434876,42,488.93659037004
1,23,933186.3998219331,6847949.604434876,43,500.1034499999995
1,23,933186.3998219331,6847949.604434876,44,488.93659037004
1,23,933186.3998219331,6847949.604434876,45,458.4281625000003
1,23,933186.3998219331,6847949.604434876,46,416.7528749999997
1,23,933186.3998219331,6847949.604434876,47,375.07758750000033
1,23,933186.3998219331,6847949.604434876,48,466.18180420523964
1,25,933734.0998215002,6849385.604434141,31,728.2737000000004
1,25,933734.0998215002,6849385.604434141,32,695.7990516768289
1,25,933734.0998215002,6849385.604434141,44,695.7990516768293
1,25,933734.0998215002,6849385.604434141,47,749.6614125000008
1,25,933734.0998215002,6849385.604434141,1,243.48555000000033
1,25,933734.0998215002,6849385.604434141,2,275.96019832317046
1,25,933734.0998215002,6849385.604434141,6,695.7990516768305
1,25,933734.0998215002,6849385.604434141,9,607.0766624999994
1,25,933734.0998215002,6849385.604434141,12,275.96019832317063
1,25,933734.0998215002,6849385.604434141,13,243.48555000000022
1,25,933734.0998215002,6849385.604434141,14,275.9601983231707
1,25,933734.0998215002,6849385.604434141,16,485.8796250000003
1,25,933734.0998215002,6849385.604434141,17,607.0766624999991
1,25,933734.0998215002,6849385.604434141,18,695.7990516768301
1,25,933734.0998215002,6849385.604434141,24,275.96019832317063
1,25,933734.0998215002,6849385.604434141,25,243.48555000000033
1,25,933734.0998215002,6849385.604434141,26,275.96019832317074
1,25,933734.0998215002,6849385.604434141,36,275.9601983231707
1,25,933734.0998215002,6849385.604434141,38,275.9601983231706
1,25,933734.0998215002,6849385.604434141,46,485.87962500000015
1,25,933734.0998215002,6849385.604434141,48,629.6252389078188
1,25,933734.0998215002,6849385.604434141,20,695.7990516768299
1,25,933734.0998215002,6849385.604434141,21,607.0766624999995
1,25,933734.0998215002,6849385.604434141,22,485.87962499999907
1,25,933734.0998215002,6849385.604434141,30,695.7990516768298
1,25,933734.0998215002,6849385.604434141,33,607.0766624999993
1,25,933734.0998215002,6849385.604434141,37,243.48554999999996
1,25,933734.0998215002,6849385.604434141,41,607.0766624999983
1,25,933734.0998215002,6849385.604434141,42,695.7990516768294
1,25,933734.0998215002,6849385.604434141,45,607.0766624999985
1,25,933734.0998215002,6849385.604434141,15,364.6825875000025
1,25,933734.0998215002,6849385.604434141,10,485.87962499999975
1,25,933734.0998215002,6849385.604434141,28,485.87962499999986
1,25,933734.0998215002,6849385.604434141,7,728.2737000000011
1,25,933734.0998215002,6849385.604434141,19,728.2737000000026
1,25,933734.0998215002,6849385.604434141,5,607.0766624999986
1,25,933734.0998215002,6849385.604434141,8,695.79905167683
1,25,933734.0998215002,6849385.604434141,34,485.8796249999998
1,25,933734.0998215002,6849385.604434141,3,364.6825875000019
1,25,933734.0998215002,6849385.604434141,4,485.8796249999992
1,25,933734.0998215002,6849385.604434141,11,364.6825875000021
1,25,933734.0998215002,6849385.604434141,23,364.68258750000155
1,25,933734.0998215002,6849385.604434141,27,364.6825875000019
1,25,933734.0998215002,6849385.604434141,29,607.0766624999985
1,25,933734.0998215002,6849385.604434141,35,364.6825875000015
1,25,933734.0998215002,6849385.604434141,39,364.6825875000019
1,25,933734.0998215002,6849385.604434141,40,485.879625
1,25,933734.0998215002,6849385.604434141,43,728.2737000000017
1,78,933743.3998214928,6849429.204434117,1,726.09075
1,78,933743.3998214928,6849429.204434117,2,726.0907499999995
1,78,933743.3998214928,6849429.204434117,3,726.0907499999995
1,78,933743.3998214928,6849429.204434117,4,726.0907499999998
1,78,933743.3998214928,6849429.204434117,5,726.0907499999997
1,78,933743.3998214928,6849429.204434117,6,726.0907499999987
1,78,933743.3998214928,6849429.204434117,7,726.0907500000011
1,78,933743.3998214928,6849429.204434117,8,726.0907499999995
1,78,933743.3998214928,6849429.204434117,9,726.0907500000002
1,78,933743.3998214928,6849429.204434117,10,726.0907499999996
1,78,933743.3998214928,6849429.204434117,11,726.09075
1,78,933743.3998214928,6849429.204434117,12,726.0907499999994
1,78,933743.3998214928,6849429.204434117,13,726.0907500000001
1,78,933743.3998214928,6849429.204434117,14,726.0907499999994
1,78,933743.3998214928,6849429.204434117,15,726.0907499999993
1,78,933743.3998214928,6849429.204434117,16,726.0907499999993
1,78,933743.3998214928,6849429.204434117,17,726.0907499999996
1,78,933743.3998214928,6849429.204434117,18,726.0907499999989
1,78,933743.3998214928,6849429.204434117,19,726.090749999997
1,78,933743.3998214928,6849429.204434117,20,726.0907499999996
1,78,933743.3998214928,6849429.204434117,21,726.0907499999988
1,78,933743.3998214928,6849429.204434117,22,726.0907499999996
1,78,933743.3998214928,6849429.204434117,23,726.0907499999994
1,78,933743.3998214928,6849429.204434117,24,726.0907499999994
1,78,933743.3998214928,6849429.204434117,25,726.09075
1,78,933743.3998214928,6849429.204434117,26,726.0907499999994
1,78,933743.3998214928,6849429.204434117,27,726.0907499999995
1,78,933743.3998214928,6849429.204434117,28,726.0907499999993
1,78,933743.3998214928,6849429.204434117,29,726.0907499999996
1,78,933743.3998214928,6849429.204434117,30,726.0907499999994
1,78,933743.3998214928,6849429.204434117,33,726.0907499999992
1,78,933743.3998214928,6849429.204434117,34,726.0907499999993
1,78,933743.3998214928,6849429.204434117,35,726.0907499999997
1,78,933743.3998214928,6849429.204434117,36,726.0907499999994
1,78,933743.3998214928,6849429.204434117,37,726.0907499999998
1,78,933743.3998214928,6849429.204434117,38,726.0907499999994
1,78,933743.3998214928,6849429.204434117,39,726.0907499999994
1,78,933743.3998214928,6849429.204434117,40,726.090749999999
1,78,933743.3998214928,6849429.204434117,41,726.0907500000006
1,78,933743.3998214928,6849429.204434117,42,726.0907500000001
1,78,933743.3998214928,6849429.204434117,43,726.0907500000001
1,78,933743.3998214928,6849429.204434117,45,726.0907500000001
1,78,933743.3998214928,6849429.204434117,46,726.0907499999994
1,78,933743.3998214928,6849429.204434117,48,726.0907499999975
1,78,933743.3998214928,6849429.204434117,32,726.0907500000005
1,78,933743.3998214928,6849429.204434117,31,726.0907499999997
1,78,933743.3998214928,6849429.204434117,44,726.0907500000001
1,78,933743.3998214928,6849429.204434117,47,726.09075
1,47,934432.7998209777,6848335.404434666,1,115.45380000000011
1,47,934432.7998209777,6848335.404434666,2,119.32076905913803
1,47,934432.7998209777,6848335.404434666,3,129.885525
1,47,934432.7998209777,6848335.404434666,4,144.31725000000006
1,47,934432.7998209777,6848335.404434666,5,158.74897500000012
1,47,934432.7998209777,6848335.404434666,6,169.3137309408621
1,47,934432.7998209777,6848335.404434666,7,122.24520000000005
1,47,934432.7998209777,6848335.404434666,8,169.3137309408621
1,47,934432.7998209777,6848335.404434666,9,158.74897500000012
1,47,934432.7998209777,6848335.404434666,10,144.3172500000001
1,47,934432.7998209777,6848335.404434666,11,129.885525
1,47,934432.7998209777,6848335.404434666,12,119.32076905913802
1,47,934432.7998209777,6848335.404434666,13,115.45380000000011
1,47,934432.7998209777,6848335.404434666,14,119.32076905913803
1,47,934432.7998209777,6848335.404434666,15,129.885525
1,47,934432.7998209777,6848335.404434666,16,144.31725000000006
1,47,934432.7998209777,6848335.404434666,17,158.74897500000012
1,47,934432.7998209777,6848335.404434666,18,169.3137309408621
1,47,934432.7998209777,6848335.404434666,19,122.24520000000007
1,47,934432.7998209777,6848335.404434666,20,169.3137309408621
1,47,934432.7998209777,6848335.404434666,21,158.74897500000014
1,47,934432.7998209777,6848335.404434666,22,144.3172500000001
1,47,934432.7998209777,6848335.404434666,23,129.885525
1,47,934432.7998209777,6848335.404434666,24,119.32076905913803
1,47,934432.7998209777,6848335.404434666,25,115.45380000000013
1,47,934432.7998209777,6848335.404434666,26,119.32076905913803
1,47,934432.7998209777,6848335.404434666,27,129.885525
1,47,934432.7998209777,6848335.404434666,28,144.3172500000001
1,47,934432.7998209777,6848335.404434666,29,158.74897500000014
1,47,934432.7998209777,6848335.404434666,30,169.3137309408621
1,47,934432.7998209777,6848335.404434666,31,122.24520000000007
1,47,934432.7998209777,6848335.404434666,32,169.3137309408621
1,47,934432.7998209777,6848335.404434666,33,158.74897500000014
1,47,934432.7998209777,6848335.404434666,34,144.31725000000006
1,47,934432.7998209777,6848335.404434666,35,129.88552500000003
1,47,934432.7998209777,6848335.404434666,36,119.32076905913803
1,47,934432.7998209777,6848335.404434666,37,115.45380000000013
1,47,934432.7998209777,6848335.404434666,38,119.32076905913803
1,47,934432.7998209777,6848335.404434666,39,129.88552500000003
1,47,934432.7998209777,6848335.404434666,40,144.3172500000001
1,47,934432.7998209777,6848335.404434666,41,158.74897500000014
1,47,934432.7998209777,6848335.404434666,42,169.3137309408621
1,47,934432.7998209777,6848335.404434666,43,122.24520000000005
1,47,934432.7998209777,6848335.404434666,44,169.3137309408621
1,47,934432.7998209777,6848335.404434666,45,158.74897500000014
1,47,934432.7998209777,6848335.404434666,46,144.3172500000001
1,47,934432.7998209777,6848335.404434666,47,129.885525
1,47,934432.7998209777,6848335.404434666,48,161.43398166824556
1,39,932773.3998222386,6848897.604434397,1,211.53825000000012
1,39,932773.3998222386,6848897.604434397,2,211.53825
1,39,932773.3998222386,6848897.604434397,3,211.53825000000018
1,39,932773.3998222386,6848897.604434397,4,211.5382499999999
1,39,932773.3998222386,6848897.604434397,5,211.53825000000023
1,39,932773.3998222386,6848897.604434397,6,211.5382500000001
1,39,932773.3998222386,6848897.604434397,7,211.53825000000012
1,39,932773.3998222386,6848897.604434397,8,211.53825000000015
1,39,932773.3998222386,6848897.604434397,9,211.53825000000018
1,39,932773.3998222386,6848897.604434397,10,211.53824999999992
1,39,932773.3998222386,6848897.604434397,11,211.53825000000015
1,39,932773.3998222386,6848897.604434397,12,211.5382500000001
1,39,932773.3998222386,6848897.604434397,13,211.53825000000015
1,39,932773.3998222386,6848897.604434397,14,211.53825
1,39,932773.3998222386,6848897.604434397,15,211.53825000000015
1,39,932773.3998222386,6848897.604434397,16,211.53824999999986
1,39,932773.3998222386,6848897.604434397,17,211.53825000000026
1,39,932773.3998222386,6848897.604434397,18,211.53825000000003
1,39,932773.3998222386,6848897.604434397,19,211.53825000000006
1,39,932773.3998222386,6848897.604434397,20,211.53825000000003
1,39,932773.3998222386,6848897.604434397,21,211.5382500000002
1,39,932773.3998222386,6848897.604434397,22,211.53824999999992
1,39,932773.3998222386,6848897.604434397,23,211.53825000000018
1,39,932773.3998222386,6848897.604434397,24,211.53825000000012
1,39,932773.3998222386,6848897.604434397,25,211.53825000000015
1,39,932773.3998222386,6848897.604434397,26,211.53825000000006
1,39,932773.3998222386,6848897.604434397,27,211.53825000000012
1,39,932773.3998222386,6848897.604434397,28,211.53824999999983
1,39,932773.3998222386,6848897.604434397,29,211.53825000000015
1,39,932773.3998222386,6848897.604434397,30,211.53825000000003
1,39,932773.3998222386,6848897.604434397,31,211.5382500000001
1,39,932773.3998222386,6848897.604434397,32,211.5382500000001
1,39,932773.3998222386,6848897.604434397,33,211.5382500000001
1,39,932773.3998222386,6848897.604434397,34,211.53824999999998
1,39,932773.3998222386,6848897.604434397,35,211.5382500000002
1,39,932773.3998222386,6848897.604434397,36,211.5382500000001
1,39,932773.3998222386,6848897.604434397,37,211.53825000000003
1,39,932773.3998222386,6848897.604434397,38,211.53825
1,39,932773.3998222386,6848897.604434397,39,211.53825000000012
1,39,932773.3998222386,6848897.604434397,40,211.5382499999999
1,39,932773.3998222386,6848897.604434397,41,211.53825000000015
1,39,932773.3998222386,6848897.604434397,42,211.53824999999998
1,39,932773.3998222386,6848897.604434397,43,211.53825000000003
1,39,932773.3998222386,6848897.604434397,44,211.53825000000003
1,39,932773.3998222386,6848897.604434397,45,211.53825000000026
1,39,932773.3998222386,6848897.604434397,46,211.53824999999995
1,39,932773.3998222386,6848897.604434397,47,211.53825000000015
1,39,932773.3998222386,6848897.604434397,48,211.53825000000003
1,17,934313.499821071,6848126.304434771,1,958.5922499999997
1,17,934313.499821071,6848126.304434771,2,958.5922499999996
1,17,934313.499821071,6848126.304434771,3,958.5922500000015
1,17,934313.499821071,6848126.304434771,4,958.5922500000004
1,17,934313.499821071,6848126.304434771,5,958.5922500000005
1,17,934313.499821071,6848126.304434771,6,958.592250000001
1,17,934313.499821071,6848126.304434771,7,958.5922500000021
1,17,934313.499821071,6848126.304434771,8,958.592250000001
1,17,934313.499821071,6848126.304434771,9,958.5922500000001
1,17,934313.499821071,6848126.304434771,10,958.59225
1,17,934313.499821071,6848126.304434771,11,958.5922500000015
1,17,934313.499821071,6848126.304434771,12,958.5922499999995
1,17,934313.499821071,6848126.304434771,13,958.5922499999995
1,17,934313.499821071,6848126.304434771,14,958.5922499999994
1,17,934313.499821071,6848126.304434771,15,958.5922500000016
1,17,934313.499821071,6848126.304434771,16,958.5922499999997
1,17,934313.499821071,6848126.304434771,17,958.5922500000004
1,17,934313.499821071,6848126.304434771,18,958.5922500000011
1,17,934313.499821071,6848126.304434771,19,958.5922500000016
1,17,934313.499821071,6848126.304434771,20,958.5922500000014
1,17,934313.499821071,6848126.304434771,21,958.5922500000003
1,17,934313.499821071,6848126.304434771,22,958.5922500000006
1,17,934313.499821071,6848126.304434771,23,958.5922500000013
1,17,934313.499821071,6848126.304434771,24,958.5922499999996
1,17,934313.499821071,6848126.304434771,25,958.5922499999998
1,17,934313.499821071,6848126.304434771,26,958.5922499999996
1,17,934313.499821071,6848126.304434771,27,958.5922500000015
1,17,934313.499821071,6848126.304434771,28,958.5922500000001
1,17,934313.499821071,6848126.304434771,29,958.5922500000005
1,17,934313.499821071,6848126.304434771,30,958.5922500000014
1,17,934313.499821071,6848126.304434771,31,958.592250000002
1,17,934313.499821071,6848126.304434771,32,958.5922500000011
1,17,934313.499821071,6848126.304434771,33,958.5922500000003
1,17,934313.499821071,6848126.304434771,34,958.592250000001
1,17,934313.499821071,6848126.304434771,35,958.5922500000017
1,17,934313.499821071,6848126.304434771,36,958.59225
1,17,934313.499821071,6848126.304434771,37,958.5922499999997
1,17,934313.499821071,6848126.304434771,38,958.5922499999995
1,17,934313.499821071,6848126.304434771,39,958.592250000002
1,17,934313.499821071,6848126.304434771,40,958.59225
1,17,934313.499821071,6848126.304434771,41,958.5922500000008
1,17,934313.499821071,6848126.304434771,42,958.5922500000008
1,17,934313.499821071,6848126.304434771,43,958.5922500000016
1,17,934313.499821071,6848126.304434771,44,958.5922500000014
1,17,934313.499821071,6848126.304434771,45,958.5922499999998
1,17,934313.499821071,6848126.304434771,46,958.5922500000001
1,17,934313.499821071,6848126.304434771,47,958.5922500000015
1,17,934313.499821071,6848126.304434771,48,958.5922499999996
1,79,934635.7998208292,6847723.804434974,1,766.9430999999983
1,79,934635.7998208292,6847723.804434974,2,792.6308230356998
1,79,934635.7998208292,6847723.804434974,3,862.8109875000009
1,79,934635.7998208292,6847723.804434974,4,958.6788749999998
1,79,934635.7998208292,6847723.804434974,5,1054.5467624999974
1,79,934635.7998208292,6847723.804434974,6,1124.7269269642977
1,79,934635.7998208292,6847723.804434974,7,1123.3876500000094
1,79,934635.7998208292,6847723.804434974,8,1124.7269269642977
1,79,934635.7998208292,6847723.804434974,9,1054.5467624999974
1,79,934635.7998208292,6847723.804434974,10,958.6788749999998
1,79,934635.7998208292,6847723.804434974,11,862.8109875000009
1,79,934635.7998208292,6847723.804434974,12,792.6308230356998
1,79,934635.7998208292,6847723.804434974,13,766.9430999999983
1,79,934635.7998208292,6847723.804434974,14,792.6308230356998
1,79,934635.7998208292,6847723.804434974,15,862.8109875000008
1,79,934635.7998208292,6847723.804434974,16,958.6788749999998
1,79,934635.7998208292,6847723.804434974,17,1054.5467624999974
1,79,934635.7998208292,6847723.804434974,18,1124.7269269642977
1,79,934635.7998208292,6847723.804434974,19,1123.387650000005
1,79,934635.7998208292,6847723.804434974,20,1124.726926964298
1,79,934635.7998208292,6847723.804434974,21,1054.5467624999974
1,79,934635.7998208292,6847723.804434974,22,958.6788749999998
1,79,934635.7998208292,6847723.804434974,23,862.8109875000009
1,79,934635.7998208292,6847723.804434974,24,792.6308230356998
1,79,934635.7998208292,6847723.804434974,25,766.9430999999983
1,79,934635.7998208292,6847723.804434974,26,792.6308230356998
1,79,934635.7998208292,6847723.804434974,27,862.8109875000009
1,79,934635.7998208292,6847723.804434974,28,958.6788749999998
1,79,934635.7998208292,6847723.804434974,29,1054.5467624999974
1,79,934635.7998208292,6847723.804434974,30,1124.7269269642977
1,79,934635.7998208292,6847723.804434974,31,1123.3876500000085
1,79,934635.7998208292,6847723.804434974,32,1124.7269269642977
1,79,934635.7998208292,6847723.804434974,33,1054.5467624999974
1,79,934635.7998208292,6847723.804434974,34,958.6788749999998
1,79,934635.7998208292,6847723.804434974,35,862.8109875000009
1,79,934635.7998208292,6847723.804434974,36,792.6308230356998
1,79,934635.7998208292,6847723.804434974,37,766.9430999999981
1,79,934635.7998208292,6847723.804434974,38,792.6308230356998
1,79,934635.7998208292,6847723.804434974,39,862.8109875000009
1,79,934635.7998208292,6847723.804434974,40,958.6788749999998
1,79,934635.7998208292,6847723.804434974,41,1054.5467624999974
1,79,934635.7998208292,6847723.804434974,42,1124.7269269642977
1,79,934635.7998208292,6847723.804434974,43,1123.387650000007
1,79,934635.7998208292,6847723.804434974,44,1124.7269269642977
1,79,934635.7998208292,6847723.804434974,45,1054.5467624999974
1,79,934635.7998208292,6847723.804434974,46,958.6788749999998
1,79,934635.7998208292,6847723.804434974,47,862.8109875000009
1,79,934635.7998208292,6847723.804434974,48,1072.3828782247715
1,12,933061.759090488,6845988.289810399,1,485.96625
1,12,933061.759090488,6845988.289810399,2,485.96624999999983
1,12,933061.759090488,6845988.289810399,3,485.96625000000034
1,12,933061.759090488,6845988.289810399,4,485.96624999999983
1,12,933061.759090488,6845988.289810399,5,485.96625
1,12,933061.759090488,6845988.289810399,6,485.9662499999999
1,12,933061.759090488,6845988.289810399,7,485.96624999999995
1,12,933061.759090488,6845988.289810399,8,485.96625000000034
1,12,933061.759090488,6845988.289810399,9,485.9662499999999
1,12,933061.759090488,6845988.289810399,10,485.96624999999983
1,12,933061.759090488,6845988.289810399,11,485.96624999999995
1,12,933061.759090488,6845988.289810399,12,485.96625
1,12,933061.759090488,6845988.289810399,13,485.96624999999995
1,12,933061.759090488,6845988.289810399,14,485.9662499999998
1,12,933061.759090488,6845988.289810399,15,485.9662500000003
1,12,933061.759090488,6845988.289810399,16,485.96624999999983
1,12,933061.759090488,6845988.289810399,17,485.96625000000006
1,12,933061.759090488,6845988.289810399,18,485.96624999999995
1,12,933061.759090488,6845988.289810399,19,485.9662499999997
1,12,933061.759090488,6845988.289810399,20,485.96624999999983
1,12,933061.759090488,6845988.289810399,21,485.9662499999997
1,12,933061.759090488,6845988.289810399,22,485.9662499999997
1,12,933061.759090488,6845988.289810399,23,485.9662500000001
1,12,933061.759090488,6845988.289810399,24,485.96625
1,12,933061.759090488,6845988.289810399,25,485.96624999999983
1,12,933061.759090488,6845988.289810399,26,485.96624999999995
1,12,933061.759090488,6845988.289810399,27,485.9662500000004
1,12,933061.759090488,6845988.289810399,28,485.96624999999983
1,12,933061.759090488,6845988.289810399,29,485.96625000000006
1,12,933061.759090488,6845988.289810399,30,485.9662499999999
1,12,933061.759090488,6845988.289810399,31,485.9662499999995
1,12,933061.759090488,6845988.289810399,32,485.96624999999995
1,12,933061.759090488,6845988.289810399,33,485.96624999999995
1,12,933061.759090488,6845988.289810399,34,485.9662499999997
1,12,933061.759090488,6845988.289810399,35,485.96625000000023
1,12,933061.759090488,6845988.289810399,36,485.96625
1,12,933061.759090488,6845988.289810399,37,485.9662499999997
1,12,933061.759090488,6845988.289810399,38,485.96625
1,12,933061.759090488,6845988.289810399,39,485.9662500000004
1,12,933061.759090488,6845988.289810399,40,485.9662499999998
1,12,933061.759090488,6845988.289810399,41,485.9662499999999
1,12,933061.759090488,6845988.289810399,42,485.9662500000002
1,12,933061.759090488,6845988.289810399,43,485.9662500000001
1,12,933061.759090488,6845988.289810399,44,485.96625
1,12,933061.759090488,6845988.289810399,45,485.96625
1,12,933061.759090488,6845988.289810399,46,485.9662499999999
1,12,933061.759090488,6845988.289810399,47,485.9662500000002
1,12,933061.759090488,6845988.289810399,48,485.96625
1,60,933867.5998214042,6848816.004434429,1,109.56330000000004
1,60,933867.5998214042,6848816.004434429,2,113.2329747193861
1,60,933867.5998214042,6848816.004434429,3,185.77597500000078
1,60,933867.5998214042,6848816.004434429,4,353.9497499999985
1,60,933867.5998214042,6848816.004434429,5,473.1804000000026
1,60,933867.5998214042,6848816.004434429,6,113.41784137455105
1,60,933867.5998214042,6848816.004434429,7,118.57229999999907
1,60,933867.5998214042,6848816.004434429,8,113.41784137455103
1,60,933867.5998214042,6848816.004434429,9,473.18040000000263
1,60,933867.5998214042,6848816.004434429,10,353.94974999999835
1,60,933867.5998214042,6848816.004434429,11,185.77597500000022
1,60,933867.5998214042,6848816.004434429,12,113.2329747193861
1,60,933867.5998214042,6848816.004434429,13,109.56330000000004
1,60,933867.5998214042,6848816.004434429,14,113.23297471938609
1,60,933867.5998214042,6848816.004434429,15,185.77597500000024
1,60,933867.5998214042,6848816.004434429,16,353.9497499999986
1,60,933867.5998214042,6848816.004434429,17,473.18040000000434
1,60,933867.5998214042,6848816.004434429,18,113.41784137455103
1,60,933867.5998214042,6848816.004434429,19,118.57229999999907
1,60,933867.5998214042,6848816.004434429,20,113.41784137455105
1,60,933867.5998214042,6848816.004434429,21,473.1804000000018
1,60,933867.5998214042,6848816.004434429,22,353.94974999999823
1,60,933867.5998214042,6848816.004434429,23,185.77597500000022
1,60,933867.5998214042,6848816.004434429,24,113.2329747193861
1,60,933867.5998214042,6848816.004434429,25,109.56330000000004
1,60,933867.5998214042,6848816.004434429,26,113.2329747193861
1,60,933867.5998214042,6848816.004434429,27,185.77597500000022
1,60,933867.5998214042,6848816.004434429,28,353.949749999999
1,60,933867.5998214042,6848816.004434429,29,473.1804000000032
1,60,933867.5998214042,6848816.004434429,30,113.41784137455105
1,60,933867.5998214042,6848816.004434429,31,118.57229999999933
1,60,933867.5998214042,6848816.004434429,32,113.41784137455105
1,60,933867.5998214042,6848816.004434429,33,473.18040000000053
1,60,933867.5998214042,6848816.004434429,34,353.9497499999982
1,60,933867.5998214042,6848816.004434429,35,185.77597500000016
1,60,933867.5998214042,6848816.004434429,36,113.23297471938609
1,60,933867.5998214042,6848816.004434429,37,109.56330000000004
1,60,933867.5998214042,6848816.004434429,38,113.23297471938609
1,60,933867.5998214042,6848816.004434429,39,185.77597500000022
1,60,933867.5998214042,6848816.004434429,40,353.94974999999846
1,60,933867.5998214042,6848816.004434429,41,473.1804000000014
1,60,933867.5998214042,6848816.004434429,42,113.41784137455105
1,60,933867.5998214042,6848816.004434429,43,118.57229999999963
1,60,933867.5998214042,6848816.004434429,44,113.41784137455106
1,60,933867.5998214042,6848816.004434429,45,473.18039999999934
1,60,933867.5998214042,6848816.004434429,46,353.94974999999835
1,60,933867.5998214042,6848816.004434429,47,185.77597500000033
1,60,933867.5998214042,6848816.004434429,48,361.1772646960398
1,28,933302.5998218316,6849201.904434238,10,280.14524999999935
1,28,933302.5998218316,6849201.904434238,11,267.8185125000013
1,28,933302.5998218316,6849201.904434238,17,280.1452499999999
1,28,933302.5998218316,6849201.904434238,18,280.14525000000003
1,28,933302.5998218316,6849201.904434238,20,280.14525000000003
1,28,933302.5998218316,6849201.904434238,21,280.1452499999999
1,28,933302.5998218316,6849201.904434238,28,280.1452499999996
1,28,933302.5998218316,6849201.904434238,39,267.8185125000013
1,28,933302.5998218316,6849201.904434238,40,280.1452499999994
1,28,933302.5998218316,6849201.904434238,41,280.14525000000003
1,28,933302.5998218316,6849201.904434238,42,280.1452499999999
1,28,933302.5998218316,6849201.904434238,46,280.14524999999946
1,28,933302.5998218316,6849201.904434238,27,267.81851250000136
1,28,933302.5998218316,6849201.904434238,29,280.14525
1,28,933302.5998218316,6849201.904434238,31,280.1452499999998
1,28,933302.5998218316,6849201.904434238,43,280.1452499999998
1,28,933302.5998218316,6849201.904434238,45,280.14525
1,28,933302.5998218316,6849201.904434238,3,267.8185125000015
1,28,933302.5998218316,6849201.904434238,23,267.81851250000136
1,28,933302.5998218316,6849201.904434238,1,202.6332000000003
1,28,933302.5998218316,6849201.904434238,2,209.42012528746693
1,28,933302.5998218316,6849201.904434238,4,280.1452499999995
1,28,933302.5998218316,6849201.904434238,5,280.1452499999999
1,28,933302.5998218316,6849201.904434238,6,280.14525000000015
1,28,933302.5998218316,6849201.904434238,7,280.14524999999986
1,28,933302.5998218316,6849201.904434238,8,280.1452500000001
1,28,933302.5998218316,6849201.904434238,9,280.14525
1,28,933302.5998218316,6849201.904434238,12,209.42012528746693
1,28,933302.5998218316,6849201.904434238,13,202.63320000000027
1,28,933302.5998218316,6849201.904434238,14,209.42012528746693
1,28,933302.5998218316,6849201.904434238,15,267.81851250000153
1,28,933302.5998218316,6849201.904434238,16,280.1452499999994
1,28,933302.5998218316,6849201.904434238,19,280.1452499999997
1,28,933302.5998218316,6849201.904434238,22,280.1452499999994
1,28,933302.5998218316,6849201.904434238,24,209.4201252874669
1,28,933302.5998218316,6849201.904434238,25,202.63320000000027
1,28,933302.5998218316,6849201.904434238,26,209.42012528746693
1,28,933302.5998218316,6849201.904434238,30,280.1452500000001
1,28,933302.5998218316,6849201.904434238,32,280.1452499999999
1,28,933302.5998218316,6849201.904434238,33,280.14525
1,28,933302.5998218316,6849201.904434238,34,280.14524999999946
1,28,933302.5998218316,6849201.904434238,35,267.8185125000014
1,28,933302.5998218316,6849201.904434238,36,209.4201252874669
1,28,933302.5998218316,6849201.904434238,37,202.6332000000003
1,28,933302.5998218316,6849201.904434238,38,209.42012528746693
1,28,933302.5998218316,6849201.904434238,44,280.14525
1,28,933302.5998218316,6849201.904434238,47,280.1452500000002
1,28,933302.5998218316,6849201.904434238,48,280.14525000000003
1,33,933229.2998218873,6849228.104434224,19,455.4742499999998
1,33,933229.2998218873,6849228.104434224,22,455.4742499999998
1,33,933229.2998218873,6849228.104434224,24,455.4742499999997
1,33,933229.2998218873,6849228.104434224,27,455.4742499999997
1,33,933229.2998218873,6849228.104434224,29,455.47424999999987
1,33,933229.2998218873,6849228.104434224,32,455.47424999999964
1,33,933229.2998218873,6849228.104434224,34,455.47424999999976
1,33,933229.2998218873,6849228.104434224,36,455.4742499999997
1,33,933229.2998218873,6849228.104434224,37,455.47424999999987
1,33,933229.2998218873,6849228.104434224,38,455.4742499999997
1,33,933229.2998218873,6849228.104434224,43,455.47424999999976
1,33,933229.2998218873,6849228.104434224,48,455.4742499999996
1,33,933229.2998218873,6849228.104434224,5,455.4742499999997
1,33,933229.2998218873,6849228.104434224,8,455.4742499999996
1,33,933229.2998218873,6849228.104434224,9,455.4742499999999
1,33,933229.2998218873,6849228.104434224,11,455.4742499999997
1,33,933229.2998218873,6849228.104434224,13,455.47424999999987
1,33,933229.2998218873,6849228.104434224,14,455.47424999999964
1,33,933229.2998218873,6849228.104434224,18,455.47424999999964
1,33,933229.2998218873,6849228.104434224,25,455.47424999999987
1,33,933229.2998218873,6849228.104434224,30,455.47425000000004
1,33,933229.2998218873,6849228.104434224,35,455.47424999999964
1,33,933229.2998218873,6849228.104434224,1,455.47424999999987
1,33,933229.2998218873,6849228.104434224,2,455.47424999999953
1,33,933229.2998218873,6849228.104434224,10,455.47424999999976
1,33,933229.2998218873,6849228.104434224,12,455.47424999999953
1,33,933229.2998218873,6849228.104434224,17,455.47424999999976
1,33,933229.2998218873,6849228.104434224,21,455.47425000000004
1,33,933229.2998218873,6849228.104434224,26,455.47424999999964
1,33,933229.2998218873,6849228.104434224,41,455.4742499999999
1,33,933229.2998218873,6849228.104434224,3,455.4742499999997
1,33,933229.2998218873,6849228.104434224,4,455.47424999999987
1,33,933229.2998218873,6849228.104434224,6,455.4742499999998
1,33,933229.2998218873,6849228.104434224,7,455.4742499999997
1,33,933229.2998218873,6849228.104434224,15,455.47424999999976
1,33,933229.2998218873,6849228.104434224,16,455.47425000000004
1,33,933229.2998218873,6849228.104434224,20,455.4742499999998
1,33,933229.2998218873,6849228.104434224,23,455.4742499999998
1,33,933229.2998218873,6849228.104434224,28,455.4742499999998
1,33,933229.2998218873,6849228.104434224,31,455.4742499999998
1,33,933229.2998218873,6849228.104434224,33,455.47424999999976
1,33,933229.2998218873,6849228.104434224,39,455.4742499999997
1,33,933229.2998218873,6849228.104434224,40,455.4742499999999
1,33,933229.2998218873,6849228.104434224,42,455.4742499999997
1,33,933229.2998218873,6849228.104434224,44,455.47424999999976
1,33,933229.2998218873,6849228.104434224,45,455.47424999999976
1,33,933229.2998218873,6849228.104434224,46,455.4742499999999
1,33,933229.2998218873,6849228.104434224,47,455.47424999999976
1,73,933230.5998218857,6849269.904434204,1,318.53745000000055
1,73,933230.5998218857,6849269.904434204,2,344.46192624340557
1,73,933230.5998218857,6849269.904434204,3,375.43274999999966
1,73,933230.5998218857,6849269.904434204,4,375.43274999999994
1,73,933230.5998218857,6849269.904434204,5,375.4327499999997
1,73,933230.5998218857,6849269.904434204,6,375.4327499999999
1,73,933230.5998218857,6849269.904434204,7,375.43275
1,73,933230.5998218857,6849269.904434204,8,375.43274999999994
1,73,933230.5998218857,6849269.904434204,9,375.43274999999977
1,73,933230.5998218857,6849269.904434204,12,344.46192624340557
1,73,933230.5998218857,6849269.904434204,13,318.53745000000055
1,73,933230.5998218857,6849269.904434204,14,344.4619262434053
1,73,933230.5998218857,6849269.904434204,15,375.43274999999966
1,73,933230.5998218857,6849269.904434204,16,375.4327499999998
1,73,933230.5998218857,6849269.904434204,23,375.43274999999977
1,73,933230.5998218857,6849269.904434204,25,318.53745000000055
1,73,933230.5998218857,6849269.904434204,26,344.4619262434055
1,73,933230.5998218857,6849269.904434204,30,375.43274999999994
1,73,933230.5998218857,6849269.904434204,31,375.43274999999994
1,73,933230.5998218857,6849269.904434204,33,375.4327499999998
1,73,933230.5998218857,6849269.904434204,35,375.43274999999977
1,73,933230.5998218857,6849269.904434204,44,375.4327499999999
1,73,933230.5998218857,6849269.904434204,45,375.43274999999977
1,73,933230.5998218857,6849269.904434204,47,375.43274999999977
1,73,933230.5998218857,6849269.904434204,19,375.4327499999998
1,73,933230.5998218857,6849269.904434204,20,375.43274999999994
1,73,933230.5998218857,6849269.904434204,22,375.4327499999999
1,73,933230.5998218857,6849269.904434204,24,344.4619262434054
1,73,933230.5998218857,6849269.904434204,32,375.43274999999994
1,73,933230.5998218857,6849269.904434204,34,375.4327499999998
1,73,933230.5998218857,6849269.904434204,36,344.4619262434054
1,73,933230.5998218857,6849269.904434204,37,318.53745000000055
1,73,933230.5998218857,6849269.904434204,38,344.4619262434054
1,73,933230.5998218857,6849269.904434204,39,375.4327499999998
1,73,933230.5998218857,6849269.904434204,42,375.43274999999977
1,73,933230.5998218857,6849269.904434204,48,375.43275000000017
1,73,933230.5998218857,6849269.904434204,11,375.43274999999977
1,73,933230.5998218857,6849269.904434204,18,375.4327499999998
1,73,933230.5998218857,6849269.904434204,27,375.4327499999998
1,73,933230.5998218857,6849269.904434204,40,375.4327499999997
1,73,933230.5998218857,6849269.904434204,46,375.43274999999994
1,73,933230.5998218857,6849269.904434204,21,375.43274999999966
1,73,933230.5998218857,6849269.904434204,10,375.43274999999994
1,73,933230.5998218857,6849269.904434204,17,375.4327499999997
1,73,933230.5998218857,6849269.904434204,41,375.43274999999977
1,73,933230.5998218857,6849269.904434204,43,375.4327499999999
1,73,933230.5998218857,6849269.904434204,28,375.4327499999999
1,73,933230.5998218857,6849269.904434204,29,375.4327499999998
1,10,933074.0319191051,6846600.749738233,1,405.92474999999996
1,10,933074.0319191051,6846600.749738233,2,405.9247499999998
1,10,933074.0319191051,6846600.749738233,3,405.9247500000002
1,10,933074.0319191051,6846600.749738233,4,405.92474999999996
1,10,933074.0319191051,6846600.749738233,5,405.92475000000013
1,10,933074.0319191051,6846600.749738233,6,405.9247500000004
1,10,933074.0319191051,6846600.749738233,7,405.9247499999995
1,10,933074.0319191051,6846600.749738233,8,405.9247500000002
1,10,933074.0319191051,6846600.749738233,9,405.9247500000001
1,10,933074.0319191051,6846600.749738233,10,405.9247499999999
1,10,933074.0319191051,6846600.749738233,11,405.92475000000013
1,10,933074.0319191051,6846600.749738233,12,405.9247499999999
1,10,933074.0319191051,6846600.749738233,13,405.92474999999996
1,10,933074.0319191051,6846600.749738233,14,405.92474999999985
1,10,933074.0319191051,6846600.749738233,15,405.9247500000002
1,10,933074.0319191051,6846600.749738233,16,405.9247500000001
1,10,933074.0319191051,6846600.749738233,17,405.9247499999999
1,10,933074.0319191051,6846600.749738233,18,405.92475000000024
1,10,933074.0319191051,6846600.749738233,19,405.92474999999973
1,10,933074.0319191051,6846600.749738233,20,405.9247500000002
1,10,933074.0319191051,6846600.749738233,21,405.9247500000002
1,10,933074.0319191051,6846600.749738233,22,405.92475
1,10,933074.0319191051,6846600.749738233,23,405.9247500000003
1,10,933074.0319191051,6846600.749738233,24,405.92474999999996
1,10,933074.0319191051,6846600.749738233,25,405.92474999999996
1,10,933074.0319191051,6846600.749738233,26,405.9247499999999
1,10,933074.0319191051,6846600.749738233,27,405.92475000000036
1,10,933074.0319191051,6846600.749738233,28,405.92475
1,10,933074.0319191051,6846600.749738233,29,405.92475000000024
1,10,933074.0319191051,6846600.749738233,30,405.92475000000024
1,10,933074.0319191051,6846600.749738233,31,405.92474999999985
1,10,933074.0319191051,6846600.749738233,32,405.92475000000036
1,10,933074.0319191051,6846600.749738233,33,405.92475
1,10,933074.0319191051,6846600.749738233,34,405.9247499999999
1,10,933074.0319191051,6846600.749738233,35,405.92475000000024
1,10,933074.0319191051,6846600.749738233,36,405.92474999999985
1,10,933074.0319191051,6846600.749738233,37,405.9247500000001
1,10,933074.0319191051,6846600.749738233,38,405.92474999999996
1,10,933074.0319191051,6846600.749738233,39,405.92475000000013
1,10,933074.0319191051,6846600.749738233,40,405.92474999999996
1,10,933074.0319191051,6846600.749738233,41,405.92475000000013
1,10,933074.0319191051,6846600.749738233,42,405.92475000000013
1,10,933074.0319191051,6846600.749738233,43,405.9247499999996
1,10,933074.0319191051,6846600.749738233,44,405.9247500000003
1,10,933074.0319191051,6846600.749738233,45,405.92475
1,10,933074.0319191051,6846600.749738233,46,405.9247500000001
1,10,933074.0319191051,6846600.749738233,47,405.92475000000024
1,10,933074.0319191051,6846600.749738233,48,405.9247499999999
1,24,932152.499822722,6847957.104434883,1,260.3601000000018
1,24,932152.499822722,6847957.104434883,2,269.08050981703735
1,24,932152.499822722,6847957.104434883,3,292.90511250000185
1,24,932152.499822722,6847957.104434883,4,325.45012500000155
1,24,932152.499822722,6847957.104434883,5,357.9951375000025
1,24,932152.499822722,6847957.104434883,6,381.81974018296665
1,24,932152.499822722,6847957.104434883,7,390.54015000000203
1,24,932152.499822722,6847957.104434883,8,381.8197401829666
1,24,932152.499822722,6847957.104434883,9,357.9951375000025
1,24,932152.499822722,6847957.104434883,10,325.45012500000155
1,24,932152.499822722,6847957.104434883,11,292.90511250000174
1,24,932152.499822722,6847957.104434883,12,269.08050981703735
1,24,932152.499822722,6847957.104434883,13,260.36010000000175
1,24,932152.499822722,6847957.104434883,14,269.08050981703735
1,24,932152.499822722,6847957.104434883,15,292.90511250000174
1,24,932152.499822722,6847957.104434883,16,325.45012500000155
1,24,932152.499822722,6847957.104434883,17,357.99513750000256
1,24,932152.499822722,6847957.104434883,18,381.81974018296654
1,24,932152.499822722,6847957.104434883,19,390.54015000000203
1,24,932152.499822722,6847957.104434883,20,381.8197401829666
1,24,932152.499822722,6847957.104434883,21,357.99513750000256
1,24,932152.499822722,6847957.104434883,22,325.4501250000016
1,24,932152.499822722,6847957.104434883,23,292.90511250000174
1,24,932152.499822722,6847957.104434883,24,269.0805098170373
1,24,932152.499822722,6847957.104434883,25,260.3601000000017
1,24,932152.499822722,6847957.104434883,26,269.08050981703735
1,24,932152.499822722,6847957.104434883,27,292.9051125000018
1,24,932152.499822722,6847957.104434883,28,325.4501250000016
1,24,932152.499822722,6847957.104434883,29,357.99513750000267
1,24,932152.499822722,6847957.104434883,30,381.81974018296654
1,24,932152.499822722,6847957.104434883,31,390.54015000000203
1,24,932152.499822722,6847957.104434883,32,381.81974018296654
1,24,932152.499822722,6847957.104434883,33,357.9951375000027
1,24,932152.499822722,6847957.104434883,34,325.4501250000015
1,24,932152.499822722,6847957.104434883,35,292.90511250000174
1,24,932152.499822722,6847957.104434883,36,269.0805098170373
1,24,932152.499822722,6847957.104434883,37,260.3601000000018
1,24,932152.499822722,6847957.104434883,38,269.0805098170373
1,24,932152.499822722,6847957.104434883,39,292.9051125000018
1,24,932152.499822722,6847957.104434883,40,325.45012500000155
1,24,932152.499822722,6847957.104434883,41,357.9951375000026
1,24,932152.499822722,6847957.104434883,42,381.8197401829666
1,24,932152.499822722,6847957.104434883,43,390.540150000002
1,24,932152.499822722,6847957.104434883,44,381.8197401829667
1,24,932152.499822722,6847957.104434883,45,357.99513750000256
1,24,932152.499822722,6847957.104434883,46,325.4501250000015
1,24,932152.499822722,6847957.104434883,47,396.28338750000233
1,24,932152.499822722,6847957.104434883,48,364.05010151716806
1,40,932737.3998222824,6847314.2044352,4,303.27412499999974
1,40,932737.3998222824,6847314.2044352,6,414.2278924415812
1,40,932737.3998222824,6847314.2044352,8,414.2278924415809
1,40,932737.3998222824,6847314.2044352,16,303.2741249999993
1,40,932737.3998222824,6847314.2044352,40,303.2741249999995
1,40,932737.3998222824,6847314.2044352,48,379.25145434374303
1,40,932737.3998222824,6847314.2044352,20,414.2278924415809
1,40,932737.3998222824,6847314.2044352,46,303.2741249999995
1,40,932737.3998222824,6847314.2044352,47,442.6970625000008
1,40,932737.3998222824,6847314.2044352,7,431.39249999999936
1,40,932737.3998222824,6847314.2044352,10,303.27412499999986
1,40,932737.3998222824,6847314.2044352,18,414.22789244158076
1,40,932737.3998222824,6847314.2044352,19,431.3924999999994
1,40,932737.3998222824,6847314.2044352,21,367.3333125000004
1,40,932737.3998222824,6847314.2044352,22,303.27412499999946
1,40,932737.3998222824,6847314.2044352,28,303.27412499999974
1,40,932737.3998222824,6847314.2044352,29,367.3333125000005
1,40,932737.3998222824,6847314.2044352,30,414.227892441581
1,40,932737.3998222824,6847314.2044352,31,431.3924999999995
1,40,932737.3998222824,6847314.2044352,34,303.2741249999994
1,40,932737.3998222824,6847314.2044352,41,367.33331250000043
1,40,932737.3998222824,6847314.2044352,1,241.51050000000026
1,40,932737.3998222824,6847314.2044352,2,249.59956792982967
1,40,932737.3998222824,6847314.2044352,3,271.6993125000002
1,40,932737.3998222824,6847314.2044352,5,367.33331250000055
1,40,932737.3998222824,6847314.2044352,9,367.33331250000066
1,40,932737.3998222824,6847314.2044352,11,271.6993125000002
1,40,932737.3998222824,6847314.2044352,12,249.5995679298296
1,40,932737.3998222824,6847314.2044352,13,241.51050000000026
1,40,932737.3998222824,6847314.2044352,14,249.59956792982967
1,40,932737.3998222824,6847314.2044352,15,271.69931250000025
1,40,932737.3998222824,6847314.2044352,17,367.3333125000006
1,40,932737.3998222824,6847314.2044352,23,271.69931250000025
1,40,932737.3998222824,6847314.2044352,24,249.59956792982965
1,40,932737.3998222824,6847314.2044352,25,241.51050000000026
1,40,932737.3998222824,6847314.2044352,26,249.59956792982967
1,40,932737.3998222824,6847314.2044352,27,271.69931250000025
1,40,932737.3998222824,6847314.2044352,32,414.227892441581
1,40,932737.3998222824,6847314.2044352,33,367.3333125000003
1,40,932737.3998222824,6847314.2044352,35,271.6993125000002
1,40,932737.3998222824,6847314.2044352,36,249.59956792982965
1,40,932737.3998222824,6847314.2044352,37,241.5105000000003
1,40,932737.3998222824,6847314.2044352,38,249.59956792982965
1,40,932737.3998222824,6847314.2044352,39,271.6993125000002
1,40,932737.3998222824,6847314.2044352,42,414.2278924415811
1,40,932737.3998222824,6847314.2044352,43,431.39249999999925
1,40,932737.3998222824,6847314.2044352,44,414.2278924415809
1,40,932737.3998222824,6847314.2044352,45,367.33331250000055
1,61,932731.0998222867,6847344.104435187,1,270.9630000000001
1,61,932731.0998222867,6847344.104435187,2,280.03853962858966
1,61,932731.0998222867,6847344.104435187,3,304.83337500000033
1,61,932731.0998222867,6847344.104435187,5,337.31775000000005
1,61,932731.0998222867,6847344.104435187,7,337.3177500000001
1,61,932731.0998222867,6847344.104435187,9,337.31775000000005
1,61,932731.0998222867,6847344.104435187,10,337.3177499999996
1,61,932731.0998222867,6847344.104435187,11,304.83337500000033
1,61,932731.0998222867,6847344.104435187,12,280.03853962858966
1,61,932731.0998222867,6847344.104435187,13,270.963
1,61,932731.0998222867,6847344.104435187,14,280.03853962858966
1,61,932731.0998222867,6847344.104435187,15,304.83337500000033
1,61,932731.0998222867,6847344.104435187,17,337.31775000000005
1,61,932731.0998222867,6847344.104435187,18,337.31775000000016
1,61,932731.0998222867,6847344.104435187,19,337.31775
1,61,932731.0998222867,6847344.104435187,20,337.3177500000002
1,61,932731.0998222867,6847344.104435187,21,337.3177500000002
1,61,932731.0998222867,6847344.104435187,22,337.31775
1,61,932731.0998222867,6847344.104435187,23,304.83337500000033
1,61,932731.0998222867,6847344.104435187,24,280.03853962858966
1,61,932731.0998222867,6847344.104435187,25,270.963
1,61,932731.0998222867,6847344.104435187,26,280.03853962858966
1,61,932731.0998222867,6847344.104435187,27,304.8333750000004
1,61,932731.0998222867,6847344.104435187,28,337.31774999999976
1,61,932731.0998222867,6847344.104435187,29,337.3177500000001
1,61,932731.0998222867,6847344.104435187,30,337.31775000000005
1,61,932731.0998222867,6847344.104435187,31,337.3177499999999
1,61,932731.0998222867,6847344.104435187,32,337.31774999999993
1,61,932731.0998222867,6847344.104435187,33,337.3177500000001
1,61,932731.0998222867,6847344.104435187,34,337.31775000000005
1,61,932731.0998222867,6847344.104435187,35,304.83337500000033
1,61,932731.0998222867,6847344.104435187,36,280.03853962858966
1,61,932731.0998222867,6847344.104435187,37,270.963
1,61,932731.0998222867,6847344.104435187,38,280.03853962858966
1,61,932731.0998222867,6847344.104435187,39,304.83337500000033
1,61,932731.0998222867,6847344.104435187,41,337.3177500000001
1,61,932731.0998222867,6847344.104435187,42,337.31774999999976
1,61,932731.0998222867,6847344.104435187,43,337.3177500000002
1,61,932731.0998222867,6847344.104435187,44,337.31775
1,61,932731.0998222867,6847344.104435187,45,337.31775000000005
1,61,932731.0998222867,6847344.104435187,46,337.31774999999993
1,61,932731.0998222867,6847344.104435187,47,337.3177500000004
1,61,932731.0998222867,6847344.104435187,4,337.31774999999976
1,61,932731.0998222867,6847344.104435187,6,337.31774999999976
1,61,932731.0998222867,6847344.104435187,8,337.31775000000005
1,61,932731.0998222867,6847344.104435187,16,337.3177500000001
1,61,932731.0998222867,6847344.104435187,40,337.31774999999993
1,61,932731.0998222867,6847344.104435187,48,337.31775000000033
1,52,933544.3998216777,6846209.704435752,1,1099.1673000000003
1,52,933544.3998216777,6846209.704435752,2,1135.9824237977107
1,52,933544.3998216777,6846209.704435752,3,1236.563212500001
1,52,933544.3998216777,6846209.704435752,4,1238.7375000000013
1,52,933544.3998216777,6846209.704435752,5,1238.7375
1,52,933544.3998216777,6846209.704435752,6,1238.7375000000025
1,52,933544.3998216777,6846209.704435752,7,1238.737500000001
1,52,933544.3998216777,6846209.704435752,8,1238.7375000000027
1,52,933544.3998216777,6846209.704435752,9,1238.7375000000006
1,52,933544.3998216777,6846209.704435752,10,1238.7375000000018
1,52,933544.3998216777,6846209.704435752,11,1236.5632125000009
1,52,933544.3998216777,6846209.704435752,12,1135.9824237977107
1,52,933544.3998216777,6846209.704435752,13,1099.1673000000005
1,52,933544.3998216777,6846209.704435752,14,1135.9824237977107
1,52,933544.3998216777,6846209.704435752,15,1236.5632125000009
1,52,933544.3998216777,6846209.704435752,16,1238.7375000000018
1,52,933544.3998216777,6846209.704435752,17,1238.7375000000004
1,52,933544.3998216777,6846209.704435752,18,1238.7375000000022
1,52,933544.3998216777,6846209.704435752,19,1238.7375000000006
1,52,933544.3998216777,6846209.704435752,20,1238.7375000000025
1,52,933544.3998216777,6846209.704435752,21,1238.7375000000009
1,52,933544.3998216777,6846209.704435752,22,1238.7375000000013
1,52,933544.3998216777,6846209.704435752,23,1236.5632125000009
1,52,933544.3998216777,6846209.704435752,24,1135.9824237977107
1,52,933544.3998216777,6846209.704435752,25,1099.1673000000005
1,52,933544.3998216777,6846209.704435752,26,1135.9824237977107
1,52,933544.3998216777,6846209.704435752,27,1236.5632125000009
1,52,933544.3998216777,6846209.704435752,28,1238.7375000000022
1,52,933544.3998216777,6846209.704435752,29,1238.7375000000004
1,52,933544.3998216777,6846209.704435752,30,1238.7375000000022
1,52,933544.3998216777,6846209.704435752,31,1238.7375000000006
1,52,933544.3998216777,6846209.704435752,32,1238.7375000000018
1,52,933544.3998216777,6846209.704435752,33,1238.7375000000006
1,52,933544.3998216777,6846209.704435752,34,1238.7375000000018
1,52,933544.3998216777,6846209.704435752,35,1236.563212500001
1,52,933544.3998216777,6846209.704435752,36,1135.9824237977107
1,52,933544.3998216777,6846209.704435752,37,1099.1673000000008
1,52,933544.3998216777,6846209.704435752,38,1135.9824237977107
1,52,933544.3998216777,6846209.704435752,39,1236.5632125000009
1,52,933544.3998216777,6846209.704435752,40,1238.7375000000015
1,52,933544.3998216777,6846209.704435752,41,1238.7374999999997
1,52,933544.3998216777,6846209.704435752,42,1238.737500000003
1,52,933544.3998216777,6846209.704435752,43,1238.7375000000002
1,52,933544.3998216777,6846209.704435752,44,1238.7375000000027
1,52,933544.3998216777,6846209.704435752,45,1238.7375000000009
1,52,933544.3998216777,6846209.704435752,46,1238.737500000002
1,52,933544.3998216777,6846209.704435752,47,1238.7375000000006
1,52,933544.3998216777,6846209.704435752,48,1238.7374999999995
1,65,930937.2998236478,6848136.804434802,22,112.83772500000009
1,65,930937.2998236478,6848136.804434802,23,75.93547500000003
1,65,930937.2998236478,6848136.804434802,25,95.8003200000001
1,65,930937.2998236478,6848136.804434802,27,82.56228750000004
1,65,930937.2998236478,6848136.804434802,28,102.00960000000009
1,65,930937.2998236478,6848136.804434802,34,120.5473500000001
1,65,930937.2998236478,6848136.804434802,35,124.92710999999997
1,65,930937.2998236478,6848136.804434802,39,116.35123499999995
1,65,930937.2998236478,6848136.804434802,40,105.47460000000008
1,65,930937.2998236478,6848136.804434802,46,111.10522500000008
1,65,930937.2998236478,6848136.804434802,47,116.35123499999995
1,65,930937.2998236478,6848136.804434802,2,73.76974317581765
1,65,930937.2998236478,6848136.804434802,5,53.589690000000026
1,65,930937.2998236478,6848136.804434802,6,100.85651055564915
1,65,930937.2998236478,6848136.804434802,7,64.74006000000003
1,65,930937.2998236478,6848136.804434802,8,79.65672407649919
1,65,930937.2998236478,6848136.804434802,9,75.56298750000006
1,65,930937.2998236478,6848136.804434802,12,65.89142108907987
1,65,930937.2998236478,6848136.804434802,14,73.76974317581765
1,65,930937.2998236478,6848136.804434802,18,60.0829998392783
1,65,930937.2998236478,6848136.804434802,20,74.8598404628085
1,65,930937.2998236478,6848136.804434802,21,98.26047000000008
1,65,930937.2998236478,6848136.804434802,26,98.37875653039139
1,65,930937.2998236478,6848136.804434802,29,59.306940000000026
1,65,930937.2998236478,6848136.804434802,30,65.38802790357181
1,65,930937.2998236478,6848136.804434802,31,90.33255000000004
1,65,930937.2998236478,6848136.804434802,33,67.29203250000003
1,65,930937.2998236478,6848136.804434802,38,98.37875653039139
1,65,930937.2998236478,6848136.804434802,41,59.99301000000003
1,65,930937.2998236478,6848136.804434802,42,83.92513746156295
1,65,930937.2998236478,6848136.804434802,44,80.876270757946
1,65,930937.2998236478,6848136.804434802,45,65.25288000000003
1,65,930937.2998236478,6848136.804434802,48,116.4272762200089
1,65,930937.2998236478,6848136.804434802,4,67.61947500000004
1,65,930937.2998236478,6848136.804434802,10,71.95072500000003
1,65,930937.2998236478,6848136.804434802,24,64.14386600802169
1,65,930937.2998236478,6848136.804434802,11,77.21405999999999
1,65,930937.2998236478,6848136.804434802,15,74.87518499999999
1,65,930937.2998236478,6848136.804434802,37,58.93272000000002
1,65,930937.2998236478,6848136.804434802,16,58.52385000000001
1,65,930937.2998236478,6848136.804434802,17,79.22202750000004
1,65,930937.2998236478,6848136.804434802,43,78.77331000000002
1,65,930937.2998236478,6848136.804434802,1,23.00760000000001
1,65,930937.2998236478,6848136.804434802,3,36.01867500000002
1,65,930937.2998236478,6848136.804434802,13,23.00760000000001
1,65,930937.2998236478,6848136.804434802,36,22.345786282383607
1,65,930937.2998236478,6848136.804434802,32,63.74163988361865
1,65,930937.2998236478,6848136.804434802,19,42.370020000000004
1,70,930937.2998236478,6848136.804434802,1,211.43430000000015
1,70,930937.2998236478,6848136.804434802,2,168.52447154630966
1,70,930937.2998236478,6848136.804434802,3,227.72846250000015
1,70,930937.2998236478,6848136.804434802,4,225.43289999999985
1,70,930937.2998236478,6848136.804434802,5,268.7679225000002
1,70,930937.2998236478,6848136.804434802,6,242.95402472222378
1,70,930937.2998236478,6848136.804434802,7,286.92279
1,70,930937.2998236478,6848136.804434802,8,264.1538112013738
1,70,930937.2998236478,6848136.804434802,9,246.7946250000003
1,70,930937.2998236478,6848136.804434802,10,221.10164999999986
1,70,930937.2998236478,6848136.804434802,11,186.53307750000008
1,70,930937.2998236478,6848136.804434802,12,176.40279363304745
1,70,930937.2998236478,6848136.804434802,13,211.43430000000015
1,70,930937.2998236478,6848136.804434802,14,168.52447154630966
1,70,930937.2998236478,6848136.804434802,15,188.87195250000008
1,70,930937.2998236478,6848136.804434802,16,234.52852499999986
1,70,930937.2998236478,6848136.804434802,17,243.13558500000028
1,70,930937.2998236478,6848136.804434802,18,283.7275354385947
1,70,930937.2998236478,6848136.804434802,19,309.29283000000004
1,70,930937.2998236478,6848136.804434802,20,268.9506948150644
1,70,930937.2998236478,6848136.804434802,21,224.09714250000016
1,70,930937.2998236478,6848136.804434802,24,178.1503487141056
1,70,930937.2998236478,6848136.804434802,26,143.91545819173587
1,70,930937.2998236478,6848136.804434802,29,263.05067250000025
1,70,930937.2998236478,6848136.804434802,30,278.4225073743012
1,70,930937.2998236478,6848136.804434802,31,261.3303
1,70,930937.2998236478,6848136.804434802,32,280.0688953942543
1,70,930937.2998236478,6848136.804434802,33,255.0655800000003
1,70,930937.2998236478,6848136.804434802,36,219.94842843974368
1,70,930937.2998236478,6848136.804434802,37,175.50918000000007
1,70,930937.2998236478,6848136.804434802,38,143.91545819173587
1,70,930937.2998236478,6848136.804434802,41,262.3646025000002
1,70,930937.2998236478,6848136.804434802,42,259.88539781631
1,70,930937.2998236478,6848136.804434802,43,272.88953999999995
1,70,930937.2998236478,6848136.804434802,44,262.934264519927
1,70,930937.2998236478,6848136.804434802,45,257.10473250000024
1,70,930937.2998236478,6848136.804434802,48,211.3825436981633
1,70,930937.2998236478,6848136.804434802,22,180.21465
1,70,930937.2998236478,6848136.804434802,23,187.81166250000007
1,70,930937.2998236478,6848136.804434802,25,138.6415800000001
1,70,930937.2998236478,6848136.804434802,27,181.18485000000007
1,70,930937.2998236478,6848136.804434802,28,191.042775
1,70,930937.2998236478,6848136.804434802,34,172.50502500000002
1,70,930937.2998236478,6848136.804434802,35,138.8200275000001
1,70,930937.2998236478,6848136.804434802,39,147.3959025000001
1,70,930937.2998236478,6848136.804434802,40,187.57777500000003
1,70,930937.2998236478,6848136.804434802,46,181.94715000000002
1,70,930937.2998236478,6848136.804434802,47,240.4831275
1,1,933761.3998214833,6849018.604434323,1,525.4325999999999
1,1,933761.3998214833,6849018.604434323,2,543.031255105873
1,1,933761.3998214833,6849018.604434323,3,591.1116750000007
1,1,933761.3998214833,6849018.604434323,4,615.5572499999992
1,1,933761.3998214833,6849018.604434323,5,615.5572499999982
1,1,933761.3998214833,6849018.604434323,6,615.5572499999998
1,1,933761.3998214833,6849018.604434323,7,615.5572500000001
1,1,933761.3998214833,6849018.604434323,8,615.5572499999996
1,1,933761.3998214833,6849018.604434323,9,615.5572499999986
1,1,933761.3998214833,6849018.604434323,10,615.5572499999992
1,1,933761.3998214833,6849018.604434323,11,591.1116750000007
1,1,933761.3998214833,6849018.604434323,12,543.031255105873
1,1,933761.3998214833,6849018.604434323,13,525.4325999999999
1,1,933761.3998214833,6849018.604434323,14,543.031255105873
1,1,933761.3998214833,6849018.604434323,15,591.1116750000007
1,1,933761.3998214833,6849018.604434323,16,615.5572499999992
1,1,933761.3998214833,6849018.604434323,17,615.5572499999986
1,1,933761.3998214833,6849018.604434323,18,615.5572499999997
1,1,933761.3998214833,6849018.604434323,19,615.5572500000006
1,1,933761.3998214833,6849018.604434323,20,615.55725
1,1,933761.3998214833,6849018.604434323,21,615.5572499999985
1,1,933761.3998214833,6849018.604434323,22,615.5572499999992
1,1,933761.3998214833,6849018.604434323,23,591.1116750000007
1,1,933761.3998214833,6849018.604434323,24,543.0312551058729
1,1,933761.3998214833,6849018.604434323,25,525.4325999999999
1,1,933761.3998214833,6849018.604434323,26,543.031255105873
1,1,933761.3998214833,6849018.604434323,27,591.1116750000006
1,1,933761.3998214833,6849018.604434323,28,615.557249999999
1,1,933761.3998214833,6849018.604434323,29,615.5572499999982
1,1,933761.3998214833,6849018.604434323,30,615.5572499999998
1,1,933761.3998214833,6849018.604434323,31,615.5572500000003
1,1,933761.3998214833,6849018.604434323,32,615.5572499999996
1,1,933761.3998214833,6849018.604434323,33,615.5572499999982
1,1,933761.3998214833,6849018.604434323,34,615.5572499999992
1,1,933761.3998214833,6849018.604434323,35,591.1116750000007
1,1,933761.3998214833,6849018.604434323,36,543.0312551058731
1,1,933761.3998214833,6849018.604434323,37,525.4325999999998
1,1,933761.3998214833,6849018.604434323,38,543.031255105873
1,1,933761.3998214833,6849018.604434323,39,591.1116750000007
1,1,933761.3998214833,6849018.604434323,40,615.5572499999993
1,1,933761.3998214833,6849018.604434323,41,615.5572499999986
1,1,933761.3998214833,6849018.604434323,42,615.5572499999996
1,1,933761.3998214833,6849018.604434323,43,615.5572500000006
1,1,933761.3998214833,6849018.604434323,44,615.55725
1,1,933761.3998214833,6849018.604434323,45,615.5572499999981
1,1,933761.3998214833,6849018.604434323,46,615.5572499999994
1,1,933761.3998214833,6849018.604434323,47,615.5572499999998
1,1,933761.3998214833,6849018.604434323,48,615.5572499999985
1,43,934084.1998212618,6846602.604435545,8,194.3865
1,43,934084.1998212618,6846602.604435545,19,194.38649999999998
1,43,934084.1998212618,6846602.604435545,20,194.3865
1,43,934084.1998212618,6846602.604435545,29,194.38649999999998
1,43,934084.1998212618,6846602.604435545,30,194.3865
1,43,934084.1998212618,6846602.604435545,32,194.38649999999998
1,43,934084.1998212618,6846602.604435545,41,194.38649999999998
1,43,934084.1998212618,6846602.604435545,42,194.38649999999996
1,43,934084.1998212618,6846602.604435545,43,194.3865
1,43,934084.1998212618,6846602.604435545,44,194.38649999999993
1,43,934084.1998212618,6846602.604435545,45,194.38649999999993
1,43,934084.1998212618,6846602.604435545,47,194.38650000000004
1,43,934084.1998212618,6846602.604435545,48,194.38650000000004
1,43,934084.1998212618,6846602.604435545,6,194.38649999999996
1,43,934084.1998212618,6846602.604435545,7,194.3865000000001
1,43,934084.1998212618,6846602.604435545,9,194.38650000000004
1,43,934084.1998212618,6846602.604435545,18,194.3865
1,43,934084.1998212618,6846602.604435545,21,194.38650000000007
1,43,934084.1998212618,6846602.604435545,31,194.38650000000004
1,43,934084.1998212618,6846602.604435545,33,194.38649999999996
1,43,934084.1998212618,6846602.604435545,17,194.38649999999998
1,43,934084.1998212618,6846602.604435545,5,194.38649999999998
1,43,934084.1998212618,6846602.604435545,1,194.38650000000013
1,43,934084.1998212618,6846602.604435545,2,194.3865000000001
1,43,934084.1998212618,6846602.604435545,3,194.38650000000007
1,43,934084.1998212618,6846602.604435545,4,194.38649999999976
1,43,934084.1998212618,6846602.604435545,10,194.38649999999996
1,43,934084.1998212618,6846602.604435545,11,194.38650000000013
1,43,934084.1998212618,6846602.604435545,12,194.3865000000001
1,43,934084.1998212618,6846602.604435545,13,194.38650000000007
1,43,934084.1998212618,6846602.604435545,14,194.38650000000007
1,43,934084.1998212618,6846602.604435545,15,194.38650000000007
1,43,934084.1998212618,6846602.604435545,16,194.38649999999978
1,43,934084.1998212618,6846602.604435545,22,194.3864999999999
1,43,934084.1998212618,6846602.604435545,23,194.38650000000013
1,43,934084.1998212618,6846602.604435545,25,194.38650000000007
1,43,934084.1998212618,6846602.604435545,27,194.38650000000013
1,43,934084.1998212618,6846602.604435545,28,194.3864999999999
1,43,934084.1998212618,6846602.604435545,34,194.3864999999999
1,43,934084.1998212618,6846602.604435545,35,194.38650000000013
1,43,934084.1998212618,6846602.604435545,36,194.38650000000004
1,43,934084.1998212618,6846602.604435545,37,194.3865000000001
1,43,934084.1998212618,6846602.604435545,38,194.38650000000004
1,43,934084.1998212618,6846602.604435545,39,194.38650000000013
1,43,934084.1998212618,6846602.604435545,40,194.38649999999976
1,43,934084.1998212618,6846602.604435545,46,194.38649999999987
1,43,934084.1998212618,6846602.604435545,24,189.07973008170742
1,43,934084.1998212618,6846602.604435545,26,189.07973008170742
1,55,934305.7998210939,6846479.404435608,1,819.4724999999995
1,55,934305.7998210939,6846479.404435608,2,819.4724999999978
1,55,934305.7998210939,6846479.404435608,3,819.472500000001
1,55,934305.7998210939,6846479.404435608,4,819.4725000000008
1,55,934305.7998210939,6846479.404435608,10,819.4725000000005
1,55,934305.7998210939,6846479.404435608,11,819.4725000000009
1,55,934305.7998210939,6846479.404435608,12,819.4724999999978
1,55,934305.7998210939,6846479.404435608,13,819.4724999999997
1,55,934305.7998210939,6846479.404435608,14,819.4724999999984
1,55,934305.7998210939,6846479.404435608,15,819.4725000000008
1,55,934305.7998210939,6846479.404435608,16,819.4725000000004
1,55,934305.7998210939,6846479.404435608,22,819.4725000000007
1,55,934305.7998210939,6846479.404435608,23,819.4725000000011
1,55,934305.7998210939,6846479.404435608,24,819.4724999999974
1,55,934305.7998210939,6846479.404435608,25,819.4724999999997
1,55,934305.7998210939,6846479.404435608,26,819.4724999999984
1,55,934305.7998210939,6846479.404435608,27,819.4725000000009
1,55,934305.7998210939,6846479.404435608,28,819.4725000000008
1,55,934305.7998210939,6846479.404435608,34,819.4725000000004
1,55,934305.7998210939,6846479.404435608,35,819.472500000001
1,55,934305.7998210939,6846479.404435608,36,819.4724999999983
1,55,934305.7998210939,6846479.404435608,37,819.4725000000004
1,55,934305.7998210939,6846479.404435608,38,819.4724999999976
1,55,934305.7998210939,6846479.404435608,39,819.4725000000005
1,55,934305.7998210939,6846479.404435608,40,819.4725000000004
1,55,934305.7998210939,6846479.404435608,46,819.472500000001
1,55,934305.7998210939,6846479.404435608,5,819.4724999999988
1,55,934305.7998210939,6846479.404435608,6,819.4725000000003
1,55,934305.7998210939,6846479.404435608,7,819.4725000000019
1,55,934305.7998210939,6846479.404435608,8,819.4725000000004
1,55,934305.7998210939,6846479.404435608,9,819.4724999999987
1,55,934305.7998210939,6846479.404435608,17,819.4724999999992
1,55,934305.7998210939,6846479.404435608,18,819.4725000000005
1,55,934305.7998210939,6846479.404435608,19,819.4725000000018
1,55,934305.7998210939,6846479.404435608,20,819.4725000000003
1,55,934305.7998210939,6846479.404435608,21,819.4724999999991
1,55,934305.7998210939,6846479.404435608,29,819.4724999999991
1,55,934305.7998210939,6846479.404435608,30,819.4725000000002
1,55,934305.7998210939,6846479.404435608,31,819.4725000000027
1,55,934305.7998210939,6846479.404435608,32,819.4725000000005
1,55,934305.7998210939,6846479.404435608,33,819.4724999999987
1,55,934305.7998210939,6846479.404435608,41,819.4724999999992
1,55,934305.7998210939,6846479.404435608,42,819.4725000000004
1,55,934305.7998210939,6846479.404435608,43,819.4725000000021
1,55,934305.7998210939,6846479.404435608,44,819.4725000000003
1,55,934305.7998210939,6846479.404435608,45,819.4724999999991
1,55,934305.7998210939,6846479.404435608,47,819.4725000000002
1,55,934305.7998210939,6846479.404435608,48,819.4724999999984
1,13,933807.2281635706,6848521.778365977,1,275.67540000000014
1,13,933807.2281635706,6848521.778365977,2,284.9087751003909
1,13,933807.2281635706,6848521.778365977,3,310.1348250000003
1,13,933807.2281635706,6848521.778365977,4,344.59424999999976
1,13,933807.2281635706,6848521.778365977,5,379.0536750000004
1,13,933807.2281635706,6848521.778365977,6,404.279724899609
1,13,933807.2281635706,6848521.778365977,7,413.51309999999967
1,13,933807.2281635706,6848521.778365977,8,404.2797248996091
1,13,933807.2281635706,6848521.778365977,9,379.05367500000034
1,13,933807.2281635706,6848521.778365977,10,344.59424999999976
1,13,933807.2281635706,6848521.778365977,11,310.1348250000004
1,13,933807.2281635706,6848521.778365977,12,284.9087751003909
1,13,933807.2281635706,6848521.778365977,13,275.67540000000014
1,13,933807.2281635706,6848521.778365977,14,284.9087751003909
1,13,933807.2281635706,6848521.778365977,15,310.1348250000003
1,13,933807.2281635706,6848521.778365977,16,344.5942499999998
1,13,933807.2281635706,6848521.778365977,17,379.05367500000034
1,13,933807.2281635706,6848521.778365977,18,404.279724899609
1,13,933807.2281635706,6848521.778365977,19,413.51309999999967
1,13,933807.2281635706,6848521.778365977,20,404.27972489960916
1,13,933807.2281635706,6848521.778365977,21,379.05367500000034
1,13,933807.2281635706,6848521.778365977,22,344.5942499999998
1,13,933807.2281635706,6848521.778365977,23,310.1348250000004
1,13,933807.2281635706,6848521.778365977,24,284.908775100391
1,13,933807.2281635706,6848521.778365977,25,275.67540000000014
1,13,933807.2281635706,6848521.778365977,26,284.908775100391
1,13,933807.2281635706,6848521.778365977,27,310.1348250000004
1,13,933807.2281635706,6848521.778365977,28,344.5942499999998
1,13,933807.2281635706,6848521.778365977,29,379.05367500000034
1,13,933807.2281635706,6848521.778365977,30,404.279724899609
1,13,933807.2281635706,6848521.778365977,31,413.51309999999967
1,13,933807.2281635706,6848521.778365977,32,404.279724899609
1,13,933807.2281635706,6848521.778365977,33,379.05367500000034
1,13,933807.2281635706,6848521.778365977,34,344.59424999999976
1,13,933807.2281635706,6848521.778365977,35,310.1348250000004
1,13,933807.2281635706,6848521.778365977,36,284.908775100391
1,13,933807.2281635706,6848521.778365977,37,275.67540000000014
1,13,933807.2281635706,6848521.778365977,38,284.908775100391
1,13,933807.2281635706,6848521.778365977,39,310.1348250000004
1,13,933807.2281635706,6848521.778365977,40,344.5942499999998
1,13,933807.2281635706,6848521.778365977,41,379.05367500000034
1,13,933807.2281635706,6848521.778365977,42,404.27972489960894
1,13,933807.2281635706,6848521.778365977,43,413.51309999999967
1,13,933807.2281635706,6848521.778365977,44,404.279724899609
1,13,933807.2281635706,6848521.778365977,45,379.05367500000034
1,13,933807.2281635706,6848521.778365977,46,344.5942499999998
1,13,933807.2281635706,6848521.778365977,47,310.1348250000003
1,13,933807.2281635706,6848521.778365977,48,385.4648133711169
1,5,933436.0728134823,6847046.593612878,1,111.91950000000014
1,5,933436.0728134823,6847046.593612878,2,114.34499999999991
1,5,933436.0728134823,6847046.593612878,3,114.34499999999998
1,5,933436.0728134823,6847046.593612878,4,114.34500000000003
1,5,933436.0728134823,6847046.593612878,5,114.34500000000003
1,5,933436.0728134823,6847046.593612878,6,114.34500000000003
1,5,933436.0728134823,6847046.593612878,7,114.34499999999997
1,5,933436.0728134823,6847046.593612878,8,114.34500000000003
1,5,933436.0728134823,6847046.593612878,9,114.34500000000001
1,5,933436.0728134823,6847046.593612878,10,114.34500000000003
1,5,933436.0728134823,6847046.593612878,11,114.34499999999993
1,5,933436.0728134823,6847046.593612878,12,114.34499999999987
1,5,933436.0728134823,6847046.593612878,13,111.91950000000017
1,5,933436.0728134823,6847046.593612878,14,114.34499999999989
1,5,933436.0728134823,6847046.593612878,15,114.34499999999996
1,5,933436.0728134823,6847046.593612878,16,114.34500000000004
1,5,933436.0728134823,6847046.593612878,17,114.34500000000001
1,5,933436.0728134823,6847046.593612878,18,114.34500000000003
1,5,933436.0728134823,6847046.593612878,19,114.34499999999994
1,5,933436.0728134823,6847046.593612878,20,114.34500000000003
1,5,933436.0728134823,6847046.593612878,21,114.34500000000003
1,5,933436.0728134823,6847046.593612878,22,114.34499999999998
1,5,933436.0728134823,6847046.593612878,23,114.34499999999996
1,5,933436.0728134823,6847046.593612878,24,114.34499999999987
1,5,933436.0728134823,6847046.593612878,25,111.91950000000014
1,5,933436.0728134823,6847046.593612878,26,114.34499999999989
1,5,933436.0728134823,6847046.593612878,27,114.34499999999996
1,5,933436.0728134823,6847046.593612878,28,114.34500000000001
1,5,933436.0728134823,6847046.593612878,29,114.34500000000001
1,5,933436.0728134823,6847046.593612878,30,114.34500000000003
1,5,933436.0728134823,6847046.593612878,31,114.34499999999996
1,5,933436.0728134823,6847046.593612878,32,114.34500000000003
1,5,933436.0728134823,6847046.593612878,33,114.345
1,5,933436.0728134823,6847046.593612878,34,114.34499999999998
1,5,933436.0728134823,6847046.593612878,35,114.34499999999994
1,5,933436.0728134823,6847046.593612878,36,114.34499999999989
1,5,933436.0728134823,6847046.593612878,37,111.91950000000013
1,5,933436.0728134823,6847046.593612878,38,114.34499999999989
1,5,933436.0728134823,6847046.593612878,39,114.34499999999994
1,5,933436.0728134823,6847046.593612878,40,114.34500000000003
1,5,933436.0728134823,6847046.593612878,41,114.34500000000001
1,5,933436.0728134823,6847046.593612878,42,114.34500000000004
1,5,933436.0728134823,6847046.593612878,43,114.34499999999998
1,5,933436.0728134823,6847046.593612878,44,114.34500000000003
1,5,933436.0728134823,6847046.593612878,45,114.34500000000004
1,5,933436.0728134823,6847046.593612878,46,114.34500000000004
1,5,933436.0728134823,6847046.593612878,47,114.34499999999997
1,5,933436.0728134823,6847046.593612878,48,114.34499999999987
1,11,934096.4175246346,6847743.417716952,1,43.58970000000002
1,11,934096.4175246346,6847743.417716952,2,45.049678114164415
1,11,934096.4175246346,6847743.417716952,3,49.03841250000001
1,11,934096.4175246346,6847743.417716952,4,54.48712500000002
1,11,934096.4175246346,6847743.417716952,5,55.266750000000016
1,11,934096.4175246346,6847743.417716952,6,55.266749999999995
1,11,934096.4175246346,6847743.417716952,7,55.26675000000003
1,11,934096.4175246346,6847743.417716952,8,55.26675
1,11,934096.4175246346,6847743.417716952,9,55.266750000000016
1,11,934096.4175246346,6847743.417716952,10,54.48712500000002
1,11,934096.4175246346,6847743.417716952,11,49.03841250000001
1,11,934096.4175246346,6847743.417716952,12,45.049678114164415
1,11,934096.4175246346,6847743.417716952,13,43.58970000000002
1,11,934096.4175246346,6847743.417716952,14,45.049678114164415
1,11,934096.4175246346,6847743.417716952,15,49.03841250000001
1,11,934096.4175246346,6847743.417716952,16,54.48712500000002
1,11,934096.4175246346,6847743.417716952,17,55.26675000000002
1,11,934096.4175246346,6847743.417716952,18,55.266749999999995
1,11,934096.4175246346,6847743.417716952,19,55.26675000000001
1,11,934096.4175246346,6847743.417716952,20,55.26675
1,11,934096.4175246346,6847743.417716952,21,55.266750000000016
1,11,934096.4175246346,6847743.417716952,22,54.48712500000002
1,11,934096.4175246346,6847743.417716952,23,49.03841250000001
1,11,934096.4175246346,6847743.417716952,24,45.049678114164415
1,11,934096.4175246346,6847743.417716952,25,43.58970000000002
1,11,934096.4175246346,6847743.417716952,26,45.049678114164415
1,11,934096.4175246346,6847743.417716952,27,49.03841250000001
1,11,934096.4175246346,6847743.417716952,28,54.48712500000002
1,11,934096.4175246346,6847743.417716952,29,55.266750000000016
1,11,934096.4175246346,6847743.417716952,30,55.266749999999995
1,11,934096.4175246346,6847743.417716952,31,55.26675000000001
1,11,934096.4175246346,6847743.417716952,32,55.266749999999995
1,11,934096.4175246346,6847743.417716952,33,55.26675000000002
1,11,934096.4175246346,6847743.417716952,34,54.48712500000002
1,11,934096.4175246346,6847743.417716952,35,49.03841250000001
1,11,934096.4175246346,6847743.417716952,36,45.049678114164415
1,11,934096.4175246346,6847743.417716952,37,43.58970000000002
1,11,934096.4175246346,6847743.417716952,38,45.049678114164415
1,11,934096.4175246346,6847743.417716952,39,49.03841250000001
1,11,934096.4175246346,6847743.417716952,40,54.48712500000002
1,11,934096.4175246346,6847743.417716952,41,55.266750000000016
1,11,934096.4175246346,6847743.417716952,42,55.266749999999995
1,11,934096.4175246346,6847743.417716952,43,55.26675000000002
1,11,934096.4175246346,6847743.417716952,44,55.266749999999995
1,11,934096.4175246346,6847743.417716952,45,55.266750000000016
1,11,934096.4175246346,6847743.417716952,46,54.48712500000002
1,11,934096.4175246346,6847743.417716952,47,55.26675000000003
1,11,934096.4175246346,6847743.417716952,48,55.26675000000006
1,26,933533.0998216621,6848578.504434551,48,7.2767047637505575
1,26,933533.0998216621,6848578.504434551,4,9.355500000000003
1,26,933533.0998216621,6848578.504434551,5,10.519740000000002
1,26,933533.0998216621,6848578.504434551,6,27.937188022790796
1,26,933533.0998216621,6848578.504434551,8,25.630806088406608
1,26,933533.0998216621,6848578.504434551,9,12.9019275
1,26,933533.0998216621,6848578.504434551,10,9.355500000000003
1,26,933533.0998216621,6848578.504434551,16,9.355500000000003
1,26,933533.0998216621,6848578.504434551,17,11.472615000000001
1,26,933533.0998216621,6848578.504434551,18,23.35431894970594
1,26,933533.0998216621,6848578.504434551,20,23.35431894970594
1,26,933533.0998216621,6848578.504434551,21,10.519740000000002
1,26,933533.0998216621,6848578.504434551,22,49.306949999999844
1,26,933533.0998216621,6848578.504434551,28,37.66454999999995
1,26,933533.0998216621,6848578.504434551,29,10.519740000000002
1,26,933533.0998216621,6848578.504434551,30,23.35431894970594
1,26,933533.0998216621,6848578.504434551,32,23.35431894970594
1,26,933533.0998216621,6848578.504434551,33,10.996177500000002
1,26,933533.0998216621,6848578.504434551,34,48.336749999999846
1,26,933533.0998216621,6848578.504434551,40,37.66454999999986
1,26,933533.0998216621,6848578.504434551,41,9.566865000000004
1,26,933533.0998216621,6848578.504434551,42,21.403044259391084
1,26,933533.0998216621,6848578.504434551,44,22.41933316059674
1,26,933533.0998216621,6848578.504434551,45,10.519740000000002
1,26,933533.0998216621,6848578.504434551,46,37.664549999999956
1,26,933533.0998216621,6848578.504434551,2,4.1253759290554335
1,26,933533.0998216621,6848578.504434551,3,42.910560000000004
1,26,933533.0998216621,6848578.504434551,11,4.490640000000001
1,26,933533.0998216621,6848578.504434551,12,4.1253759290554335
1,26,933533.0998216621,6848578.504434551,14,4.1253759290554335
1,26,933533.0998216621,6848578.504434551,15,42.910560000000004
1,26,933533.0998216621,6848578.504434551,23,4.490640000000001
1,26,933533.0998216621,6848578.504434551,24,4.1253759290554335
1,26,933533.0998216621,6848578.504434551,26,4.1253759290554335
1,26,933533.0998216621,6848578.504434551,27,72.59868
1,26,933533.0998216621,6848578.504434551,35,4.490640000000001
1,26,933533.0998216621,6848578.504434551,36,4.1253759290554335
1,26,933533.0998216621,6848578.504434551,38,4.1253759290554335
1,26,933533.0998216621,6848578.504434551,39,72.59868
1,26,933533.0998216621,6848578.504434551,47,4.490640000000001
1,26,933533.0998216621,6848578.504434551,7,9.355500000000003
1,26,933533.0998216621,6848578.504434551,19,4.677750000000001
1,26,933533.0998216621,6848578.504434551,31,9.355500000000003
1,26,933533.0998216621,6848578.504434551,43,4.677750000000001
1,26,933533.0998216621,6848578.504434551,1,30.159360000000007
1,26,933533.0998216621,6848578.504434551,13,30.159360000000007
1,26,933533.0998216621,6848578.504434551,25,30.159360000000007
1,26,933533.0998216621,6848578.504434551,37,30.159360000000007
1,35,933588.4998216212,6848428.004434628,1,303.9498000000003
1,35,933588.4998216212,6848428.004434628,2,314.1301879312001
1,35,933588.4998216212,6848428.004434628,3,341.94352500000036
1,35,933588.4998216212,6848428.004434628,4,377.3384999999997
1,35,933588.4998216212,6848428.004434628,5,377.33850000000024
1,35,933588.4998216212,6848428.004434628,10,377.3384999999997
1,35,933588.4998216212,6848428.004434628,11,341.9435250000004
1,35,933588.4998216212,6848428.004434628,12,314.1301879312001
1,35,933588.4998216212,6848428.004434628,13,303.9498000000004
1,35,933588.4998216212,6848428.004434628,14,314.1301879312001
1,35,933588.4998216212,6848428.004434628,15,341.94352500000036
1,35,933588.4998216212,6848428.004434628,16,377.33849999999967
1,35,933588.4998216212,6848428.004434628,17,377.3385000000001
1,35,933588.4998216212,6848428.004434628,18,377.3385000000001
1,35,933588.4998216212,6848428.004434628,19,377.33849999999995
1,35,933588.4998216212,6848428.004434628,21,377.33850000000007
1,35,933588.4998216212,6848428.004434628,22,377.3385
1,35,933588.4998216212,6848428.004434628,23,341.9435250000004
1,35,933588.4998216212,6848428.004434628,24,314.1301879312001
1,35,933588.4998216212,6848428.004434628,25,303.9498000000003
1,35,933588.4998216212,6848428.004434628,26,314.1301879312001
1,35,933588.4998216212,6848428.004434628,27,341.9435250000004
1,35,933588.4998216212,6848428.004434628,28,377.3384999999999
1,35,933588.4998216212,6848428.004434628,29,377.3385000000001
1,35,933588.4998216212,6848428.004434628,33,377.3385000000001
1,35,933588.4998216212,6848428.004434628,34,377.3385
1,35,933588.4998216212,6848428.004434628,35,341.9435250000004
1,35,933588.4998216212,6848428.004434628,36,314.1301879312001
1,35,933588.4998216212,6848428.004434628,37,303.9498000000004
1,35,933588.4998216212,6848428.004434628,38,314.1301879312001
1,35,933588.4998216212,6848428.004434628,39,341.9435250000004
1,35,933588.4998216212,6848428.004434628,40,377.33849999999995
1,35,933588.4998216212,6848428.004434628,41,377.3385000000002
1,35,933588.4998216212,6848428.004434628,44,377.33850000000007
1,35,933588.4998216212,6848428.004434628,46,377.33849999999984
1,35,933588.4998216212,6848428.004434628,47,377.3385000000004
1,35,933588.4998216212,6848428.004434628,48,377.33850000000007
1,35,933588.4998216212,6848428.004434628,6,377.3385000000001
1,35,933588.4998216212,6848428.004434628,8,377.3385000000002
1,35,933588.4998216212,6848428.004434628,9,377.3385000000002
1,35,933588.4998216212,6848428.004434628,30,377.33850000000007
1,35,933588.4998216212,6848428.004434628,32,377.3385000000002
1,35,933588.4998216212,6848428.004434628,42,377.33850000000007
1,35,933588.4998216212,6848428.004434628,7,377.33849999999995
1,35,933588.4998216212,6848428.004434628,20,377.3385000000002
1,35,933588.4998216212,6848428.004434628,31,377.3384999999999
1,35,933588.4998216212,6848428.004434628,43,377.33850000000007
1,35,933588.4998216212,6848428.004434628,45,377.33850000000007
1,66,933533.0998216621,6848578.504434551,6,189.05006140227593
1,66,933533.0998216621,6848578.504434551,7,221.20559999999995
1,66,933533.0998216621,6848578.504434551,8,191.35644333666008
1,66,933533.0998216621,6848578.504434551,9,167.00087250000044
1,66,933533.0998216621,6848578.504434551,20,193.63293047536075
1,66,933533.0998216621,6848578.504434551,30,193.63293047536075
1,66,933533.0998216621,6848578.504434551,31,221.20559999999998
1,66,933533.0998216621,6848578.504434551,32,193.63293047536072
1,66,933533.0998216621,6848578.504434551,42,195.58420516567563
1,66,933533.0998216621,6848578.504434551,43,225.88334999999998
1,66,933533.0998216621,6848578.504434551,45,169.38306000000046
1,66,933533.0998216621,6848578.504434551,17,168.43018500000045
1,66,933533.0998216621,6848578.504434551,18,193.63293047536075
1,66,933533.0998216621,6848578.504434551,19,225.88334999999992
1,66,933533.0998216621,6848578.504434551,44,194.5679162644699
1,66,933533.0998216621,6848578.504434551,5,169.38306000000043
1,66,933533.0998216621,6848578.504434551,21,169.3830600000006
1,66,933533.0998216621,6848578.504434551,29,169.38306000000048
1,66,933533.0998216621,6848578.504434551,33,168.9066225000004
1,66,933533.0998216621,6848578.504434551,41,170.33593500000043
1,66,933533.0998216621,6848578.504434551,48,182.05101660233592
1,66,933533.0998216621,6848578.504434551,1,71.15724000000003
1,66,933533.0998216621,6848578.504434551,2,100.58468671467791
1,66,933533.0998216621,6848578.504434551,3,71.07061500000003
1,66,933533.0998216621,6848578.504434551,11,109.49053500000001
1,66,933533.0998216621,6848578.504434551,12,100.58468671467791
1,66,933533.0998216621,6848578.504434551,13,71.15724000000003
1,66,933533.0998216621,6848578.504434551,14,100.58468671467791
1,66,933533.0998216621,6848578.504434551,15,71.07061500000003
1,66,933533.0998216621,6848578.504434551,23,109.49053500000001
1,66,933533.0998216621,6848578.504434551,24,100.58468671467791
1,66,933533.0998216621,6848578.504434551,25,71.15724000000003
1,66,933533.0998216621,6848578.504434551,26,100.58468671467791
1,66,933533.0998216621,6848578.504434551,27,41.38249500000003
1,66,933533.0998216621,6848578.504434551,35,109.49053500000001
1,66,933533.0998216621,6848578.504434551,36,100.58468671467791
1,66,933533.0998216621,6848578.504434551,37,71.15724000000003
1,66,933533.0998216621,6848578.504434551,38,100.58468671467791
1,66,933533.0998216621,6848578.504434551,39,41.38249500000003
1,66,933533.0998216621,6848578.504434551,47,109.49053500000001
1,66,933533.0998216621,6848578.504434551,4,119.88900000000011
1,66,933533.0998216621,6848578.504434551,10,119.8890000000001
1,66,933533.0998216621,6848578.504434551,16,119.8890000000002
1,66,933533.0998216621,6848578.504434551,22,79.93755000000003
1,66,933533.0998216621,6848578.504434551,28,91.57995000000004
1,66,933533.0998216621,6848578.504434551,34,80.90775000000004
1,66,933533.0998216621,6848578.504434551,40,91.57995000000004
1,66,933533.0998216621,6848578.504434551,46,91.57995000000004
1,63,934417.9998210015,6847132.404435275,1,154.3311000000002
1,63,934417.9998210015,6847132.404435275,2,159.5002117015009
1,63,934417.9998210015,6847132.404435275,3,173.62248750000006
1,63,934417.9998210015,6847132.404435275,4,192.913875
1,63,934417.9998210015,6847132.404435275,5,212.20526250000015
1,63,934417.9998210015,6847132.404435275,6,226.32753829849935
1,63,934417.9998210015,6847132.404435275,7,231.4966500000001
1,63,934417.9998210015,6847132.404435275,8,226.32753829849935
1,63,934417.9998210015,6847132.404435275,9,212.20526250000015
1,63,934417.9998210015,6847132.404435275,10,192.913875
1,63,934417.9998210015,6847132.404435275,11,173.62248750000006
1,63,934417.9998210015,6847132.404435275,12,159.5002117015009
1,63,934417.9998210015,6847132.404435275,13,154.3311000000002
1,63,934417.9998210015,6847132.404435275,14,159.50021170150086
1,63,934417.9998210015,6847132.404435275,15,173.62248750000006
1,63,934417.9998210015,6847132.404435275,16,192.91387500000002
1,63,934417.9998210015,6847132.404435275,17,212.20526250000015
1,63,934417.9998210015,6847132.404435275,18,226.32753829849935
1,63,934417.9998210015,6847132.404435275,19,231.4966500000001
1,63,934417.9998210015,6847132.404435275,20,226.32753829849935
1,63,934417.9998210015,6847132.404435275,21,212.20526250000015
1,63,934417.9998210015,6847132.404435275,22,192.91387500000002
1,63,934417.9998210015,6847132.404435275,23,173.62248750000006
1,63,934417.9998210015,6847132.404435275,24,159.50021170150086
1,63,934417.9998210015,6847132.404435275,25,154.3311000000002
1,63,934417.9998210015,6847132.404435275,26,159.5002117015009
1,63,934417.9998210015,6847132.404435275,27,173.62248750000006
1,63,934417.9998210015,6847132.404435275,28,192.913875
1,63,934417.9998210015,6847132.404435275,29,212.20526250000015
1,63,934417.9998210015,6847132.404435275,30,226.32753829849935
1,63,934417.9998210015,6847132.404435275,31,231.4966500000001
1,63,934417.9998210015,6847132.404435275,32,226.32753829849935
1,63,934417.9998210015,6847132.404435275,33,212.20526250000015
1,63,934417.9998210015,6847132.404435275,34,192.913875
1,63,934417.9998210015,6847132.404435275,35,173.62248750000006
1,63,934417.9998210015,6847132.404435275,36,159.50021170150086
1,63,934417.9998210015,6847132.404435275,37,154.3311000000002
1,63,934417.9998210015,6847132.404435275,38,159.50021170150086
1,63,934417.9998210015,6847132.404435275,39,173.62248750000006
1,63,934417.9998210015,6847132.404435275,40,192.91387500000002
1,63,934417.9998210015,6847132.404435275,41,212.20526250000015
1,63,934417.9998210015,6847132.404435275,42,226.32753829849935
1,63,934417.9998210015,6847132.404435275,43,231.49665000000005
1,63,934417.9998210015,6847132.404435275,44,226.32753829849935
1,63,934417.9998210015,6847132.404435275,45,212.20526250000015
1,63,934417.9998210015,6847132.404435275,46,192.91387500000002
1,63,934417.9998210015,6847132.404435275,47,234.9010125000001
1,63,934417.9998210015,6847132.404435275,48,215.79440406673658
1,15,934147.6454661533,6847934.640032243,1,367.8097499999998
1,15,934147.6454661533,6847934.640032243,2,367.8097499999999
1,15,934147.6454661533,6847934.640032243,3,367.80974999999995
1,15,934147.6454661533,6847934.640032243,4,367.80974999999984
1,15,934147.6454661533,6847934.640032243,5,367.80975
1,15,934147.6454661533,6847934.640032243,6,367.80974999999995
1,15,934147.6454661533,6847934.640032243,7,367.8097499999997
1,15,934147.6454661533,6847934.640032243,8,367.8097499999999
1,15,934147.6454661533,6847934.640032243,9,367.80974999999995
1,15,934147.6454661533,6847934.640032243,10,367.8097499999999
1,15,934147.6454661533,6847934.640032243,11,367.80975
1,15,934147.6454661533,6847934.640032243,12,367.80974999999984
1,15,934147.6454661533,6847934.640032243,13,367.8097499999999
1,15,934147.6454661533,6847934.640032243,14,367.8097499999999
1,15,934147.6454661533,6847934.640032243,15,367.80974999999995
1,15,934147.6454661533,6847934.640032243,16,367.8097499999998
1,15,934147.6454661533,6847934.640032243,17,367.8097500000002
1,15,934147.6454661533,6847934.640032243,18,367.8097499999999
1,15,934147.6454661533,6847934.640032243,19,367.80974999999967
1,15,934147.6454661533,6847934.640032243,20,367.80974999999984
1,15,934147.6454661533,6847934.640032243,21,367.80975
1,15,934147.6454661533,6847934.640032243,22,367.80974999999984
1,15,934147.6454661533,6847934.640032243,23,367.8097499999999
1,15,934147.6454661533,6847934.640032243,24,367.80974999999984
1,15,934147.6454661533,6847934.640032243,25,367.8097499999998
1,15,934147.6454661533,6847934.640032243,26,367.8097499999999
1,15,934147.6454661533,6847934.640032243,27,367.80975000000007
1,15,934147.6454661533,6847934.640032243,28,367.8097499999998
1,15,934147.6454661533,6847934.640032243,29,367.80975
1,15,934147.6454661533,6847934.640032243,30,367.80975000000007
1,15,934147.6454661533,6847934.640032243,31,367.8097499999997
1,15,934147.6454661533,6847934.640032243,32,367.80974999999984
1,15,934147.6454661533,6847934.640032243,33,367.80975
1,15,934147.6454661533,6847934.640032243,34,367.8097499999997
1,15,934147.6454661533,6847934.640032243,35,367.80974999999995
1,15,934147.6454661533,6847934.640032243,36,367.80974999999984
1,15,934147.6454661533,6847934.640032243,37,367.80974999999984
1,15,934147.6454661533,6847934.640032243,38,367.8097499999999
1,15,934147.6454661533,6847934.640032243,39,367.80975
1,15,934147.6454661533,6847934.640032243,40,367.80974999999984
1,15,934147.6454661533,6847934.640032243,41,367.80975
1,15,934147.6454661533,6847934.640032243,42,367.8097499999999
1,15,934147.6454661533,6847934.640032243,43,367.8097499999998
1,15,934147.6454661533,6847934.640032243,44,367.80974999999995
1,15,934147.6454661533,6847934.640032243,45,367.80975000000007
1,15,934147.6454661533,6847934.640032243,46,367.8097499999997
1,15,934147.6454661533,6847934.640032243,47,367.8097500000001
1,15,934147.6454661533,6847934.640032243,48,367.80974999999984
1,14,934219.8512487066,6847970.932334671,1,586.4512500000005
1,14,934219.8512487066,6847970.932334671,2,618.4129330398137
1,14,934219.8512487066,6847970.932334671,3,705.7338750000006
1,14,934219.8512487066,6847970.932334671,4,722.2792499999998
1,14,934219.8512487066,6847970.932334671,5,722.2792499999989
1,14,934219.8512487066,6847970.932334671,6,722.27925
1,14,934219.8512487066,6847970.932334671,7,722.2792500000005
1,14,934219.8512487066,6847970.932334671,8,722.2792500000003
1,14,934219.8512487066,6847970.932334671,9,722.2792499999993
1,14,934219.8512487066,6847970.932334671,10,722.2792499999999
1,14,934219.8512487066,6847970.932334671,11,705.7338750000005
1,14,934219.8512487066,6847970.932334671,12,618.4129330398137
1,14,934219.8512487066,6847970.932334671,13,586.4512500000003
1,14,934219.8512487066,6847970.932334671,14,618.4129330398138
1,14,934219.8512487066,6847970.932334671,15,705.7338750000006
1,14,934219.8512487066,6847970.932334671,16,722.2792500000002
1,14,934219.8512487066,6847970.932334671,17,722.2792499999996
1,14,934219.8512487066,6847970.932334671,18,722.2792500000003
1,14,934219.8512487066,6847970.932334671,19,722.2792500000005
1,14,934219.8512487066,6847970.932334671,20,722.2792499999999
1,14,934219.8512487066,6847970.932334671,21,722.2792499999995
1,14,934219.8512487066,6847970.932334671,22,722.27925
1,14,934219.8512487066,6847970.932334671,23,705.7338750000009
1,14,934219.8512487066,6847970.932334671,24,618.4129330398135
1,14,934219.8512487066,6847970.932334671,25,586.4512500000003
1,14,934219.8512487066,6847970.932334671,26,618.412933039814
1,14,934219.8512487066,6847970.932334671,27,705.7338750000008
1,14,934219.8512487066,6847970.932334671,28,722.2792499999999
1,14,934219.8512487066,6847970.932334671,29,722.2792499999995
1,14,934219.8512487066,6847970.932334671,30,722.27925
1,14,934219.8512487066,6847970.932334671,31,722.2792500000005
1,14,934219.8512487066,6847970.932334671,32,722.2792500000004
1,14,934219.8512487066,6847970.932334671,33,722.2792499999993
1,14,934219.8512487066,6847970.932334671,34,722.27925
1,14,934219.8512487066,6847970.932334671,35,705.7338750000008
1,14,934219.8512487066,6847970.932334671,36,618.4129330398135
1,14,934219.8512487066,6847970.932334671,37,586.4512500000002
1,14,934219.8512487066,6847970.932334671,38,618.4129330398138
1,14,934219.8512487066,6847970.932334671,39,705.7338750000008
1,14,934219.8512487066,6847970.932334671,40,722.2792500000002
1,14,934219.8512487066,6847970.932334671,41,722.2792499999995
1,14,934219.8512487066,6847970.932334671,42,722.2792500000002
1,14,934219.8512487066,6847970.932334671,43,722.2792500000004
1,14,934219.8512487066,6847970.932334671,44,722.27925
1,14,934219.8512487066,6847970.932334671,45,722.2792499999995
1,14,934219.8512487066,6847970.932334671,46,722.2792500000003
1,14,934219.8512487066,6847970.932334671,47,722.2792499999997
1,14,934219.8512487066,6847970.932334671,48,722.2792499999982
1,30,933207.9998219206,6847554.204435076,1,733.7137499999986
1,30,933207.9998219206,6847554.204435076,2,733.7137499999983
1,30,933207.9998219206,6847554.204435076,3,733.7137500000007
1,30,933207.9998219206,6847554.204435076,4,733.7137499999988
1,30,933207.9998219206,6847554.204435076,5,733.7137499999986
1,30,933207.9998219206,6847554.204435076,6,733.7137500000003
1,30,933207.9998219206,6847554.204435076,7,733.7137500000008
1,30,933207.9998219206,6847554.204435076,8,733.7137499999999
1,30,933207.9998219206,6847554.204435076,9,733.7137499999992
1,30,933207.9998219206,6847554.204435076,10,733.7137499999989
1,30,933207.9998219206,6847554.204435076,11,733.7137500000009
1,30,933207.9998219206,6847554.204435076,12,733.713749999998
1,30,933207.9998219206,6847554.204435076,13,733.7137499999981
1,30,933207.9998219206,6847554.204435076,14,733.7137499999984
1,30,933207.9998219206,6847554.204435076,15,733.7137500000011
1,30,933207.9998219206,6847554.204435076,16,733.7137499999988
1,30,933207.9998219206,6847554.204435076,17,733.7137499999986
1,30,933207.9998219206,6847554.204435076,18,733.7137500000001
1,30,933207.9998219206,6847554.204435076,19,733.7137500000008
1,30,933207.9998219206,6847554.204435076,20,733.71375
1,30,933207.9998219206,6847554.204435076,21,733.7137499999988
1,30,933207.9998219206,6847554.204435076,22,733.7137499999985
1,30,933207.9998219206,6847554.204435076,23,733.7137500000011
1,30,933207.9998219206,6847554.204435076,24,733.7137499999978
1,30,933207.9998219206,6847554.204435076,25,733.713749999998
1,30,933207.9998219206,6847554.204435076,26,733.713749999998
1,30,933207.9998219206,6847554.204435076,27,733.713750000001
1,30,933207.9998219206,6847554.204435076,28,733.7137499999988
1,30,933207.9998219206,6847554.204435076,29,733.7137499999993
1,30,933207.9998219206,6847554.204435076,30,733.7137499999999
1,30,933207.9998219206,6847554.204435076,31,733.7137499999999
1,30,933207.9998219206,6847554.204435076,32,733.7137499999998
1,30,933207.9998219206,6847554.204435076,33,733.7137499999988
1,30,933207.9998219206,6847554.204435076,34,733.7137499999992
1,30,933207.9998219206,6847554.204435076,35,733.7137500000007
1,30,933207.9998219206,6847554.204435076,36,733.7137499999977
1,30,933207.9998219206,6847554.204435076,37,733.713749999998
1,30,933207.9998219206,6847554.204435076,38,733.7137499999982
1,30,933207.9998219206,6847554.204435076,39,733.7137500000009
1,30,933207.9998219206,6847554.204435076,40,733.7137499999989
1,30,933207.9998219206,6847554.204435076,41,733.713749999999
1,30,933207.9998219206,6847554.204435076,42,733.7137499999993
1,30,933207.9998219206,6847554.204435076,43,733.7137500000006
1,30,933207.9998219206,6847554.204435076,44,733.7137499999998
1,30,933207.9998219206,6847554.204435076,45,733.7137499999991
1,30,933207.9998219206,6847554.204435076,46,733.7137499999986
1,30,933207.9998219206,6847554.204435076,47,733.713750000001
1,30,933207.9998219206,6847554.204435076,48,733.713749999998
1,62,933921.19982138,6847190.704435252,4,724.8779999999913
1,62,933921.19982138,6847190.704435252,5,1192.2371999999982
1,62,933921.19982138,6847190.704435252,6,1271.5806731885164
1,62,933921.19982138,6847190.704435252,7,1300.6223999999997
1,62,933921.19982138,6847190.704435252,8,1271.5806731885164
1,62,933921.19982138,6847190.704435252,9,1192.2371999999982
1,62,933921.19982138,6847190.704435252,16,724.8779999999945
1,62,933921.19982138,6847190.704435252,17,1192.2371999999982
1,62,933921.19982138,6847190.704435252,18,1271.5806731885164
1,62,933921.19982138,6847190.704435252,19,1300.6223999999995
1,62,933921.19982138,6847190.704435252,20,1271.5806731885164
1,62,933921.19982138,6847190.704435252,21,1192.2371999999982
1,62,933921.19982138,6847190.704435252,22,724.8779999999939
1,62,933921.19982138,6847190.704435252,28,724.8779999999944
1,62,933921.19982138,6847190.704435252,29,1192.2371999999982
1,62,933921.19982138,6847190.704435252,30,1271.5806731885164
1,62,933921.19982138,6847190.704435252,31,1300.6223999999995
1,62,933921.19982138,6847190.704435252,32,1271.5806731885164
1,62,933921.19982138,6847190.704435252,33,1192.2371999999982
1,62,933921.19982138,6847190.704435252,40,724.8779999999925
1,62,933921.19982138,6847190.704435252,41,1192.2371999999982
1,62,933921.19982138,6847190.704435252,42,1271.5806731885164
1,62,933921.19982138,6847190.704435252,43,1300.6223999999997
1,62,933921.19982138,6847190.704435252,44,1271.5806731885164
1,62,933921.19982138,6847190.704435252,45,1192.2371999999982
1,62,933921.19982138,6847190.704435252,46,724.8779999999914
1,62,933921.19982138,6847190.704435252,47,1286.4863613063458
1,62,933921.19982138,6847190.704435252,48,1212.4021480390684
1,62,933921.19982138,6847190.704435252,10,724.8779999999953
1,62,933921.19982138,6847190.704435252,34,724.8779999999931
1,62,933921.19982138,6847190.704435252,1,298.0593000000001
1,62,933921.19982138,6847190.704435252,2,308.0423935914482
1,62,933921.19982138,6847190.704435252,3,335.31671250000045
1,62,933921.19982138,6847190.704435252,11,335.31671250000045
1,62,933921.19982138,6847190.704435252,12,308.0423935914482
1,62,933921.19982138,6847190.704435252,13,298.0593000000001
1,62,933921.19982138,6847190.704435252,14,308.0423935914482
1,62,933921.19982138,6847190.704435252,15,335.31671250000045
1,62,933921.19982138,6847190.704435252,23,335.3167125000005
1,62,933921.19982138,6847190.704435252,24,308.0423935914482
1,62,933921.19982138,6847190.704435252,25,298.0593000000001
1,62,933921.19982138,6847190.704435252,26,308.0423935914482
1,62,933921.19982138,6847190.704435252,27,335.3167125000005
1,62,933921.19982138,6847190.704435252,35,335.3167125000005
1,62,933921.19982138,6847190.704435252,36,308.0423935914482
1,62,933921.19982138,6847190.704435252,37,298.0593000000001
1,62,933921.19982138,6847190.704435252,38,308.0423935914482
1,62,933921.19982138,6847190.704435252,39,335.31671250000045
1,41,934604.5998208483,6848166.104434751,1,239.15430000000018
1,41,934604.5998208483,6848166.104434751,2,247.16445019392887
1,41,934604.5998208483,6848166.104434751,3,269.0485875000002
1,41,934604.5998208483,6848166.104434751,4,298.942875
1,41,934604.5998208483,6848166.104434751,5,328.8371625000003
1,41,934604.5998208483,6848166.104434751,6,350.72129980607133
1,41,934604.5998208483,6848166.104434751,7,358.73144999999994
1,41,934604.5998208483,6848166.104434751,8,350.72129980607133
1,41,934604.5998208483,6848166.104434751,9,328.8371625000003
1,41,934604.5998208483,6848166.104434751,10,298.942875
1,41,934604.5998208483,6848166.104434751,11,269.0485875000002
1,41,934604.5998208483,6848166.104434751,12,247.16445019392887
1,41,934604.5998208483,6848166.104434751,13,239.15430000000018
1,41,934604.5998208483,6848166.104434751,14,247.16445019392887
1,41,934604.5998208483,6848166.104434751,15,269.0485875000002
1,41,934604.5998208483,6848166.104434751,16,298.942875
1,41,934604.5998208483,6848166.104434751,17,328.8371625000003
1,41,934604.5998208483,6848166.104434751,18,350.72129980607133
1,41,934604.5998208483,6848166.104434751,19,358.73144999999994
1,41,934604.5998208483,6848166.104434751,20,350.72129980607133
1,41,934604.5998208483,6848166.104434751,21,328.8371625000003
1,41,934604.5998208483,6848166.104434751,22,298.942875
1,41,934604.5998208483,6848166.104434751,23,269.0485875000002
1,41,934604.5998208483,6848166.104434751,24,247.16445019392887
1,41,934604.5998208483,6848166.104434751,25,239.15430000000018
1,41,934604.5998208483,6848166.104434751,26,247.16445019392887
1,41,934604.5998208483,6848166.104434751,27,269.0485875000002
1,41,934604.5998208483,6848166.104434751,28,298.942875
1,41,934604.5998208483,6848166.104434751,29,328.8371625000003
1,41,934604.5998208483,6848166.104434751,30,350.72129980607133
1,41,934604.5998208483,6848166.104434751,31,358.73144999999994
1,41,934604.5998208483,6848166.104434751,32,350.72129980607133
1,41,934604.5998208483,6848166.104434751,33,328.8371625000003
1,41,934604.5998208483,6848166.104434751,34,298.942875
1,41,934604.5998208483,6848166.104434751,35,269.0485875000002
1,41,934604.5998208483,6848166.104434751,36,247.16445019392887
1,41,934604.5998208483,6848166.104434751,37,239.15430000000018
1,41,934604.5998208483,6848166.104434751,38,247.16445019392887
1,41,934604.5998208483,6848166.104434751,39,269.0485875000002
1,41,934604.5998208483,6848166.104434751,40,298.942875
1,41,934604.5998208483,6848166.104434751,41,328.8371625000003
1,41,934604.5998208483,6848166.104434751,42,350.72129980607133
1,41,934604.5998208483,6848166.104434751,43,358.73144999999994
1,41,934604.5998208483,6848166.104434751,44,350.72129980607133
1,41,934604.5998208483,6848166.104434751,45,328.8371625000003
1,41,934604.5998208483,6848166.104434751,46,298.942875
1,41,934604.5998208483,6848166.104434751,47,339.00809880634694
1,41,934604.5998208483,6848166.104434751,48,334.39896202708024
1,67,933792.4998214621,6848760.204434457,1,905.958899999998
1,67,933792.4998214621,6848760.204434457,2,936.3027694538455
1,67,933792.4998214621,6848760.204434457,3,956.6865000000001
1,67,933792.4998214621,6848760.204434457,4,956.6865000000015
1,67,933792.4998214621,6848760.204434457,5,956.6864999999988
1,67,933792.4998214621,6848760.204434457,6,937.8313980325781
1,67,933792.4998214621,6848760.204434457,7,956.6865000000035
1,67,933792.4998214621,6848760.204434457,8,937.8313980325781
1,67,933792.4998214621,6848760.204434457,9,956.6864999999989
1,67,933792.4998214621,6848760.204434457,10,956.6865000000016
1,67,933792.4998214621,6848760.204434457,11,956.6864999999998
1,67,933792.4998214621,6848760.204434457,12,936.3027694538455
1,67,933792.4998214621,6848760.204434457,13,905.958899999998
1,67,933792.4998214621,6848760.204434457,14,936.3027694538455
1,67,933792.4998214621,6848760.204434457,15,956.6864999999998
1,67,933792.4998214621,6848760.204434457,16,956.6865000000016
1,67,933792.4998214621,6848760.204434457,17,956.6864999999985
1,67,933792.4998214621,6848760.204434457,18,937.8313980325781
1,67,933792.4998214621,6848760.204434457,19,956.6865000000035
1,67,933792.4998214621,6848760.204434457,20,937.8313980325781
1,67,933792.4998214621,6848760.204434457,22,956.6865000000016
1,67,933792.4998214621,6848760.204434457,23,956.6864999999999
1,67,933792.4998214621,6848760.204434457,24,936.3027694538455
1,67,933792.4998214621,6848760.204434457,25,905.958899999998
1,67,933792.4998214621,6848760.204434457,26,936.3027694538455
1,67,933792.4998214621,6848760.204434457,27,956.6865000000003
1,67,933792.4998214621,6848760.204434457,28,956.6865000000013
1,67,933792.4998214621,6848760.204434457,30,937.8313980325781
1,67,933792.4998214621,6848760.204434457,31,956.6865000000033
1,67,933792.4998214621,6848760.204434457,32,937.8313980325781
1,67,933792.4998214621,6848760.204434457,33,956.6864999999985
1,67,933792.4998214621,6848760.204434457,34,956.6865000000014
1,67,933792.4998214621,6848760.204434457,36,936.3027694538455
1,67,933792.4998214621,6848760.204434457,37,905.958899999998
1,67,933792.4998214621,6848760.204434457,38,936.3027694538455
1,67,933792.4998214621,6848760.204434457,39,956.6865000000001
1,67,933792.4998214621,6848760.204434457,40,956.686500000001
1,67,933792.4998214621,6848760.204434457,42,937.8313980325781
1,67,933792.4998214621,6848760.204434457,43,956.6865000000029
1,67,933792.4998214621,6848760.204434457,44,937.8313980325781
1,67,933792.4998214621,6848760.204434457,45,956.686499999999
1,67,933792.4998214621,6848760.204434457,46,956.6865000000015
1,67,933792.4998214621,6848760.204434457,47,956.6865
1,67,933792.4998214621,6848760.204434457,48,956.6865000000007
1,67,933792.4998214621,6848760.204434457,29,956.6864999999996
1,67,933792.4998214621,6848760.204434457,35,956.6865
1,67,933792.4998214621,6848760.204434457,21,956.6865000000005
1,67,933792.4998214621,6848760.204434457,41,956.6865000000006
1,21,934045.0998212856,6847194.404435249,11,70.93028250000002
1,21,934045.0998212856,6847194.404435249,15,69.27747750000002
1,21,934045.0998212856,6847194.404435249,35,92.79096750000005
1,21,934045.0998212856,6847194.404435249,39,101.89698750000001
1,21,934045.0998212856,6847194.404435249,23,95.28576749999999
1,21,934045.0998212856,6847194.404435249,27,76.43443500000002
1,21,934045.0998212856,6847194.404435249,4,12.52597500000001
1,21,934045.0998212856,6847194.404435249,34,50.935500000000026
1,21,934045.0998212856,6847194.404435249,48,114.60810002907111
1,21,934045.0998212856,6847194.404435249,1,8.995140000000005
1,21,934045.0998212856,6847194.404435249,2,5.1710441332951795
1,21,934045.0998212856,6847194.404435249,12,8.379669855893852
1,21,934045.0998212856,6847194.404435249,13,8.995140000000005
1,21,934045.0998212856,6847194.404435249,14,17.618793030340917
1,21,934045.0998212856,6847194.404435249,24,6.546169442980325
1,21,934045.0998212856,6847194.404435249,25,26.735940000000014
1,21,934045.0998212856,6847194.404435249,26,7.577513425244183
1,21,934045.0998212856,6847194.404435249,36,6.245360781486699
1,21,934045.0998212856,6847194.404435249,37,37.46358000000002
1,21,934045.0998212856,6847194.404435249,38,7.577513425244183
1,21,934045.0998212856,6847194.404435249,47,21.23698500000001
1,21,934045.0998212856,6847194.404435249,22,27.650700000000008
1,21,934045.0998212856,6847194.404435249,40,61.209225000000025
1,21,934045.0998212856,6847194.404435249,3,2.182950000000001
1,21,934045.0998212856,6847194.404435249,5,2.6680500000000014
1,21,934045.0998212856,6847194.404435249,6,2.8456089233758326
1,21,934045.0998212856,6847194.404435249,7,6.237000000000002
1,21,934045.0998212856,6847194.404435249,8,2.8456089233758326
1,21,934045.0998212856,6847194.404435249,9,2.6680500000000014
1,21,934045.0998212856,6847194.404435249,10,2.425500000000001
1,21,934045.0998212856,6847194.404435249,16,2.425500000000001
1,21,934045.0998212856,6847194.404435249,17,2.6680500000000014
1,21,934045.0998212856,6847194.404435249,18,2.8456089233758326
1,21,934045.0998212856,6847194.404435249,19,6.237000000000002
1,21,934045.0998212856,6847194.404435249,20,2.8456089233758326
1,21,934045.0998212856,6847194.404435249,21,2.6680500000000014
1,21,934045.0998212856,6847194.404435249,28,2.425500000000001
1,21,934045.0998212856,6847194.404435249,29,2.6680500000000014
1,21,934045.0998212856,6847194.404435249,30,2.8456089233758326
1,21,934045.0998212856,6847194.404435249,31,6.237000000000002
1,21,934045.0998212856,6847194.404435249,32,2.8456089233758326
1,21,934045.0998212856,6847194.404435249,33,2.6680500000000014
1,21,934045.0998212856,6847194.404435249,41,2.6680500000000014
1,21,934045.0998212856,6847194.404435249,42,2.8456089233758326
1,21,934045.0998212856,6847194.404435249,43,6.237000000000002
1,21,934045.0998212856,6847194.404435249,44,2.8456089233758326
1,21,934045.0998212856,6847194.404435249,45,2.6680500000000014
1,21,934045.0998212856,6847194.404435249,46,2.425500000000001
1,74,933841.6998214169,6849513.504434072,1,51.83640000000002
1,74,933841.6998214169,6849513.504434072,2,53.572590189817106
1,74,933841.6998214169,6849513.504434072,3,58.315950000000015
1,74,933841.6998214169,6849513.504434072,4,64.79550000000003
1,74,933841.6998214169,6849513.504434072,5,71.27505000000004
1,74,933841.6998214169,6849513.504434072,6,76.01840981018296
1,74,933841.6998214169,6849513.504434072,7,77.75460000000002
1,74,933841.6998214169,6849513.504434072,8,76.01840981018296
1,74,933841.6998214169,6849513.504434072,9,71.27505000000004
1,74,933841.6998214169,6849513.504434072,10,64.79550000000002
1,74,933841.6998214169,6849513.504434072,11,58.315950000000015
1,74,933841.6998214169,6849513.504434072,12,53.572590189817106
1,74,933841.6998214169,6849513.504434072,13,51.836400000000026
1,74,933841.6998214169,6849513.504434072,14,53.572590189817106
1,74,933841.6998214169,6849513.504434072,15,58.315950000000015
1,74,933841.6998214169,6849513.504434072,16,64.79550000000003
1,74,933841.6998214169,6849513.504434072,17,71.27505000000005
1,74,933841.6998214169,6849513.504434072,18,76.01840981018296
1,74,933841.6998214169,6849513.504434072,19,77.75460000000004
1,74,933841.6998214169,6849513.504434072,20,76.01840981018296
1,74,933841.6998214169,6849513.504434072,21,71.27505000000005
1,74,933841.6998214169,6849513.504434072,22,64.79550000000003
1,74,933841.6998214169,6849513.504434072,23,58.315950000000015
1,74,933841.6998214169,6849513.504434072,24,53.57259018981712
1,74,933841.6998214169,6849513.504434072,25,51.836400000000026
1,74,933841.6998214169,6849513.504434072,26,53.572590189817106
1,74,933841.6998214169,6849513.504434072,27,58.315950000000015
1,74,933841.6998214169,6849513.504434072,28,64.79550000000003
1,74,933841.6998214169,6849513.504434072,29,71.27505000000004
1,74,933841.6998214169,6849513.504434072,30,76.01840981018296
1,74,933841.6998214169,6849513.504434072,31,77.75460000000004
1,74,933841.6998214169,6849513.504434072,32,76.01840981018296
1,74,933841.6998214169,6849513.504434072,33,71.27505000000005
1,74,933841.6998214169,6849513.504434072,34,64.79550000000002
1,74,933841.6998214169,6849513.504434072,35,58.315950000000015
1,74,933841.6998214169,6849513.504434072,36,53.572590189817106
1,74,933841.6998214169,6849513.504434072,37,51.83640000000002
1,74,933841.6998214169,6849513.504434072,38,53.572590189817106
1,74,933841.6998214169,6849513.504434072,39,58.31595000000001
1,74,933841.6998214169,6849513.504434072,40,64.79550000000003
1,74,933841.6998214169,6849513.504434072,41,71.27505000000004
1,74,933841.6998214169,6849513.504434072,42,76.01840981018296
1,74,933841.6998214169,6849513.504434072,43,77.75460000000004
1,74,933841.6998214169,6849513.504434072,44,76.01840981018296
1,74,933841.6998214169,6849513.504434072,45,71.27505000000004
1,74,933841.6998214169,6849513.504434072,46,64.79550000000003
1,74,933841.6998214169,6849513.504434072,47,78.89805
1,74,933841.6998214169,6849513.504434072,48,72.48056319798783
1,56,934204.3998211591,6847660.904435011,1,296.8812000000001
1,56,934204.3998211591,6847660.904435011,2,306.82483472349804
1,56,934204.3998211591,6847660.904435011,3,333.9913500000004
1,56,934204.3998211591,6847660.904435011,4,371.1014999999997
1,56,934204.3998211591,6847660.904435011,5,408.2116500000004
1,56,934204.3998211591,6847660.904435011,6,435.3781652765022
1,56,934204.3998211591,6847660.904435011,7,445.32179999999966
1,56,934204.3998211591,6847660.904435011,8,435.3781652765022
1,56,934204.3998211591,6847660.904435011,9,408.21165000000036
1,56,934204.3998211591,6847660.904435011,10,371.1014999999997
1,56,934204.3998211591,6847660.904435011,11,333.9913500000004
1,56,934204.3998211591,6847660.904435011,12,306.82483472349804
1,56,934204.3998211591,6847660.904435011,13,296.8812000000001
1,56,934204.3998211591,6847660.904435011,14,306.82483472349804
1,56,934204.3998211591,6847660.904435011,15,333.9913500000004
1,56,934204.3998211591,6847660.904435011,16,371.1014999999997
1,56,934204.3998211591,6847660.904435011,17,408.2116500000004
1,56,934204.3998211591,6847660.904435011,18,435.3781652765022
1,56,934204.3998211591,6847660.904435011,19,445.3217999999997
1,56,934204.3998211591,6847660.904435011,20,435.3781652765022
1,56,934204.3998211591,6847660.904435011,21,408.2116500000004
1,56,934204.3998211591,6847660.904435011,22,371.1014999999997
1,56,934204.3998211591,6847660.904435011,23,333.99135000000035
1,56,934204.3998211591,6847660.904435011,24,306.82483472349804
1,56,934204.3998211591,6847660.904435011,25,296.8812000000001
1,56,934204.3998211591,6847660.904435011,26,306.82483472349804
1,56,934204.3998211591,6847660.904435011,27,333.9913500000004
1,56,934204.3998211591,6847660.904435011,28,371.1014999999997
1,56,934204.3998211591,6847660.904435011,29,408.2116500000004
1,56,934204.3998211591,6847660.904435011,30,435.3781652765023
1,56,934204.3998211591,6847660.904435011,31,445.32179999999966
1,56,934204.3998211591,6847660.904435011,32,435.3781652765022
1,56,934204.3998211591,6847660.904435011,33,408.2116500000004
1,56,934204.3998211591,6847660.904435011,34,371.1014999999997
1,56,934204.3998211591,6847660.904435011,35,333.9913500000004
1,56,934204.3998211591,6847660.904435011,36,306.82483472349804
1,56,934204.3998211591,6847660.904435011,37,296.8812000000001
1,56,934204.3998211591,6847660.904435011,38,306.8248347234981
1,56,934204.3998211591,6847660.904435011,39,333.99135000000035
1,56,934204.3998211591,6847660.904435011,40,371.1014999999997
1,56,934204.3998211591,6847660.904435011,41,408.2116500000004
1,56,934204.3998211591,6847660.904435011,42,435.3781652765022
1,56,934204.3998211591,6847660.904435011,43,445.32179999999966
1,56,934204.3998211591,6847660.904435011,44,435.3781652765022
1,56,934204.3998211591,6847660.904435011,45,408.2116500000004
1,56,934204.3998211591,6847660.904435011,46,371.10149999999976
1,56,934204.3998211591,6847660.904435011,47,451.87065000000075
1,56,934204.3998211591,6847660.904435011,48,415.11595286120314
1,53,934203.1998211733,6846356.304435672,15,261.20036250000015
1,53,934203.1998211733,6846356.304435672,24,127.41605512643082
1,53,934203.1998211733,6846356.304435672,5,457.38
1,53,934203.1998211733,6846356.304435672,8,457.3800000000001
1,53,934203.1998211733,6846356.304435672,16,443.9531249999993
1,53,934203.1998211733,6846356.304435672,19,457.3800000000001
1,53,934203.1998211733,6846356.304435672,21,457.37999999999994
1,53,934203.1998211733,6846356.304435672,28,443.95312499999926
1,53,934203.1998211733,6846356.304435672,29,457.3799999999999
1,53,934203.1998211733,6846356.304435672,33,457.3800000000001
1,53,934203.1998211733,6846356.304435672,34,443.9531249999991
1,53,934203.1998211733,6846356.304435672,35,261.20036250000015
1,53,934203.1998211733,6846356.304435672,38,127.41605512643062
1,53,934203.1998211733,6846356.304435672,40,443.95312499999886
1,53,934203.1998211733,6846356.304435672,41,457.3800000000001
1,53,934203.1998211733,6846356.304435672,43,457.38
1,53,934203.1998211733,6846356.304435672,45,457.38000000000017
1,53,934203.1998211733,6846356.304435672,2,127.41605512643092
1,53,934203.1998211733,6846356.304435672,3,261.2003625000006
1,53,934203.1998211733,6846356.304435672,9,457.38000000000017
1,53,934203.1998211733,6846356.304435672,10,443.9531249999988
1,53,934203.1998211733,6846356.304435672,11,261.2003625000005
1,53,934203.1998211733,6846356.304435672,12,127.416055126431
1,53,934203.1998211733,6846356.304435672,13,78.44759999999906
1,53,934203.1998211733,6846356.304435672,14,127.41605512643042
1,53,934203.1998211733,6846356.304435672,17,457.38000000000017
1,53,934203.1998211733,6846356.304435672,23,261.20036250000044
1,53,934203.1998211733,6846356.304435672,26,127.4160551264303
1,53,934203.1998211733,6846356.304435672,27,261.20036250000055
1,53,934203.1998211733,6846356.304435672,36,127.41605512643059
1,53,934203.1998211733,6846356.304435672,39,261.20036250000106
1,53,934203.1998211733,6846356.304435672,47,457.37999999999965
1,53,934203.1998211733,6846356.304435672,48,457.37999999999994
1,53,934203.1998211733,6846356.304435672,18,457.3800000000001
1,53,934203.1998211733,6846356.304435672,31,457.3800000000002
1,53,934203.1998211733,6846356.304435672,20,457.38000000000017
1,53,934203.1998211733,6846356.304435672,22,443.95312499999886
1,53,934203.1998211733,6846356.304435672,30,457.38000000000017
1,53,934203.1998211733,6846356.304435672,46,443.95312499999847
1,53,934203.1998211733,6846356.304435672,4,443.95312499999875
1,53,934203.1998211733,6846356.304435672,44,457.38000000000017
1,53,934203.1998211733,6846356.304435672,6,457.3800000000001
1,53,934203.1998211733,6846356.304435672,7,457.3800000000001
1,53,934203.1998211733,6846356.304435672,32,457.38000000000017
1,53,934203.1998211733,6846356.304435672,37,78.44759999999883
1,53,934203.1998211733,6846356.304435672,42,457.38000000000005
1,53,934203.1998211733,6846356.304435672,1,78.44759999999937
1,53,934203.1998211733,6846356.304435672,25,78.44759999999934
1,80,934194.8998211797,6846378.104435661,1,564.1019999999999
1,80,934194.8998211797,6846378.104435661,2,564.1019999999997
1,80,934194.8998211797,6846378.104435661,3,564.1019999999996
1,80,934194.8998211797,6846378.104435661,4,564.1019999999999
1,80,934194.8998211797,6846378.104435661,5,564.102
1,80,934194.8998211797,6846378.104435661,6,564.1019999999996
1,80,934194.8998211797,6846378.104435661,7,564.1020000000002
1,80,934194.8998211797,6846378.104435661,8,564.1019999999997
1,80,934194.8998211797,6846378.104435661,9,564.1020000000004
1,80,934194.8998211797,6846378.104435661,10,564.1019999999999
1,80,934194.8998211797,6846378.104435661,11,564.1019999999997
1,80,934194.8998211797,6846378.104435661,12,564.1019999999996
1,80,934194.8998211797,6846378.104435661,13,564.1020000000002
1,80,934194.8998211797,6846378.104435661,14,564.1019999999997
1,80,934194.8998211797,6846378.104435661,16,564.1019999999999
1,80,934194.8998211797,6846378.104435661,17,564.1020000000002
1,80,934194.8998211797,6846378.104435661,18,564.1019999999997
1,80,934194.8998211797,6846378.104435661,19,564.1020000000004
1,80,934194.8998211797,6846378.104435661,20,564.1019999999999
1,80,934194.8998211797,6846378.104435661,21,564.1020000000005
1,80,934194.8998211797,6846378.104435661,22,564.1019999999999
1,80,934194.8998211797,6846378.104435661,23,564.1019999999997
1,80,934194.8998211797,6846378.104435661,25,564.1019999999999
1,80,934194.8998211797,6846378.104435661,26,564.1019999999996
1,80,934194.8998211797,6846378.104435661,27,564.1019999999997
1,80,934194.8998211797,6846378.104435661,28,564.1019999999999
1,80,934194.8998211797,6846378.104435661,29,564.1020000000002
1,80,934194.8998211797,6846378.104435661,30,564.1019999999999
1,80,934194.8998211797,6846378.104435661,31,564.1019999999995
1,80,934194.8998211797,6846378.104435661,32,564.1019999999997
1,80,934194.8998211797,6846378.104435661,33,564.1020000000003
1,80,934194.8998211797,6846378.104435661,34,564.102
1,80,934194.8998211797,6846378.104435661,35,564.1020000000001
1,80,934194.8998211797,6846378.104435661,36,564.1019999999996
1,80,934194.8998211797,6846378.104435661,37,564.1019999999999
1,80,934194.8998211797,6846378.104435661,38,564.1019999999997
1,80,934194.8998211797,6846378.104435661,39,564.1019999999996
1,80,934194.8998211797,6846378.104435661,40,564.1020000000001
1,80,934194.8998211797,6846378.104435661,41,564.102
1,80,934194.8998211797,6846378.104435661,42,564.1019999999999
1,80,934194.8998211797,6846378.104435661,43,564.102
1,80,934194.8998211797,6846378.104435661,44,564.1019999999996
1,80,934194.8998211797,6846378.104435661,45,564.1019999999999
1,80,934194.8998211797,6846378.104435661,46,564.1019999999999
1,80,934194.8998211797,6846378.104435661,47,564.1019999999999
1,80,934194.8998211797,6846378.104435661,48,564.1020000000004
1,80,934194.8998211797,6846378.104435661,15,564.1019999999997
1,80,934194.8998211797,6846378.104435661,24,564.1020000000004
1,3,933908.0998213802,6848138.104434771,1,142.93125000000003
1,3,933908.0998213802,6848138.104434771,2,142.93125
1,3,933908.0998213802,6848138.104434771,3,142.93125
1,3,933908.0998213802,6848138.104434771,4,142.93124999999995
1,3,933908.0998213802,6848138.104434771,5,142.93125000000003
1,3,933908.0998213802,6848138.104434771,6,142.93125000000003
1,3,933908.0998213802,6848138.104434771,7,142.93125
1,3,933908.0998213802,6848138.104434771,8,142.93125000000003
1,3,933908.0998213802,6848138.104434771,9,142.93125000000006
1,3,933908.0998213802,6848138.104434771,10,142.93124999999995
1,3,933908.0998213802,6848138.104434771,11,142.93125
1,3,933908.0998213802,6848138.104434771,12,142.93125000000003
1,3,933908.0998213802,6848138.104434771,13,142.93125000000006
1,3,933908.0998213802,6848138.104434771,14,142.93124999999998
1,3,933908.0998213802,6848138.104434771,15,142.93125
1,3,933908.0998213802,6848138.104434771,16,142.93124999999992
1,3,933908.0998213802,6848138.104434771,17,142.93125000000006
1,3,933908.0998213802,6848138.104434771,18,142.93125
1,3,933908.0998213802,6848138.104434771,19,142.93125
1,3,933908.0998213802,6848138.104434771,20,142.93125
1,3,933908.0998213802,6848138.104434771,21,142.93125000000012
1,3,933908.0998213802,6848138.104434771,22,142.93124999999992
1,3,933908.0998213802,6848138.104434771,23,142.93125
1,3,933908.0998213802,6848138.104434771,24,142.93124999999998
1,3,933908.0998213802,6848138.104434771,25,142.93125000000006
1,3,933908.0998213802,6848138.104434771,26,142.93125
1,3,933908.0998213802,6848138.104434771,27,142.93125000000003
1,3,933908.0998213802,6848138.104434771,28,142.93124999999998
1,3,933908.0998213802,6848138.104434771,29,142.93125000000003
1,3,933908.0998213802,6848138.104434771,30,142.93125
1,3,933908.0998213802,6848138.104434771,31,142.93124999999995
1,3,933908.0998213802,6848138.104434771,32,142.93125
1,3,933908.0998213802,6848138.104434771,33,142.93125000000006
1,3,933908.0998213802,6848138.104434771,34,142.93124999999995
1,3,933908.0998213802,6848138.104434771,35,142.93124999999998
1,3,933908.0998213802,6848138.104434771,36,142.93125
1,3,933908.0998213802,6848138.104434771,37,142.93125000000006
1,3,933908.0998213802,6848138.104434771,38,142.93125
1,3,933908.0998213802,6848138.104434771,39,142.93125
1,3,933908.0998213802,6848138.104434771,40,142.93124999999995
1,3,933908.0998213802,6848138.104434771,41,142.9312500000001
1,3,933908.0998213802,6848138.104434771,42,142.93125000000003
1,3,933908.0998213802,6848138.104434771,43,142.93124999999992
1,3,933908.0998213802,6848138.104434771,44,142.93124999999998
1,3,933908.0998213802,6848138.104434771,45,142.93125000000006
1,3,933908.0998213802,6848138.104434771,46,142.93124999999998
1,3,933908.0998213802,6848138.104434771,47,142.93125
1,3,933908.0998213802,6848138.104434771,48,142.93125
1,54,934764.0998207259,6848247.404434707,1,172.00260000000023
1,54,934764.0998207259,6848247.404434707,2,177.7635947207567
1,54,934764.0998207259,6848247.404434707,3,193.50292500000012
1,54,934764.0998207259,6848247.404434707,4,215.00324999999975
1,54,934764.0998207259,6848247.404434707,5,236.50357500000027
1,54,934764.0998207259,6848247.404434707,6,252.24290527924353
1,54,934764.0998207259,6848247.404434707,7,182.12040000000016
1,54,934764.0998207259,6848247.404434707,8,252.24290527924353
1,54,934764.0998207259,6848247.404434707,9,236.50357500000027
1,54,934764.0998207259,6848247.404434707,10,215.00324999999975
1,54,934764.0998207259,6848247.404434707,11,193.5029250000001
1,54,934764.0998207259,6848247.404434707,12,177.76359472075674
1,54,934764.0998207259,6848247.404434707,13,172.00260000000026
1,54,934764.0998207259,6848247.404434707,14,177.76359472075674
1,54,934764.0998207259,6848247.404434707,15,193.5029250000001
1,54,934764.0998207259,6848247.404434707,16,215.00324999999975
1,54,934764.0998207259,6848247.404434707,17,236.50357500000027
1,54,934764.0998207259,6848247.404434707,18,252.24290527924353
1,54,934764.0998207259,6848247.404434707,19,182.12040000000016
1,54,934764.0998207259,6848247.404434707,20,252.24290527924353
1,54,934764.0998207259,6848247.404434707,21,236.50357500000027
1,54,934764.0998207259,6848247.404434707,22,215.00324999999978
1,54,934764.0998207259,6848247.404434707,23,193.50292500000012
1,54,934764.0998207259,6848247.404434707,24,177.76359472075674
1,54,934764.0998207259,6848247.404434707,25,172.00260000000023
1,54,934764.0998207259,6848247.404434707,26,177.76359472075674
1,54,934764.0998207259,6848247.404434707,27,193.50292500000012
1,54,934764.0998207259,6848247.404434707,28,215.00324999999975
1,54,934764.0998207259,6848247.404434707,29,236.50357500000027
1,54,934764.0998207259,6848247.404434707,30,252.24290527924353
1,54,934764.0998207259,6848247.404434707,31,182.12040000000016
1,54,934764.0998207259,6848247.404434707,32,252.24290527924353
1,54,934764.0998207259,6848247.404434707,33,236.50357500000027
1,54,934764.0998207259,6848247.404434707,34,215.00324999999975
1,54,934764.0998207259,6848247.404434707,35,193.50292500000012
1,54,934764.0998207259,6848247.404434707,36,177.7635947207567
1,54,934764.0998207259,6848247.404434707,37,172.00260000000023
1,54,934764.0998207259,6848247.404434707,38,177.7635947207567
1,54,934764.0998207259,6848247.404434707,39,193.5029250000001
1,54,934764.0998207259,6848247.404434707,40,215.00324999999972
1,54,934764.0998207259,6848247.404434707,41,236.50357500000027
1,54,934764.0998207259,6848247.404434707,42,252.24290527924353
1,54,934764.0998207259,6848247.404434707,43,182.12040000000016
1,54,934764.0998207259,6848247.404434707,44,252.24290527924353
1,54,934764.0998207259,6848247.404434707,45,236.5035750000003
1,54,934764.0998207259,6848247.404434707,46,215.00324999999978
1,54,934764.0998207259,6848247.404434707,47,193.5029250000001
1,54,934764.0998207259,6848247.404434707,48,240.50368697514168
1,27,932730.0998222866,6847424.704435145,1,184.8577500000002
1,27,932730.0998222866,6847424.704435145,2,184.85775000000038
1,27,932730.0998222866,6847424.704435145,3,184.85775000000015
1,27,932730.0998222866,6847424.704435145,4,184.85775
1,27,932730.0998222866,6847424.704435145,5,184.85775000000027
1,27,932730.0998222866,6847424.704435145,6,184.85775000000015
1,27,932730.0998222866,6847424.704435145,7,184.85775000000018
1,27,932730.0998222866,6847424.704435145,8,184.85775000000012
1,27,932730.0998222866,6847424.704435145,9,184.85775000000024
1,27,932730.0998222866,6847424.704435145,10,184.85775
1,27,932730.0998222866,6847424.704435145,11,184.85775000000024
1,27,932730.0998222866,6847424.704435145,12,184.85775000000032
1,27,932730.0998222866,6847424.704435145,13,184.8577500000002
1,27,932730.0998222866,6847424.704435145,14,184.85775000000035
1,27,932730.0998222866,6847424.704435145,15,184.8577500000002
1,27,932730.0998222866,6847424.704435145,16,184.85775000000004
1,27,932730.0998222866,6847424.704435145,17,184.85775000000018
1,27,932730.0998222866,6847424.704435145,18,184.8577500000001
1,27,932730.0998222866,6847424.704435145,19,184.85775000000018
1,27,932730.0998222866,6847424.704435145,20,184.85775000000018
1,27,932730.0998222866,6847424.704435145,21,184.85775000000024
1,27,932730.0998222866,6847424.704435145,22,184.85775000000007
1,27,932730.0998222866,6847424.704435145,23,184.85775000000018
1,27,932730.0998222866,6847424.704435145,24,184.85775000000032
1,27,932730.0998222866,6847424.704435145,25,184.85775000000018
1,27,932730.0998222866,6847424.704435145,26,184.85775000000038
1,27,932730.0998222866,6847424.704435145,27,184.85775000000018
1,27,932730.0998222866,6847424.704435145,28,184.85775
1,27,932730.0998222866,6847424.704435145,29,184.85775000000018
1,27,932730.0998222866,6847424.704435145,30,184.8577500000001
1,27,932730.0998222866,6847424.704435145,31,184.85775000000015
1,27,932730.0998222866,6847424.704435145,32,184.85775000000012
1,27,932730.0998222866,6847424.704435145,33,184.85775000000018
1,27,932730.0998222866,6847424.704435145,34,184.85774999999998
1,27,932730.0998222866,6847424.704435145,35,184.85775000000024
1,27,932730.0998222866,6847424.704435145,36,184.8577500000004
1,27,932730.0998222866,6847424.704435145,37,184.8577500000002
1,27,932730.0998222866,6847424.704435145,38,184.85775000000035
1,27,932730.0998222866,6847424.704435145,39,184.85775000000015
1,27,932730.0998222866,6847424.704435145,40,184.85775
1,27,932730.0998222866,6847424.704435145,41,184.8577500000002
1,27,932730.0998222866,6847424.704435145,42,184.85775000000012
1,27,932730.0998222866,6847424.704435145,43,184.8577500000002
1,27,932730.0998222866,6847424.704435145,44,184.85775000000012
1,27,932730.0998222866,6847424.704435145,45,184.85775000000018
1,27,932730.0998222866,6847424.704435145,46,184.85775
1,27,932730.0998222866,6847424.704435145,47,184.85775000000018
1,27,932730.0998222866,6847424.704435145,48,184.85775000000035
1,42,934990.5998205657,6847039.104435317,1,617.4629999999984
1,42,934990.5998205657,6847039.104435317,2,617.4629999999985
1,42,934990.5998205657,6847039.104435317,3,617.4630000000009
1,42,934990.5998205657,6847039.104435317,4,617.4629999999994
1,42,934990.5998205657,6847039.104435317,5,617.4629999999989
1,42,934990.5998205657,6847039.104435317,6,617.4630000000001
1,42,934990.5998205657,6847039.104435317,7,617.4630000000013
1,42,934990.5998205657,6847039.104435317,8,617.4629999999999
1,42,934990.5998205657,6847039.104435317,9,617.4629999999987
1,42,934990.5998205657,6847039.104435317,10,617.4629999999996
1,42,934990.5998205657,6847039.104435317,11,617.4630000000008
1,42,934990.5998205657,6847039.104435317,12,617.4629999999984
1,42,934990.5998205657,6847039.104435317,13,617.4629999999985
1,42,934990.5998205657,6847039.104435317,14,617.4629999999985
1,42,934990.5998205657,6847039.104435317,15,617.4630000000008
1,42,934990.5998205657,6847039.104435317,16,617.4629999999995
1,42,934990.5998205657,6847039.104435317,17,617.4629999999988
1,42,934990.5998205657,6847039.104435317,18,617.4630000000002
1,42,934990.5998205657,6847039.104435317,19,617.4630000000009
1,42,934990.5998205657,6847039.104435317,20,617.463
1,42,934990.5998205657,6847039.104435317,21,617.4629999999985
1,42,934990.5998205657,6847039.104435317,22,617.4629999999995
1,42,934990.5998205657,6847039.104435317,23,617.4630000000006
1,42,934990.5998205657,6847039.104435317,24,617.4629999999987
1,42,934990.5998205657,6847039.104435317,25,617.4629999999985
1,42,934990.5998205657,6847039.104435317,26,617.4629999999985
1,42,934990.5998205657,6847039.104435317,27,617.4630000000009
1,42,934990.5998205657,6847039.104435317,28,617.4629999999992
1,42,934990.5998205657,6847039.104435317,29,617.4629999999986
1,42,934990.5998205657,6847039.104435317,30,617.4630000000001
1,42,934990.5998205657,6847039.104435317,31,617.4630000000008
1,42,934990.5998205657,6847039.104435317,32,617.4630000000003
1,42,934990.5998205657,6847039.104435317,33,617.4629999999989
1,42,934990.5998205657,6847039.104435317,34,617.4629999999994
1,42,934990.5998205657,6847039.104435317,35,617.4630000000005
1,42,934990.5998205657,6847039.104435317,36,617.4629999999986
1,42,934990.5998205657,6847039.104435317,37,617.4629999999984
1,42,934990.5998205657,6847039.104435317,38,617.4629999999983
1,42,934990.5998205657,6847039.104435317,39,617.4630000000005
1,42,934990.5998205657,6847039.104435317,40,617.4629999999992
1,42,934990.5998205657,6847039.104435317,41,617.4629999999987
1,42,934990.5998205657,6847039.104435317,42,617.4629999999995
1,42,934990.5998205657,6847039.104435317,43,617.4630000000009
1,42,934990.5998205657,6847039.104435317,44,617.463
1,42,934990.5998205657,6847039.104435317,45,617.4629999999989
1,42,934990.5998205657,6847039.104435317,46,617.4629999999994
1,42,934990.5998205657,6847039.104435317,47,617.463000000001
1,42,934990.5998205657,6847039.104435317,48,617.4629999999979
1,18,933999.1998213149,6847743.404434972,1,93.06990000000008
1,18,933999.1998213149,6847743.404434972,2,96.18715056808071
1,18,933999.1998213149,6847743.404434972,3,97.19324999999999
1,18,933999.1998213149,6847743.404434972,4,97.19324999999999
1,18,933999.1998213149,6847743.404434972,5,97.19324999999995
1,18,933999.1998213149,6847743.404434972,6,97.19324999999999
1,18,933999.1998213149,6847743.404434972,7,97.19324999999999
1,18,933999.1998213149,6847743.404434972,9,97.19324999999999
1,18,933999.1998213149,6847743.404434972,11,97.19324999999999
1,18,933999.1998213149,6847743.404434972,12,96.18715056808071
1,18,933999.1998213149,6847743.404434972,13,93.06990000000008
1,18,933999.1998213149,6847743.404434972,14,96.18715056808071
1,18,933999.1998213149,6847743.404434972,15,97.19324999999999
1,18,933999.1998213149,6847743.404434972,16,97.19324999999998
1,18,933999.1998213149,6847743.404434972,17,97.19324999999999
1,18,933999.1998213149,6847743.404434972,18,97.19325000000002
1,18,933999.1998213149,6847743.404434972,19,97.19325
1,18,933999.1998213149,6847743.404434972,20,97.19324999999998
1,18,933999.1998213149,6847743.404434972,21,97.19324999999999
1,18,933999.1998213149,6847743.404434972,22,97.19325
1,18,933999.1998213149,6847743.404434972,23,97.19324999999999
1,18,933999.1998213149,6847743.404434972,24,96.18715056808071
1,18,933999.1998213149,6847743.404434972,25,93.06990000000008
1,18,933999.1998213149,6847743.404434972,26,96.18715056808071
1,18,933999.1998213149,6847743.404434972,27,97.19325
1,18,933999.1998213149,6847743.404434972,28,97.19324999999999
1,18,933999.1998213149,6847743.404434972,29,97.19324999999995
1,18,933999.1998213149,6847743.404434972,30,97.19325
1,18,933999.1998213149,6847743.404434972,31,97.19325
1,18,933999.1998213149,6847743.404434972,32,97.19324999999994
1,18,933999.1998213149,6847743.404434972,33,97.19324999999999
1,18,933999.1998213149,6847743.404434972,34,97.19324999999999
1,18,933999.1998213149,6847743.404434972,35,97.19324999999999
1,18,933999.1998213149,6847743.404434972,36,96.18715056808071
1,18,933999.1998213149,6847743.404434972,37,93.06990000000008
1,18,933999.1998213149,6847743.404434972,38,96.18715056808071
1,18,933999.1998213149,6847743.404434972,39,97.19325
1,18,933999.1998213149,6847743.404434972,40,97.19324999999999
1,18,933999.1998213149,6847743.404434972,41,97.19324999999999
1,18,933999.1998213149,6847743.404434972,42,97.19324999999996
1,18,933999.1998213149,6847743.404434972,43,97.19324999999999
1,18,933999.1998213149,6847743.404434972,44,97.19324999999999
1,18,933999.1998213149,6847743.404434972,45,97.19324999999996
1,18,933999.1998213149,6847743.404434972,46,97.19324999999999
1,18,933999.1998213149,6847743.404434972,47,97.19325
1,18,933999.1998213149,6847743.404434972,48,97.19324999999996
1,18,933999.1998213149,6847743.404434972,8,97.19325000000003
1,18,933999.1998213149,6847743.404434972,10,97.19324999999999
1,64,933976.8998213315,6847785.004434952,8,51.40755358185431
1,64,933976.8998213315,6847785.004434952,10,22.089375000000054
1,64,933976.8998213315,6847785.004434952,19,56.063700000000104
1,64,933976.8998213315,6847785.004434952,20,51.40755358185431
1,64,933976.8998213315,6847785.004434952,22,22.089375000000054
1,64,933976.8998213315,6847785.004434952,29,38.68672500000015
1,64,933976.8998213315,6847785.004434952,30,51.407553581854344
1,64,933976.8998213315,6847785.004434952,31,56.06370000000008
1,64,933976.8998213315,6847785.004434952,32,51.407553581854316
1,64,933976.8998213315,6847785.004434952,33,38.68672500000015
1,64,933976.8998213315,6847785.004434952,34,22.089375000000054
1,64,933976.8998213315,6847785.004434952,41,38.68672500000016
1,64,933976.8998213315,6847785.004434952,42,51.407553581854316
1,64,933976.8998213315,6847785.004434952,43,56.06370000000011
1,64,933976.8998213315,6847785.004434952,46,22.08937500000005
1,64,933976.8998213315,6847785.004434952,21,38.686725000000145
1,64,933976.8998213315,6847785.004434952,40,22.089375000000068
1,64,933976.8998213315,6847785.004434952,44,51.40755358185431
1,64,933976.8998213315,6847785.004434952,45,38.686725000000145
1,64,933976.8998213315,6847785.004434952,48,41.91969221278563
1,64,933976.8998213315,6847785.004434952,5,38.68672500000016
1,64,933976.8998213315,6847785.004434952,7,56.063700000000125
1,64,933976.8998213315,6847785.004434952,47,59.13022500000007
1,64,933976.8998213315,6847785.004434952,3,10.161112500000048
1,64,933976.8998213315,6847785.004434952,4,22.089375000000054
1,64,933976.8998213315,6847785.004434952,6,51.40755358185431
1,64,933976.8998213315,6847785.004434952,9,38.68672500000016
1,64,933976.8998213315,6847785.004434952,11,10.161112500000048
1,64,933976.8998213315,6847785.004434952,15,10.161112500000048
1,64,933976.8998213315,6847785.004434952,16,22.089375000000054
1,64,933976.8998213315,6847785.004434952,17,38.686725000000145
1,64,933976.8998213315,6847785.004434952,18,51.4075535818543
1,64,933976.8998213315,6847785.004434952,23,10.161112500000048
1,64,933976.8998213315,6847785.004434952,28,22.089375000000054
1,64,933976.8998213315,6847785.004434952,27,10.161112500000048
1,64,933976.8998213315,6847785.004434952,39,10.161112500000048
1,64,933976.8998213315,6847785.004434952,35,10.161112500000044
1,64,933976.8998213315,6847785.004434952,1,2.356200000000001
1,64,933976.8998213315,6847785.004434952,2,2.4351177359007767
1,64,933976.8998213315,6847785.004434952,12,2.4351177359007767
1,64,933976.8998213315,6847785.004434952,13,2.356200000000001
1,64,933976.8998213315,6847785.004434952,14,2.4351177359007767
1,64,933976.8998213315,6847785.004434952,24,2.4351177359007767
1,64,933976.8998213315,6847785.004434952,25,2.356200000000001
1,64,933976.8998213315,6847785.004434952,26,2.4351177359007767
1,64,933976.8998213315,6847785.004434952,36,2.4351177359007767
1,64,933976.8998213315,6847785.004434952,37,2.356200000000001
1,64,933976.8998213315,6847785.004434952,38,2.4351177359007767
1,48,931239.099823409,6848973.804434372,1,39.77820000000003
1,48,931239.099823409,6848973.804434372,2,93.93824771786642
1,48,931239.099823409,6848973.804434372,3,87.318
1,48,931239.099823409,6848973.804434372,4,94.80240000000006
1,48,931239.099823409,6848973.804434372,5,94.12499250000003
1,48,931239.099823409,6848973.804434372,6,100.47032077319102
1,48,931239.099823409,6848973.804434372,7,79.89597000000002
1,48,931239.099823409,6848973.804434372,8,97.05559006514002
1,48,931239.099823409,6848973.804434372,9,86.50199250000006
1,48,931239.099823409,6848973.804434372,10,95.18355000000005
1,48,931239.099823409,6848973.804434372,11,58.393912500000006
1,48,931239.099823409,6848973.804434372,12,90.60070399748474
1,48,931239.099823409,6848973.804434372,13,42.55020000000002
1,48,931239.099823409,6848973.804434372,14,50.063155805724804
1,48,931239.099823409,6848973.804434372,15,66.19016250000003
1,48,931239.099823409,6848973.804434372,16,50.58900000000001
1,48,931239.099823409,6848973.804434372,17,89.83705500000005
1,48,931239.099823409,6848973.804434372,18,86.77074638493879
1,48,931239.099823409,6848973.804434372,19,109.89594000000004
1,48,931239.099823409,6848973.804434372,20,105.95828083970154
1,48,931239.099823409,6848973.804434372,21,46.328782500000024
1,48,931239.099823409,6848973.804434372,22,103.89802500000006
1,48,931239.099823409,6848973.804434372,23,48.64860000000002
1,48,931239.099823409,6848973.804434372,24,82.82265146457817
1,48,931239.099823409,6848973.804434372,25,44.629200000000026
1,48,931239.099823409,6848973.804434372,26,52.56989465150502
1,48,931239.099823409,6848973.804434372,27,51.7671
1,48,931239.099823409,6848973.804434372,28,97.40115000000006
1,48,931239.099823409,6848973.804434372,29,46.805220000000034
1,48,931239.099823409,6848973.804434372,30,85.61217703756434
1,48,931239.099823409,6848973.804434372,31,98.79408000000004
1,48,931239.099823409,6848973.804434372,32,122.38150948318494
1,48,931239.099823409,6848973.804434372,33,46.80522000000003
1,48,931239.099823409,6848973.804434372,34,106.06365000000007
1,48,931239.099823409,6848973.804434372,35,83.01447
1,48,931239.099823409,6848973.804434372,36,46.1239947623559
1,48,931239.099823409,6848973.804434372,37,84.53214000000006
1,48,931239.099823409,6848973.804434372,38,93.46554839266211
1,48,931239.099823409,6848973.804434372,39,96.67350000000003
1,48,931239.099823409,6848973.804434372,40,45.82462500000002
1,48,931239.099823409,6848973.804434372,41,46.80522000000002
1,48,931239.099823409,6848973.804434372,42,98.62067497299672
1,48,931239.099823409,6848973.804434372,43,91.12257000000002
1,48,931239.099823409,6848973.804434372,44,112.5438329195142
1,48,931239.099823409,6848973.804434372,45,43.47015750000002
1,48,931239.099823409,6848973.804434372,46,92.63677500000004
1,48,931239.099823409,6848973.804434372,47,48.57929999999977
1,48,931239.099823409,6848973.804434372,48,65.92006953303164
1,59,931239.099823409,6848973.804434372,5,171.53655750000013
1,59,931239.099823409,6848973.804434372,6,182.87102488294553
1,59,931239.099823409,6848973.804434372,7,203.67963
1,59,931239.099823409,6848973.804434372,8,186.28575559099653
1,59,931239.099823409,6848973.804434372,9,179.15955750000012
1,59,931239.099823409,6848973.804434372,17,175.82449500000016
1,59,931239.099823409,6848973.804434372,18,196.57059927119775
1,59,931239.099823409,6848973.804434372,19,173.15991000000008
1,59,931239.099823409,6848973.804434372,20,177.383064816435
1,59,931239.099823409,6848973.804434372,21,219.33276750000022
1,59,931239.099823409,6848973.804434372,29,218.85633000000024
1,59,931239.099823409,6848973.804434372,30,197.7291686185722
1,59,931239.099823409,6848973.804434372,31,184.78152000000009
1,59,931239.099823409,6848973.804434372,32,160.9598361729516
1,59,931239.099823409,6848973.804434372,33,218.85633000000024
1,59,931239.099823409,6848973.804434372,41,218.85633000000024
1,59,931239.099823409,6848973.804434372,42,184.72067068313982
1,59,931239.099823409,6848973.804434372,43,192.45303000000007
1,59,931239.099823409,6848973.804434372,44,170.79751273662234
1,59,931239.099823409,6848973.804434372,45,222.19139250000023
1,59,931239.099823409,6848973.804434372,1,153.43020000000013
1,59,931239.099823409,6848973.804434372,3,130.04145000000005
1,59,931239.099823409,6848973.804434372,4,146.70810000000003
1,59,931239.099823409,6848973.804434372,10,146.32695000000004
1,59,931239.099823409,6848973.804434372,13,150.65820000000016
1,59,931239.099823409,6848973.804434372,14,149.61649853813893
1,59,931239.099823409,6848973.804434372,16,190.92149999999995
1,59,931239.099823409,6848973.804434372,22,137.61247500000002
1,59,931239.099823409,6848973.804434372,23,168.71085000000005
1,59,931239.099823409,6848973.804434372,24,116.8570028792855
1,59,931239.099823409,6848973.804434372,25,148.57920000000016
1,59,931239.099823409,6848973.804434372,28,144.10935000000006
1,59,931239.099823409,6848973.804434372,34,135.44685
1,59,931239.099823409,6848973.804434372,40,195.68587499999995
1,59,931239.099823409,6848973.804434372,46,148.87372500000004
1,59,931239.099823409,6848973.804434372,47,234.35527500000006
1,59,931239.099823409,6848973.804434372,48,204.2347569321958
1,59,931239.099823409,6848973.804434372,11,158.96553750000004
1,59,931239.099823409,6848973.804434372,12,109.07895034637892
1,59,931239.099823409,6848973.804434372,15,151.16928750000005
1,59,931239.099823409,6848973.804434372,26,147.1097596923587
1,59,931239.099823409,6848973.804434372,27,165.5923500000001
1,59,931239.099823409,6848973.804434372,35,134.34498000000008
1,59,931239.099823409,6848973.804434372,36,153.55565958150785
1,59,931239.099823409,6848973.804434372,37,108.67626000000008
1,59,931239.099823409,6848973.804434372,38,106.21410595120156
1,59,931239.099823409,6848973.804434372,39,120.68595000000003
1,59,931239.099823409,6848973.804434372,2,105.74140662599727
1,77,934467.3998209637,6847130.604435277,1,162.57780000000017
1,77,934467.3998209637,6847130.604435277,2,168.02312377715353
1,77,934467.3998209637,6847130.604435277,3,182.90002500000008
1,77,934467.3998209637,6847130.604435277,4,203.22225
1,77,934467.3998209637,6847130.604435277,5,223.54447500000018
1,77,934467.3998209637,6847130.604435277,6,238.42137622284656
1,77,934467.3998209637,6847130.604435277,7,243.8667
1,77,934467.3998209637,6847130.604435277,8,238.42137622284653
1,77,934467.3998209637,6847130.604435277,9,223.54447500000018
1,77,934467.3998209637,6847130.604435277,10,203.22225000000003
1,77,934467.3998209637,6847130.604435277,11,182.90002500000008
1,77,934467.3998209637,6847130.604435277,12,168.02312377715353
1,77,934467.3998209637,6847130.604435277,13,162.57780000000017
1,77,934467.3998209637,6847130.604435277,14,168.02312377715353
1,77,934467.3998209637,6847130.604435277,15,182.90002500000008
1,77,934467.3998209637,6847130.604435277,16,203.22225000000003
1,77,934467.3998209637,6847130.604435277,17,223.54447500000018
1,77,934467.3998209637,6847130.604435277,18,238.42137622284653
1,77,934467.3998209637,6847130.604435277,19,243.8667
1,77,934467.3998209637,6847130.604435277,20,238.4213762228465
1,77,934467.3998209637,6847130.604435277,21,223.54447500000018
1,77,934467.3998209637,6847130.604435277,22,203.22225000000003
1,77,934467.3998209637,6847130.604435277,23,182.90002500000008
1,77,934467.3998209637,6847130.604435277,24,168.02312377715353
1,77,934467.3998209637,6847130.604435277,25,162.57780000000014
1,77,934467.3998209637,6847130.604435277,26,168.02312377715353
1,77,934467.3998209637,6847130.604435277,27,182.90002500000008
1,77,934467.3998209637,6847130.604435277,28,203.22225000000003
1,77,934467.3998209637,6847130.604435277,29,223.54447500000018
1,77,934467.3998209637,6847130.604435277,30,238.42137622284653
1,77,934467.3998209637,6847130.604435277,31,243.8667
1,77,934467.3998209637,6847130.604435277,32,238.42137622284653
1,77,934467.3998209637,6847130.604435277,33,223.54447500000018
1,77,934467.3998209637,6847130.604435277,34,203.22225000000003
1,77,934467.3998209637,6847130.604435277,35,182.9000250000001
1,77,934467.3998209637,6847130.604435277,36,168.02312377715353
1,77,934467.3998209637,6847130.604435277,37,162.57780000000014
1,77,934467.3998209637,6847130.604435277,38,168.02312377715353
1,77,934467.3998209637,6847130.604435277,39,182.90002500000008
1,77,934467.3998209637,6847130.604435277,40,203.22225000000003
1,77,934467.3998209637,6847130.604435277,41,223.54447500000015
1,77,934467.3998209637,6847130.604435277,42,238.42137622284653
1,77,934467.3998209637,6847130.604435277,43,243.8667
1,77,934467.3998209637,6847130.604435277,44,238.42137622284653
1,77,934467.3998209637,6847130.604435277,45,223.54447500000018
1,77,934467.3998209637,6847130.604435277,46,203.22225000000003
1,77,934467.3998209637,6847130.604435277,47,247.45297500000007
1,77,934467.3998209637,6847130.604435277,48,227.32540275732546
1,71,933466.5998217198,6847887.004434904,1,261.08775000000014
1,71,933466.5998217198,6847887.004434904,2,261.08775
1,71,933466.5998217198,6847887.004434904,3,261.08775
1,71,933466.5998217198,6847887.004434904,4,261.0877499999998
1,71,933466.5998217198,6847887.004434904,5,261.08775
1,71,933466.5998217198,6847887.004434904,6,261.08775
1,71,933466.5998217198,6847887.004434904,7,261.0877499999999
1,71,933466.5998217198,6847887.004434904,8,261.08775
1,71,933466.5998217198,6847887.004434904,9,261.08775
1,71,933466.5998217198,6847887.004434904,10,261.0877499999998
1,71,933466.5998217198,6847887.004434904,11,261.0877500000001
1,71,933466.5998217198,6847887.004434904,12,261.08775
1,71,933466.5998217198,6847887.004434904,13,261.08775000000014
1,71,933466.5998217198,6847887.004434904,14,261.08774999999997
1,71,933466.5998217198,6847887.004434904,15,261.08775
1,71,933466.5998217198,6847887.004434904,16,261.08774999999986
1,71,933466.5998217198,6847887.004434904,17,261.0877500000001
1,71,933466.5998217198,6847887.004434904,18,261.08775
1,71,933466.5998217198,6847887.004434904,19,261.08774999999997
1,71,933466.5998217198,6847887.004434904,20,261.08775
1,71,933466.5998217198,6847887.004434904,21,261.08775
1,71,933466.5998217198,6847887.004434904,22,261.0877499999998
1,71,933466.5998217198,6847887.004434904,23,261.0877500000001
1,71,933466.5998217198,6847887.004434904,24,261.08774999999997
1,71,933466.5998217198,6847887.004434904,25,261.08775000000014
1,71,933466.5998217198,6847887.004434904,26,261.08775
1,71,933466.5998217198,6847887.004434904,27,261.08775
1,71,933466.5998217198,6847887.004434904,28,261.08774999999986
1,71,933466.5998217198,6847887.004434904,29,261.08775000000014
1,71,933466.5998217198,6847887.004434904,30,261.08775
1,71,933466.5998217198,6847887.004434904,31,261.08774999999997
1,71,933466.5998217198,6847887.004434904,32,261.08775
1,71,933466.5998217198,6847887.004434904,33,261.08775
1,71,933466.5998217198,6847887.004434904,34,261.0877499999998
1,71,933466.5998217198,6847887.004434904,35,261.0877500000001
1,71,933466.5998217198,6847887.004434904,36,261.08774999999997
1,71,933466.5998217198,6847887.004434904,37,261.08775000000014
1,71,933466.5998217198,6847887.004434904,38,261.08774999999997
1,71,933466.5998217198,6847887.004434904,39,261.0877500000001
1,71,933466.5998217198,6847887.004434904,40,261.0877499999998
1,71,933466.5998217198,6847887.004434904,41,261.08775
1,71,933466.5998217198,6847887.004434904,42,261.08775
1,71,933466.5998217198,6847887.004434904,43,261.08775
1,71,933466.5998217198,6847887.004434904,44,261.08775
1,71,933466.5998217198,6847887.004434904,45,261.08775
1,71,933466.5998217198,6847887.004434904,46,261.0877499999998
1,71,933466.5998217198,6847887.004434904,47,261.08775
1,71,933466.5998217198,6847887.004434904,48,261.08774999999997
1,16,934880.899820648,6847145.104435267,1,94.24800000000012
1,16,934880.899820648,6847145.104435267,2,97.40470943603107
1,16,934880.899820648,6847145.104435267,3,104.81625000000008
1,16,934880.899820648,6847145.104435267,5,104.81625000000012
1,16,934880.899820648,6847145.104435267,6,104.81625000000008
1,16,934880.899820648,6847145.104435267,7,104.8162500000001
1,16,934880.899820648,6847145.104435267,8,104.8162500000001
1,16,934880.899820648,6847145.104435267,9,104.81625000000014
1,16,934880.899820648,6847145.104435267,10,104.81625000000008
1,16,934880.899820648,6847145.104435267,11,104.81625000000011
1,16,934880.899820648,6847145.104435267,12,97.40470943603107
1,16,934880.899820648,6847145.104435267,13,94.24800000000012
1,16,934880.899820648,6847145.104435267,14,97.40470943603107
1,16,934880.899820648,6847145.104435267,15,104.81625000000008
1,16,934880.899820648,6847145.104435267,16,104.81625000000008
1,16,934880.899820648,6847145.104435267,17,104.81625000000012
1,16,934880.899820648,6847145.104435267,18,104.8162500000001
1,16,934880.899820648,6847145.104435267,19,104.81625000000011
1,16,934880.899820648,6847145.104435267,20,104.8162500000001
1,16,934880.899820648,6847145.104435267,21,104.81625000000012
1,16,934880.899820648,6847145.104435267,22,104.81625000000008
1,16,934880.899820648,6847145.104435267,23,104.81625000000011
1,16,934880.899820648,6847145.104435267,24,97.40470943603107
1,16,934880.899820648,6847145.104435267,25,94.24800000000012
1,16,934880.899820648,6847145.104435267,26,97.40470943603107
1,16,934880.899820648,6847145.104435267,27,104.81625000000008
1,16,934880.899820648,6847145.104435267,28,104.8162500000001
1,16,934880.899820648,6847145.104435267,29,104.81625000000007
1,16,934880.899820648,6847145.104435267,30,104.8162500000001
1,16,934880.899820648,6847145.104435267,31,104.81625000000011
1,16,934880.899820648,6847145.104435267,32,104.8162500000001
1,16,934880.899820648,6847145.104435267,33,104.81625000000011
1,16,934880.899820648,6847145.104435267,35,104.81625000000008
1,16,934880.899820648,6847145.104435267,36,97.40470943603107
1,16,934880.899820648,6847145.104435267,37,94.24800000000012
1,16,934880.899820648,6847145.104435267,38,97.40470943603107
1,16,934880.899820648,6847145.104435267,39,104.81625000000008
1,16,934880.899820648,6847145.104435267,40,104.81625000000008
1,16,934880.899820648,6847145.104435267,41,104.8162500000001
1,16,934880.899820648,6847145.104435267,42,104.8162500000001
1,16,934880.899820648,6847145.104435267,43,104.81625000000008
1,16,934880.899820648,6847145.104435267,44,104.8162500000001
1,16,934880.899820648,6847145.104435267,45,104.81625000000012
1,16,934880.899820648,6847145.104435267,46,104.8162500000001
1,16,934880.899820648,6847145.104435267,47,104.81625000000008
1,16,934880.899820648,6847145.104435267,48,104.81625000000008
1,16,934880.899820648,6847145.104435267,4,104.81625000000011
1,16,934880.899820648,6847145.104435267,34,104.81625000000011
1,29,934901.9998206322,6847132.704435273,4,12.993749999999972
1,29,934901.9998206322,6847132.704435273,10,12.993749999999983
1,29,934901.9998206322,6847132.704435273,34,12.993749999999972
1,29,934901.9998206322,6847132.704435273,40,12.99374999999998
1,29,934901.9998206322,6847132.704435273,46,12.993749999999972
1,29,934901.9998206322,6847132.704435273,5,24.774749999999973
1,29,934901.9998206322,6847132.704435273,7,36.555749999999975
1,29,934901.9998206322,6847132.704435273,8,33.399040563968924
1,29,934901.9998206322,6847132.704435273,9,24.77474999999998
1,29,934901.9998206322,6847132.704435273,17,24.774749999999976
1,29,934901.9998206322,6847132.704435273,18,33.399040563968924
1,29,934901.9998206322,6847132.704435273,19,36.55574999999995
1,29,934901.9998206322,6847132.704435273,20,33.39904056396893
1,29,934901.9998206322,6847132.704435273,21,24.774749999999983
1,29,934901.9998206322,6847132.704435273,29,24.77475000000011
1,29,934901.9998206322,6847132.704435273,30,33.39904056396893
1,29,934901.9998206322,6847132.704435273,31,36.55574999999996
1,29,934901.9998206322,6847132.704435273,32,33.39904056396893
1,29,934901.9998206322,6847132.704435273,33,24.774749999999983
1,29,934901.9998206322,6847132.704435273,41,24.7747500000001
1,29,934901.9998206322,6847132.704435273,43,36.55574999999996
1,29,934901.9998206322,6847132.704435273,44,33.39904056396892
1,29,934901.9998206322,6847132.704435273,47,38.634749999999976
1,29,934901.9998206322,6847132.704435273,48,26.96659217815963
1,29,934901.9998206322,6847132.704435273,11,1.212749999999943
1,29,934901.9998206322,6847132.704435273,23,1.2127499999999376
1,29,934901.9998206322,6847132.704435273,35,1.2127499999999476
1,29,934901.9998206322,6847132.704435273,3,1.212749999999941
1,29,934901.9998206322,6847132.704435273,16,12.993749999999972
1,29,934901.9998206322,6847132.704435273,28,12.993749999999975
1,29,934901.9998206322,6847132.704435273,39,1.2127499999999487
1,29,934901.9998206322,6847132.704435273,27,1.212749999999941
1,29,934901.9998206322,6847132.704435273,6,33.39904056396892
1,29,934901.9998206322,6847132.704435273,22,12.993749999999977
1,29,934901.9998206322,6847132.704435273,45,24.774749999999962
1,29,934901.9998206322,6847132.704435273,42,33.399040563968924
1,29,934901.9998206322,6847132.704435273,15,1.2127500000000564
1,46,934906.099820619,6848106.204434778,1,151.97490000000028
1,46,934906.099820619,6848106.204434778,2,157.0650939656
1,46,934906.099820619,6848106.204434778,3,170.97176250000004
1,46,934906.099820619,6848106.204434778,4,189.96862499999997
1,46,934906.099820619,6848106.204434778,5,208.96548750000017
1,46,934906.099820619,6848106.204434778,6,160.78856880846135
1,46,934906.099820619,6848106.204434778,7,160.91460000000006
1,46,934906.099820619,6848106.204434778,8,160.78856880846425
1,46,934906.099820619,6848106.204434778,9,208.96548750000017
1,46,934906.099820619,6848106.204434778,10,189.96862499999995
1,46,934906.099820619,6848106.204434778,11,170.97176250000004
1,46,934906.099820619,6848106.204434778,12,157.0650939656
1,46,934906.099820619,6848106.204434778,13,151.97490000000028
1,46,934906.099820619,6848106.204434778,14,157.0650939656
1,46,934906.099820619,6848106.204434778,15,170.97176250000007
1,46,934906.099820619,6848106.204434778,16,189.96862499999995
1,46,934906.099820619,6848106.204434778,17,208.96548750000017
1,46,934906.099820619,6848106.204434778,18,160.78856880846476
1,46,934906.099820619,6848106.204434778,19,160.91460000000006
1,46,934906.099820619,6848106.204434778,20,160.78856880846163
1,46,934906.099820619,6848106.204434778,21,208.9654875000002
1,46,934906.099820619,6848106.204434778,22,189.96862499999997
1,46,934906.099820619,6848106.204434778,23,170.97176250000007
1,46,934906.099820619,6848106.204434778,24,157.0650939656
1,46,934906.099820619,6848106.204434778,25,151.97490000000028
1,46,934906.099820619,6848106.204434778,26,157.0650939656
1,46,934906.099820619,6848106.204434778,27,170.97176250000007
1,46,934906.099820619,6848106.204434778,28,189.96862499999995
1,46,934906.099820619,6848106.204434778,29,208.96548750000017
1,46,934906.099820619,6848106.204434778,30,160.78856880846305
1,46,934906.099820619,6848106.204434778,31,160.9146000000001
1,46,934906.099820619,6848106.204434778,32,160.78856880846334
1,46,934906.099820619,6848106.204434778,33,208.9654875000002
1,46,934906.099820619,6848106.204434778,34,189.96862499999995
1,46,934906.099820619,6848106.204434778,35,170.97176250000004
1,46,934906.099820619,6848106.204434778,36,157.0650939656
1,46,934906.099820619,6848106.204434778,37,151.97490000000028
1,46,934906.099820619,6848106.204434778,38,157.0650939656
1,46,934906.099820619,6848106.204434778,39,170.97176250000004
1,46,934906.099820619,6848106.204434778,40,189.96862499999995
1,46,934906.099820619,6848106.204434778,41,208.96548750000017
1,46,934906.099820619,6848106.204434778,42,160.78856880846328
1,46,934906.099820619,6848106.204434778,43,160.91460000000006
1,46,934906.099820619,6848106.204434778,44,160.7885688084646
1,46,934906.099820619,6848106.204434778,45,208.9654875000002
1,46,934906.099820619,6848106.204434778,46,189.96862499999997
1,46,934906.099820619,6848106.204434778,47,170.97176250000007
1,46,934906.099820619,6848106.204434778,48,212.49983301228247
1,32,934724.7998207612,6847726.104434972,1,60.08310000000003
1,32,934724.7998207612,6847726.104434972,2,62.09550226546984
1,32,934724.7998207612,6847726.104434972,3,67.59348750000002
1,32,934724.7998207612,6847726.104434972,4,75.10387500000004
1,32,934724.7998207612,6847726.104434972,5,82.61426250000004
1,32,934724.7998207612,6847726.104434972,6,88.11224773453027
1,32,934724.7998207612,6847726.104434972,7,63.617400000000046
1,32,934724.7998207612,6847726.104434972,8,88.11224773453026
1,32,934724.7998207612,6847726.104434972,9,82.61426250000005
1,32,934724.7998207612,6847726.104434972,10,75.10387500000006
1,32,934724.7998207612,6847726.104434972,11,67.59348750000001
1,32,934724.7998207612,6847726.104434972,12,62.09550226546985
1,32,934724.7998207612,6847726.104434972,13,60.08310000000003
1,32,934724.7998207612,6847726.104434972,14,62.095502265469854
1,32,934724.7998207612,6847726.104434972,15,67.59348750000002
1,32,934724.7998207612,6847726.104434972,16,75.10387500000006
1,32,934724.7998207612,6847726.104434972,17,82.61426250000005
1,32,934724.7998207612,6847726.104434972,18,88.11224773453027
1,32,934724.7998207612,6847726.104434972,19,63.61740000000004
1,32,934724.7998207612,6847726.104434972,20,88.11224773453027
1,32,934724.7998207612,6847726.104434972,21,82.61426250000007
1,32,934724.7998207612,6847726.104434972,22,75.10387500000006
1,32,934724.7998207612,6847726.104434972,23,67.59348750000002
1,32,934724.7998207612,6847726.104434972,24,62.09550226546986
1,32,934724.7998207612,6847726.104434972,25,60.08310000000003
1,32,934724.7998207612,6847726.104434972,26,62.095502265469854
1,32,934724.7998207612,6847726.104434972,27,67.59348750000002
1,32,934724.7998207612,6847726.104434972,28,75.10387500000006
1,32,934724.7998207612,6847726.104434972,29,82.61426250000007
1,32,934724.7998207612,6847726.104434972,30,88.11224773453027
1,32,934724.7998207612,6847726.104434972,31,63.61740000000003
1,32,934724.7998207612,6847726.104434972,32,88.11224773453027
1,32,934724.7998207612,6847726.104434972,33,82.61426250000005
1,32,934724.7998207612,6847726.104434972,34,75.10387500000006
1,32,934724.7998207612,6847726.104434972,35,67.59348750000002
1,32,934724.7998207612,6847726.104434972,36,62.09550226546986
1,32,934724.7998207612,6847726.104434972,37,60.08310000000003
1,32,934724.7998207612,6847726.104434972,38,62.095502265469854
1,32,934724.7998207612,6847726.104434972,39,67.59348750000004
1,32,934724.7998207612,6847726.104434972,40,75.10387500000006
1,32,934724.7998207612,6847726.104434972,41,82.61426250000005
1,32,934724.7998207612,6847726.104434972,42,88.11224773453026
1,32,934724.7998207612,6847726.104434972,43,63.61740000000003
1,32,934724.7998207612,6847726.104434972,44,88.11224773453026
1,32,934724.7998207612,6847726.104434972,45,82.61426250000005
1,32,934724.7998207612,6847726.104434972,46,75.10387500000006
1,32,934724.7998207612,6847726.104434972,47,67.59348750000002
1,32,934724.7998207612,6847726.104434972,48,84.01156188857676
1,6,931976.7421459949,6849371.227088254,1,25.918200000000027
1,6,931976.7421459949,6849371.227088254,2,26.786295094908567
1,6,931976.7421459949,6849371.227088254,3,29.157975000000025
1,6,931976.7421459949,6849371.227088254,4,32.39775000000003
1,6,931976.7421459949,6849371.227088254,5,35.637525000000046
1,6,931976.7421459949,6849371.227088254,6,27.733772834921087
1,6,931976.7421459949,6849371.227088254,7,27.44280000000003
1,6,931976.7421459949,6849371.227088254,8,27.733772834921094
1,6,931976.7421459949,6849371.227088254,9,35.637525000000046
1,6,931976.7421459949,6849371.227088254,10,32.39775000000004
1,6,931976.7421459949,6849371.227088254,11,29.157975000000032
1,6,931976.7421459949,6849371.227088254,12,26.786295094908564
1,6,931976.7421459949,6849371.227088254,13,25.918200000000027
1,6,931976.7421459949,6849371.227088254,14,26.786295094908567
1,6,931976.7421459949,6849371.227088254,15,29.15797500000003
1,6,931976.7421459949,6849371.227088254,16,32.39775000000004
1,6,931976.7421459949,6849371.227088254,17,35.63752500000004
1,6,931976.7421459949,6849371.227088254,18,27.733772834921123
1,6,931976.7421459949,6849371.227088254,19,27.44280000000003
1,6,931976.7421459949,6849371.227088254,20,27.73377283492108
1,6,931976.7421459949,6849371.227088254,21,35.637525000000046
1,6,931976.7421459949,6849371.227088254,22,32.39775000000004
1,6,931976.7421459949,6849371.227088254,23,29.157975000000036
1,6,931976.7421459949,6849371.227088254,24,26.78629509490856
1,6,931976.7421459949,6849371.227088254,25,25.918200000000027
1,6,931976.7421459949,6849371.227088254,26,26.786295094908567
1,6,931976.7421459949,6849371.227088254,27,29.157975000000032
1,6,931976.7421459949,6849371.227088254,28,32.39775000000004
1,6,931976.7421459949,6849371.227088254,29,35.637525000000046
1,6,931976.7421459949,6849371.227088254,30,27.733772834921112
1,6,931976.7421459949,6849371.227088254,31,27.442800000000034
1,6,931976.7421459949,6849371.227088254,32,27.73377283492107
1,6,931976.7421459949,6849371.227088254,33,35.637525000000046
1,6,931976.7421459949,6849371.227088254,34,32.39775000000004
1,6,931976.7421459949,6849371.227088254,35,29.15797500000003
1,6,931976.7421459949,6849371.227088254,36,26.786295094908567
1,6,931976.7421459949,6849371.227088254,37,25.918200000000024
1,6,931976.7421459949,6849371.227088254,38,26.786295094908567
1,6,931976.7421459949,6849371.227088254,39,29.157975000000032
1,6,931976.7421459949,6849371.227088254,40,32.39775000000004
1,6,931976.7421459949,6849371.227088254,41,35.637525000000046
1,6,931976.7421459949,6849371.227088254,42,27.733772834921123
1,6,931976.7421459949,6849371.227088254,43,27.44280000000003
1,6,931976.7421459949,6849371.227088254,44,27.733772834921087
1,6,931976.7421459949,6849371.227088254,45,35.637525000000046
1,6,931976.7421459949,6849371.227088254,46,32.39775000000004
1,6,931976.7421459949,6849371.227088254,47,29.157975000000032
1,6,931976.7421459949,6849371.227088254,48,36.240281598993946
1,4,935353.7998202943,6846475.604435598,1,19.05750000000001
1,4,935353.7998202943,6846475.604435598,2,19.05750000000001
1,4,935353.7998202943,6846475.604435598,3,19.05750000000001
1,4,935353.7998202943,6846475.604435598,4,19.05750000000001
1,4,935353.7998202943,6846475.604435598,5,19.05750000000001
1,4,935353.7998202943,6846475.604435598,6,19.05750000000001
1,4,935353.7998202943,6846475.604435598,7,19.05750000000001
1,4,935353.7998202943,6846475.604435598,8,19.05750000000001
1,4,935353.7998202943,6846475.604435598,9,19.05750000000001
1,4,935353.7998202943,6846475.604435598,10,19.05750000000001
1,4,935353.7998202943,6846475.604435598,11,19.05750000000001
1,4,935353.7998202943,6846475.604435598,12,19.05750000000001
1,4,935353.7998202943,6846475.604435598,13,19.05750000000001
1,4,935353.7998202943,6846475.604435598,14,19.05750000000001
1,4,935353.7998202943,6846475.604435598,15,19.057500000000015
1,4,935353.7998202943,6846475.604435598,16,19.05750000000001
1,4,935353.7998202943,6846475.604435598,17,19.05750000000001
1,4,935353.7998202943,6846475.604435598,18,19.05750000000001
1,4,935353.7998202943,6846475.604435598,19,19.05750000000001
1,4,935353.7998202943,6846475.604435598,20,19.05750000000001
1,4,935353.7998202943,6846475.604435598,21,19.05750000000001
1,4,935353.7998202943,6846475.604435598,22,19.05750000000001
1,4,935353.7998202943,6846475.604435598,23,19.05750000000001
1,4,935353.7998202943,6846475.604435598,24,19.05750000000001
1,4,935353.7998202943,6846475.604435598,25,19.05750000000001
1,4,935353.7998202943,6846475.604435598,26,19.05750000000001
1,4,935353.7998202943,6846475.604435598,27,19.05750000000001
1,4,935353.7998202943,6846475.604435598,28,19.05750000000001
1,4,935353.7998202943,6846475.604435598,29,19.05750000000001
1,4,935353.7998202943,6846475.604435598,30,19.05750000000001
1,4,935353.7998202943,6846475.604435598,31,19.057500000000008
1,4,935353.7998202943,6846475.604435598,32,19.05750000000001
1,4,935353.7998202943,6846475.604435598,33,19.05750000000001
1,4,935353.7998202943,6846475.604435598,34,19.05750000000001
1,4,935353.7998202943,6846475.604435598,35,19.05750000000001
1,4,935353.7998202943,6846475.604435598,36,19.05750000000001
1,4,935353.7998202943,6846475.604435598,37,19.05750000000001
1,4,935353.7998202943,6846475.604435598,38,19.05750000000001
1,4,935353.7998202943,6846475.604435598,39,19.05750000000001
1,4,935353.7998202943,6846475.604435598,40,19.05750000000001
1,4,935353.7998202943,6846475.604435598,41,19.05750000000001
1,4,935353.7998202943,6846475.604435598,42,19.05750000000001
1,4,935353.7998202943,6846475.604435598,43,19.05750000000001
1,4,935353.7998202943,6846475.604435598,44,19.05750000000001
1,4,935353.7998202943,6846475.604435598,45,19.05750000000001
1,4,935353.7998202943,6846475.604435598,46,19.05750000000001
1,4,935353.7998202943,6846475.604435598,47,19.05750000000001
1,4,935353.7998202943,6846475.604435598,48,19.05750000000001
1,20,932322.3998225784,6849328.204434182,1,16.49340000000001
1,20,932322.3998225784,6849328.204434182,2,17.045824151305442
1,20,932322.3998225784,6849328.204434182,3,18.55507500000001
1,20,932322.3998225784,6849328.204434182,4,20.616750000000014
1,20,932322.3998225784,6849328.204434182,5,22.67842500000001
1,20,932322.3998225784,6849328.204434182,6,17.073653540254995
1,20,932322.3998225784,6849328.204434182,7,17.463600000000007
1,20,932322.3998225784,6849328.204434182,8,17.073653540254995
1,20,932322.3998225784,6849328.204434182,9,22.67842500000001
1,20,932322.3998225784,6849328.204434182,10,20.616750000000014
1,20,932322.3998225784,6849328.204434182,11,18.55507500000001
1,20,932322.3998225784,6849328.204434182,12,17.045824151305442
1,20,932322.3998225784,6849328.204434182,13,16.49340000000001
1,20,932322.3998225784,6849328.204434182,14,17.045824151305442
1,20,932322.3998225784,6849328.204434182,15,18.55507500000001
1,20,932322.3998225784,6849328.204434182,16,20.616750000000014
1,20,932322.3998225784,6849328.204434182,17,22.67842500000001
1,20,932322.3998225784,6849328.204434182,18,17.073653540255
1,20,932322.3998225784,6849328.204434182,19,17.463600000000007
1,20,932322.3998225784,6849328.204434182,20,17.073653540254995
1,20,932322.3998225784,6849328.204434182,21,22.67842500000001
1,20,932322.3998225784,6849328.204434182,22,20.616750000000014
1,20,932322.3998225784,6849328.204434182,23,18.555075000000006
1,20,932322.3998225784,6849328.204434182,24,17.045824151305442
1,20,932322.3998225784,6849328.204434182,25,16.49340000000001
1,20,932322.3998225784,6849328.204434182,26,17.045824151305442
1,20,932322.3998225784,6849328.204434182,27,18.55507500000001
1,20,932322.3998225784,6849328.204434182,28,20.61675000000001
1,20,932322.3998225784,6849328.204434182,29,22.67842500000001
1,20,932322.3998225784,6849328.204434182,30,17.073653540255
1,20,932322.3998225784,6849328.204434182,31,17.463600000000007
1,20,932322.3998225784,6849328.204434182,32,17.073653540255
1,20,932322.3998225784,6849328.204434182,33,22.67842500000001
1,20,932322.3998225784,6849328.204434182,34,20.61675000000001
1,20,932322.3998225784,6849328.204434182,35,18.55507500000001
1,20,932322.3998225784,6849328.204434182,36,17.045824151305442
1,20,932322.3998225784,6849328.204434182,37,16.49340000000001
1,20,932322.3998225784,6849328.204434182,38,17.045824151305442
1,20,932322.3998225784,6849328.204434182,39,18.55507500000001
1,20,932322.3998225784,6849328.204434182,40,20.616750000000014
1,20,932322.3998225784,6849328.204434182,41,22.67842500000001
1,20,932322.3998225784,6849328.204434182,42,17.073653540255
1,20,932322.3998225784,6849328.204434182,43,17.463600000000003
1,20,932322.3998225784,6849328.204434182,44,17.073653540255
1,20,932322.3998225784,6849328.204434182,45,22.67842500000001
1,20,932322.3998225784,6849328.204434182,46,20.616750000000014
1,20,932322.3998225784,6849328.204434182,47,18.55507500000001
1,20,932322.3998225784,6849328.204434182,48,21.033286663508875
1,82,931908.399822898,6848998.204434354,1,8.246700000000002
1,82,931908.399822898,6848998.204434354,2,8.52291207565272
1,82,931908.399822898,6848998.204434354,3,9.277537500000003
1,82,931908.399822898,6848998.204434354,4,10.308375000000003
1,82,931908.399822898,6848998.204434354,5,11.339212500000006
1,82,931908.399822898,6848998.204434354,6,12.093837924347287
1,82,931908.399822898,6848998.204434354,7,11.677050000000088
1,82,931908.399822898,6848998.204434354,8,12.093837924347287
1,82,931908.399822898,6848998.204434354,9,11.339212500000006
1,82,931908.399822898,6848998.204434354,10,10.308375000000003
1,82,931908.399822898,6848998.204434354,11,9.277537500000003
1,82,931908.399822898,6848998.204434354,12,8.52291207565272
1,82,931908.399822898,6848998.204434354,13,8.246700000000002
1,82,931908.399822898,6848998.204434354,14,8.52291207565272
1,82,931908.399822898,6848998.204434354,15,9.277537500000003
1,82,931908.399822898,6848998.204434354,16,10.308375000000003
1,82,931908.399822898,6848998.204434354,17,11.339212500000006
1,82,931908.399822898,6848998.204434354,18,12.093837924347287
1,82,931908.399822898,6848998.204434354,19,12.196800000000119
1,82,931908.399822898,6848998.204434354,20,12.093837924347287
1,82,931908.399822898,6848998.204434354,21,11.339212500000006
1,82,931908.399822898,6848998.204434354,22,10.308375000000003
1,82,931908.399822898,6848998.204434354,23,9.277537500000003
1,82,931908.399822898,6848998.204434354,24,8.52291207565272
1,82,931908.399822898,6848998.204434354,25,8.246700000000002
1,82,931908.399822898,6848998.204434354,26,8.52291207565272
1,82,931908.399822898,6848998.204434354,27,9.277537500000003
1,82,931908.399822898,6848998.204434354,28,10.308375000000003
1,82,931908.399822898,6848998.204434354,29,11.339212500000006
1,82,931908.399822898,6848998.204434354,30,12.093837924347287
1,82,931908.399822898,6848998.204434354,31,11.677050000000117
1,82,931908.399822898,6848998.204434354,32,12.093837924347287
1,82,931908.399822898,6848998.204434354,33,11.339212500000006
1,82,931908.399822898,6848998.204434354,34,10.308375000000003
1,82,931908.399822898,6848998.204434354,35,9.277537500000003
1,82,931908.399822898,6848998.204434354,36,8.52291207565272
1,82,931908.399822898,6848998.204434354,37,8.246700000000002
1,82,931908.399822898,6848998.204434354,38,8.52291207565272
1,82,931908.399822898,6848998.204434354,39,9.277537500000003
1,82,931908.399822898,6848998.204434354,40,10.308375000000003
1,82,931908.399822898,6848998.204434354,41,11.339212500000006
1,82,931908.399822898,6848998.204434354,42,12.093837924347287
1,82,931908.399822898,6848998.204434354,43,11.677050000000117
1,82,931908.399822898,6848998.204434354,44,12.093837924347287
1,82,931908.399822898,6848998.204434354,45,11.339212500000006
1,82,931908.399822898,6848998.204434354,46,10.308375000000003
1,82,931908.399822898,6848998.204434354,47,9.277537500000003
1,82,931908.399822898,6848998.204434354,48,11.530998690588973
1,44,932588.1998224115,6845816.204435961,1,4.712400000000002
1,44,932588.1998224115,6845816.204435961,2,4.870235471801556
1,44,932588.1998224115,6845816.204435961,3,5.3014500000000035
1,44,932588.1998224115,6845816.204435961,4,5.890500000000002
1,44,932588.1998224115,6845816.204435961,5,6.479550000000004
1,44,932588.1998224115,6845816.204435961,6,6.910764528198451
1,44,932588.1998224115,6845816.204435961,7,7.068600000000003
1,44,932588.1998224115,6845816.204435961,8,6.910764528198451
1,44,932588.1998224115,6845816.204435961,9,6.479550000000004
1,44,932588.1998224115,6845816.204435961,10,5.890500000000002
1,44,932588.1998224115,6845816.204435961,11,5.3014500000000035
1,44,932588.1998224115,6845816.204435961,12,4.870235471801556
1,44,932588.1998224115,6845816.204435961,13,4.712400000000002
1,44,932588.1998224115,6845816.204435961,14,4.870235471801556
1,44,932588.1998224115,6845816.204435961,15,5.3014500000000035
1,44,932588.1998224115,6845816.204435961,16,5.890500000000002
1,44,932588.1998224115,6845816.204435961,17,6.479550000000004
1,44,932588.1998224115,6845816.204435961,18,6.910764528198451
1,44,932588.1998224115,6845816.204435961,19,7.068600000000003
1,44,932588.1998224115,6845816.204435961,20,6.910764528198451
1,44,932588.1998224115,6845816.204435961,21,6.479550000000004
1,44,932588.1998224115,6845816.204435961,22,5.890500000000002
1,44,932588.1998224115,6845816.204435961,23,5.3014500000000035
1,44,932588.1998224115,6845816.204435961,24,4.870235471801556
1,44,932588.1998224115,6845816.204435961,25,4.712400000000002
1,44,932588.1998224115,6845816.204435961,26,4.870235471801556
1,44,932588.1998224115,6845816.204435961,27,5.3014500000000035
1,44,932588.1998224115,6845816.204435961,28,5.890500000000002
1,44,932588.1998224115,6845816.204435961,29,6.479550000000004
1,44,932588.1998224115,6845816.204435961,30,6.910764528198451
1,44,932588.1998224115,6845816.204435961,31,7.068600000000003
1,44,932588.1998224115,6845816.204435961,32,6.910764528198451
1,44,932588.1998224115,6845816.204435961,33,6.479550000000004
1,44,932588.1998224115,6845816.204435961,34,5.890500000000002
1,44,932588.1998224115,6845816.204435961,35,5.3014500000000035
1,44,932588.1998224115,6845816.204435961,36,4.870235471801556
1,44,932588.1998224115,6845816.204435961,37,4.712400000000002
1,44,932588.1998224115,6845816.204435961,38,4.870235471801556
1,44,932588.1998224115,6845816.204435961,39,5.3014500000000035
1,44,932588.1998224115,6845816.204435961,40,5.890500000000002
1,44,932588.1998224115,6845816.204435961,41,6.479550000000004
1,44,932588.1998224115,6845816.204435961,42,6.910764528198451
1,44,932588.1998224115,6845816.204435961,43,7.068600000000003
1,44,932588.1998224115,6845816.204435961,44,6.910764528198451
1,44,932588.1998224115,6845816.204435961,45,6.479550000000004
1,44,932588.1998224115,6845816.204435961,46,5.890500000000002
1,44,932588.1998224115,6845816.204435961,47,7.172550000000005
1,44,932588.1998224115,6845816.204435961,48,6.589142108907987
1,75,932222.5998226551,6849264.004434216,1,3.5343000000000018
1,75,932222.5998226551,6849264.004434216,2,3.652676603851165
1,75,932222.5998226551,6849264.004434216,3,3.976087500000002
1,75,932222.5998226551,6849264.004434216,4,4.417875000000002
1,75,932222.5998226551,6849264.004434216,5,4.859662500000002
1,75,932222.5998226551,6849264.004434216,6,3.6586400443403564
1,75,932222.5998226551,6849264.004434216,7,3.7422000000000013
1,75,932222.5998226551,6849264.004434216,8,3.6586400443403564
1,75,932222.5998226551,6849264.004434216,9,4.859662500000002
1,75,932222.5998226551,6849264.004434216,10,4.417875000000002
1,75,932222.5998226551,6849264.004434216,11,3.976087500000002
1,75,932222.5998226551,6849264.004434216,12,3.652676603851165
1,75,932222.5998226551,6849264.004434216,13,3.5343000000000018
1,75,932222.5998226551,6849264.004434216,14,3.652676603851165
1,75,932222.5998226551,6849264.004434216,15,3.976087500000002
1,75,932222.5998226551,6849264.004434216,16,4.417875000000002
1,75,932222.5998226551,6849264.004434216,17,4.859662500000002
1,75,932222.5998226551,6849264.004434216,18,3.6586400443403564
1,75,932222.5998226551,6849264.004434216,19,3.7422000000000013
1,75,932222.5998226551,6849264.004434216,20,3.6586400443403564
1,75,932222.5998226551,6849264.004434216,21,4.859662500000002
1,75,932222.5998226551,6849264.004434216,22,4.417875000000002
1,75,932222.5998226551,6849264.004434216,23,3.976087500000002
1,75,932222.5998226551,6849264.004434216,24,3.652676603851165
1,75,932222.5998226551,6849264.004434216,25,3.5343000000000018
1,75,932222.5998226551,6849264.004434216,26,3.652676603851165
1,75,932222.5998226551,6849264.004434216,27,3.976087500000002
1,75,932222.5998226551,6849264.004434216,28,4.417875000000002
1,75,932222.5998226551,6849264.004434216,29,4.859662500000002
1,75,932222.5998226551,6849264.004434216,30,3.6586400443403564
1,75,932222.5998226551,6849264.004434216,31,3.7422000000000013
1,75,932222.5998226551,6849264.004434216,32,3.6586400443403564
1,75,932222.5998226551,6849264.004434216,33,4.859662500000002
1,75,932222.5998226551,6849264.004434216,34,4.417875000000002
1,75,932222.5998226551,6849264.004434216,35,3.976087500000002
1,75,932222.5998226551,6849264.004434216,36,3.652676603851165
1,75,932222.5998226551,6849264.004434216,37,3.5343000000000018
1,75,932222.5998226551,6849264.004434216,38,3.652676603851165
1,75,932222.5998226551,6849264.004434216,39,3.976087500000002
1,75,932222.5998226551,6849264.004434216,40,4.417875000000002
1,75,932222.5998226551,6849264.004434216,41,4.859662500000002
1,75,932222.5998226551,6849264.004434216,42,3.6586400443403564
1,75,932222.5998226551,6849264.004434216,43,3.7422000000000013
1,75,932222.5998226551,6849264.004434216,44,3.6586400443403564
1,75,932222.5998226551,6849264.004434216,45,4.859662500000002
1,75,932222.5998226551,6849264.004434216,46,4.417875000000002
1,75,932222.5998226551,6849264.004434216,47,3.976087500000002
1,75,932222.5998226551,6849264.004434216,48,4.941856581680989
