sol,j,x,y,t,influjo_kg
1,31,934107.899821243,6846671.504435516,1,10.602900000000005
1,31,934107.899821243,6846671.504435516,2,10.958029811553496
1,31,934107.899821243,6846671.504435516,3,11.928262500000006
1,31,934107.899821243,6846671.504435516,4,13.253625000000007
1,31,934107.899821243,6846671.504435516,5,14.578987500000007
1,31,934107.899821243,6846671.504435516,6,15.549220188446512
1,31,934107.899821243,6846671.504435516,7,15.904350000000006
1,31,934107.899821243,6846671.504435516,8,15.549220188446512
1,31,934107.899821243,6846671.504435516,9,14.578987500000007
1,31,934107.899821243,6846671.504435516,10,13.253625000000007
1,31,934107.899821243,6846671.504435516,11,11.92826250000001
1,31,934107.899821243,6846671.504435516,12,10.958029811553496
1,31,934107.899821243,6846671.504435516,13,10.602900000000005
1,31,934107.899821243,6846671.504435516,14,10.958029811553496
1,31,934107.899821243,6846671.504435516,15,11.928262500000006
1,31,934107.899821243,6846671.504435516,16,13.253625000000007
1,31,934107.899821243,6846671.504435516,17,14.578987500000007
1,31,934107.899821243,6846671.504435516,18,15.549220188446512
1,31,934107.899821243,6846671.504435516,19,15.904350000000006
1,31,934107.899821243,6846671.504435516,20,15.549220188446512
1,31,934107.899821243,6846671.504435516,21,14.578987500000007
1,31,934107.899821243,6846671.504435516,22,13.253625000000007
1,31,934107.899821243,6846671.504435516,23,11.928262500000006
1,31,934107.899821243,6846671.504435516,24,10.9580298115535
1,31,934107.899821243,6846671.504435516,25,10.602900000000005
1,31,934107.899821243,6846671.504435516,26,10.9580298115535
1,31,934107.899821243,6846671.504435516,27,11.928262500000006
1,31,934107.899821243,6846671.504435516,28,13.253625000000007
1,31,934107.899821243,6846671.504435516,29,14.578987500000007
1,31,934107.899821243,6846671.504435516,30,15.549220188446512
1,31,934107.899821243,6846671.504435516,31,15.904350000000006
1,31,934107.899821243,6846671.504435516,32,15.549220188446512
1,31,934107.899821243,6846671.504435516,33,14.578987500000007
1,31,934107.899821243,6846671.504435516,34,13.253625000000007
1,31,934107.899821243,6846671.504435516,35,11.928262500000006
1,31,934107.899821243,6846671.504435516,36,10.9580298115535
1,31,934107.899821243,6846671.504435516,37,10.602900000000007
1,31,934107.899821243,6846671.504435516,38,10.958029811553496
1,31,934107.899821243,6846671.504435516,39,11.928262500000006
1,31,934107.899821243,6846671.504435516,40,13.253625000000007
1,31,934107.899821243,6846671.504435516,41,14.578987500000007
1,31,934107.899821243,6846671.504435516,42,15.549220188446512
1,31,934107.899821243,6846671.504435516,43,15.904350000000006
1,31,934107.899821243,6846671.504435516,44,15.549220188446515
1,31,934107.899821243,6846671.504435516,45,14.578987500000007
1,31,934107.899821243,6846671.504435516,46,13.253625000000007
1,31,934107.899821243,6846671.504435516,47,11.928262500000006
1,31,934107.899821243,6846671.504435516,48,10.958029811553496
1,57,934687.8998207864,6848019.504434823,1,48.302100000000024
1,57,934687.8998207864,6848019.504434823,2,49.91991358596594
1,57,934687.8998207864,6848019.504434823,3,54.33986250000002
1,57,934687.8998207864,6848019.504434823,4,60.377625000000016
1,57,934687.8998207864,6848019.504434823,5,66.41538750000005
1,57,934687.8998207864,6848019.504434823,6,70.83533641403413
1,57,934687.8998207864,6848019.504434823,7,72.45315000000008
1,57,934687.8998207864,6848019.504434823,8,70.83533641403413
1,57,934687.8998207864,6848019.504434823,9,66.41538750000005
1,57,934687.8998207864,6848019.504434823,10,60.37762500000004
1,57,934687.8998207864,6848019.504434823,11,54.33986250000002
1,57,934687.8998207864,6848019.504434823,12,49.91991358596594
1,57,934687.8998207864,6848019.504434823,13,48.302100000000024
1,57,934687.8998207864,6848019.504434823,14,49.91991358596594
1,57,934687.8998207864,6848019.504434823,15,54.33986250000004
1,57,934687.8998207864,6848019.504434823,16,60.377625000000016
1,57,934687.8998207864,6848019.504434823,17,66.41538750000008
1,57,934687.8998207864,6848019.504434823,18,70.83533641403416
1,57,934687.8998207864,6848019.504434823,19,72.45315000000008
1,57,934687.8998207864,6848019.504434823,20,70.83533641403413
1,57,934687.8998207864,6848019.504434823,21,66.41538750000005
1,57,934687.8998207864,6848019.504434823,22,60.37762500000004
1,57,934687.8998207864,6848019.504434823,23,54.33986250000004
1,57,934687.8998207864,6848019.504434823,24,49.91991358596597
1,57,934687.8998207864,6848019.504434823,25,48.30210000000004
1,57,934687.8998207864,6848019.504434823,26,49.91991358596594
1,57,934687.8998207864,6848019.504434823,27,54.33986250000002
1,57,934687.8998207864,6848019.504434823,28,60.377625000000016
1,57,934687.8998207864,6848019.504434823,29,66.41538750000005
1,57,934687.8998207864,6848019.504434823,30,70.83533641403413
1,57,934687.8998207864,6848019.504434823,31,72.45315000000005
1,57,934687.8998207864,6848019.504434823,32,70.83533641403413
1,57,934687.8998207864,6848019.504434823,33,66.41538750000005
1,57,934687.8998207864,6848019.504434823,34,60.377625000000016
1,57,934687.8998207864,6848019.504434823,35,54.33986250000004
1,57,934687.8998207864,6848019.504434823,36,49.91991358596594
1,57,934687.8998207864,6848019.504434823,37,48.302100000000024
1,57,934687.8998207864,6848019.504434823,38,49.91991358596594
1,57,934687.8998207864,6848019.504434823,39,54.33986250000002
1,57,934687.8998207864,6848019.504434823,40,60.377625000000016
1,57,934687.8998207864,6848019.504434823,41,66.41538750000008
1,57,934687.8998207864,6848019.504434823,42,70.83533641403416
1,57,934687.8998207864,6848019.504434823,43,72.45315000000005
1,57,934687.8998207864,6848019.504434823,44,70.83533641403416
1,57,934687.8998207864,6848019.504434823,45,66.41538750000005
1,57,934687.8998207864,6848019.504434823,46,60.377625000000016
1,57,934687.8998207864,6848019.504434823,47,54.33986250000002
1,57,934687.8998207864,6848019.504434823,48,49.91991358596594
1,26,933533.0998216621,6848578.504434551,3,43.03530000000001
1,26,933533.0998216621,6848578.504434551,4,42.23835000000002
1,26,933533.0998216621,6848578.504434551,10,47.81700000000002
1,26,933533.0998216621,6848578.504434551,12,18.449597904942365
1,26,933533.0998216621,6848578.504434551,13,38.25360000000002
1,26,933533.0998216621,6848578.504434551,21,74.51482500000009
1,26,933533.0998216621,6848578.504434551,22,47.81700000000002
1,26,933533.0998216621,6848578.504434551,24,18.449597904942365
1,26,933533.0998216621,6848578.504434551,25,54.19260000000003
1,26,933533.0998216621,6848578.504434551,27,43.03530000000001
1,26,933533.0998216621,6848578.504434551,28,22.31460000000001
1,26,933533.0998216621,6848578.504434551,29,24.546060000000015
1,26,933533.0998216621,6848578.504434551,32,49.55424682278774
1,26,933533.0998216621,6848578.504434551,33,24.546060000000015
1,26,933533.0998216621,6848578.504434551,34,22.31460000000001
1,26,933533.0998216621,6848578.504434551,36,34.92245317721233
1,26,933533.0998216621,6848578.504434551,37,17.851680000000012
1,26,933533.0998216621,6848578.504434551,39,38.01451500000002
1,26,933533.0998216621,6848578.504434551,40,42.23835000000002
1,26,933533.0998216621,6848578.504434551,41,74.51482500000009
1,26,933533.0998216621,6848578.504434551,42,49.55424682278774
1,26,933533.0998216621,6848578.504434551,43,26.777520000000013
1,26,933533.0998216621,6848578.504434551,44,26.179602095057668
1,26,933533.0998216621,6848578.504434551,45,74.51482500000009
1,26,933533.0998216621,6848578.504434551,46,67.74075000000003
1,26,933533.0998216621,6848578.504434551,48,56.007707925717895
1,26,933533.0998216621,6848578.504434551,1,36.34092000000001
1,26,933533.0998216621,6848578.504434551,2,21.08525474850555
1,26,933533.0998216621,6848578.504434551,5,28.05264000000002
1,26,933533.0998216621,6848578.504434551,6,53.29418997922453
1,26,933533.0998216621,6848578.504434551,7,30.602880000000006
1,26,933533.0998216621,6848578.504434551,8,53.29418997922453
1,26,933533.0998216621,6848578.504434551,9,28.05264000000002
1,26,933533.0998216621,6848578.504434551,11,22.952160000000013
1,26,933533.0998216621,6848578.504434551,14,21.08525474850555
1,26,933533.0998216621,6848578.504434551,16,25.502400000000016
1,26,933533.0998216621,6848578.504434551,17,28.05264000000002
1,26,933533.0998216621,6848578.504434551,23,40.88353500000001
1,26,933533.0998216621,6848578.504434551,30,53.29418997922453
1,26,933533.0998216621,6848578.504434551,31,30.602880000000006
1,26,933533.0998216621,6848578.504434551,35,40.88353500000001
1,26,933533.0998216621,6848578.504434551,38,37.55811002077552
1,26,933533.0998216621,6848578.504434551,19,23.908500000000004
1,26,933533.0998216621,6848578.504434551,20,23.374644727730058
1,26,933533.0998216621,6848578.504434551,47,17.931375000000006
1,66,933533.0998216621,6848578.504434551,1,17.851680000000012
1,66,933533.0998216621,6848578.504434551,2,34.92245317721233
1,66,933533.0998216621,6848578.504434551,5,46.46218500000005
1,66,933533.0998216621,6848578.504434551,6,26.179602095057668
1,66,933533.0998216621,6848578.504434551,7,50.68602000000003
1,66,933533.0998216621,6848578.504434551,8,26.179602095057668
1,66,933533.0998216621,6848578.504434551,9,46.46218500000005
1,66,933533.0998216621,6848578.504434551,11,38.01451500000002
1,66,933533.0998216621,6848578.504434551,14,34.92245317721233
1,66,933533.0998216621,6848578.504434551,15,60.966675000000016
1,66,933533.0998216621,6848578.504434551,16,42.23835000000002
1,66,933533.0998216621,6848578.504434551,17,46.46218500000005
1,66,933533.0998216621,6848578.504434551,18,79.4737920742822
1,66,933533.0998216621,6848578.504434551,19,57.38040000000003
1,66,933533.0998216621,6848578.504434551,20,56.09914734655213
1,66,933533.0998216621,6848578.504434551,23,20.083140000000014
1,66,933533.0998216621,6848578.504434551,26,56.007707925717895
1,66,933533.0998216621,6848578.504434551,30,26.179602095057668
1,66,933533.0998216621,6848578.504434551,31,50.68602000000003
1,66,933533.0998216621,6848578.504434551,35,20.083140000000014
1,66,933533.0998216621,6848578.504434551,38,18.449597904942365
1,66,933533.0998216621,6848578.504434551,47,43.03530000000001
1,66,933533.0998216621,6848578.504434551,4,25.502400000000016
1,66,933533.0998216621,6848578.504434551,12,37.55811002077552
1,66,933533.0998216621,6848578.504434551,24,37.55811002077552
1,66,933533.0998216621,6848578.504434551,28,45.426150000000014
1,66,933533.0998216621,6848578.504434551,29,49.96876500000004
1,66,933533.0998216621,6848578.504434551,32,29.919545251494466
1,66,933533.0998216621,6848578.504434551,33,49.96876500000004
1,66,933533.0998216621,6848578.504434551,34,45.426150000000014
1,66,933533.0998216621,6848578.504434551,36,21.08525474850555
1,66,933533.0998216621,6848578.504434551,37,36.34092000000001
1,66,933533.0998216621,6848578.504434551,39,22.952160000000013
1,66,933533.0998216621,6848578.504434551,40,25.502400000000016
1,66,933533.0998216621,6848578.504434551,42,29.919545251494466
1,66,933533.0998216621,6848578.504434551,43,54.51138000000004
1,66,933533.0998216621,6848578.504434551,44,53.29418997922453
1,66,933533.0998216621,6848578.504434551,3,17.931375000000006
1,66,933533.0998216621,6848578.504434551,10,19.923750000000013
1,66,933533.0998216621,6848578.504434551,13,15.939000000000009
1,66,933533.0998216621,6848578.504434551,22,19.923750000000013
1,66,933533.0998216621,6848578.504434551,27,17.931375000000006
1,37,934585.699820864,6848050.504434808,1,24.740100000000005
1,37,934585.699820864,6848050.504434808,2,25.568736226958166
1,37,934585.699820864,6848050.504434808,3,27.832612500000014
1,37,934585.699820864,6848050.504434808,4,30.925125000000023
1,37,934585.699820864,6848050.504434808,5,34.01763750000003
1,37,934585.699820864,6848050.504434808,6,36.28151377304187
1,37,934585.699820864,6848050.504434808,7,37.11015000000003
1,37,934585.699820864,6848050.504434808,8,36.28151377304187
1,37,934585.699820864,6848050.504434808,9,34.01763750000003
1,37,934585.699820864,6848050.504434808,10,30.925125000000023
1,37,934585.699820864,6848050.504434808,11,27.832612500000014
1,37,934585.699820864,6848050.504434808,12,25.568736226958166
1,37,934585.699820864,6848050.504434808,13,24.740100000000005
1,37,934585.699820864,6848050.504434808,14,25.568736226958166
1,37,934585.699820864,6848050.504434808,15,27.832612500000014
1,37,934585.699820864,6848050.504434808,16,30.925125000000023
1,37,934585.699820864,6848050.504434808,17,34.01763750000003
1,37,934585.699820864,6848050.504434808,18,36.28151377304187
1,37,934585.699820864,6848050.504434808,19,37.11015000000003
1,37,934585.699820864,6848050.504434808,20,36.28151377304187
1,37,934585.699820864,6848050.504434808,21,34.01763750000003
1,37,934585.699820864,6848050.504434808,22,30.925125000000023
1,37,934585.699820864,6848050.504434808,23,27.832612500000014
1,37,934585.699820864,6848050.504434808,24,25.568736226958166
1,37,934585.699820864,6848050.504434808,25,24.740100000000005
1,37,934585.699820864,6848050.504434808,26,25.568736226958166
1,37,934585.699820864,6848050.504434808,27,27.832612500000014
1,37,934585.699820864,6848050.504434808,28,30.925125000000023
1,37,934585.699820864,6848050.504434808,29,34.01763750000003
1,37,934585.699820864,6848050.504434808,30,36.28151377304187
1,37,934585.699820864,6848050.504434808,31,37.11015000000003
1,37,934585.699820864,6848050.504434808,32,36.28151377304187
1,37,934585.699820864,6848050.504434808,33,34.01763750000003
1,37,934585.699820864,6848050.504434808,34,30.925125000000023
1,37,934585.699820864,6848050.504434808,35,27.832612500000014
1,37,934585.699820864,6848050.504434808,36,25.568736226958166
1,37,934585.699820864,6848050.504434808,37,24.740100000000005
1,37,934585.699820864,6848050.504434808,38,25.568736226958166
1,37,934585.699820864,6848050.504434808,39,27.832612500000014
1,37,934585.699820864,6848050.504434808,40,30.925125000000023
1,37,934585.699820864,6848050.504434808,41,34.01763750000003
1,37,934585.699820864,6848050.504434808,42,36.28151377304187
1,37,934585.699820864,6848050.504434808,43,37.11015000000003
1,37,934585.699820864,6848050.504434808,44,36.28151377304187
1,37,934585.699820864,6848050.504434808,45,34.01763750000003
1,37,934585.699820864,6848050.504434808,46,30.925125000000023
1,37,934585.699820864,6848050.504434808,47,27.832612500000014
1,37,934585.699820864,6848050.504434808,48,25.568736226958166
1,5,933436.0728134823,6847046.593612878,1,12.959100000000005
1,5,933436.0728134823,6847046.593612878,2,13.393147547454275
1,5,933436.0728134823,6847046.593612878,3,14.578987500000007
1,5,933436.0728134823,6847046.593612878,4,16.198875000000008
1,5,933436.0728134823,6847046.593612878,5,17.818762500000005
1,5,933436.0728134823,6847046.593612878,6,19.00460245254574
1,5,933436.0728134823,6847046.593612878,7,19.438650000000006
1,5,933436.0728134823,6847046.593612878,8,19.00460245254574
1,5,933436.0728134823,6847046.593612878,9,17.818762500000005
1,5,933436.0728134823,6847046.593612878,10,16.198875000000008
1,5,933436.0728134823,6847046.593612878,11,14.578987500000007
1,5,933436.0728134823,6847046.593612878,12,13.393147547454275
1,5,933436.0728134823,6847046.593612878,13,12.959100000000005
1,5,933436.0728134823,6847046.593612878,14,13.393147547454275
1,5,933436.0728134823,6847046.593612878,15,14.578987500000007
1,5,933436.0728134823,6847046.593612878,16,16.198875000000008
1,5,933436.0728134823,6847046.593612878,17,17.818762500000005
1,5,933436.0728134823,6847046.593612878,18,19.00460245254574
1,5,933436.0728134823,6847046.593612878,19,19.438650000000006
1,5,933436.0728134823,6847046.593612878,20,19.00460245254574
1,5,933436.0728134823,6847046.593612878,21,17.818762500000005
1,5,933436.0728134823,6847046.593612878,22,16.198875000000008
1,5,933436.0728134823,6847046.593612878,23,14.578987500000007
1,5,933436.0728134823,6847046.593612878,24,13.393147547454275
1,5,933436.0728134823,6847046.593612878,25,12.959100000000005
1,5,933436.0728134823,6847046.593612878,26,13.393147547454275
1,5,933436.0728134823,6847046.593612878,27,14.578987500000007
1,5,933436.0728134823,6847046.593612878,28,16.198875000000008
1,5,933436.0728134823,6847046.593612878,29,17.818762500000005
1,5,933436.0728134823,6847046.593612878,30,19.00460245254574
1,5,933436.0728134823,6847046.593612878,31,19.438650000000006
1,5,933436.0728134823,6847046.593612878,32,19.00460245254574
1,5,933436.0728134823,6847046.593612878,33,17.818762500000005
1,5,933436.0728134823,6847046.593612878,34,16.198875000000008
1,5,933436.0728134823,6847046.593612878,35,14.578987500000007
1,5,933436.0728134823,6847046.593612878,36,13.393147547454275
1,5,933436.0728134823,6847046.593612878,37,12.959100000000005
1,5,933436.0728134823,6847046.593612878,38,13.393147547454275
1,5,933436.0728134823,6847046.593612878,39,14.578987500000007
1,5,933436.0728134823,6847046.593612878,40,16.198875000000008
1,5,933436.0728134823,6847046.593612878,41,17.818762500000005
1,5,933436.0728134823,6847046.593612878,42,19.00460245254574
1,5,933436.0728134823,6847046.593612878,43,19.438650000000006
1,5,933436.0728134823,6847046.593612878,44,19.00460245254574
1,5,933436.0728134823,6847046.593612878,45,17.818762500000005
1,5,933436.0728134823,6847046.593612878,46,16.198875000000008
1,5,933436.0728134823,6847046.593612878,47,14.578987500000007
1,5,933436.0728134823,6847046.593612878,48,13.393147547454275
1,79,934635.7998208292,6847723.804434974,1,62.43930000000003
1,79,934635.7998208292,6847723.804434974,2,64.5306200013706
1,79,934635.7998208292,6847723.804434974,3,70.24421250000002
1,79,934635.7998208292,6847723.804434974,4,78.04912500000003
1,79,934635.7998208292,6847723.804434974,5,85.85403750000006
1,79,934635.7998208292,6847723.804434974,6,91.56762999862949
1,79,934635.7998208292,6847723.804434974,7,93.65895000000005
1,79,934635.7998208292,6847723.804434974,8,91.56762999862949
1,79,934635.7998208292,6847723.804434974,9,85.85403750000006
1,79,934635.7998208292,6847723.804434974,10,78.04912500000003
1,79,934635.7998208292,6847723.804434974,11,70.24421250000002
1,79,934635.7998208292,6847723.804434974,12,64.5306200013706
1,79,934635.7998208292,6847723.804434974,13,62.43930000000003
1,79,934635.7998208292,6847723.804434974,14,64.5306200013706
1,79,934635.7998208292,6847723.804434974,15,70.24421250000002
1,79,934635.7998208292,6847723.804434974,16,78.04912500000003
1,79,934635.7998208292,6847723.804434974,17,85.85403750000006
1,79,934635.7998208292,6847723.804434974,18,91.56762999862949
1,79,934635.7998208292,6847723.804434974,19,93.65895000000005
1,79,934635.7998208292,6847723.804434974,20,91.56762999862949
1,79,934635.7998208292,6847723.804434974,21,85.85403750000006
1,79,934635.7998208292,6847723.804434974,22,78.04912500000003
1,79,934635.7998208292,6847723.804434974,23,70.24421250000002
1,79,934635.7998208292,6847723.804434974,24,64.5306200013706
1,79,934635.7998208292,6847723.804434974,25,62.43930000000003
1,79,934635.7998208292,6847723.804434974,26,64.5306200013706
1,79,934635.7998208292,6847723.804434974,27,70.24421250000002
1,79,934635.7998208292,6847723.804434974,28,78.04912500000003
1,79,934635.7998208292,6847723.804434974,29,85.85403750000006
1,79,934635.7998208292,6847723.804434974,30,91.56762999862949
1,79,934635.7998208292,6847723.804434974,31,93.65895000000005
1,79,934635.7998208292,6847723.804434974,32,91.56762999862949
1,79,934635.7998208292,6847723.804434974,33,85.85403750000006
1,79,934635.7998208292,6847723.804434974,34,78.04912500000003
1,79,934635.7998208292,6847723.804434974,35,70.24421250000002
1,79,934635.7998208292,6847723.804434974,36,64.5306200013706
1,79,934635.7998208292,6847723.804434974,37,62.43930000000003
1,79,934635.7998208292,6847723.804434974,38,64.5306200013706
1,79,934635.7998208292,6847723.804434974,39,70.24421250000002
1,79,934635.7998208292,6847723.804434974,40,78.04912500000003
1,79,934635.7998208292,6847723.804434974,41,85.85403750000006
1,79,934635.7998208292,6847723.804434974,42,91.56762999862949
1,79,934635.7998208292,6847723.804434974,43,93.65895000000005
1,79,934635.7998208292,6847723.804434974,44,91.56762999862949
1,79,934635.7998208292,6847723.804434974,45,85.85403750000006
1,79,934635.7998208292,6847723.804434974,46,78.04912500000003
1,79,934635.7998208292,6847723.804434974,47,70.24421250000002
1,79,934635.7998208292,6847723.804434974,48,64.5306200013706
1,30,933207.9998219206,6847554.204435076,1,372.27960000000024
1,30,933207.9998219206,6847554.204435076,2,384.7486022723226
1,30,933207.9998219206,6847554.204435076,3,418.81455000000045
1,30,933207.9998219206,6847554.204435076,4,465.34950000000015
1,30,933207.9998219206,6847554.204435076,5,511.8844500000004
1,30,933207.9998219206,6847554.204435076,6,545.9503977276773
1,30,933207.9998219206,6847554.204435076,7,558.4194
1,30,933207.9998219206,6847554.204435076,8,545.9503977276773
1,30,933207.9998219206,6847554.204435076,9,511.8844500000004
1,30,933207.9998219206,6847554.204435076,10,465.34950000000015
1,30,933207.9998219206,6847554.204435076,11,418.81455000000045
1,30,933207.9998219206,6847554.204435076,12,384.7486022723226
1,30,933207.9998219206,6847554.204435076,13,372.27960000000024
1,30,933207.9998219206,6847554.204435076,14,384.7486022723226
1,30,933207.9998219206,6847554.204435076,15,418.81455000000045
1,30,933207.9998219206,6847554.204435076,16,465.34950000000015
1,30,933207.9998219206,6847554.204435076,17,511.8844500000004
1,30,933207.9998219206,6847554.204435076,18,545.9503977276773
1,30,933207.9998219206,6847554.204435076,19,558.4194
1,30,933207.9998219206,6847554.204435076,20,545.9503977276773
1,30,933207.9998219206,6847554.204435076,21,511.8844500000004
1,30,933207.9998219206,6847554.204435076,22,465.34950000000015
1,30,933207.9998219206,6847554.204435076,23,418.81455000000045
1,30,933207.9998219206,6847554.204435076,24,384.7486022723226
1,30,933207.9998219206,6847554.204435076,25,372.27960000000024
1,30,933207.9998219206,6847554.204435076,26,384.7486022723226
1,30,933207.9998219206,6847554.204435076,27,418.81455000000045
1,30,933207.9998219206,6847554.204435076,28,465.34950000000015
1,30,933207.9998219206,6847554.204435076,29,511.8844500000004
1,30,933207.9998219206,6847554.204435076,30,545.9503977276773
1,30,933207.9998219206,6847554.204435076,31,558.4194
1,30,933207.9998219206,6847554.204435076,32,545.9503977276773
1,30,933207.9998219206,6847554.204435076,33,511.8844500000004
1,30,933207.9998219206,6847554.204435076,34,465.34950000000015
1,30,933207.9998219206,6847554.204435076,35,418.81455000000045
1,30,933207.9998219206,6847554.204435076,36,384.7486022723232
1,30,933207.9998219206,6847554.204435076,37,372.27960000000024
1,30,933207.9998219206,6847554.204435076,38,384.7486022723226
1,30,933207.9998219206,6847554.204435076,39,418.81455000000045
1,30,933207.9998219206,6847554.204435076,40,465.34950000000015
1,30,933207.9998219206,6847554.204435076,41,511.88445000000087
1,30,933207.9998219206,6847554.204435076,42,545.950397727678
1,30,933207.9998219206,6847554.204435076,43,558.4194
1,30,933207.9998219206,6847554.204435076,44,545.9503977276773
1,30,933207.9998219206,6847554.204435076,45,511.8844500000004
1,30,933207.9998219206,6847554.204435076,46,465.3495000000011
1,30,933207.9998219206,6847554.204435076,47,418.81455000000045
1,30,933207.9998219206,6847554.204435076,48,384.7486022723226
1,21,934045.0998212856,6847194.404435249,1,40.40190000000001
1,21,934045.0998212856,6847194.404435249,3,24.012450000000015
1,21,934045.0998212856,6847194.404435249,4,62.80312500000003
1,21,934045.0998212856,6847194.404435249,5,55.55261250000005
1,21,934045.0998212856,6847194.404435249,11,24.012450000000015
1,21,934045.0998212856,6847194.404435249,13,45.73800000000002
1,21,934045.0998212856,6847194.404435249,16,57.70957500000002
1,21,934045.0998212856,6847194.404435249,17,65.76743250000006
1,21,934045.0998212856,6847194.404435249,18,69.71741862270791
1,21,934045.0998212856,6847194.404435249,20,73.68094533740995
1,21,934045.0998212856,6847194.404435249,21,29.348550000000014
1,21,934045.0998212856,6847194.404435249,23,51.455250000000014
1,21,934045.0998212856,6847194.404435249,24,47.269932520426856
1,21,934045.0998212856,6847194.404435249,26,47.269932520426856
1,21,934045.0998212856,6847194.404435249,28,62.266050000000014
1,21,934045.0998212856,6847194.404435249,32,31.30169815713417
1,21,934045.0998212856,6847194.404435249,33,55.55261250000005
1,21,934045.0998212856,6847194.404435249,34,50.502375000000015
1,21,934045.0998212856,6847194.404435249,37,48.51000000000002
1,21,934045.0998212856,6847194.404435249,41,62.889750000000035
1,21,934045.0998212856,6847194.404435249,44,31.30169815713417
1,21,934045.0998212856,6847194.404435249,46,59.92717500000002
1,21,934045.0998212856,6847194.404435249,47,45.45213750000002
1,21,934045.0998212856,6847194.404435249,6,35.77336932243903
1,21,934045.0998212856,6847194.404435249,12,25.210630677560985
1,21,934045.0998212856,6847194.404435249,14,44.906435894405504
1,21,934045.0998212856,6847194.404435249,19,36.59040000000002
1,21,934045.0998212856,6847194.404435249,22,30.492000000000015
1,21,934045.0998212856,6847194.404435249,25,24.39360000000001
1,21,934045.0998212856,6847194.404435249,29,59.74526250000004
1,21,934045.0998212856,6847194.404435249,30,63.72131410559453
1,21,934045.0998212856,6847194.404435249,35,48.88248750000001
1,21,934045.0998212856,6847194.404435249,43,65.17665000000002
1,21,934045.0998212856,6847194.404435249,45,33.541200000000025
1,21,934045.0998212856,6847194.404435249,48,25.210630677560985
1,21,934045.0998212856,6847194.404435249,2,19.69580521684452
1,21,934045.0998212856,6847194.404435249,9,20.010375000000003
1,21,934045.0998212856,6847194.404435249,38,19.69580521684452
1,21,934045.0998212856,6847194.404435249,39,21.43968750000001
1,21,934045.0998212856,6847194.404435249,15,21.11224500000001
1,21,934045.0998212856,6847194.404435249,27,17.245305000000005
1,21,934045.0998212856,6847194.404435249,40,23.631300000000007
1,21,934045.0998212856,6847194.404435249,7,26.69436000000001
1,21,934045.0998212856,6847194.404435249,8,26.098298982961207
1,21,934045.0998212856,6847194.404435249,10,22.47052500000001
1,21,934045.0998212856,6847194.404435249,36,16.916906153522458
1,21,934045.0998212856,6847194.404435249,31,27.629910000000006
1,21,934045.0998212856,6847194.404435249,42,27.561755000697346
1,58,934045.0998212856,6847194.404435249,2,47.269932520426856
1,58,934045.0998212856,6847194.404435249,6,59.249642940289675
1,58,934045.0998212856,6847194.404435249,7,70.49889000000006
1,58,934045.0998212856,6847194.404435249,8,68.9247132797675
1,58,934045.0998212856,6847194.404435249,9,69.08343750000004
1,58,934045.0998212856,6847194.404435249,10,58.523850000000024
1,58,934045.0998212856,6847194.404435249,12,41.7551070597104
1,58,934045.0998212856,6847194.404435249,14,22.059301842865867
1,58,934045.0998212856,6847194.404435249,15,51.78269250000001
1,58,934045.0998212856,6847194.404435249,19,60.602850000000046
1,58,934045.0998212856,6847194.404435249,22,50.502375000000015
1,58,934045.0998212856,6847194.404435249,25,40.40190000000001
1,58,934045.0998212856,6847194.404435249,27,55.64963250000002
1,58,934045.0998212856,6847194.404435249,29,29.348550000000014
1,58,934045.0998212856,6847194.404435249,30,31.30169815713417
1,58,934045.0998212856,6847194.404435249,31,69.56334000000004
1,58,934045.0998212856,6847194.404435249,35,24.012450000000015
1,58,934045.0998212856,6847194.404435249,36,50.04883158374891
1,58,934045.0998212856,6847194.404435249,38,47.269932520426856
1,58,934045.0998212856,6847194.404435249,39,51.455250000000014
1,58,934045.0998212856,6847194.404435249,40,57.363075000000016
1,58,934045.0998212856,6847194.404435249,42,67.46125726203135
1,58,934045.0998212856,6847194.404435249,43,32.01660000000002
1,58,934045.0998212856,6847194.404435249,45,55.55261250000005
1,58,934045.0998212856,6847194.404435249,48,41.7551070597104
1,58,934045.0998212856,6847194.404435249,1,24.39360000000001
1,58,934045.0998212856,6847194.404435249,3,48.88248750000001
1,58,934045.0998212856,6847194.404435249,5,33.541200000000025
1,58,934045.0998212856,6847194.404435249,11,48.88248750000001
1,58,934045.0998212856,6847194.404435249,21,59.74526250000004
1,58,934045.0998212856,6847194.404435249,32,63.72131410559453
1,58,934045.0998212856,6847194.404435249,33,33.541200000000025
1,58,934045.0998212856,6847194.404435249,34,30.492000000000015
1,58,934045.0998212856,6847194.404435249,44,63.72131410559453
1,58,934045.0998212856,6847194.404435249,47,27.442800000000013
1,58,934045.0998212856,6847194.404435249,4,18.191250000000007
1,58,934045.0998212856,6847194.404435249,13,19.057500000000005
1,58,934045.0998212856,6847194.404435249,20,21.342066925318747
1,58,934045.0998212856,6847194.404435249,23,21.43968750000001
1,58,934045.0998212856,6847194.404435249,24,19.69580521684452
1,58,934045.0998212856,6847194.404435249,26,19.69580521684452
1,58,934045.0998212856,6847194.404435249,37,16.285500000000006
1,58,934045.0998212856,6847194.404435249,41,26.204062500000003
1,58,934045.0998212856,6847194.404435249,28,18.728325000000005
1,58,934045.0998212856,6847194.404435249,17,23.32638000000001
1,58,934045.0998212856,6847194.404435249,18,25.305593640020795
1,58,934045.0998212856,6847194.404435249,46,21.067200000000007
1,58,934045.0998212856,6847194.404435249,16,23.284800000000008
1,69,934334.8998210647,6847164.004435261,1,5.890500000000002
1,69,934334.8998210647,6847164.004435261,2,6.0877943397519445
1,69,934334.8998210647,6847164.004435261,3,6.626812500000002
1,69,934334.8998210647,6847164.004435261,4,7.363125000000005
1,69,934334.8998210647,6847164.004435261,5,8.099437500000006
1,69,934334.8998210647,6847164.004435261,6,8.638455660248063
1,69,934334.8998210647,6847164.004435261,7,8.835750000000003
1,69,934334.8998210647,6847164.004435261,8,8.638455660248063
1,69,934334.8998210647,6847164.004435261,9,8.099437500000006
1,69,934334.8998210647,6847164.004435261,10,7.363125000000003
1,69,934334.8998210647,6847164.004435261,11,6.626812500000002
1,69,934334.8998210647,6847164.004435261,12,6.0877943397519445
1,69,934334.8998210647,6847164.004435261,13,5.890500000000002
1,69,934334.8998210647,6847164.004435261,14,6.0877943397519445
1,69,934334.8998210647,6847164.004435261,15,6.626812500000002
1,69,934334.8998210647,6847164.004435261,16,7.363125000000003
1,69,934334.8998210647,6847164.004435261,17,8.099437500000006
1,69,934334.8998210647,6847164.004435261,18,8.638455660248065
1,69,934334.8998210647,6847164.004435261,19,8.835750000000003
1,69,934334.8998210647,6847164.004435261,20,8.638455660248063
1,69,934334.8998210647,6847164.004435261,21,8.099437500000004
1,69,934334.8998210647,6847164.004435261,22,7.363125000000003
1,69,934334.8998210647,6847164.004435261,23,6.626812500000002
1,69,934334.8998210647,6847164.004435261,24,6.087794339751945
1,69,934334.8998210647,6847164.004435261,25,5.890500000000003
1,69,934334.8998210647,6847164.004435261,26,6.0877943397519445
1,69,934334.8998210647,6847164.004435261,27,6.626812500000002
1,69,934334.8998210647,6847164.004435261,28,7.363125000000005
1,69,934334.8998210647,6847164.004435261,29,8.099437500000004
1,69,934334.8998210647,6847164.004435261,30,8.638455660248063
1,69,934334.8998210647,6847164.004435261,31,8.835750000000003
1,69,934334.8998210647,6847164.004435261,32,8.638455660248063
1,69,934334.8998210647,6847164.004435261,33,8.099437500000004
1,69,934334.8998210647,6847164.004435261,34,7.363125000000003
1,69,934334.8998210647,6847164.004435261,35,6.626812500000002
1,69,934334.8998210647,6847164.004435261,36,6.0877943397519445
1,69,934334.8998210647,6847164.004435261,37,5.890500000000003
1,69,934334.8998210647,6847164.004435261,38,6.087794339751945
1,69,934334.8998210647,6847164.004435261,39,6.626812500000002
1,69,934334.8998210647,6847164.004435261,40,7.363125000000005
1,69,934334.8998210647,6847164.004435261,41,8.099437500000004
1,69,934334.8998210647,6847164.004435261,42,8.638455660248065
1,69,934334.8998210647,6847164.004435261,43,8.835750000000003
1,69,934334.8998210647,6847164.004435261,44,8.638455660248063
1,69,934334.8998210647,6847164.004435261,45,8.099437500000006
1,69,934334.8998210647,6847164.004435261,46,7.363125000000005
1,69,934334.8998210647,6847164.004435261,47,6.626812500000002
1,69,934334.8998210647,6847164.004435261,48,6.0877943397519445
1,35,933588.4998216212,6848428.004434628,1,21.20580000000001
1,35,933588.4998216212,6848428.004434628,2,21.916059623107
1,35,933588.4998216212,6848428.004434628,3,23.856525000000016
1,35,933588.4998216212,6848428.004434628,4,26.507250000000017
1,35,933588.4998216212,6848428.004434628,5,29.157975000000018
1,35,933588.4998216212,6848428.004434628,6,31.098440376893024
1,35,933588.4998216212,6848428.004434628,7,31.808700000000016
1,35,933588.4998216212,6848428.004434628,8,31.098440376893024
1,35,933588.4998216212,6848428.004434628,9,29.157975000000018
1,35,933588.4998216212,6848428.004434628,10,26.507250000000017
1,35,933588.4998216212,6848428.004434628,11,23.856525000000016
1,35,933588.4998216212,6848428.004434628,12,21.916059623107
1,35,933588.4998216212,6848428.004434628,13,21.20580000000001
1,35,933588.4998216212,6848428.004434628,14,21.916059623107
1,35,933588.4998216212,6848428.004434628,15,23.856525000000016
1,35,933588.4998216212,6848428.004434628,16,26.507250000000017
1,35,933588.4998216212,6848428.004434628,17,29.15797500000002
1,35,933588.4998216212,6848428.004434628,18,31.098440376893024
1,35,933588.4998216212,6848428.004434628,19,31.808700000000016
1,35,933588.4998216212,6848428.004434628,20,31.098440376893024
1,35,933588.4998216212,6848428.004434628,21,29.15797500000002
1,35,933588.4998216212,6848428.004434628,22,26.507250000000017
1,35,933588.4998216212,6848428.004434628,23,23.856525000000016
1,35,933588.4998216212,6848428.004434628,24,21.916059623107
1,35,933588.4998216212,6848428.004434628,25,21.20580000000001
1,35,933588.4998216212,6848428.004434628,26,21.916059623107
1,35,933588.4998216212,6848428.004434628,27,23.856525000000016
1,35,933588.4998216212,6848428.004434628,28,26.507250000000017
1,35,933588.4998216212,6848428.004434628,29,29.15797500000002
1,35,933588.4998216212,6848428.004434628,30,31.09844037689303
1,35,933588.4998216212,6848428.004434628,31,31.808700000000023
1,35,933588.4998216212,6848428.004434628,32,31.09844037689303
1,35,933588.4998216212,6848428.004434628,33,29.15797500000002
1,35,933588.4998216212,6848428.004434628,34,26.507250000000017
1,35,933588.4998216212,6848428.004434628,35,23.856525000000016
1,35,933588.4998216212,6848428.004434628,36,21.916059623107
1,35,933588.4998216212,6848428.004434628,37,21.20580000000001
1,35,933588.4998216212,6848428.004434628,38,21.916059623107
1,35,933588.4998216212,6848428.004434628,39,23.856525000000016
1,35,933588.4998216212,6848428.004434628,40,26.507250000000017
1,35,933588.4998216212,6848428.004434628,41,29.15797500000002
1,35,933588.4998216212,6848428.004434628,42,31.09844037689303
1,35,933588.4998216212,6848428.004434628,43,31.808700000000023
1,35,933588.4998216212,6848428.004434628,44,31.09844037689303
1,35,933588.4998216212,6848428.004434628,45,29.15797500000002
1,35,933588.4998216212,6848428.004434628,46,26.507250000000017
1,35,933588.4998216212,6848428.004434628,47,23.856525000000016
1,35,933588.4998216212,6848428.004434628,48,21.916059623107
1,32,934724.7998207612,6847726.104434972,1,34.16490000000002
1,32,934724.7998207612,6847726.104434972,2,35.309207170561265
1,32,934724.7998207612,6847726.104434972,3,38.435512500000016
1,32,934724.7998207612,6847726.104434972,4,42.706125000000014
1,32,934724.7998207612,6847726.104434972,5,46.97673750000003
1,32,934724.7998207612,6847726.104434972,6,50.10304282943878
1,32,934724.7998207612,6847726.104434972,7,51.247350000000004
1,32,934724.7998207612,6847726.104434972,8,50.10304282943878
1,32,934724.7998207612,6847726.104434972,9,46.97673750000003
1,32,934724.7998207612,6847726.104434972,10,42.706125000000014
1,32,934724.7998207612,6847726.104434972,11,38.435512500000016
1,32,934724.7998207612,6847726.104434972,12,35.309207170561265
1,32,934724.7998207612,6847726.104434972,13,34.16490000000002
1,32,934724.7998207612,6847726.104434972,14,35.309207170561265
1,32,934724.7998207612,6847726.104434972,15,38.435512500000016
1,32,934724.7998207612,6847726.104434972,16,42.706125000000014
1,32,934724.7998207612,6847726.104434972,17,46.97673750000003
1,32,934724.7998207612,6847726.104434972,18,50.10304282943878
1,32,934724.7998207612,6847726.104434972,19,51.247350000000004
1,32,934724.7998207612,6847726.104434972,20,50.10304282943878
1,32,934724.7998207612,6847726.104434972,21,46.97673750000003
1,32,934724.7998207612,6847726.104434972,22,42.706125000000014
1,32,934724.7998207612,6847726.104434972,23,38.435512500000016
1,32,934724.7998207612,6847726.104434972,24,35.309207170561265
1,32,934724.7998207612,6847726.104434972,25,34.16490000000002
1,32,934724.7998207612,6847726.104434972,26,35.309207170561265
1,32,934724.7998207612,6847726.104434972,27,38.435512500000016
1,32,934724.7998207612,6847726.104434972,28,42.706125000000014
1,32,934724.7998207612,6847726.104434972,29,46.97673750000003
1,32,934724.7998207612,6847726.104434972,30,50.10304282943878
1,32,934724.7998207612,6847726.104434972,31,51.247350000000004
1,32,934724.7998207612,6847726.104434972,32,50.10304282943878
1,32,934724.7998207612,6847726.104434972,33,46.97673750000003
1,32,934724.7998207612,6847726.104434972,34,42.706125000000014
1,32,934724.7998207612,6847726.104434972,35,38.435512500000016
1,32,934724.7998207612,6847726.104434972,36,35.309207170561265
1,32,934724.7998207612,6847726.104434972,37,34.16490000000002
1,32,934724.7998207612,6847726.104434972,38,35.309207170561265
1,32,934724.7998207612,6847726.104434972,39,38.435512500000016
1,32,934724.7998207612,6847726.104434972,40,42.706125000000014
1,32,934724.7998207612,6847726.104434972,41,46.97673750000003
1,32,934724.7998207612,6847726.104434972,42,50.10304282943878
1,32,934724.7998207612,6847726.104434972,43,51.247350000000004
1,32,934724.7998207612,6847726.104434972,44,50.10304282943878
1,32,934724.7998207612,6847726.104434972,45,46.97673750000003
1,32,934724.7998207612,6847726.104434972,46,42.706125000000014
1,32,934724.7998207612,6847726.104434972,47,38.435512500000016
1,32,934724.7998207612,6847726.104434972,48,35.309207170561265
1,77,934467.3998209637,6847130.604435277,1,96.60420000000008
1,77,934467.3998209637,6847130.604435277,2,99.83982717193183
1,77,934467.3998209637,6847130.604435277,3,108.67972500000002
1,77,934467.3998209637,6847130.604435277,4,120.75525000000005
1,77,934467.3998209637,6847130.604435277,5,132.8307750000001
1,77,934467.3998209637,6847130.604435277,6,141.67067282806823
1,77,934467.3998209637,6847130.604435277,7,144.90630000000004
1,77,934467.3998209637,6847130.604435277,8,141.67067282806823
1,77,934467.3998209637,6847130.604435277,9,132.8307750000001
1,77,934467.3998209637,6847130.604435277,10,120.75525000000005
1,77,934467.3998209637,6847130.604435277,11,108.67972500000002
1,77,934467.3998209637,6847130.604435277,12,99.83982717193183
1,77,934467.3998209637,6847130.604435277,13,96.60420000000008
1,77,934467.3998209637,6847130.604435277,14,99.83982717193183
1,77,934467.3998209637,6847130.604435277,15,108.67972500000002
1,77,934467.3998209637,6847130.604435277,16,120.75525000000005
1,77,934467.3998209637,6847130.604435277,17,132.8307750000001
1,77,934467.3998209637,6847130.604435277,18,141.67067282806823
1,77,934467.3998209637,6847130.604435277,19,144.90630000000004
1,77,934467.3998209637,6847130.604435277,20,141.67067282806823
1,77,934467.3998209637,6847130.604435277,21,132.8307750000001
1,77,934467.3998209637,6847130.604435277,22,120.75525000000005
1,77,934467.3998209637,6847130.604435277,23,108.67972500000002
1,77,934467.3998209637,6847130.604435277,24,99.83982717193183
1,77,934467.3998209637,6847130.604435277,25,96.60420000000008
1,77,934467.3998209637,6847130.604435277,26,99.83982717193183
1,77,934467.3998209637,6847130.604435277,27,108.67972500000002
1,77,934467.3998209637,6847130.604435277,28,120.75525000000005
1,77,934467.3998209637,6847130.604435277,29,132.8307750000001
1,77,934467.3998209637,6847130.604435277,30,141.67067282806823
1,77,934467.3998209637,6847130.604435277,31,144.90630000000004
1,77,934467.3998209637,6847130.604435277,32,141.67067282806823
1,77,934467.3998209637,6847130.604435277,33,132.8307750000001
1,77,934467.3998209637,6847130.604435277,34,120.75525000000005
1,77,934467.3998209637,6847130.604435277,35,108.67972500000002
1,77,934467.3998209637,6847130.604435277,36,99.83982717193183
1,77,934467.3998209637,6847130.604435277,37,96.60420000000008
1,77,934467.3998209637,6847130.604435277,38,99.83982717193183
1,77,934467.3998209637,6847130.604435277,39,108.67972500000002
1,77,934467.3998209637,6847130.604435277,40,120.75525000000005
1,77,934467.3998209637,6847130.604435277,41,132.8307750000001
1,77,934467.3998209637,6847130.604435277,42,141.67067282806823
1,77,934467.3998209637,6847130.604435277,43,144.90630000000004
1,77,934467.3998209637,6847130.604435277,44,141.67067282806823
1,77,934467.3998209637,6847130.604435277,45,132.8307750000001
1,77,934467.3998209637,6847130.604435277,46,120.75525000000005
1,77,934467.3998209637,6847130.604435277,47,108.67972500000002
1,77,934467.3998209637,6847130.604435277,48,99.83982717193183
1,67,933792.4998214621,6848760.204434457,1,273.31920000000014
1,67,933792.4998214621,6848760.204434457,2,282.4736573644902
1,67,933792.4998214621,6848760.204434457,3,307.48410000000024
1,67,933792.4998214621,6848760.204434457,4,341.6490000000001
1,67,933792.4998214621,6848760.204434457,5,375.81390000000016
1,67,933792.4998214621,6848760.204434457,6,400.82434263551005
1,67,933792.4998214621,6848760.204434457,7,409.9788000000001
1,67,933792.4998214621,6848760.204434457,8,400.82434263551005
1,67,933792.4998214621,6848760.204434457,9,375.81390000000016
1,67,933792.4998214621,6848760.204434457,10,341.6490000000001
1,67,933792.4998214621,6848760.204434457,11,307.48410000000024
1,67,933792.4998214621,6848760.204434457,12,282.4736573644902
1,67,933792.4998214621,6848760.204434457,13,273.31920000000014
1,67,933792.4998214621,6848760.204434457,14,282.4736573644902
1,67,933792.4998214621,6848760.204434457,15,307.48410000000024
1,67,933792.4998214621,6848760.204434457,16,341.6490000000001
1,67,933792.4998214621,6848760.204434457,17,375.81390000000016
1,67,933792.4998214621,6848760.204434457,18,400.82434263551005
1,67,933792.4998214621,6848760.204434457,19,409.9788000000002
1,67,933792.4998214621,6848760.204434457,20,400.82434263551005
1,67,933792.4998214621,6848760.204434457,21,375.81390000000016
1,67,933792.4998214621,6848760.204434457,22,341.6490000000001
1,67,933792.4998214621,6848760.204434457,23,307.48410000000024
1,67,933792.4998214621,6848760.204434457,24,282.4736573644902
1,67,933792.4998214621,6848760.204434457,25,273.31920000000014
1,67,933792.4998214621,6848760.204434457,26,282.4736573644902
1,67,933792.4998214621,6848760.204434457,27,307.48410000000024
1,67,933792.4998214621,6848760.204434457,28,341.6490000000001
1,67,933792.4998214621,6848760.204434457,29,375.81390000000016
1,67,933792.4998214621,6848760.204434457,30,400.82434263551005
1,67,933792.4998214621,6848760.204434457,31,409.9788000000001
1,67,933792.4998214621,6848760.204434457,32,400.82434263551005
1,67,933792.4998214621,6848760.204434457,33,375.81390000000016
1,67,933792.4998214621,6848760.204434457,34,341.6490000000001
1,67,933792.4998214621,6848760.204434457,35,307.48410000000024
1,67,933792.4998214621,6848760.204434457,36,282.4736573644902
1,67,933792.4998214621,6848760.204434457,37,273.31920000000014
1,67,933792.4998214621,6848760.204434457,38,282.4736573644902
1,67,933792.4998214621,6848760.204434457,39,307.48410000000024
1,67,933792.4998214621,6848760.204434457,40,341.6490000000001
1,67,933792.4998214621,6848760.204434457,41,375.81390000000016
1,67,933792.4998214621,6848760.204434457,42,400.82434263551005
1,67,933792.4998214621,6848760.204434457,43,409.9788000000001
1,67,933792.4998214621,6848760.204434457,44,400.82434263551005
1,67,933792.4998214621,6848760.204434457,45,375.81390000000016
1,67,933792.4998214621,6848760.204434457,46,341.6490000000001
1,67,933792.4998214621,6848760.204434457,47,307.48410000000024
1,67,933792.4998214621,6848760.204434457,48,282.4736573644902
1,15,934147.6454661533,6847934.640032243,1,4.7124000000000015
1,15,934147.6454661533,6847934.640032243,2,4.870235471801555
1,15,934147.6454661533,6847934.640032243,3,5.301450000000003
1,15,934147.6454661533,6847934.640032243,4,5.890500000000003
1,15,934147.6454661533,6847934.640032243,5,6.479550000000003
1,15,934147.6454661533,6847934.640032243,6,6.9107645281984516
1,15,934147.6454661533,6847934.640032243,7,7.068600000000003
1,15,934147.6454661533,6847934.640032243,8,6.9107645281984516
1,15,934147.6454661533,6847934.640032243,9,6.479550000000003
1,15,934147.6454661533,6847934.640032243,10,5.890500000000003
1,15,934147.6454661533,6847934.640032243,11,5.301450000000002
1,15,934147.6454661533,6847934.640032243,12,4.870235471801555
1,15,934147.6454661533,6847934.640032243,13,4.7124000000000015
1,15,934147.6454661533,6847934.640032243,14,4.870235471801555
1,15,934147.6454661533,6847934.640032243,15,5.301450000000002
1,15,934147.6454661533,6847934.640032243,16,5.890500000000002
1,15,934147.6454661533,6847934.640032243,17,6.479550000000003
1,15,934147.6454661533,6847934.640032243,18,6.910764528198451
1,15,934147.6454661533,6847934.640032243,19,7.068600000000003
1,15,934147.6454661533,6847934.640032243,20,6.910764528198451
1,15,934147.6454661533,6847934.640032243,21,6.479550000000003
1,15,934147.6454661533,6847934.640032243,22,5.890500000000003
1,15,934147.6454661533,6847934.640032243,23,5.301450000000002
1,15,934147.6454661533,6847934.640032243,24,4.870235471801555
1,15,934147.6454661533,6847934.640032243,25,4.7124000000000015
1,15,934147.6454661533,6847934.640032243,26,4.870235471801555
1,15,934147.6454661533,6847934.640032243,27,5.301450000000002
1,15,934147.6454661533,6847934.640032243,28,5.890500000000003
1,15,934147.6454661533,6847934.640032243,29,6.479550000000003
1,15,934147.6454661533,6847934.640032243,30,6.9107645281984516
1,15,934147.6454661533,6847934.640032243,31,7.068600000000003
1,15,934147.6454661533,6847934.640032243,32,6.9107645281984516
1,15,934147.6454661533,6847934.640032243,33,6.479550000000003
1,15,934147.6454661533,6847934.640032243,34,5.890500000000003
1,15,934147.6454661533,6847934.640032243,35,5.301450000000002
1,15,934147.6454661533,6847934.640032243,36,4.870235471801555
1,15,934147.6454661533,6847934.640032243,37,4.7124000000000015
1,15,934147.6454661533,6847934.640032243,38,4.870235471801555
1,15,934147.6454661533,6847934.640032243,39,5.301450000000003
1,15,934147.6454661533,6847934.640032243,40,5.890500000000002
1,15,934147.6454661533,6847934.640032243,41,6.479550000000003
1,15,934147.6454661533,6847934.640032243,42,6.9107645281984516
1,15,934147.6454661533,6847934.640032243,43,7.068600000000003
1,15,934147.6454661533,6847934.640032243,44,6.9107645281984516
1,15,934147.6454661533,6847934.640032243,45,6.479550000000003
1,15,934147.6454661533,6847934.640032243,46,5.890500000000003
1,15,934147.6454661533,6847934.640032243,47,5.301450000000002
1,15,934147.6454661533,6847934.640032243,48,4.870235471801555
1,50,933472.5998217161,6847811.904434941,9,21.058537500000014
1,50,933472.5998217161,6847811.904434941,11,10.743232500000005
1,50,933472.5998217161,6847811.904434941,12,5.2140167992228434
1,50,933472.5998217161,6847811.904434941,13,5.045040000000004
1,50,933472.5998217161,6847811.904434941,14,5.2140167992228434
1,50,933472.5998217161,6847811.904434941,16,11.93692500000001
1,50,933472.5998217161,6847811.904434941,18,15.854106858808208
1,50,933472.5998217161,6847811.904434941,19,14.324310000000006
1,50,933472.5998217161,6847811.904434941,20,7.398583200777166
1,50,933472.5998217161,6847811.904434941,23,10.743232500000005
1,50,933472.5998217161,6847811.904434941,25,9.549540000000007
1,50,933472.5998217161,6847811.904434941,26,9.869388941386092
1,50,933472.5998217161,6847811.904434941,27,5.6756700000000055
1,50,933472.5998217161,6847811.904434941,28,6.306300000000003
1,50,933472.5998217161,6847811.904434941,30,7.398583200777166
1,50,933472.5998217161,6847811.904434941,31,22.97295
1,50,933472.5998217161,6847811.904434941,32,7.398583200777166
1,50,933472.5998217161,6847811.904434941,33,6.936930000000005
1,50,933472.5998217161,6847811.904434941,34,19.14412500000001
1,50,933472.5998217161,6847811.904434941,37,5.045040000000004
1,50,933472.5998217161,6847811.904434941,40,19.14412500000001
1,50,933472.5998217161,6847811.904434941,43,22.97295
1,50,933472.5998217161,6847811.904434941,44,22.45998471664497
1,50,933472.5998217161,6847811.904434941,46,11.93692500000001
1,50,933472.5998217161,6847811.904434941,47,12.16215000000001
1,50,933472.5998217161,6847811.904434941,5,7.927920000000004
1,50,933472.5998217161,6847811.904434941,8,8.455523658031044
1,50,933472.5998217161,6847811.904434941,17,14.121607500000005
1,50,933472.5998217161,6847811.904434941,21,7.927920000000004
1,50,933472.5998217161,6847811.904434941,24,10.61424848413221
1,50,933472.5998217161,6847811.904434941,35,11.554042500000005
1,50,933472.5998217161,6847811.904434941,36,10.61424848413221
1,50,933472.5998217161,6847811.904434941,38,5.958876341968961
1,50,933472.5998217161,6847811.904434941,39,11.554042500000005
1,50,933472.5998217161,6847811.904434941,1,4.504500000000002
1,50,933472.5998217161,6847811.904434941,4,5.630625000000004
1,50,933472.5998217161,6847811.904434941,10,5.630625000000004
1,50,933472.5998217161,6847811.904434941,15,5.067562500000001
1,50,933472.5998217161,6847811.904434941,22,5.630625000000004
1,50,933472.5998217161,6847811.904434941,41,6.193687500000004
1,50,933472.5998217161,6847811.904434941,42,6.605877857836753
1,50,933472.5998217161,6847811.904434941,45,6.193687500000004
1,50,933472.5998217161,6847811.904434941,48,4.655372142163251
1,76,933472.5998217161,6847811.904434941,1,10.810800000000006
1,76,933472.5998217161,6847811.904434941,2,15.82826528335505
1,76,933472.5998217161,6847811.904434941,3,17.22971250000001
1,76,933472.5998217161,6847811.904434941,4,13.513500000000008
1,76,933472.5998217161,6847811.904434941,5,13.130617500000008
1,76,933472.5998217161,6847811.904434941,6,22.45998471664497
1,76,933472.5998217161,6847811.904434941,7,22.97295
1,76,933472.5998217161,6847811.904434941,8,14.00446105861392
1,76,933472.5998217161,6847811.904434941,10,13.513500000000008
1,76,933472.5998217161,6847811.904434941,15,12.16215000000001
1,76,933472.5998217161,6847811.904434941,17,6.936930000000005
1,76,933472.5998217161,6847811.904434941,21,13.130617500000008
1,76,933472.5998217161,6847811.904434941,22,13.513500000000008
1,76,933472.5998217161,6847811.904434941,24,5.2140167992228434
1,76,933472.5998217161,6847811.904434941,29,21.058537500000014
1,76,933472.5998217161,6847811.904434941,35,5.6756700000000055
1,76,933472.5998217161,6847811.904434941,36,5.2140167992228434
1,76,933472.5998217161,6847811.904434941,38,9.869388941386092
1,76,933472.5998217161,6847811.904434941,39,5.6756700000000055
1,76,933472.5998217161,6847811.904434941,41,14.864850000000011
1,76,933472.5998217161,6847811.904434941,42,15.854106858808208
1,76,933472.5998217161,6847811.904434941,45,14.864850000000011
1,76,933472.5998217161,6847811.904434941,48,11.172893141191798
1,76,933472.5998217161,6847811.904434941,11,6.486480000000003
1,76,933472.5998217161,6847811.904434941,12,10.61424848413221
1,76,933472.5998217161,6847811.904434941,13,10.270260000000006
1,76,933472.5998217161,6847811.904434941,14,10.61424848413221
1,76,933472.5998217161,6847811.904434941,16,7.207200000000003
1,76,933472.5998217161,6847811.904434941,19,8.648640000000004
1,76,933472.5998217161,6847811.904434941,20,15.061401515867798
1,76,933472.5998217161,6847811.904434941,23,6.486480000000003
1,76,933472.5998217161,6847811.904434941,25,5.765760000000003
1,76,933472.5998217161,6847811.904434941,26,5.958876341968961
1,76,933472.5998217161,6847811.904434941,27,11.554042500000005
1,76,933472.5998217161,6847811.904434941,28,12.837825000000004
1,76,933472.5998217161,6847811.904434941,30,15.061401515867798
1,76,933472.5998217161,6847811.904434941,32,15.061401515867798
1,76,933472.5998217161,6847811.904434941,33,14.121607500000005
1,76,933472.5998217161,6847811.904434941,37,10.270260000000006
1,76,933472.5998217161,6847811.904434941,46,7.207200000000003
1,76,933472.5998217161,6847811.904434941,18,6.605877857836753
1,76,933472.5998217161,6847811.904434941,47,5.067562500000001
1,17,934313.499821071,6848126.304434771,1,25.918200000000017
1,17,934313.499821071,6848126.304434771,2,26.78629509490855
1,17,934313.499821071,6848126.304434771,3,29.157975000000015
1,17,934313.499821071,6848126.304434771,4,32.39775000000001
1,17,934313.499821071,6848126.304434771,5,35.637525000000025
1,17,934313.499821071,6848126.304434771,6,38.00920490509148
1,17,934313.499821071,6848126.304434771,7,38.87730000000003
1,17,934313.499821071,6848126.304434771,8,38.00920490509148
1,17,934313.499821071,6848126.304434771,9,35.637525000000025
1,17,934313.499821071,6848126.304434771,10,32.397750000000016
1,17,934313.499821071,6848126.304434771,11,29.15797500000002
1,17,934313.499821071,6848126.304434771,12,26.786295094908557
1,17,934313.499821071,6848126.304434771,13,25.91820000000001
1,17,934313.499821071,6848126.304434771,14,26.78629509490855
1,17,934313.499821071,6848126.304434771,15,29.15797500000002
1,17,934313.499821071,6848126.304434771,16,32.397750000000016
1,17,934313.499821071,6848126.304434771,17,35.637525000000025
1,17,934313.499821071,6848126.304434771,18,38.009204905091494
1,17,934313.499821071,6848126.304434771,19,38.87730000000002
1,17,934313.499821071,6848126.304434771,20,38.00920490509148
1,17,934313.499821071,6848126.304434771,21,35.63752500000003
1,17,934313.499821071,6848126.304434771,22,32.397750000000016
1,17,934313.499821071,6848126.304434771,23,29.157975000000015
1,17,934313.499821071,6848126.304434771,24,26.786295094908557
1,17,934313.499821071,6848126.304434771,25,25.918200000000017
1,17,934313.499821071,6848126.304434771,26,26.78629509490855
1,17,934313.499821071,6848126.304434771,27,29.157975000000015
1,17,934313.499821071,6848126.304434771,28,32.397750000000016
1,17,934313.499821071,6848126.304434771,29,35.637525000000025
1,17,934313.499821071,6848126.304434771,30,38.009204905091494
1,17,934313.499821071,6848126.304434771,31,38.87730000000002
1,17,934313.499821071,6848126.304434771,32,38.00920490509148
1,17,934313.499821071,6848126.304434771,33,35.63752500000003
1,17,934313.499821071,6848126.304434771,34,32.39775000000001
1,17,934313.499821071,6848126.304434771,35,29.157975000000015
1,17,934313.499821071,6848126.304434771,36,26.786295094908557
1,17,934313.499821071,6848126.304434771,37,25.91820000000001
1,17,934313.499821071,6848126.304434771,38,26.78629509490855
1,17,934313.499821071,6848126.304434771,39,29.157975000000015
1,17,934313.499821071,6848126.304434771,40,32.39775000000001
1,17,934313.499821071,6848126.304434771,41,35.63752500000003
1,17,934313.499821071,6848126.304434771,42,38.009204905091494
1,17,934313.499821071,6848126.304434771,43,38.87730000000002
1,17,934313.499821071,6848126.304434771,44,38.00920490509148
1,17,934313.499821071,6848126.304434771,45,35.637525000000025
1,17,934313.499821071,6848126.304434771,46,32.397750000000016
1,17,934313.499821071,6848126.304434771,47,29.157975000000015
1,17,934313.499821071,6848126.304434771,48,26.78629509490855
1,41,934604.5998208483,6848166.104434751,1,18.84960000000001
1,41,934604.5998208483,6848166.104434751,2,19.48094188720622
1,41,934604.5998208483,6848166.104434751,3,21.205800000000014
1,41,934604.5998208483,6848166.104434751,4,23.56200000000002
1,41,934604.5998208483,6848166.104434751,5,25.918200000000013
1,41,934604.5998208483,6848166.104434751,6,27.6430581127938
1,41,934604.5998208483,6848166.104434751,7,28.274400000000014
1,41,934604.5998208483,6848166.104434751,8,27.6430581127938
1,41,934604.5998208483,6848166.104434751,9,25.91820000000002
1,41,934604.5998208483,6848166.104434751,10,23.562000000000012
1,41,934604.5998208483,6848166.104434751,11,21.20580000000001
1,41,934604.5998208483,6848166.104434751,12,19.48094188720622
1,41,934604.5998208483,6848166.104434751,13,18.84960000000001
1,41,934604.5998208483,6848166.104434751,14,19.48094188720622
1,41,934604.5998208483,6848166.104434751,15,21.20580000000001
1,41,934604.5998208483,6848166.104434751,16,23.56200000000002
1,41,934604.5998208483,6848166.104434751,17,25.91820000000002
1,41,934604.5998208483,6848166.104434751,18,27.643058112793803
1,41,934604.5998208483,6848166.104434751,19,28.274400000000014
1,41,934604.5998208483,6848166.104434751,20,27.643058112793803
1,41,934604.5998208483,6848166.104434751,21,25.91820000000002
1,41,934604.5998208483,6848166.104434751,22,23.56200000000002
1,41,934604.5998208483,6848166.104434751,23,21.205800000000014
1,41,934604.5998208483,6848166.104434751,24,19.480941887206225
1,41,934604.5998208483,6848166.104434751,25,18.84960000000001
1,41,934604.5998208483,6848166.104434751,26,19.48094188720622
1,41,934604.5998208483,6848166.104434751,27,21.205800000000014
1,41,934604.5998208483,6848166.104434751,28,23.56200000000002
1,41,934604.5998208483,6848166.104434751,29,25.918200000000013
1,41,934604.5998208483,6848166.104434751,30,27.6430581127938
1,41,934604.5998208483,6848166.104434751,31,28.274400000000014
1,41,934604.5998208483,6848166.104434751,32,27.6430581127938
1,41,934604.5998208483,6848166.104434751,33,25.91820000000002
1,41,934604.5998208483,6848166.104434751,34,23.562000000000012
1,41,934604.5998208483,6848166.104434751,35,21.20580000000001
1,41,934604.5998208483,6848166.104434751,36,19.48094188720622
1,41,934604.5998208483,6848166.104434751,37,18.84960000000001
1,41,934604.5998208483,6848166.104434751,38,19.480941887206225
1,41,934604.5998208483,6848166.104434751,39,21.20580000000001
1,41,934604.5998208483,6848166.104434751,40,23.562000000000012
1,41,934604.5998208483,6848166.104434751,41,25.918200000000013
1,41,934604.5998208483,6848166.104434751,42,27.643058112793803
1,41,934604.5998208483,6848166.104434751,43,28.274400000000014
1,41,934604.5998208483,6848166.104434751,44,27.643058112793803
1,41,934604.5998208483,6848166.104434751,45,25.918200000000013
1,41,934604.5998208483,6848166.104434751,46,23.562000000000012
1,41,934604.5998208483,6848166.104434751,47,21.20580000000001
1,41,934604.5998208483,6848166.104434751,48,19.48094188720622
1,38,933906.9998213904,6847232.504435231,1,81.28890000000008
1,38,933906.9998213904,6847232.504435231,2,84.01156188857676
1,38,933906.9998213904,6847232.504435231,3,91.45001250000003
1,38,933906.9998213904,6847232.504435231,4,101.61112500000007
1,38,933906.9998213904,6847232.504435231,5,111.77223750000007
1,38,933906.9998213904,6847232.504435231,6,119.21068811142328
1,38,933906.9998213904,6847232.504435231,7,121.93335000000005
1,38,933906.9998213904,6847232.504435231,8,119.21068811142328
1,38,933906.9998213904,6847232.504435231,9,111.77223750000007
1,38,933906.9998213904,6847232.504435231,10,101.61112500000007
1,38,933906.9998213904,6847232.504435231,11,91.45001250000003
1,38,933906.9998213904,6847232.504435231,12,84.01156188857676
1,38,933906.9998213904,6847232.504435231,13,81.28890000000008
1,38,933906.9998213904,6847232.504435231,14,84.01156188857676
1,38,933906.9998213904,6847232.504435231,15,91.45001250000003
1,38,933906.9998213904,6847232.504435231,16,101.61112500000007
1,38,933906.9998213904,6847232.504435231,17,111.77223750000007
1,38,933906.9998213904,6847232.504435231,18,119.21068811142328
1,38,933906.9998213904,6847232.504435231,19,121.93335000000005
1,38,933906.9998213904,6847232.504435231,20,119.21068811142328
1,38,933906.9998213904,6847232.504435231,21,111.77223750000007
1,38,933906.9998213904,6847232.504435231,22,101.61112500000007
1,38,933906.9998213904,6847232.504435231,23,91.45001250000003
1,38,933906.9998213904,6847232.504435231,24,84.01156188857676
1,38,933906.9998213904,6847232.504435231,25,81.28890000000008
1,38,933906.9998213904,6847232.504435231,26,84.01156188857676
1,38,933906.9998213904,6847232.504435231,27,91.45001250000003
1,38,933906.9998213904,6847232.504435231,28,101.61112500000007
1,38,933906.9998213904,6847232.504435231,29,111.77223750000007
1,38,933906.9998213904,6847232.504435231,30,119.21068811142328
1,38,933906.9998213904,6847232.504435231,31,121.93335000000005
1,38,933906.9998213904,6847232.504435231,32,119.21068811142328
1,38,933906.9998213904,6847232.504435231,33,111.77223750000007
1,38,933906.9998213904,6847232.504435231,34,101.61112500000007
1,38,933906.9998213904,6847232.504435231,35,91.45001250000003
1,38,933906.9998213904,6847232.504435231,36,84.01156188857676
1,38,933906.9998213904,6847232.504435231,37,81.28890000000008
1,38,933906.9998213904,6847232.504435231,38,84.01156188857676
1,38,933906.9998213904,6847232.504435231,39,91.45001250000003
1,38,933906.9998213904,6847232.504435231,40,101.61112500000007
1,38,933906.9998213904,6847232.504435231,41,111.77223750000007
1,38,933906.9998213904,6847232.504435231,42,119.21068811142328
1,38,933906.9998213904,6847232.504435231,43,121.93335000000005
1,38,933906.9998213904,6847232.504435231,44,119.21068811142328
1,38,933906.9998213904,6847232.504435231,45,111.77223750000007
1,38,933906.9998213904,6847232.504435231,46,101.61112500000007
1,38,933906.9998213904,6847232.504435231,47,91.45001250000003
1,38,933906.9998213904,6847232.504435231,48,84.01156188857676
1,7,933780.291513979,6846818.296141294,1,2.356200000000001
1,7,933780.291513979,6846818.296141294,2,2.4351177359007767
1,7,933780.291513979,6846818.296141294,3,2.6507250000000013
1,7,933780.291513979,6846818.296141294,4,2.945250000000001
1,7,933780.291513979,6846818.296141294,5,3.2397750000000016
1,7,933780.291513979,6846818.296141294,6,3.4553822640992253
1,7,933780.291513979,6846818.296141294,7,3.534300000000001
1,7,933780.291513979,6846818.296141294,8,3.4553822640992253
1,7,933780.291513979,6846818.296141294,9,3.2397750000000016
1,7,933780.291513979,6846818.296141294,10,2.945250000000001
1,7,933780.291513979,6846818.296141294,11,2.6507250000000013
1,7,933780.291513979,6846818.296141294,12,2.4351177359007767
1,7,933780.291513979,6846818.296141294,13,2.356200000000001
1,7,933780.291513979,6846818.296141294,14,2.4351177359007767
1,7,933780.291513979,6846818.296141294,15,2.6507250000000013
1,7,933780.291513979,6846818.296141294,16,2.945250000000001
1,7,933780.291513979,6846818.296141294,17,3.2397750000000016
1,7,933780.291513979,6846818.296141294,18,3.4553822640992253
1,7,933780.291513979,6846818.296141294,19,3.534300000000001
1,7,933780.291513979,6846818.296141294,20,3.4553822640992253
1,7,933780.291513979,6846818.296141294,21,3.2397750000000016
1,7,933780.291513979,6846818.296141294,22,2.945250000000001
1,7,933780.291513979,6846818.296141294,23,2.6507250000000013
1,7,933780.291513979,6846818.296141294,24,2.4351177359007767
1,7,933780.291513979,6846818.296141294,25,2.356200000000001
1,7,933780.291513979,6846818.296141294,26,2.4351177359007767
1,7,933780.291513979,6846818.296141294,27,2.6507250000000013
1,7,933780.291513979,6846818.296141294,28,2.945250000000001
1,7,933780.291513979,6846818.296141294,29,3.2397750000000016
1,7,933780.291513979,6846818.296141294,30,3.4553822640992253
1,7,933780.291513979,6846818.296141294,31,3.534300000000001
1,7,933780.291513979,6846818.296141294,32,3.4553822640992253
1,7,933780.291513979,6846818.296141294,33,3.2397750000000016
1,7,933780.291513979,6846818.296141294,34,2.945250000000001
1,7,933780.291513979,6846818.296141294,35,2.6507250000000013
1,7,933780.291513979,6846818.296141294,36,2.4351177359007767
1,7,933780.291513979,6846818.296141294,37,2.356200000000001
1,7,933780.291513979,6846818.296141294,38,2.4351177359007767
1,7,933780.291513979,6846818.296141294,39,2.6507250000000013
1,7,933780.291513979,6846818.296141294,40,2.945250000000001
1,7,933780.291513979,6846818.296141294,41,3.2397750000000016
1,7,933780.291513979,6846818.296141294,42,3.4553822640992253
1,7,933780.291513979,6846818.296141294,43,3.534300000000001
1,7,933780.291513979,6846818.296141294,44,3.4553822640992253
1,7,933780.291513979,6846818.296141294,45,3.2397750000000016
1,7,933780.291513979,6846818.296141294,46,2.945250000000001
1,7,933780.291513979,6846818.296141294,47,2.6507250000000013
1,7,933780.291513979,6846818.296141294,48,2.4351177359007767
1,14,934219.8512487066,6847970.932334671,1,16.49340000000001
1,14,934219.8512487066,6847970.932334671,2,17.045824151305442
1,14,934219.8512487066,6847970.932334671,3,18.555075000000006
1,14,934219.8512487066,6847970.932334671,4,20.61675000000001
1,14,934219.8512487066,6847970.932334671,5,22.678425000000015
1,14,934219.8512487066,6847970.932334671,6,24.187675848694575
1,14,934219.8512487066,6847970.932334671,7,24.74010000000001
1,14,934219.8512487066,6847970.932334671,8,24.187675848694575
1,14,934219.8512487066,6847970.932334671,9,22.678425000000015
1,14,934219.8512487066,6847970.932334671,10,20.61675000000001
1,14,934219.8512487066,6847970.932334671,11,18.555075000000006
1,14,934219.8512487066,6847970.932334671,12,17.045824151305442
1,14,934219.8512487066,6847970.932334671,13,16.493400000000012
1,14,934219.8512487066,6847970.932334671,14,17.045824151305442
1,14,934219.8512487066,6847970.932334671,15,18.555075000000006
1,14,934219.8512487066,6847970.932334671,16,20.61675000000001
1,14,934219.8512487066,6847970.932334671,17,22.678425000000015
1,14,934219.8512487066,6847970.932334671,18,24.187675848694575
1,14,934219.8512487066,6847970.932334671,19,24.74010000000001
1,14,934219.8512487066,6847970.932334671,20,24.187675848694575
1,14,934219.8512487066,6847970.932334671,21,22.678425000000015
1,14,934219.8512487066,6847970.932334671,22,20.61675000000001
1,14,934219.8512487066,6847970.932334671,23,18.555075000000006
1,14,934219.8512487066,6847970.932334671,24,17.045824151305442
1,14,934219.8512487066,6847970.932334671,25,16.49340000000001
1,14,934219.8512487066,6847970.932334671,26,17.045824151305446
1,14,934219.8512487066,6847970.932334671,27,18.55507500000001
1,14,934219.8512487066,6847970.932334671,28,20.61675000000001
1,14,934219.8512487066,6847970.932334671,29,22.678425000000015
1,14,934219.8512487066,6847970.932334671,30,24.187675848694575
1,14,934219.8512487066,6847970.932334671,31,24.74010000000001
1,14,934219.8512487066,6847970.932334671,32,24.187675848694575
1,14,934219.8512487066,6847970.932334671,33,22.678425000000015
1,14,934219.8512487066,6847970.932334671,34,20.61675000000001
1,14,934219.8512487066,6847970.932334671,35,18.55507500000001
1,14,934219.8512487066,6847970.932334671,36,17.045824151305442
1,14,934219.8512487066,6847970.932334671,37,16.49340000000001
1,14,934219.8512487066,6847970.932334671,38,17.045824151305442
1,14,934219.8512487066,6847970.932334671,39,18.555075000000006
1,14,934219.8512487066,6847970.932334671,40,20.61675000000001
1,14,934219.8512487066,6847970.932334671,41,22.678425000000015
1,14,934219.8512487066,6847970.932334671,42,24.187675848694575
1,14,934219.8512487066,6847970.932334671,43,24.74010000000001
1,14,934219.8512487066,6847970.932334671,44,24.187675848694575
1,14,934219.8512487066,6847970.932334671,45,22.678425000000015
1,14,934219.8512487066,6847970.932334671,46,20.61675000000001
1,14,934219.8512487066,6847970.932334671,47,18.55507500000001
1,14,934219.8512487066,6847970.932334671,48,17.045824151305446
1,71,933466.5998217198,6847887.004434904,1,17.67150000000001
1,71,933466.5998217198,6847887.004434904,2,18.26338301925583
1,71,933466.5998217198,6847887.004434904,3,19.88043750000001
1,71,933466.5998217198,6847887.004434904,4,22.08937500000001
1,71,933466.5998217198,6847887.004434904,5,24.29831250000001
1,71,933466.5998217198,6847887.004434904,6,25.91536698074419
1,71,933466.5998217198,6847887.004434904,7,26.50725000000001
1,71,933466.5998217198,6847887.004434904,8,25.91536698074419
1,71,933466.5998217198,6847887.004434904,9,24.29831250000001
1,71,933466.5998217198,6847887.004434904,10,22.08937500000001
1,71,933466.5998217198,6847887.004434904,11,19.88043750000001
1,71,933466.5998217198,6847887.004434904,12,18.26338301925583
1,71,933466.5998217198,6847887.004434904,13,17.67150000000001
1,71,933466.5998217198,6847887.004434904,14,18.26338301925583
1,71,933466.5998217198,6847887.004434904,15,19.88043750000001
1,71,933466.5998217198,6847887.004434904,16,22.08937500000001
1,71,933466.5998217198,6847887.004434904,17,24.29831250000001
1,71,933466.5998217198,6847887.004434904,18,25.91536698074419
1,71,933466.5998217198,6847887.004434904,19,26.50725000000001
1,71,933466.5998217198,6847887.004434904,20,25.91536698074419
1,71,933466.5998217198,6847887.004434904,21,24.29831250000001
1,71,933466.5998217198,6847887.004434904,22,22.08937500000001
1,71,933466.5998217198,6847887.004434904,23,19.88043750000001
1,71,933466.5998217198,6847887.004434904,24,18.26338301925583
1,71,933466.5998217198,6847887.004434904,25,17.67150000000001
1,71,933466.5998217198,6847887.004434904,26,18.26338301925583
1,71,933466.5998217198,6847887.004434904,27,19.88043750000001
1,71,933466.5998217198,6847887.004434904,28,22.08937500000001
1,71,933466.5998217198,6847887.004434904,29,24.29831250000001
1,71,933466.5998217198,6847887.004434904,30,25.91536698074419
1,71,933466.5998217198,6847887.004434904,31,26.50725000000001
1,71,933466.5998217198,6847887.004434904,32,25.91536698074419
1,71,933466.5998217198,6847887.004434904,33,24.29831250000001
1,71,933466.5998217198,6847887.004434904,34,22.08937500000001
1,71,933466.5998217198,6847887.004434904,35,19.88043750000001
1,71,933466.5998217198,6847887.004434904,36,18.26338301925583
1,71,933466.5998217198,6847887.004434904,37,17.67150000000001
1,71,933466.5998217198,6847887.004434904,38,18.26338301925583
1,71,933466.5998217198,6847887.004434904,39,19.88043750000001
1,71,933466.5998217198,6847887.004434904,40,22.08937500000001
1,71,933466.5998217198,6847887.004434904,41,24.29831250000001
1,71,933466.5998217198,6847887.004434904,42,25.91536698074419
1,71,933466.5998217198,6847887.004434904,43,26.50725000000001
1,71,933466.5998217198,6847887.004434904,44,25.91536698074419
1,71,933466.5998217198,6847887.004434904,45,24.29831250000001
1,71,933466.5998217198,6847887.004434904,46,22.08937500000001
1,71,933466.5998217198,6847887.004434904,47,19.88043750000001
1,71,933466.5998217198,6847887.004434904,48,18.26338301925583
1,47,934432.7998209777,6848335.404434666,1,55.370700000000035
1,47,934432.7998209777,6848335.404434666,2,57.225266793668276
1,47,934432.7998209777,6848335.404434666,3,62.292037500000035
1,47,934432.7998209777,6848335.404434666,4,69.21337500000004
1,47,934432.7998209777,6848335.404434666,5,76.13471250000005
1,47,934432.7998209777,6848335.404434666,6,81.2014832063318
1,47,934432.7998209777,6848335.404434666,7,83.05605000000004
1,47,934432.7998209777,6848335.404434666,8,81.2014832063318
1,47,934432.7998209777,6848335.404434666,9,76.13471250000005
1,47,934432.7998209777,6848335.404434666,10,69.21337500000004
1,47,934432.7998209777,6848335.404434666,11,62.292037500000035
1,47,934432.7998209777,6848335.404434666,12,57.225266793668276
1,47,934432.7998209777,6848335.404434666,13,55.370700000000035
1,47,934432.7998209777,6848335.404434666,14,57.225266793668276
1,47,934432.7998209777,6848335.404434666,15,62.292037500000035
1,47,934432.7998209777,6848335.404434666,16,69.21337500000004
1,47,934432.7998209777,6848335.404434666,17,76.13471250000005
1,47,934432.7998209777,6848335.404434666,18,81.2014832063318
1,47,934432.7998209777,6848335.404434666,19,83.05605000000004
1,47,934432.7998209777,6848335.404434666,20,81.2014832063318
1,47,934432.7998209777,6848335.404434666,21,76.13471250000005
1,47,934432.7998209777,6848335.404434666,22,69.21337500000004
1,47,934432.7998209777,6848335.404434666,23,62.292037500000035
1,47,934432.7998209777,6848335.404434666,24,57.225266793668276
1,47,934432.7998209777,6848335.404434666,25,55.37070000000004
1,47,934432.7998209777,6848335.404434666,26,57.225266793668276
1,47,934432.7998209777,6848335.404434666,27,62.292037500000035
1,47,934432.7998209777,6848335.404434666,28,69.21337500000004
1,47,934432.7998209777,6848335.404434666,29,76.13471250000005
1,47,934432.7998209777,6848335.404434666,30,81.2014832063318
1,47,934432.7998209777,6848335.404434666,31,83.05605000000004
1,47,934432.7998209777,6848335.404434666,32,81.2014832063318
1,47,934432.7998209777,6848335.404434666,33,76.13471250000005
1,47,934432.7998209777,6848335.404434666,34,69.21337500000004
1,47,934432.7998209777,6848335.404434666,35,62.292037500000035
1,47,934432.7998209777,6848335.404434666,36,57.225266793668276
1,47,934432.7998209777,6848335.404434666,37,55.370700000000035
1,47,934432.7998209777,6848335.404434666,38,57.225266793668276
1,47,934432.7998209777,6848335.404434666,39,62.292037500000035
1,47,934432.7998209777,6848335.404434666,40,69.21337500000004
1,47,934432.7998209777,6848335.404434666,41,76.13471250000005
1,47,934432.7998209777,6848335.404434666,42,81.2014832063318
1,47,934432.7998209777,6848335.404434666,43,83.05605000000004
1,47,934432.7998209777,6848335.404434666,44,81.2014832063318
1,47,934432.7998209777,6848335.404434666,45,76.13471250000005
1,47,934432.7998209777,6848335.404434666,46,69.21337500000004
1,47,934432.7998209777,6848335.404434666,47,62.292037500000035
1,47,934432.7998209777,6848335.404434666,48,57.225266793668276
1,56,934204.3998211591,6847660.904435011,1,9.424800000000007
1,56,934204.3998211591,6847660.904435011,2,9.74047094360311
1,56,934204.3998211591,6847660.904435011,3,10.602900000000005
1,56,934204.3998211591,6847660.904435011,4,11.781000000000006
1,56,934204.3998211591,6847660.904435011,5,12.959100000000008
1,56,934204.3998211591,6847660.904435011,6,13.821529056396901
1,56,934204.3998211591,6847660.904435011,7,14.137200000000007
1,56,934204.3998211591,6847660.904435011,8,13.821529056396901
1,56,934204.3998211591,6847660.904435011,9,12.959100000000008
1,56,934204.3998211591,6847660.904435011,10,11.781000000000006
1,56,934204.3998211591,6847660.904435011,11,10.602900000000005
1,56,934204.3998211591,6847660.904435011,12,9.74047094360311
1,56,934204.3998211591,6847660.904435011,13,9.424800000000007
1,56,934204.3998211591,6847660.904435011,14,9.74047094360311
1,56,934204.3998211591,6847660.904435011,15,10.602900000000005
1,56,934204.3998211591,6847660.904435011,16,11.781000000000006
1,56,934204.3998211591,6847660.904435011,17,12.959100000000008
1,56,934204.3998211591,6847660.904435011,18,13.821529056396901
1,56,934204.3998211591,6847660.904435011,19,14.137200000000007
1,56,934204.3998211591,6847660.904435011,20,13.821529056396901
1,56,934204.3998211591,6847660.904435011,21,12.959100000000008
1,56,934204.3998211591,6847660.904435011,22,11.781000000000006
1,56,934204.3998211591,6847660.904435011,23,10.602900000000005
1,56,934204.3998211591,6847660.904435011,24,9.74047094360311
1,56,934204.3998211591,6847660.904435011,25,9.424800000000007
1,56,934204.3998211591,6847660.904435011,26,9.74047094360311
1,56,934204.3998211591,6847660.904435011,27,10.602900000000005
1,56,934204.3998211591,6847660.904435011,28,11.781000000000006
1,56,934204.3998211591,6847660.904435011,29,12.959100000000008
1,56,934204.3998211591,6847660.904435011,30,13.821529056396901
1,56,934204.3998211591,6847660.904435011,31,14.137200000000007
1,56,934204.3998211591,6847660.904435011,32,13.821529056396901
1,56,934204.3998211591,6847660.904435011,33,12.959100000000008
1,56,934204.3998211591,6847660.904435011,34,11.781000000000006
1,56,934204.3998211591,6847660.904435011,35,10.602900000000005
1,56,934204.3998211591,6847660.904435011,36,9.74047094360311
1,56,934204.3998211591,6847660.904435011,37,9.424800000000007
1,56,934204.3998211591,6847660.904435011,38,9.74047094360311
1,56,934204.3998211591,6847660.904435011,39,10.602900000000005
1,56,934204.3998211591,6847660.904435011,40,11.781000000000006
1,56,934204.3998211591,6847660.904435011,41,12.959100000000008
1,56,934204.3998211591,6847660.904435011,42,13.821529056396901
1,56,934204.3998211591,6847660.904435011,43,14.137200000000007
1,56,934204.3998211591,6847660.904435011,44,13.821529056396901
1,56,934204.3998211591,6847660.904435011,45,12.959100000000008
1,56,934204.3998211591,6847660.904435011,46,11.781000000000006
1,56,934204.3998211591,6847660.904435011,47,10.602900000000005
1,56,934204.3998211591,6847660.904435011,48,9.74047094360311
1,46,934906.099820619,6848106.204434778,1,25.918200000000013
1,46,934906.099820619,6848106.204434778,2,26.78629509490855
1,46,934906.099820619,6848106.204434778,3,29.157975000000015
1,46,934906.099820619,6848106.204434778,4,32.39775000000001
1,46,934906.099820619,6848106.204434778,5,35.637525000000025
1,46,934906.099820619,6848106.204434778,6,38.00920490509147
1,46,934906.099820619,6848106.204434778,7,38.87730000000001
1,46,934906.099820619,6848106.204434778,8,38.00920490509147
1,46,934906.099820619,6848106.204434778,9,35.63752500000002
1,46,934906.099820619,6848106.204434778,10,32.397750000000016
1,46,934906.099820619,6848106.204434778,11,29.157975000000015
1,46,934906.099820619,6848106.204434778,12,26.78629509490855
1,46,934906.099820619,6848106.204434778,13,25.918200000000013
1,46,934906.099820619,6848106.204434778,14,26.78629509490855
1,46,934906.099820619,6848106.204434778,15,29.157975000000015
1,46,934906.099820619,6848106.204434778,16,32.397750000000016
1,46,934906.099820619,6848106.204434778,17,35.637525000000025
1,46,934906.099820619,6848106.204434778,18,38.00920490509148
1,46,934906.099820619,6848106.204434778,19,38.87730000000001
1,46,934906.099820619,6848106.204434778,20,38.00920490509147
1,46,934906.099820619,6848106.204434778,21,35.637525000000025
1,46,934906.099820619,6848106.204434778,22,32.397750000000016
1,46,934906.099820619,6848106.204434778,23,29.157975000000015
1,46,934906.099820619,6848106.204434778,24,26.786295094908553
1,46,934906.099820619,6848106.204434778,25,25.918200000000013
1,46,934906.099820619,6848106.204434778,26,26.786295094908553
1,46,934906.099820619,6848106.204434778,27,29.157975000000015
1,46,934906.099820619,6848106.204434778,28,32.397750000000016
1,46,934906.099820619,6848106.204434778,29,35.63752500000002
1,46,934906.099820619,6848106.204434778,30,38.00920490509147
1,46,934906.099820619,6848106.204434778,31,38.877300000000005
1,46,934906.099820619,6848106.204434778,32,38.00920490509147
1,46,934906.099820619,6848106.204434778,33,35.63752500000002
1,46,934906.099820619,6848106.204434778,34,32.39775000000001
1,46,934906.099820619,6848106.204434778,35,29.157975000000015
1,46,934906.099820619,6848106.204434778,36,26.786295094908553
1,46,934906.099820619,6848106.204434778,37,25.918200000000013
1,46,934906.099820619,6848106.204434778,38,26.78629509490855
1,46,934906.099820619,6848106.204434778,39,29.157975000000015
1,46,934906.099820619,6848106.204434778,40,32.39775000000001
1,46,934906.099820619,6848106.204434778,41,35.637525000000025
1,46,934906.099820619,6848106.204434778,42,38.00920490509148
1,46,934906.099820619,6848106.204434778,43,38.877300000000005
1,46,934906.099820619,6848106.204434778,44,38.00920490509147
1,46,934906.099820619,6848106.204434778,45,35.63752500000002
1,46,934906.099820619,6848106.204434778,46,32.39775000000001
1,46,934906.099820619,6848106.204434778,47,29.157975000000015
1,46,934906.099820619,6848106.204434778,48,26.786295094908553
1,43,934084.1998212618,6846602.604435545,1,3.5343000000000018
1,43,934084.1998212618,6846602.604435545,2,3.652676603851165
1,43,934084.1998212618,6846602.604435545,3,3.976087500000002
1,43,934084.1998212618,6846602.604435545,4,4.417875000000002
1,43,934084.1998212618,6846602.604435545,5,4.859662500000002
1,43,934084.1998212618,6846602.604435545,6,5.1830733961488376
1,43,934084.1998212618,6846602.604435545,7,5.301450000000002
1,43,934084.1998212618,6846602.604435545,8,5.1830733961488376
1,43,934084.1998212618,6846602.604435545,9,4.859662500000002
1,43,934084.1998212618,6846602.604435545,10,4.417875000000002
1,43,934084.1998212618,6846602.604435545,11,3.976087500000002
1,43,934084.1998212618,6846602.604435545,12,3.652676603851165
1,43,934084.1998212618,6846602.604435545,13,3.5343000000000018
1,43,934084.1998212618,6846602.604435545,14,3.652676603851165
1,43,934084.1998212618,6846602.604435545,15,3.976087500000002
1,43,934084.1998212618,6846602.604435545,16,4.417875000000002
1,43,934084.1998212618,6846602.604435545,17,4.859662500000002
1,43,934084.1998212618,6846602.604435545,18,5.1830733961488376
1,43,934084.1998212618,6846602.604435545,19,5.301450000000002
1,43,934084.1998212618,6846602.604435545,20,5.1830733961488376
1,43,934084.1998212618,6846602.604435545,21,4.859662500000002
1,43,934084.1998212618,6846602.604435545,22,4.417875000000002
1,43,934084.1998212618,6846602.604435545,23,3.976087500000002
1,43,934084.1998212618,6846602.604435545,24,3.652676603851166
1,43,934084.1998212618,6846602.604435545,25,3.5343000000000018
1,43,934084.1998212618,6846602.604435545,26,3.652676603851166
1,43,934084.1998212618,6846602.604435545,27,3.9760875000000024
1,43,934084.1998212618,6846602.604435545,28,4.417875000000002
1,43,934084.1998212618,6846602.604435545,29,4.859662500000003
1,43,934084.1998212618,6846602.604435545,30,5.1830733961488376
1,43,934084.1998212618,6846602.604435545,31,5.301450000000002
1,43,934084.1998212618,6846602.604435545,32,5.1830733961488376
1,43,934084.1998212618,6846602.604435545,33,4.859662500000002
1,43,934084.1998212618,6846602.604435545,34,4.417875000000002
1,43,934084.1998212618,6846602.604435545,35,3.976087500000002
1,43,934084.1998212618,6846602.604435545,36,3.652676603851166
1,43,934084.1998212618,6846602.604435545,37,3.5343000000000018
1,43,934084.1998212618,6846602.604435545,38,3.652676603851166
1,43,934084.1998212618,6846602.604435545,39,3.9760875000000024
1,43,934084.1998212618,6846602.604435545,40,4.417875000000002
1,43,934084.1998212618,6846602.604435545,41,4.859662500000002
1,43,934084.1998212618,6846602.604435545,42,5.1830733961488376
1,43,934084.1998212618,6846602.604435545,43,5.301450000000002
1,43,934084.1998212618,6846602.604435545,44,5.183073396148838
1,43,934084.1998212618,6846602.604435545,45,4.859662500000003
1,43,934084.1998212618,6846602.604435545,46,4.417875000000002
1,43,934084.1998212618,6846602.604435545,47,3.976087500000003
1,43,934084.1998212618,6846602.604435545,48,3.652676603851166
1,62,933921.19982138,6847190.704435252,1,12.959100000000007
1,62,933921.19982138,6847190.704435252,2,13.393147547454271
1,62,933921.19982138,6847190.704435252,3,14.578987500000007
1,62,933921.19982138,6847190.704435252,4,16.198875000000008
1,62,933921.19982138,6847190.704435252,5,17.81876250000001
1,62,933921.19982138,6847190.704435252,6,19.00460245254574
1,62,933921.19982138,6847190.704435252,7,19.438650000000003
1,62,933921.19982138,6847190.704435252,8,19.00460245254574
1,62,933921.19982138,6847190.704435252,9,17.81876250000001
1,62,933921.19982138,6847190.704435252,10,16.198875000000008
1,62,933921.19982138,6847190.704435252,11,14.578987500000007
1,62,933921.19982138,6847190.704435252,12,13.393147547454271
1,62,933921.19982138,6847190.704435252,13,12.959100000000007
1,62,933921.19982138,6847190.704435252,14,13.393147547454271
1,62,933921.19982138,6847190.704435252,15,14.578987500000007
1,62,933921.19982138,6847190.704435252,16,16.198875000000008
1,62,933921.19982138,6847190.704435252,17,17.81876250000001
1,62,933921.19982138,6847190.704435252,18,19.00460245254574
1,62,933921.19982138,6847190.704435252,19,19.438650000000003
1,62,933921.19982138,6847190.704435252,20,19.00460245254574
1,62,933921.19982138,6847190.704435252,21,17.81876250000001
1,62,933921.19982138,6847190.704435252,22,16.198875000000008
1,62,933921.19982138,6847190.704435252,23,14.578987500000007
1,62,933921.19982138,6847190.704435252,24,13.393147547454271
1,62,933921.19982138,6847190.704435252,25,12.959100000000007
1,62,933921.19982138,6847190.704435252,26,13.393147547454271
1,62,933921.19982138,6847190.704435252,27,14.578987500000007
1,62,933921.19982138,6847190.704435252,28,16.198875000000008
1,62,933921.19982138,6847190.704435252,29,17.81876250000001
1,62,933921.19982138,6847190.704435252,30,19.00460245254574
1,62,933921.19982138,6847190.704435252,31,19.438650000000003
1,62,933921.19982138,6847190.704435252,32,19.00460245254574
1,62,933921.19982138,6847190.704435252,33,17.81876250000001
1,62,933921.19982138,6847190.704435252,34,16.198875000000008
1,62,933921.19982138,6847190.704435252,35,14.578987500000007
1,62,933921.19982138,6847190.704435252,36,13.393147547454271
1,62,933921.19982138,6847190.704435252,37,12.959100000000007
1,62,933921.19982138,6847190.704435252,38,13.393147547454271
1,62,933921.19982138,6847190.704435252,39,14.578987500000007
1,62,933921.19982138,6847190.704435252,40,16.198875000000008
1,62,933921.19982138,6847190.704435252,41,17.81876250000001
1,62,933921.19982138,6847190.704435252,42,19.00460245254574
1,62,933921.19982138,6847190.704435252,43,19.438650000000003
1,62,933921.19982138,6847190.704435252,44,19.00460245254574
1,62,933921.19982138,6847190.704435252,45,17.81876250000001
1,62,933921.19982138,6847190.704435252,46,16.198875000000008
1,62,933921.19982138,6847190.704435252,47,14.578987500000007
1,62,933921.19982138,6847190.704435252,48,13.393147547454271
1,54,934764.0998207259,6848247.404434707,1,27.096300000000006
1,54,934764.0998207259,6848247.404434707,2,28.003853962858937
1,54,934764.0998207259,6848247.404434707,3,30.483337500000015
1,54,934764.0998207259,6848247.404434707,4,33.87037500000002
1,54,934764.0998207259,6848247.404434707,5,37.25741250000002
1,54,934764.0998207259,6848247.404434707,6,39.73689603714109
1,54,934764.0998207259,6848247.404434707,7,40.644450000000035
1,54,934764.0998207259,6848247.404434707,8,39.73689603714111
1,54,934764.0998207259,6848247.404434707,9,37.257412500000044
1,54,934764.0998207259,6848247.404434707,10,33.87037500000003
1,54,934764.0998207259,6848247.404434707,11,30.483337500000015
1,54,934764.0998207259,6848247.404434707,12,28.003853962858944
1,54,934764.0998207259,6848247.404434707,13,27.096300000000003
1,54,934764.0998207259,6848247.404434707,14,28.003853962858937
1,54,934764.0998207259,6848247.404434707,15,30.483337500000022
1,54,934764.0998207259,6848247.404434707,16,33.87037500000003
1,54,934764.0998207259,6848247.404434707,17,37.25741250000002
1,54,934764.0998207259,6848247.404434707,18,39.73689603714109
1,54,934764.0998207259,6848247.404434707,19,40.644450000000035
1,54,934764.0998207259,6848247.404434707,20,39.73689603714109
1,54,934764.0998207259,6848247.404434707,21,37.257412500000044
1,54,934764.0998207259,6848247.404434707,22,33.87037500000003
1,54,934764.0998207259,6848247.404434707,23,30.483337500000015
1,54,934764.0998207259,6848247.404434707,24,28.003853962858944
1,54,934764.0998207259,6848247.404434707,25,27.096300000000006
1,54,934764.0998207259,6848247.404434707,26,28.003853962858944
1,54,934764.0998207259,6848247.404434707,27,30.483337500000022
1,54,934764.0998207259,6848247.404434707,28,33.87037500000003
1,54,934764.0998207259,6848247.404434707,29,37.25741250000002
1,54,934764.0998207259,6848247.404434707,30,39.73689603714109
1,54,934764.0998207259,6848247.404434707,31,40.64445000000002
1,54,934764.0998207259,6848247.404434707,32,39.73689603714109
1,54,934764.0998207259,6848247.404434707,33,37.257412500000044
1,54,934764.0998207259,6848247.404434707,34,33.87037500000002
1,54,934764.0998207259,6848247.404434707,35,30.483337500000022
1,54,934764.0998207259,6848247.404434707,36,28.003853962858944
1,54,934764.0998207259,6848247.404434707,37,27.096300000000006
1,54,934764.0998207259,6848247.404434707,38,28.003853962858944
1,54,934764.0998207259,6848247.404434707,39,30.483337500000015
1,54,934764.0998207259,6848247.404434707,40,33.870375000000024
1,54,934764.0998207259,6848247.404434707,41,37.25741250000002
1,54,934764.0998207259,6848247.404434707,42,39.73689603714109
1,54,934764.0998207259,6848247.404434707,43,40.64445000000002
1,54,934764.0998207259,6848247.404434707,44,39.73689603714109
1,54,934764.0998207259,6848247.404434707,45,37.25741250000002
1,54,934764.0998207259,6848247.404434707,46,33.87037500000002
1,54,934764.0998207259,6848247.404434707,47,30.483337500000015
1,54,934764.0998207259,6848247.404434707,48,28.003853962858944
1,13,933807.2281635706,6848521.778365977,1,23.562000000000015
1,13,933807.2281635706,6848521.778365977,2,24.351177359007774
1,13,933807.2281635706,6848521.778365977,3,26.507250000000017
1,13,933807.2281635706,6848521.778365977,4,29.452500000000015
1,13,933807.2281635706,6848521.778365977,5,32.39775000000002
1,13,933807.2281635706,6848521.778365977,6,34.55382264099225
1,13,933807.2281635706,6848521.778365977,7,35.34300000000002
1,13,933807.2281635706,6848521.778365977,8,34.55382264099225
1,13,933807.2281635706,6848521.778365977,9,32.39775000000002
1,13,933807.2281635706,6848521.778365977,10,29.452500000000015
1,13,933807.2281635706,6848521.778365977,11,26.507250000000017
1,13,933807.2281635706,6848521.778365977,12,24.351177359007774
1,13,933807.2281635706,6848521.778365977,13,23.562000000000015
1,13,933807.2281635706,6848521.778365977,14,24.351177359007774
1,13,933807.2281635706,6848521.778365977,15,26.507250000000017
1,13,933807.2281635706,6848521.778365977,16,29.452500000000015
1,13,933807.2281635706,6848521.778365977,17,32.39775000000002
1,13,933807.2281635706,6848521.778365977,18,34.55382264099225
1,13,933807.2281635706,6848521.778365977,19,35.34300000000002
1,13,933807.2281635706,6848521.778365977,20,34.55382264099225
1,13,933807.2281635706,6848521.778365977,21,32.39775000000002
1,13,933807.2281635706,6848521.778365977,22,29.452500000000015
1,13,933807.2281635706,6848521.778365977,23,26.507250000000017
1,13,933807.2281635706,6848521.778365977,24,24.351177359007774
1,13,933807.2281635706,6848521.778365977,25,23.562000000000015
1,13,933807.2281635706,6848521.778365977,26,24.351177359007774
1,13,933807.2281635706,6848521.778365977,27,26.507250000000017
1,13,933807.2281635706,6848521.778365977,28,29.452500000000015
1,13,933807.2281635706,6848521.778365977,29,32.39775000000002
1,13,933807.2281635706,6848521.778365977,30,34.55382264099225
1,13,933807.2281635706,6848521.778365977,31,35.34300000000002
1,13,933807.2281635706,6848521.778365977,32,34.55382264099225
1,13,933807.2281635706,6848521.778365977,33,32.39775000000002
1,13,933807.2281635706,6848521.778365977,34,29.452500000000015
1,13,933807.2281635706,6848521.778365977,35,26.507250000000017
1,13,933807.2281635706,6848521.778365977,36,24.351177359007774
1,13,933807.2281635706,6848521.778365977,37,23.562000000000015
1,13,933807.2281635706,6848521.778365977,38,24.351177359007774
1,13,933807.2281635706,6848521.778365977,39,26.507250000000017
1,13,933807.2281635706,6848521.778365977,40,29.452500000000015
1,13,933807.2281635706,6848521.778365977,41,32.39775000000002
1,13,933807.2281635706,6848521.778365977,42,34.55382264099225
1,13,933807.2281635706,6848521.778365977,43,35.34300000000002
1,13,933807.2281635706,6848521.778365977,44,34.55382264099225
1,13,933807.2281635706,6848521.778365977,45,32.39775000000002
1,13,933807.2281635706,6848521.778365977,46,29.452500000000015
1,13,933807.2281635706,6848521.778365977,47,26.507250000000017
1,13,933807.2281635706,6848521.778365977,48,24.351177359007774
1,23,933186.3998219331,6847949.604434876,1,8.246700000000004
1,23,933186.3998219331,6847949.604434876,2,8.522912075652721
1,23,933186.3998219331,6847949.604434876,3,9.277537500000005
1,23,933186.3998219331,6847949.604434876,4,10.308375000000005
1,23,933186.3998219331,6847949.604434876,5,11.339212500000007
1,23,933186.3998219331,6847949.604434876,6,12.093837924347287
1,23,933186.3998219331,6847949.604434876,7,12.370050000000004
1,23,933186.3998219331,6847949.604434876,8,12.093837924347287
1,23,933186.3998219331,6847949.604434876,9,11.339212500000007
1,23,933186.3998219331,6847949.604434876,10,10.308375000000005
1,23,933186.3998219331,6847949.604434876,11,9.277537500000005
1,23,933186.3998219331,6847949.604434876,12,8.522912075652721
1,23,933186.3998219331,6847949.604434876,13,8.246700000000004
1,23,933186.3998219331,6847949.604434876,14,8.522912075652721
1,23,933186.3998219331,6847949.604434876,15,9.277537500000005
1,23,933186.3998219331,6847949.604434876,16,10.308375000000005
1,23,933186.3998219331,6847949.604434876,17,11.339212500000007
1,23,933186.3998219331,6847949.604434876,18,12.093837924347287
1,23,933186.3998219331,6847949.604434876,19,12.370050000000004
1,23,933186.3998219331,6847949.604434876,20,12.09383792434729
1,23,933186.3998219331,6847949.604434876,21,11.339212500000007
1,23,933186.3998219331,6847949.604434876,22,10.308375000000005
1,23,933186.3998219331,6847949.604434876,23,9.277537500000005
1,23,933186.3998219331,6847949.604434876,24,8.522912075652721
1,23,933186.3998219331,6847949.604434876,25,8.246700000000004
1,23,933186.3998219331,6847949.604434876,26,8.522912075652721
1,23,933186.3998219331,6847949.604434876,27,9.277537500000005
1,23,933186.3998219331,6847949.604434876,28,10.308375000000005
1,23,933186.3998219331,6847949.604434876,29,11.339212500000007
1,23,933186.3998219331,6847949.604434876,30,12.093837924347287
1,23,933186.3998219331,6847949.604434876,31,12.370050000000004
1,23,933186.3998219331,6847949.604434876,32,12.093837924347287
1,23,933186.3998219331,6847949.604434876,33,11.339212500000007
1,23,933186.3998219331,6847949.604434876,34,10.308375000000005
1,23,933186.3998219331,6847949.604434876,35,9.277537500000005
1,23,933186.3998219331,6847949.604434876,36,8.522912075652721
1,23,933186.3998219331,6847949.604434876,37,8.246700000000004
1,23,933186.3998219331,6847949.604434876,38,8.522912075652721
1,23,933186.3998219331,6847949.604434876,39,9.277537500000005
1,23,933186.3998219331,6847949.604434876,40,10.308375000000005
1,23,933186.3998219331,6847949.604434876,41,11.339212500000007
1,23,933186.3998219331,6847949.604434876,42,12.093837924347287
1,23,933186.3998219331,6847949.604434876,43,12.370050000000004
1,23,933186.3998219331,6847949.604434876,44,12.093837924347287
1,23,933186.3998219331,6847949.604434876,45,11.339212500000007
1,23,933186.3998219331,6847949.604434876,46,10.308375000000005
1,23,933186.3998219331,6847949.604434876,47,9.277537500000005
1,23,933186.3998219331,6847949.604434876,48,8.522912075652721
1,18,933999.1998213149,6847743.404434972,1,7.0686000000000035
1,18,933999.1998213149,6847743.404434972,2,7.305353207702332
1,18,933999.1998213149,6847743.404434972,3,7.952175000000004
1,18,933999.1998213149,6847743.404434972,4,8.835750000000004
1,18,933999.1998213149,6847743.404434972,5,9.719325000000007
1,18,933999.1998213149,6847743.404434972,6,10.366146792297677
1,18,933999.1998213149,6847743.404434972,7,10.602900000000005
1,18,933999.1998213149,6847743.404434972,8,10.366146792297677
1,18,933999.1998213149,6847743.404434972,9,9.719325000000007
1,18,933999.1998213149,6847743.404434972,10,8.835750000000004
1,18,933999.1998213149,6847743.404434972,11,7.952175000000004
1,18,933999.1998213149,6847743.404434972,12,7.305353207702332
1,18,933999.1998213149,6847743.404434972,13,7.0686000000000035
1,18,933999.1998213149,6847743.404434972,14,7.305353207702332
1,18,933999.1998213149,6847743.404434972,15,7.952175000000004
1,18,933999.1998213149,6847743.404434972,16,8.835750000000004
1,18,933999.1998213149,6847743.404434972,17,9.719325000000007
1,18,933999.1998213149,6847743.404434972,18,10.366146792297677
1,18,933999.1998213149,6847743.404434972,19,10.602900000000005
1,18,933999.1998213149,6847743.404434972,20,10.366146792297677
1,18,933999.1998213149,6847743.404434972,21,9.719325000000007
1,18,933999.1998213149,6847743.404434972,22,8.835750000000004
1,18,933999.1998213149,6847743.404434972,23,7.952175000000004
1,18,933999.1998213149,6847743.404434972,24,7.305353207702332
1,18,933999.1998213149,6847743.404434972,25,7.0686000000000035
1,18,933999.1998213149,6847743.404434972,26,7.305353207702332
1,18,933999.1998213149,6847743.404434972,27,7.952175000000004
1,18,933999.1998213149,6847743.404434972,28,8.835750000000004
1,18,933999.1998213149,6847743.404434972,29,9.719325000000007
1,18,933999.1998213149,6847743.404434972,30,10.366146792297677
1,18,933999.1998213149,6847743.404434972,31,10.602900000000005
1,18,933999.1998213149,6847743.404434972,32,10.366146792297677
1,18,933999.1998213149,6847743.404434972,33,9.719325000000007
1,18,933999.1998213149,6847743.404434972,34,8.835750000000004
1,18,933999.1998213149,6847743.404434972,35,7.952175000000004
1,18,933999.1998213149,6847743.404434972,36,7.305353207702332
1,18,933999.1998213149,6847743.404434972,37,7.0686000000000035
1,18,933999.1998213149,6847743.404434972,38,7.305353207702332
1,18,933999.1998213149,6847743.404434972,39,7.952175000000004
1,18,933999.1998213149,6847743.404434972,40,8.835750000000004
1,18,933999.1998213149,6847743.404434972,41,9.719325000000007
1,18,933999.1998213149,6847743.404434972,42,10.366146792297677
1,18,933999.1998213149,6847743.404434972,43,10.602900000000005
1,18,933999.1998213149,6847743.404434972,44,10.366146792297677
1,18,933999.1998213149,6847743.404434972,45,9.719325000000007
1,18,933999.1998213149,6847743.404434972,46,8.835750000000004
1,18,933999.1998213149,6847743.404434972,47,7.952175000000004
1,18,933999.1998213149,6847743.404434972,48,7.305353207702332
1,60,933867.5998214042,6848816.004434429,1,3.5343000000000018
1,60,933867.5998214042,6848816.004434429,2,3.652676603851166
1,60,933867.5998214042,6848816.004434429,3,3.976087500000002
1,60,933867.5998214042,6848816.004434429,4,4.417875000000002
1,60,933867.5998214042,6848816.004434429,5,4.859662500000002
1,60,933867.5998214042,6848816.004434429,6,5.1830733961488376
1,60,933867.5998214042,6848816.004434429,7,5.301450000000002
1,60,933867.5998214042,6848816.004434429,8,5.1830733961488376
1,60,933867.5998214042,6848816.004434429,9,4.859662500000002
1,60,933867.5998214042,6848816.004434429,10,4.417875000000002
1,60,933867.5998214042,6848816.004434429,11,3.976087500000002
1,60,933867.5998214042,6848816.004434429,12,3.652676603851166
1,60,933867.5998214042,6848816.004434429,13,3.5343000000000018
1,60,933867.5998214042,6848816.004434429,14,3.652676603851166
1,60,933867.5998214042,6848816.004434429,15,3.976087500000002
1,60,933867.5998214042,6848816.004434429,16,4.417875000000002
1,60,933867.5998214042,6848816.004434429,17,4.859662500000002
1,60,933867.5998214042,6848816.004434429,18,5.1830733961488376
1,60,933867.5998214042,6848816.004434429,19,5.301450000000002
1,60,933867.5998214042,6848816.004434429,20,5.1830733961488376
1,60,933867.5998214042,6848816.004434429,21,4.859662500000002
1,60,933867.5998214042,6848816.004434429,22,4.417875000000002
1,60,933867.5998214042,6848816.004434429,23,3.976087500000002
1,60,933867.5998214042,6848816.004434429,24,3.652676603851166
1,60,933867.5998214042,6848816.004434429,25,3.5343000000000018
1,60,933867.5998214042,6848816.004434429,26,3.652676603851166
1,60,933867.5998214042,6848816.004434429,27,3.976087500000002
1,60,933867.5998214042,6848816.004434429,28,4.417875000000002
1,60,933867.5998214042,6848816.004434429,29,4.859662500000002
1,60,933867.5998214042,6848816.004434429,30,5.1830733961488376
1,60,933867.5998214042,6848816.004434429,31,5.301450000000002
1,60,933867.5998214042,6848816.004434429,32,5.1830733961488376
1,60,933867.5998214042,6848816.004434429,33,4.859662500000002
1,60,933867.5998214042,6848816.004434429,34,4.417875000000002
1,60,933867.5998214042,6848816.004434429,35,3.976087500000002
1,60,933867.5998214042,6848816.004434429,36,3.652676603851166
1,60,933867.5998214042,6848816.004434429,37,3.5343000000000018
1,60,933867.5998214042,6848816.004434429,38,3.652676603851166
1,60,933867.5998214042,6848816.004434429,39,3.976087500000002
1,60,933867.5998214042,6848816.004434429,40,4.417875000000002
1,60,933867.5998214042,6848816.004434429,41,4.859662500000002
1,60,933867.5998214042,6848816.004434429,42,5.1830733961488376
1,60,933867.5998214042,6848816.004434429,43,5.301450000000002
1,60,933867.5998214042,6848816.004434429,44,5.1830733961488376
1,60,933867.5998214042,6848816.004434429,45,4.859662500000002
1,60,933867.5998214042,6848816.004434429,46,4.417875000000002
1,60,933867.5998214042,6848816.004434429,47,3.976087500000002
1,60,933867.5998214042,6848816.004434429,48,3.652676603851166
1,63,934417.9998210015,6847132.404435275,1,27.096300000000014
1,63,934417.9998210015,6847132.404435275,2,28.00385396285894
1,63,934417.9998210015,6847132.404435275,3,30.48333750000001
1,63,934417.9998210015,6847132.404435275,4,33.87037500000001
1,63,934417.9998210015,6847132.404435275,5,37.257412500000015
1,63,934417.9998210015,6847132.404435275,6,39.736896037141086
1,63,934417.9998210015,6847132.404435275,7,40.64445000000001
1,63,934417.9998210015,6847132.404435275,8,39.736896037141086
1,63,934417.9998210015,6847132.404435275,9,37.257412500000015
1,63,934417.9998210015,6847132.404435275,10,33.87037500000001
1,63,934417.9998210015,6847132.404435275,11,30.48333750000001
1,63,934417.9998210015,6847132.404435275,12,28.00385396285894
1,63,934417.9998210015,6847132.404435275,13,27.096300000000014
1,63,934417.9998210015,6847132.404435275,14,28.00385396285894
1,63,934417.9998210015,6847132.404435275,15,30.48333750000001
1,63,934417.9998210015,6847132.404435275,16,33.87037500000001
1,63,934417.9998210015,6847132.404435275,17,37.257412500000015
1,63,934417.9998210015,6847132.404435275,18,39.736896037141086
1,63,934417.9998210015,6847132.404435275,19,40.64445000000001
1,63,934417.9998210015,6847132.404435275,20,39.736896037141086
1,63,934417.9998210015,6847132.404435275,21,37.257412500000015
1,63,934417.9998210015,6847132.404435275,22,33.87037500000001
1,63,934417.9998210015,6847132.404435275,23,30.48333750000001
1,63,934417.9998210015,6847132.404435275,24,28.00385396285894
1,63,934417.9998210015,6847132.404435275,25,27.096300000000014
1,63,934417.9998210015,6847132.404435275,26,28.00385396285894
1,63,934417.9998210015,6847132.404435275,27,30.48333750000001
1,63,934417.9998210015,6847132.404435275,28,33.87037500000001
1,63,934417.9998210015,6847132.404435275,29,37.257412500000015
1,63,934417.9998210015,6847132.404435275,30,39.736896037141086
1,63,934417.9998210015,6847132.404435275,31,40.64445000000001
1,63,934417.9998210015,6847132.404435275,32,39.736896037141086
1,63,934417.9998210015,6847132.404435275,33,37.257412500000015
1,63,934417.9998210015,6847132.404435275,34,33.87037500000001
1,63,934417.9998210015,6847132.404435275,35,30.48333750000001
1,63,934417.9998210015,6847132.404435275,36,28.00385396285894
1,63,934417.9998210015,6847132.404435275,37,27.096300000000014
1,63,934417.9998210015,6847132.404435275,38,28.00385396285894
1,63,934417.9998210015,6847132.404435275,39,30.48333750000001
1,63,934417.9998210015,6847132.404435275,40,33.87037500000001
1,63,934417.9998210015,6847132.404435275,41,37.257412500000015
1,63,934417.9998210015,6847132.404435275,42,39.736896037141086
1,63,934417.9998210015,6847132.404435275,43,40.64445000000001
1,63,934417.9998210015,6847132.404435275,44,39.736896037141086
1,63,934417.9998210015,6847132.404435275,45,37.257412500000015
1,63,934417.9998210015,6847132.404435275,46,33.87037500000001
1,63,934417.9998210015,6847132.404435275,47,30.48333750000001
1,63,934417.9998210015,6847132.404435275,48,28.00385396285894
2,31,934107.899821243,6846671.504435516,1,7.484400000000005
2,31,934107.899821243,6846671.504435516,2,7.735079866978942
2,31,934107.899821243,6846671.504435516,3,8.419950000000005
2,31,934107.899821243,6846671.504435516,4,9.355500000000005
2,31,934107.899821243,6846671.504435516,5,10.291050000000007
2,31,934107.899821243,6846671.504435516,6,10.975920133021067
2,31,934107.899821243,6846671.504435516,7,11.226600000000001
2,31,934107.899821243,6846671.504435516,8,10.975920133021067
2,31,934107.899821243,6846671.504435516,9,10.291050000000007
2,31,934107.899821243,6846671.504435516,10,9.355500000000005
2,31,934107.899821243,6846671.504435516,11,8.419950000000005
2,31,934107.899821243,6846671.504435516,12,7.735079866978942
2,31,934107.899821243,6846671.504435516,13,7.484400000000005
2,31,934107.899821243,6846671.504435516,14,7.735079866978942
2,31,934107.899821243,6846671.504435516,15,8.419950000000005
2,31,934107.899821243,6846671.504435516,16,9.355500000000005
2,31,934107.899821243,6846671.504435516,17,10.291050000000007
2,31,934107.899821243,6846671.504435516,18,10.975920133021067
2,31,934107.899821243,6846671.504435516,19,11.226600000000001
2,31,934107.899821243,6846671.504435516,20,10.975920133021067
2,31,934107.899821243,6846671.504435516,21,10.291050000000007
2,31,934107.899821243,6846671.504435516,22,9.355500000000005
2,31,934107.899821243,6846671.504435516,23,8.419950000000005
2,31,934107.899821243,6846671.504435516,24,7.735079866978942
2,31,934107.899821243,6846671.504435516,25,7.484400000000005
2,31,934107.899821243,6846671.504435516,26,7.735079866978942
2,31,934107.899821243,6846671.504435516,27,8.419950000000005
2,31,934107.899821243,6846671.504435516,28,9.355500000000005
2,31,934107.899821243,6846671.504435516,29,10.291050000000007
2,31,934107.899821243,6846671.504435516,30,10.975920133021067
2,31,934107.899821243,6846671.504435516,31,11.226600000000001
2,31,934107.899821243,6846671.504435516,32,10.975920133021067
2,31,934107.899821243,6846671.504435516,33,10.291050000000007
2,31,934107.899821243,6846671.504435516,34,9.355500000000005
2,31,934107.899821243,6846671.504435516,35,8.419950000000005
2,31,934107.899821243,6846671.504435516,36,7.735079866978942
2,31,934107.899821243,6846671.504435516,37,7.484400000000005
2,31,934107.899821243,6846671.504435516,38,7.735079866978942
2,31,934107.899821243,6846671.504435516,39,8.419950000000005
2,31,934107.899821243,6846671.504435516,40,9.355500000000005
2,31,934107.899821243,6846671.504435516,41,10.291050000000007
2,31,934107.899821243,6846671.504435516,42,10.975920133021067
2,31,934107.899821243,6846671.504435516,43,11.226600000000001
2,31,934107.899821243,6846671.504435516,44,10.975920133021067
2,31,934107.899821243,6846671.504435516,45,10.291050000000007
2,31,934107.899821243,6846671.504435516,46,9.355500000000005
2,31,934107.899821243,6846671.504435516,47,8.419950000000005
2,31,934107.899821243,6846671.504435516,48,7.735079866978942
2,74,933841.6998214169,6849513.504434072,5,64.03320000000005
2,74,933841.6998214169,6849513.504434072,6,68.29461416101998
2,74,933841.6998214169,6849513.504434072,7,69.85440000000004
2,74,933841.6998214169,6849513.504434072,8,68.29461416101998
2,74,933841.6998214169,6849513.504434072,9,64.03320000000005
2,74,933841.6998214169,6849513.504434072,10,58.212000000000046
2,74,933841.6998214169,6849513.504434072,11,52.39080000000002
2,74,933841.6998214169,6849513.504434072,12,48.1293858389801
2,74,933841.6998214169,6849513.504434072,13,46.56960000000002
2,74,933841.6998214169,6849513.504434072,14,48.1293858389801
2,74,933841.6998214169,6849513.504434072,15,52.39080000000002
2,74,933841.6998214169,6849513.504434072,16,58.212000000000046
2,74,933841.6998214169,6849513.504434072,17,64.03320000000005
2,74,933841.6998214169,6849513.504434072,18,68.29461416101998
2,74,933841.6998214169,6849513.504434072,19,69.85440000000004
2,74,933841.6998214169,6849513.504434072,20,68.29461416101998
2,74,933841.6998214169,6849513.504434072,21,64.03320000000005
2,74,933841.6998214169,6849513.504434072,22,58.212000000000046
2,74,933841.6998214169,6849513.504434072,23,52.39080000000002
2,74,933841.6998214169,6849513.504434072,24,48.1293858389801
2,74,933841.6998214169,6849513.504434072,25,46.56960000000002
2,74,933841.6998214169,6849513.504434072,26,48.1293858389801
2,74,933841.6998214169,6849513.504434072,27,52.39080000000002
2,74,933841.6998214169,6849513.504434072,28,58.212000000000046
2,74,933841.6998214169,6849513.504434072,29,64.03320000000005
2,74,933841.6998214169,6849513.504434072,30,68.29461416101998
2,74,933841.6998214169,6849513.504434072,31,69.85440000000004
2,74,933841.6998214169,6849513.504434072,32,68.29461416101998
2,74,933841.6998214169,6849513.504434072,33,64.03320000000005
2,74,933841.6998214169,6849513.504434072,34,58.212000000000046
2,74,933841.6998214169,6849513.504434072,35,52.39080000000002
2,74,933841.6998214169,6849513.504434072,36,48.1293858389801
2,74,933841.6998214169,6849513.504434072,37,46.56960000000002
2,74,933841.6998214169,6849513.504434072,38,48.1293858389801
2,74,933841.6998214169,6849513.504434072,39,52.39080000000002
2,74,933841.6998214169,6849513.504434072,40,58.212000000000046
2,74,933841.6998214169,6849513.504434072,41,64.03320000000005
2,74,933841.6998214169,6849513.504434072,42,68.29461416101998
2,74,933841.6998214169,6849513.504434072,43,69.85440000000004
2,74,933841.6998214169,6849513.504434072,44,68.29461416101998
2,74,933841.6998214169,6849513.504434072,45,64.03320000000005
2,74,933841.6998214169,6849513.504434072,46,58.212000000000046
2,74,933841.6998214169,6849513.504434072,47,52.39080000000002
2,74,933841.6998214169,6849513.504434072,48,48.1293858389801
2,74,933841.6998214169,6849513.504434072,1,45.73800000000003
2,74,933841.6998214169,6849513.504434072,2,47.269932520426885
2,74,933841.6998214169,6849513.504434072,3,51.455250000000014
2,74,933841.6998214169,6849513.504434072,4,57.17250000000005
2,78,933743.3998214928,6849429.204434117,1,26.611200000000004
2,78,933743.3998214928,6849429.204434117,2,27.502506193702892
2,78,933743.3998214928,6849429.204434117,3,29.93760000000001
2,78,933743.3998214928,6849429.204434117,4,33.26400000000002
2,78,933743.3998214928,6849429.204434117,5,35.44695000000003
2,78,933743.3998214928,6849429.204434117,6,37.805947124850356
2,78,933743.3998214928,6849429.204434117,7,38.66940000000001
2,78,933743.3998214928,6849429.204434117,8,37.805947124850356
2,78,933743.3998214928,6849429.204434117,9,35.44695000000003
2,78,933743.3998214928,6849429.204434117,10,32.22450000000001
2,78,933743.3998214928,6849429.204434117,11,29.00205000000001
2,78,933743.3998214928,6849429.204434117,12,26.643052875149674
2,78,933743.3998214928,6849429.204434117,13,25.779600000000002
2,78,933743.3998214928,6849429.204434117,14,26.643052875149674
2,78,933743.3998214928,6849429.204434117,15,29.00205000000001
2,78,933743.3998214928,6849429.204434117,16,32.22450000000001
2,78,933743.3998214928,6849429.204434117,17,35.44695000000003
2,78,933743.3998214928,6849429.204434117,18,37.805947124850356
2,78,933743.3998214928,6849429.204434117,19,38.66940000000001
2,78,933743.3998214928,6849429.204434117,20,37.805947124850356
2,78,933743.3998214928,6849429.204434117,21,35.44695000000003
2,78,933743.3998214928,6849429.204434117,22,32.22450000000001
2,78,933743.3998214928,6849429.204434117,23,29.00205000000001
2,78,933743.3998214928,6849429.204434117,24,26.643052875149674
2,78,933743.3998214928,6849429.204434117,25,25.779600000000002
2,78,933743.3998214928,6849429.204434117,26,26.643052875149674
2,78,933743.3998214928,6849429.204434117,27,29.00205000000001
2,78,933743.3998214928,6849429.204434117,28,32.22450000000001
2,78,933743.3998214928,6849429.204434117,29,35.44695000000003
2,78,933743.3998214928,6849429.204434117,30,37.805947124850356
2,78,933743.3998214928,6849429.204434117,31,38.66940000000001
2,78,933743.3998214928,6849429.204434117,32,37.805947124850356
2,78,933743.3998214928,6849429.204434117,33,35.44695000000003
2,78,933743.3998214928,6849429.204434117,34,32.22450000000001
2,78,933743.3998214928,6849429.204434117,35,29.00205000000001
2,78,933743.3998214928,6849429.204434117,36,26.643052875149674
2,78,933743.3998214928,6849429.204434117,37,25.779600000000002
2,78,933743.3998214928,6849429.204434117,38,26.643052875149674
2,78,933743.3998214928,6849429.204434117,39,29.00205000000001
2,78,933743.3998214928,6849429.204434117,40,32.22450000000001
2,78,933743.3998214928,6849429.204434117,41,35.44695000000003
2,78,933743.3998214928,6849429.204434117,42,37.805947124850356
2,78,933743.3998214928,6849429.204434117,43,38.66940000000001
2,78,933743.3998214928,6849429.204434117,44,37.805947124850356
2,78,933743.3998214928,6849429.204434117,45,35.44695000000003
2,78,933743.3998214928,6849429.204434117,46,32.22450000000001
2,78,933743.3998214928,6849429.204434117,47,29.00205000000001
2,78,933743.3998214928,6849429.204434117,48,26.643052875149674
2,57,934687.8998207864,6848019.504434823,1,34.095600000000005
2,57,934687.8998207864,6848019.504434823,2,35.237586060681835
2,57,934687.8998207864,6848019.504434823,3,38.35755000000002
2,57,934687.8998207864,6848019.504434823,4,42.619500000000016
2,57,934687.8998207864,6848019.504434823,5,46.88145000000003
2,57,934687.8998207864,6848019.504434823,6,50.0014139393182
2,57,934687.8998207864,6848019.504434823,7,51.14340000000003
2,57,934687.8998207864,6848019.504434823,8,50.0014139393182
2,57,934687.8998207864,6848019.504434823,9,46.88145000000003
2,57,934687.8998207864,6848019.504434823,10,42.619500000000016
2,57,934687.8998207864,6848019.504434823,11,38.35755000000002
2,57,934687.8998207864,6848019.504434823,12,35.237586060681835
2,57,934687.8998207864,6848019.504434823,13,34.095600000000005
2,57,934687.8998207864,6848019.504434823,14,35.237586060681835
2,57,934687.8998207864,6848019.504434823,15,38.35755000000002
2,57,934687.8998207864,6848019.504434823,16,42.619500000000016
2,57,934687.8998207864,6848019.504434823,17,46.88145000000003
2,57,934687.8998207864,6848019.504434823,18,50.0014139393182
2,57,934687.8998207864,6848019.504434823,19,51.14340000000003
2,57,934687.8998207864,6848019.504434823,20,50.0014139393182
2,57,934687.8998207864,6848019.504434823,21,46.88145000000003
2,57,934687.8998207864,6848019.504434823,22,42.619500000000016
2,57,934687.8998207864,6848019.504434823,23,38.35755000000002
2,57,934687.8998207864,6848019.504434823,24,35.237586060681835
2,57,934687.8998207864,6848019.504434823,25,34.095600000000005
2,57,934687.8998207864,6848019.504434823,26,35.237586060681835
2,57,934687.8998207864,6848019.504434823,27,38.35755000000002
2,57,934687.8998207864,6848019.504434823,28,42.619500000000016
2,57,934687.8998207864,6848019.504434823,29,46.88145000000003
2,57,934687.8998207864,6848019.504434823,30,50.0014139393182
2,57,934687.8998207864,6848019.504434823,31,51.14340000000003
2,57,934687.8998207864,6848019.504434823,32,50.0014139393182
2,57,934687.8998207864,6848019.504434823,33,46.88145000000003
2,57,934687.8998207864,6848019.504434823,34,42.619500000000016
2,57,934687.8998207864,6848019.504434823,35,38.35755000000002
2,57,934687.8998207864,6848019.504434823,36,35.237586060681835
2,57,934687.8998207864,6848019.504434823,37,34.095600000000005
2,57,934687.8998207864,6848019.504434823,38,35.237586060681835
2,57,934687.8998207864,6848019.504434823,39,38.35755000000002
2,57,934687.8998207864,6848019.504434823,40,42.619500000000016
2,57,934687.8998207864,6848019.504434823,41,46.88145000000003
2,57,934687.8998207864,6848019.504434823,42,50.0014139393182
2,57,934687.8998207864,6848019.504434823,43,51.14340000000003
2,57,934687.8998207864,6848019.504434823,44,50.0014139393182
2,57,934687.8998207864,6848019.504434823,45,46.88145000000003
2,57,934687.8998207864,6848019.504434823,46,42.619500000000016
2,57,934687.8998207864,6848019.504434823,47,38.35755000000002
2,57,934687.8998207864,6848019.504434823,48,35.237586060681835
2,39,932773.3998222386,6848897.604434397,1,16.63200000000001
2,39,932773.3998222386,6848897.604434397,2,17.18906637106431
2,39,932773.3998222386,6848897.604434397,3,18.71100000000001
2,39,932773.3998222386,6848897.604434397,4,20.790000000000006
2,39,932773.3998222386,6848897.604434397,5,22.86900000000001
2,39,932773.3998222386,6848897.604434397,6,24.390933628935706
2,39,932773.3998222386,6848897.604434397,7,24.948000000000004
2,39,932773.3998222386,6848897.604434397,8,24.390933628935706
2,39,932773.3998222386,6848897.604434397,9,22.86900000000001
2,39,932773.3998222386,6848897.604434397,10,20.790000000000006
2,39,932773.3998222386,6848897.604434397,11,18.71100000000001
2,39,932773.3998222386,6848897.604434397,12,17.18906637106431
2,39,932773.3998222386,6848897.604434397,13,16.63200000000001
2,39,932773.3998222386,6848897.604434397,14,17.18906637106431
2,39,932773.3998222386,6848897.604434397,15,18.71100000000001
2,39,932773.3998222386,6848897.604434397,16,20.790000000000006
2,39,932773.3998222386,6848897.604434397,17,22.86900000000001
2,39,932773.3998222386,6848897.604434397,18,24.390933628935706
2,39,932773.3998222386,6848897.604434397,19,24.948000000000004
2,39,932773.3998222386,6848897.604434397,20,24.390933628935706
2,39,932773.3998222386,6848897.604434397,21,22.86900000000001
2,39,932773.3998222386,6848897.604434397,22,20.790000000000006
2,39,932773.3998222386,6848897.604434397,23,18.71100000000001
2,39,932773.3998222386,6848897.604434397,24,17.18906637106431
2,39,932773.3998222386,6848897.604434397,25,16.63200000000001
2,39,932773.3998222386,6848897.604434397,26,17.18906637106431
2,39,932773.3998222386,6848897.604434397,27,18.71100000000001
2,39,932773.3998222386,6848897.604434397,28,20.790000000000006
2,39,932773.3998222386,6848897.604434397,29,22.86900000000001
2,39,932773.3998222386,6848897.604434397,30,24.390933628935706
2,39,932773.3998222386,6848897.604434397,31,24.948000000000004
2,39,932773.3998222386,6848897.604434397,32,24.390933628935706
2,39,932773.3998222386,6848897.604434397,33,22.86900000000001
2,39,932773.3998222386,6848897.604434397,34,20.790000000000006
2,39,932773.3998222386,6848897.604434397,35,18.71100000000001
2,39,932773.3998222386,6848897.604434397,36,17.18906637106431
2,39,932773.3998222386,6848897.604434397,37,16.63200000000001
2,39,932773.3998222386,6848897.604434397,38,17.18906637106431
2,39,932773.3998222386,6848897.604434397,39,18.71100000000001
2,39,932773.3998222386,6848897.604434397,40,20.790000000000006
2,39,932773.3998222386,6848897.604434397,41,22.86900000000001
2,39,932773.3998222386,6848897.604434397,42,24.390933628935706
2,39,932773.3998222386,6848897.604434397,43,24.948000000000004
2,39,932773.3998222386,6848897.604434397,44,24.390933628935706
2,39,932773.3998222386,6848897.604434397,45,22.86900000000001
2,39,932773.3998222386,6848897.604434397,46,20.790000000000006
2,39,932773.3998222386,6848897.604434397,47,18.71100000000001
2,39,932773.3998222386,6848897.604434397,48,17.18906637106431
2,61,932731.0998222867,6847344.104435187,1,1.663200000000001
2,61,932731.0998222867,6847344.104435187,2,1.7189066371064312
2,61,932731.0998222867,6847344.104435187,3,1.8711000000000009
2,61,932731.0998222867,6847344.104435187,4,2.079000000000001
2,61,932731.0998222867,6847344.104435187,5,2.2869000000000015
2,61,932731.0998222867,6847344.104435187,6,2.439093362893571
2,61,932731.0998222867,6847344.104435187,7,2.494800000000001
2,61,932731.0998222867,6847344.104435187,8,2.439093362893571
2,61,932731.0998222867,6847344.104435187,9,2.2869000000000015
2,61,932731.0998222867,6847344.104435187,10,2.079000000000001
2,61,932731.0998222867,6847344.104435187,11,1.8711000000000009
2,61,932731.0998222867,6847344.104435187,12,1.7189066371064312
2,61,932731.0998222867,6847344.104435187,13,1.663200000000001
2,61,932731.0998222867,6847344.104435187,14,1.7189066371064312
2,61,932731.0998222867,6847344.104435187,15,1.8711000000000009
2,61,932731.0998222867,6847344.104435187,16,2.079000000000001
2,61,932731.0998222867,6847344.104435187,17,2.2869000000000015
2,61,932731.0998222867,6847344.104435187,18,2.439093362893571
2,61,932731.0998222867,6847344.104435187,19,2.494800000000001
2,61,932731.0998222867,6847344.104435187,20,2.439093362893571
2,61,932731.0998222867,6847344.104435187,21,2.2869000000000015
2,61,932731.0998222867,6847344.104435187,22,2.079000000000001
2,61,932731.0998222867,6847344.104435187,23,1.8711000000000009
2,61,932731.0998222867,6847344.104435187,24,1.7189066371064312
2,61,932731.0998222867,6847344.104435187,25,1.663200000000001
2,61,932731.0998222867,6847344.104435187,26,1.7189066371064312
2,61,932731.0998222867,6847344.104435187,27,1.8711000000000009
2,61,932731.0998222867,6847344.104435187,28,2.079000000000001
2,61,932731.0998222867,6847344.104435187,29,2.2869000000000015
2,61,932731.0998222867,6847344.104435187,30,2.439093362893571
2,61,932731.0998222867,6847344.104435187,31,2.494800000000001
2,61,932731.0998222867,6847344.104435187,32,2.439093362893571
2,61,932731.0998222867,6847344.104435187,33,2.2869000000000015
2,61,932731.0998222867,6847344.104435187,34,2.079000000000001
2,61,932731.0998222867,6847344.104435187,35,1.8711000000000009
2,61,932731.0998222867,6847344.104435187,36,1.7189066371064312
2,61,932731.0998222867,6847344.104435187,37,1.663200000000001
2,61,932731.0998222867,6847344.104435187,38,1.7189066371064312
2,61,932731.0998222867,6847344.104435187,39,1.8711000000000009
2,61,932731.0998222867,6847344.104435187,40,2.079000000000001
2,61,932731.0998222867,6847344.104435187,41,2.2869000000000015
2,61,932731.0998222867,6847344.104435187,42,2.439093362893571
2,61,932731.0998222867,6847344.104435187,43,2.494800000000001
2,61,932731.0998222867,6847344.104435187,44,2.439093362893571
2,61,932731.0998222867,6847344.104435187,45,2.2869000000000015
2,61,932731.0998222867,6847344.104435187,46,2.079000000000001
2,61,932731.0998222867,6847344.104435187,47,1.8711000000000009
2,61,932731.0998222867,6847344.104435187,48,1.7189066371064312
2,26,933533.0998216621,6848578.504434551,2,18.621488568653
2,26,933533.0998216621,6848578.504434551,6,20.813596696691807
2,26,933533.0998216621,6848578.504434551,10,26.611200000000014
2,26,933533.0998216621,6848578.504434551,16,17.81010000000001
2,26,933533.0998216621,6848578.504434551,18,18.049290885412425
2,26,933533.0998216621,6848578.504434551,20,19.756656239437923
2,26,933533.0998216621,6848578.504434551,24,17.70473836219624
2,26,933533.0998216621,6848578.504434551,26,20.856067196891367
2,26,933533.0998216621,6848578.504434551,30,27.805664336986712
2,26,933533.0998216621,6848578.504434551,31,19.293120000000005
2,26,933533.0998216621,6848578.504434551,34,26.95770000000001
2,26,933533.0998216621,6848578.504434551,39,26.070660000000014
2,26,933533.0998216621,6848578.504434551,44,28.374786121661877
2,26,933533.0998216621,6848578.504434551,47,32.99373000000001
2,26,933533.0998216621,6848578.504434551,3,15.031170000000008
2,26,933533.0998216621,6848578.504434551,8,12.195466814467855
2,26,933533.0998216621,6848578.504434551,12,18.793379232363645
2,26,933533.0998216621,6848578.504434551,14,15.928534837186259
2,26,933533.0998216621,6848578.504434551,19,29.77128000000001
2,26,933533.0998216621,6848578.504434551,25,18.239760000000008
2,26,933533.0998216621,6848578.504434551,32,19.106231342666305
2,26,933533.0998216621,6848578.504434551,33,28.662480000000016
2,26,933533.0998216621,6848578.504434551,38,22.11659873076941
2,26,933533.0998216621,6848578.504434551,40,20.512800000000006
2,26,933533.0998216621,6848578.504434551,42,20.081868687823736
2,26,933533.0998216621,6848578.504434551,43,24.615360000000006
2,26,933533.0998216621,6848578.504434551,7,22.95216000000001
2,26,933533.0998216621,6848578.504434551,11,19.45944000000001
2,26,933533.0998216621,6848578.504434551,15,16.96464000000001
2,26,933533.0998216621,6848578.504434551,17,32.47398000000002
2,26,933533.0998216621,6848578.504434551,23,20.27025000000001
2,26,933533.0998216621,6848578.504434551,29,26.45181000000002
2,26,933533.0998216621,6848578.504434551,37,16.68744000000001
2,26,933533.0998216621,6848578.504434551,41,20.582100000000015
2,26,933533.0998216621,6848578.504434551,46,22.106700000000014
2,26,933533.0998216621,6848578.504434551,48,20.225801429952337
2,26,933533.0998216621,6848578.504434551,1,20.401920000000008
2,26,933533.0998216621,6848578.504434551,13,18.35064000000001
2,26,933533.0998216621,6848578.504434551,21,21.496860000000016
2,26,933533.0998216621,6848578.504434551,27,20.51973000000001
2,26,933533.0998216621,6848578.504434551,36,20.111207654145243
2,26,933533.0998216621,6848578.504434551,4,8.870400000000004
2,26,933533.0998216621,6848578.504434551,5,21.191940000000017
2,26,933533.0998216621,6848578.504434551,9,29.653470000000024
2,26,933533.0998216621,6848578.504434551,22,19.404000000000007
2,26,933533.0998216621,6848578.504434551,28,21.13650000000001
2,26,933533.0998216621,6848578.504434551,35,23.51349000000001
2,26,933533.0998216621,6848578.504434551,45,10.367280000000006
2,66,933533.0998216621,6848578.504434551,1,17.85168000000001
2,66,933533.0998216621,6848578.504434551,3,28.004130000000014
2,66,933533.0998216621,6848578.504434551,4,38.946600000000025
2,66,933533.0998216621,6848578.504434551,5,31.406760000000023
2,66,933533.0998216621,6848578.504434551,7,34.42824000000001
2,66,933533.0998216621,6848578.504434551,8,43.90368053208428
2,66,933533.0998216621,6848578.504434551,9,22.94523000000002
2,66,933533.0998216621,6848578.504434551,11,23.575860000000013
2,66,933533.0998216621,6848578.504434551,12,20.741473421084265
2,66,933533.0998216621,6848578.504434551,13,19.902960000000007
2,66,933533.0998216621,6848578.504434551,14,23.60631781626165
2,66,933533.0998216621,6848578.504434551,15,26.07066000000001
2,66,933533.0998216621,6848578.504434551,17,20.124720000000014
2,66,933533.0998216621,6848578.504434551,19,27.609120000000004
2,66,933533.0998216621,6848578.504434551,21,31.101840000000028
2,66,933533.0998216621,6848578.504434551,22,28.413000000000014
2,66,933533.0998216621,6848578.504434551,23,22.76505000000001
2,66,933533.0998216621,6848578.504434551,25,20.013840000000013
2,66,933533.0998216621,6848578.504434551,27,22.51557000000001
2,66,933533.0998216621,6848578.504434551,28,26.68050000000002
2,66,933533.0998216621,6848578.504434551,29,26.14689000000002
2,66,933533.0998216621,6848578.504434551,32,36.99291600388583
2,66,933533.0998216621,6848578.504434551,33,23.936220000000016
2,66,933533.0998216621,6848578.504434551,35,19.52181000000001
2,66,933533.0998216621,6848578.504434551,36,19.423644999302667
2,66,933533.0998216621,6848578.504434551,37,21.566160000000007
2,66,933533.0998216621,6848578.504434551,38,17.418253922678502
2,66,933533.0998216621,6848578.504434551,40,27.30420000000002
2,66,933533.0998216621,6848578.504434551,41,32.01660000000002
2,66,933533.0998216621,6848578.504434551,42,36.0172786587284
2,66,933533.0998216621,6848578.504434551,43,32.76504000000001
2,66,933533.0998216621,6848578.504434551,45,42.231420000000035
2,66,933533.0998216621,6848578.504434551,46,25.710300000000018
2,66,933533.0998216621,6848578.504434551,48,19.309051223495572
2,66,933533.0998216621,6848578.504434551,24,21.830114291251668
2,66,933533.0998216621,6848578.504434551,26,18.678785456556547
2,66,933533.0998216621,6848578.504434551,31,38.08728000000001
2,66,933533.0998216621,6848578.504434551,16,30.00690000000002
2,66,933533.0998216621,6848578.504434551,18,38.04985646113971
2,66,933533.0998216621,6848578.504434551,20,36.342491107114206
2,66,933533.0998216621,6848578.504434551,30,28.293483009565424
2,66,933533.0998216621,6848578.504434551,39,16.964640000000006
2,66,933533.0998216621,6848578.504434551,44,27.724361224890256
2,66,933533.0998216621,6848578.504434551,2,20.913364084794907
2,66,933533.0998216621,6848578.504434551,6,35.28555064986033
2,66,933533.0998216621,6848578.504434551,10,21.205800000000014
2,66,933533.0998216621,6848578.504434551,34,20.859300000000008
2,66,933533.0998216621,6848578.504434551,47,10.041570000000007
2,52,933544.3998216777,6846209.704435752,1,209.56320000000014
2,52,933544.3998216777,6846209.704435752,2,216.5822362754103
2,52,933544.3998216777,6846209.704435752,3,235.7586000000001
2,52,933544.3998216777,6846209.704435752,4,261.95400000000006
2,52,933544.3998216777,6846209.704435752,5,288.14940000000024
2,52,933544.3998216777,6846209.704435752,6,307.32576372459
2,52,933544.3998216777,6846209.704435752,7,314.3448
2,52,933544.3998216777,6846209.704435752,8,307.32576372459
2,52,933544.3998216777,6846209.704435752,9,288.14940000000024
2,52,933544.3998216777,6846209.704435752,10,261.95400000000006
2,52,933544.3998216777,6846209.704435752,11,235.7586000000001
2,52,933544.3998216777,6846209.704435752,12,216.5822362754103
2,52,933544.3998216777,6846209.704435752,13,209.56320000000014
2,52,933544.3998216777,6846209.704435752,14,216.5822362754103
2,52,933544.3998216777,6846209.704435752,15,235.7586000000001
2,52,933544.3998216777,6846209.704435752,16,261.95400000000006
2,52,933544.3998216777,6846209.704435752,17,288.14940000000024
2,52,933544.3998216777,6846209.704435752,18,307.32576372459
2,52,933544.3998216777,6846209.704435752,19,314.3448
2,52,933544.3998216777,6846209.704435752,20,307.32576372459
2,52,933544.3998216777,6846209.704435752,21,288.14940000000024
2,52,933544.3998216777,6846209.704435752,22,261.95400000000006
2,52,933544.3998216777,6846209.704435752,23,235.7586000000001
2,52,933544.3998216777,6846209.704435752,24,216.5822362754103
2,52,933544.3998216777,6846209.704435752,25,209.56320000000014
2,52,933544.3998216777,6846209.704435752,26,216.5822362754103
2,52,933544.3998216777,6846209.704435752,27,235.7586000000001
2,52,933544.3998216777,6846209.704435752,28,261.95400000000006
2,52,933544.3998216777,6846209.704435752,29,288.14940000000024
2,52,933544.3998216777,6846209.704435752,30,307.32576372459
2,52,933544.3998216777,6846209.704435752,31,314.3448
2,52,933544.3998216777,6846209.704435752,32,307.32576372459
2,52,933544.3998216777,6846209.704435752,33,288.14940000000024
2,52,933544.3998216777,6846209.704435752,34,261.95400000000006
2,52,933544.3998216777,6846209.704435752,35,235.7586000000001
2,52,933544.3998216777,6846209.704435752,36,216.5822362754103
2,52,933544.3998216777,6846209.704435752,37,209.56320000000014
2,52,933544.3998216777,6846209.704435752,38,216.5822362754103
2,52,933544.3998216777,6846209.704435752,39,235.7586000000001
2,52,933544.3998216777,6846209.704435752,40,261.95400000000006
2,52,933544.3998216777,6846209.704435752,41,288.14940000000024
2,52,933544.3998216777,6846209.704435752,42,307.32576372459
2,52,933544.3998216777,6846209.704435752,43,314.3448
2,52,933544.3998216777,6846209.704435752,44,307.32576372459
2,52,933544.3998216777,6846209.704435752,45,288.14940000000024
2,52,933544.3998216777,6846209.704435752,46,261.95400000000006
2,52,933544.3998216777,6846209.704435752,47,235.7586000000001
2,52,933544.3998216777,6846209.704435752,48,216.5822362754103
2,24,932152.499822722,6847957.104434883,1,48.23280000000003
2,24,932152.499822722,6847957.104434883,2,49.848292476086534
2,24,932152.499822722,6847957.104434883,3,54.26190000000002
2,24,932152.499822722,6847957.104434883,4,60.29100000000004
2,24,932152.499822722,6847957.104434883,5,66.32010000000004
2,24,932152.499822722,6847957.104434883,6,70.73370752391357
2,24,932152.499822722,6847957.104434883,7,72.34920000000005
2,24,932152.499822722,6847957.104434883,8,70.73370752391357
2,24,932152.499822722,6847957.104434883,9,66.32010000000004
2,24,932152.499822722,6847957.104434883,10,60.29100000000004
2,24,932152.499822722,6847957.104434883,11,54.26190000000002
2,24,932152.499822722,6847957.104434883,12,49.848292476086534
2,24,932152.499822722,6847957.104434883,13,48.23280000000003
2,24,932152.499822722,6847957.104434883,14,49.848292476086534
2,24,932152.499822722,6847957.104434883,15,54.26190000000002
2,24,932152.499822722,6847957.104434883,16,60.29100000000004
2,24,932152.499822722,6847957.104434883,17,66.32010000000004
2,24,932152.499822722,6847957.104434883,18,70.73370752391357
2,24,932152.499822722,6847957.104434883,19,72.34920000000005
2,24,932152.499822722,6847957.104434883,20,70.73370752391357
2,24,932152.499822722,6847957.104434883,21,66.32010000000004
2,24,932152.499822722,6847957.104434883,22,60.29100000000004
2,24,932152.499822722,6847957.104434883,23,54.26190000000002
2,24,932152.499822722,6847957.104434883,24,49.848292476086534
2,24,932152.499822722,6847957.104434883,25,48.23280000000003
2,24,932152.499822722,6847957.104434883,26,49.848292476086534
2,24,932152.499822722,6847957.104434883,27,54.26190000000002
2,24,932152.499822722,6847957.104434883,28,60.29100000000004
2,24,932152.499822722,6847957.104434883,29,66.32010000000004
2,24,932152.499822722,6847957.104434883,30,70.73370752391357
2,24,932152.499822722,6847957.104434883,31,72.34920000000005
2,24,932152.499822722,6847957.104434883,32,70.73370752391357
2,24,932152.499822722,6847957.104434883,33,66.32010000000004
2,24,932152.499822722,6847957.104434883,34,60.29100000000004
2,24,932152.499822722,6847957.104434883,35,54.26190000000002
2,24,932152.499822722,6847957.104434883,36,49.848292476086534
2,24,932152.499822722,6847957.104434883,37,48.23280000000003
2,24,932152.499822722,6847957.104434883,38,49.848292476086534
2,24,932152.499822722,6847957.104434883,39,54.26190000000002
2,24,932152.499822722,6847957.104434883,40,60.29100000000004
2,24,932152.499822722,6847957.104434883,41,66.32010000000004
2,24,932152.499822722,6847957.104434883,42,70.73370752391357
2,24,932152.499822722,6847957.104434883,43,72.34920000000005
2,24,932152.499822722,6847957.104434883,44,70.73370752391357
2,24,932152.499822722,6847957.104434883,45,66.32010000000004
2,24,932152.499822722,6847957.104434883,46,60.29100000000004
2,24,932152.499822722,6847957.104434883,47,54.26190000000002
2,24,932152.499822722,6847957.104434883,48,49.848292476086534
2,37,934585.699820864,6848050.504434808,1,17.463600000000007
2,37,934585.699820864,6848050.504434808,2,18.048519689617525
2,37,934585.699820864,6848050.504434808,3,19.64655000000001
2,37,934585.699820864,6848050.504434808,4,21.82950000000001
2,37,934585.699820864,6848050.504434808,5,24.012450000000015
2,37,934585.699820864,6848050.504434808,6,25.6104803103825
2,37,934585.699820864,6848050.504434808,7,26.19540000000001
2,37,934585.699820864,6848050.504434808,8,25.6104803103825
2,37,934585.699820864,6848050.504434808,9,24.012450000000015
2,37,934585.699820864,6848050.504434808,10,21.82950000000001
2,37,934585.699820864,6848050.504434808,11,19.64655000000001
2,37,934585.699820864,6848050.504434808,12,18.048519689617525
2,37,934585.699820864,6848050.504434808,13,17.463600000000007
2,37,934585.699820864,6848050.504434808,14,18.048519689617525
2,37,934585.699820864,6848050.504434808,15,19.64655000000001
2,37,934585.699820864,6848050.504434808,16,21.82950000000001
2,37,934585.699820864,6848050.504434808,17,24.012450000000015
2,37,934585.699820864,6848050.504434808,18,25.6104803103825
2,37,934585.699820864,6848050.504434808,19,26.19540000000001
2,37,934585.699820864,6848050.504434808,20,25.6104803103825
2,37,934585.699820864,6848050.504434808,21,24.012450000000015
2,37,934585.699820864,6848050.504434808,22,21.82950000000001
2,37,934585.699820864,6848050.504434808,23,19.64655000000001
2,37,934585.699820864,6848050.504434808,24,18.048519689617525
2,37,934585.699820864,6848050.504434808,25,17.463600000000007
2,37,934585.699820864,6848050.504434808,26,18.048519689617525
2,37,934585.699820864,6848050.504434808,27,19.64655000000001
2,37,934585.699820864,6848050.504434808,28,21.82950000000001
2,37,934585.699820864,6848050.504434808,29,24.012450000000015
2,37,934585.699820864,6848050.504434808,30,25.6104803103825
2,37,934585.699820864,6848050.504434808,31,26.19540000000001
2,37,934585.699820864,6848050.504434808,32,25.6104803103825
2,37,934585.699820864,6848050.504434808,33,24.012450000000015
2,37,934585.699820864,6848050.504434808,34,21.82950000000001
2,37,934585.699820864,6848050.504434808,35,19.64655000000001
2,37,934585.699820864,6848050.504434808,36,18.048519689617525
2,37,934585.699820864,6848050.504434808,37,17.463600000000007
2,37,934585.699820864,6848050.504434808,38,18.048519689617525
2,37,934585.699820864,6848050.504434808,39,19.64655000000001
2,37,934585.699820864,6848050.504434808,40,21.82950000000001
2,37,934585.699820864,6848050.504434808,41,24.012450000000015
2,37,934585.699820864,6848050.504434808,42,25.6104803103825
2,37,934585.699820864,6848050.504434808,43,26.19540000000001
2,37,934585.699820864,6848050.504434808,44,25.6104803103825
2,37,934585.699820864,6848050.504434808,45,24.012450000000015
2,37,934585.699820864,6848050.504434808,46,21.82950000000001
2,37,934585.699820864,6848050.504434808,47,19.64655000000001
2,37,934585.699820864,6848050.504434808,48,18.048519689617525
2,5,933436.0728134823,6847046.593612878,1,9.147600000000004
2,5,933436.0728134823,6847046.593612878,2,9.453986504085371
2,5,933436.0728134823,6847046.593612878,3,10.291050000000006
2,5,933436.0728134823,6847046.593612878,4,11.434500000000007
2,5,933436.0728134823,6847046.593612878,5,12.577950000000008
2,5,933436.0728134823,6847046.593612878,6,13.41501349591464
2,5,933436.0728134823,6847046.593612878,7,13.721400000000006
2,5,933436.0728134823,6847046.593612878,8,13.41501349591464
2,5,933436.0728134823,6847046.593612878,9,12.577950000000008
2,5,933436.0728134823,6847046.593612878,10,11.434500000000007
2,5,933436.0728134823,6847046.593612878,11,10.291050000000006
2,5,933436.0728134823,6847046.593612878,12,9.453986504085371
2,5,933436.0728134823,6847046.593612878,13,9.147600000000004
2,5,933436.0728134823,6847046.593612878,14,9.453986504085371
2,5,933436.0728134823,6847046.593612878,15,10.291050000000006
2,5,933436.0728134823,6847046.593612878,16,11.434500000000007
2,5,933436.0728134823,6847046.593612878,17,12.577950000000008
2,5,933436.0728134823,6847046.593612878,18,13.41501349591464
2,5,933436.0728134823,6847046.593612878,19,13.721400000000006
2,5,933436.0728134823,6847046.593612878,20,13.41501349591464
2,5,933436.0728134823,6847046.593612878,21,12.577950000000008
2,5,933436.0728134823,6847046.593612878,22,11.434500000000007
2,5,933436.0728134823,6847046.593612878,23,10.291050000000006
2,5,933436.0728134823,6847046.593612878,24,9.453986504085371
2,5,933436.0728134823,6847046.593612878,25,9.147600000000004
2,5,933436.0728134823,6847046.593612878,26,9.453986504085371
2,5,933436.0728134823,6847046.593612878,27,10.291050000000006
2,5,933436.0728134823,6847046.593612878,28,11.434500000000007
2,5,933436.0728134823,6847046.593612878,29,12.577950000000008
2,5,933436.0728134823,6847046.593612878,30,13.41501349591464
2,5,933436.0728134823,6847046.593612878,31,13.721400000000006
2,5,933436.0728134823,6847046.593612878,32,13.41501349591464
2,5,933436.0728134823,6847046.593612878,33,12.577950000000008
2,5,933436.0728134823,6847046.593612878,34,11.434500000000007
2,5,933436.0728134823,6847046.593612878,35,10.291050000000006
2,5,933436.0728134823,6847046.593612878,36,9.453986504085371
2,5,933436.0728134823,6847046.593612878,37,9.147600000000004
2,5,933436.0728134823,6847046.593612878,38,9.453986504085371
2,5,933436.0728134823,6847046.593612878,39,10.291050000000006
2,5,933436.0728134823,6847046.593612878,40,11.434500000000007
2,5,933436.0728134823,6847046.593612878,41,12.577950000000008
2,5,933436.0728134823,6847046.593612878,42,13.41501349591464
2,5,933436.0728134823,6847046.593612878,43,13.721400000000006
2,5,933436.0728134823,6847046.593612878,44,13.41501349591464
2,5,933436.0728134823,6847046.593612878,45,12.577950000000008
2,5,933436.0728134823,6847046.593612878,46,11.434500000000007
2,5,933436.0728134823,6847046.593612878,47,10.291050000000006
2,5,933436.0728134823,6847046.593612878,48,9.453986504085371
2,42,934990.5998205657,6847039.104435317,1,176.29920000000018
2,42,934990.5998205657,6847039.104435317,2,182.2041035332818
2,42,934990.5998205657,6847039.104435317,3,198.33660000000017
2,42,934990.5998205657,6847039.104435317,4,220.37399999999994
2,42,934990.5998205657,6847039.104435317,5,242.41140000000016
2,42,934990.5998205657,6847039.104435317,6,258.54389646671854
2,42,934990.5998205657,6847039.104435317,7,264.44880000000006
2,42,934990.5998205657,6847039.104435317,8,258.54389646671854
2,42,934990.5998205657,6847039.104435317,9,242.41140000000016
2,42,934990.5998205657,6847039.104435317,10,220.37399999999994
2,42,934990.5998205657,6847039.104435317,11,198.33660000000017
2,42,934990.5998205657,6847039.104435317,12,182.2041035332818
2,42,934990.5998205657,6847039.104435317,13,176.29920000000018
2,42,934990.5998205657,6847039.104435317,14,182.2041035332818
2,42,934990.5998205657,6847039.104435317,15,198.33660000000017
2,42,934990.5998205657,6847039.104435317,16,220.37399999999994
2,42,934990.5998205657,6847039.104435317,17,242.41140000000016
2,42,934990.5998205657,6847039.104435317,18,258.54389646671854
2,42,934990.5998205657,6847039.104435317,19,264.44880000000006
2,42,934990.5998205657,6847039.104435317,20,258.54389646671854
2,42,934990.5998205657,6847039.104435317,21,242.41140000000016
2,42,934990.5998205657,6847039.104435317,22,220.37399999999994
2,42,934990.5998205657,6847039.104435317,23,198.33660000000017
2,42,934990.5998205657,6847039.104435317,24,182.2041035332818
2,42,934990.5998205657,6847039.104435317,25,176.29920000000018
2,42,934990.5998205657,6847039.104435317,26,182.2041035332818
2,42,934990.5998205657,6847039.104435317,27,198.33660000000017
2,42,934990.5998205657,6847039.104435317,28,220.37399999999994
2,42,934990.5998205657,6847039.104435317,29,242.41140000000016
2,42,934990.5998205657,6847039.104435317,30,258.54389646671854
2,42,934990.5998205657,6847039.104435317,31,264.44880000000006
2,42,934990.5998205657,6847039.104435317,32,258.54389646671854
2,42,934990.5998205657,6847039.104435317,33,242.41140000000016
2,42,934990.5998205657,6847039.104435317,34,220.37399999999994
2,42,934990.5998205657,6847039.104435317,35,198.33660000000017
2,42,934990.5998205657,6847039.104435317,36,182.2041035332818
2,42,934990.5998205657,6847039.104435317,37,176.29920000000018
2,42,934990.5998205657,6847039.104435317,38,182.2041035332818
2,42,934990.5998205657,6847039.104435317,39,198.33660000000017
2,42,934990.5998205657,6847039.104435317,40,220.37399999999994
2,42,934990.5998205657,6847039.104435317,41,242.41140000000016
2,42,934990.5998205657,6847039.104435317,42,258.54389646671854
2,42,934990.5998205657,6847039.104435317,43,264.44880000000006
2,42,934990.5998205657,6847039.104435317,44,258.54389646671854
2,42,934990.5998205657,6847039.104435317,45,242.41140000000016
2,42,934990.5998205657,6847039.104435317,46,220.37399999999994
2,42,934990.5998205657,6847039.104435317,47,198.33660000000017
2,42,934990.5998205657,6847039.104435317,48,182.2041035332818
2,79,934635.7998208292,6847723.804434974,1,44.07480000000002
2,79,934635.7998208292,6847723.804434974,2,45.55102588332042
2,79,934635.7998208292,6847723.804434974,3,49.584150000000015
2,79,934635.7998208292,6847723.804434974,4,55.09350000000002
2,79,934635.7998208292,6847723.804434974,5,24.012450000000015
2,79,934635.7998208292,6847723.804434974,6,25.610480310382496
2,79,934635.7998208292,6847723.804434974,7,26.195400000000014
2,79,934635.7998208292,6847723.804434974,8,25.610480310382496
2,79,934635.7998208292,6847723.804434974,9,24.012450000000015
2,79,934635.7998208292,6847723.804434974,10,21.82950000000001
2,79,934635.7998208292,6847723.804434974,11,19.64655000000001
2,79,934635.7998208292,6847723.804434974,12,18.048519689617525
2,79,934635.7998208292,6847723.804434974,13,17.463600000000007
2,79,934635.7998208292,6847723.804434974,14,18.048519689617525
2,79,934635.7998208292,6847723.804434974,15,19.64655000000001
2,79,934635.7998208292,6847723.804434974,16,21.82950000000001
2,79,934635.7998208292,6847723.804434974,17,24.012450000000015
2,79,934635.7998208292,6847723.804434974,18,25.610480310382496
2,79,934635.7998208292,6847723.804434974,19,26.195400000000014
2,79,934635.7998208292,6847723.804434974,20,25.610480310382496
2,79,934635.7998208292,6847723.804434974,21,24.012450000000015
2,79,934635.7998208292,6847723.804434974,22,21.82950000000001
2,79,934635.7998208292,6847723.804434974,23,19.64655000000001
2,79,934635.7998208292,6847723.804434974,24,18.048519689617525
2,79,934635.7998208292,6847723.804434974,25,17.463600000000007
2,79,934635.7998208292,6847723.804434974,26,18.048519689617525
2,79,934635.7998208292,6847723.804434974,27,19.64655000000001
2,79,934635.7998208292,6847723.804434974,28,21.82950000000001
2,79,934635.7998208292,6847723.804434974,29,24.012450000000015
2,79,934635.7998208292,6847723.804434974,30,25.610480310382496
2,79,934635.7998208292,6847723.804434974,31,26.195400000000014
2,79,934635.7998208292,6847723.804434974,32,25.610480310382496
2,79,934635.7998208292,6847723.804434974,33,24.012450000000015
2,79,934635.7998208292,6847723.804434974,34,21.82950000000001
2,79,934635.7998208292,6847723.804434974,35,19.64655000000001
2,79,934635.7998208292,6847723.804434974,36,18.048519689617525
2,79,934635.7998208292,6847723.804434974,37,17.463600000000007
2,79,934635.7998208292,6847723.804434974,38,18.048519689617525
2,79,934635.7998208292,6847723.804434974,39,19.64655000000001
2,79,934635.7998208292,6847723.804434974,40,21.82950000000001
2,79,934635.7998208292,6847723.804434974,41,24.012450000000015
2,79,934635.7998208292,6847723.804434974,42,25.610480310382496
2,79,934635.7998208292,6847723.804434974,43,26.195400000000014
2,79,934635.7998208292,6847723.804434974,44,25.610480310382496
2,79,934635.7998208292,6847723.804434974,45,24.012450000000015
2,79,934635.7998208292,6847723.804434974,46,21.82950000000001
2,79,934635.7998208292,6847723.804434974,47,19.64655000000001
2,79,934635.7998208292,6847723.804434974,48,18.048519689617525
2,30,933207.9998219206,6847554.204435076,1,262.78560000000033
2,30,933207.9998219206,6847554.204435076,2,271.5872486628161
2,30,933207.9998219206,6847554.204435076,3,295.6338000000003
2,30,933207.9998219206,6847554.204435076,4,328.48199999999986
2,30,933207.9998219206,6847554.204435076,5,361.33020000000045
2,30,933207.9998219206,6847554.204435076,6,385.37675133718426
2,30,933207.9998219206,6847554.204435076,7,394.1783999999998
2,30,933207.9998219206,6847554.204435076,8,385.37675133718426
2,30,933207.9998219206,6847554.204435076,9,361.33020000000045
2,30,933207.9998219206,6847554.204435076,10,328.48199999999986
2,30,933207.9998219206,6847554.204435076,11,295.6338000000003
2,30,933207.9998219206,6847554.204435076,12,271.5872486628161
2,30,933207.9998219206,6847554.204435076,13,262.78560000000033
2,30,933207.9998219206,6847554.204435076,14,271.5872486628161
2,30,933207.9998219206,6847554.204435076,15,295.6338000000003
2,30,933207.9998219206,6847554.204435076,16,328.48199999999986
2,30,933207.9998219206,6847554.204435076,17,361.33020000000045
2,30,933207.9998219206,6847554.204435076,18,385.37675133718426
2,30,933207.9998219206,6847554.204435076,19,394.1783999999998
2,30,933207.9998219206,6847554.204435076,20,385.37675133718426
2,30,933207.9998219206,6847554.204435076,21,361.33020000000045
2,30,933207.9998219206,6847554.204435076,22,328.48199999999986
2,30,933207.9998219206,6847554.204435076,23,295.6338000000003
2,30,933207.9998219206,6847554.204435076,24,271.5872486628161
2,30,933207.9998219206,6847554.204435076,25,262.78560000000033
2,30,933207.9998219206,6847554.204435076,26,271.5872486628161
2,30,933207.9998219206,6847554.204435076,27,295.6338000000003
2,30,933207.9998219206,6847554.204435076,28,328.48199999999986
2,30,933207.9998219206,6847554.204435076,29,361.33020000000045
2,30,933207.9998219206,6847554.204435076,30,385.37675133718426
2,30,933207.9998219206,6847554.204435076,31,394.1783999999998
2,30,933207.9998219206,6847554.204435076,32,385.37675133718426
2,30,933207.9998219206,6847554.204435076,33,361.33020000000045
2,30,933207.9998219206,6847554.204435076,34,328.48199999999986
2,30,933207.9998219206,6847554.204435076,35,295.6338000000003
2,30,933207.9998219206,6847554.204435076,36,271.5872486628161
2,30,933207.9998219206,6847554.204435076,37,262.78560000000033
2,30,933207.9998219206,6847554.204435076,38,271.5872486628161
2,30,933207.9998219206,6847554.204435076,39,295.6338000000003
2,30,933207.9998219206,6847554.204435076,40,328.48199999999986
2,30,933207.9998219206,6847554.204435076,41,361.33020000000045
2,30,933207.9998219206,6847554.204435076,42,385.37675133718426
2,30,933207.9998219206,6847554.204435076,43,394.1783999999998
2,30,933207.9998219206,6847554.204435076,44,385.37675133718426
2,30,933207.9998219206,6847554.204435076,45,361.33020000000045
2,30,933207.9998219206,6847554.204435076,46,328.48199999999986
2,30,933207.9998219206,6847554.204435076,47,295.6338000000003
2,30,933207.9998219206,6847554.204435076,48,271.5872486628161
2,25,933734.0998215002,6849385.604434141,1,7.484400000000004
2,25,933734.0998215002,6849385.604434141,2,7.735079866978941
2,25,933734.0998215002,6849385.604434141,3,8.419950000000004
2,25,933734.0998215002,6849385.604434141,4,9.355500000000005
2,25,933734.0998215002,6849385.604434141,5,10.291050000000007
2,25,933734.0998215002,6849385.604434141,6,10.975920133021068
2,25,933734.0998215002,6849385.604434141,7,11.226600000000005
2,25,933734.0998215002,6849385.604434141,8,10.975920133021068
2,25,933734.0998215002,6849385.604434141,9,10.291050000000007
2,25,933734.0998215002,6849385.604434141,10,9.355500000000005
2,25,933734.0998215002,6849385.604434141,11,8.419950000000004
2,25,933734.0998215002,6849385.604434141,12,7.735079866978941
2,25,933734.0998215002,6849385.604434141,13,7.484400000000004
2,25,933734.0998215002,6849385.604434141,14,7.735079866978941
2,25,933734.0998215002,6849385.604434141,15,8.419950000000004
2,25,933734.0998215002,6849385.604434141,16,9.355500000000005
2,25,933734.0998215002,6849385.604434141,17,10.291050000000007
2,25,933734.0998215002,6849385.604434141,18,10.975920133021068
2,25,933734.0998215002,6849385.604434141,19,11.226600000000005
2,25,933734.0998215002,6849385.604434141,20,10.975920133021068
2,25,933734.0998215002,6849385.604434141,21,10.291050000000007
2,25,933734.0998215002,6849385.604434141,22,9.355500000000005
2,25,933734.0998215002,6849385.604434141,23,8.419950000000004
2,25,933734.0998215002,6849385.604434141,24,7.735079866978941
2,25,933734.0998215002,6849385.604434141,25,7.484400000000004
2,25,933734.0998215002,6849385.604434141,26,7.735079866978941
2,25,933734.0998215002,6849385.604434141,27,8.419950000000004
2,25,933734.0998215002,6849385.604434141,28,9.355500000000005
2,25,933734.0998215002,6849385.604434141,29,10.291050000000007
2,25,933734.0998215002,6849385.604434141,30,10.975920133021068
2,25,933734.0998215002,6849385.604434141,31,11.226600000000005
2,25,933734.0998215002,6849385.604434141,32,10.975920133021068
2,25,933734.0998215002,6849385.604434141,33,10.291050000000007
2,25,933734.0998215002,6849385.604434141,34,9.355500000000005
2,25,933734.0998215002,6849385.604434141,35,8.419950000000004
2,25,933734.0998215002,6849385.604434141,36,7.735079866978941
2,25,933734.0998215002,6849385.604434141,37,7.484400000000004
2,25,933734.0998215002,6849385.604434141,38,7.735079866978941
2,25,933734.0998215002,6849385.604434141,39,8.419950000000004
2,25,933734.0998215002,6849385.604434141,40,9.355500000000005
2,25,933734.0998215002,6849385.604434141,41,10.291050000000007
2,25,933734.0998215002,6849385.604434141,42,10.975920133021068
2,25,933734.0998215002,6849385.604434141,43,11.226600000000005
2,25,933734.0998215002,6849385.604434141,44,10.975920133021068
2,25,933734.0998215002,6849385.604434141,45,10.291050000000007
2,25,933734.0998215002,6849385.604434141,46,9.355500000000005
2,25,933734.0998215002,6849385.604434141,47,8.419950000000004
2,25,933734.0998215002,6849385.604434141,48,7.735079866978941
2,21,934045.0998212856,6847194.404435249,1,29.38320000000001
2,21,934045.0998212856,6847194.404435249,3,22.266090000000013
2,21,934045.0998212856,6847194.404435249,4,26.74980000000001
2,21,934045.0998212856,6847194.404435249,7,40.83156000000002
2,21,934045.0998212856,6847194.404435249,10,36.936900000000016
2,21,934045.0998212856,6847194.404435249,11,16.96464000000001
2,21,934045.0998212856,6847194.404435249,12,35.23758606068184
2,21,934045.0998212856,6847194.404435249,13,20.291040000000013
2,21,934045.0998212856,6847194.404435249,14,17.47555081058205
2,21,934045.0998212856,6847194.404435249,15,27.193320000000007
2,21,934045.0998212856,6847194.404435249,16,21.82950000000001
2,21,934045.0998212856,6847194.404435249,19,37.17252000000002
2,21,934045.0998212856,6847194.404435249,20,44.228892980470086
2,21,934045.0998212856,6847194.404435249,21,19.81980000000001
2,21,934045.0998212856,6847194.404435249,22,36.036000000000016
2,21,934045.0998212856,6847194.404435249,23,31.37211000000001
2,21,934045.0998212856,6847194.404435249,24,20.569582757373624
2,21,934045.0998212856,6847194.404435249,26,16.272316164607545
2,21,934045.0998212856,6847194.404435249,27,26.257770000000008
2,21,934045.0998212856,6847194.404435249,28,31.531500000000005
2,21,934045.0998212856,6847194.404435249,29,30.949380000000016
2,21,934045.0998212856,6847194.404435249,32,25.69178342247895
2,21,934045.0998212856,6847194.404435249,33,28.357560000000017
2,21,934045.0998212856,6847194.404435249,34,36.10530000000001
2,21,934045.0998212856,6847194.404435249,35,27.31806000000001
2,21,934045.0998212856,6847194.404435249,36,19.88202010253105
2,21,934045.0998212856,6847194.404435249,40,43.728300000000026
2,21,934045.0998212856,6847194.404435249,41,20.277180000000012
2,21,934045.0998212856,6847194.404435249,42,28.130876785372518
2,21,934045.0998212856,6847194.404435249,44,42.033708953865876
2,21,934045.0998212856,6847194.404435249,45,29.043630000000018
2,21,934045.0998212856,6847194.404435249,46,29.24460000000001
2,21,934045.0998212856,6847194.404435249,2,25.783599556596464
2,21,934045.0998212856,6847194.404435249,5,31.940370000000016
2,21,934045.0998212856,6847194.404435249,6,30.000848363590926
2,21,934045.0998212856,6847194.404435249,8,18.049290885412425
2,21,934045.0998212856,6847194.404435249,9,35.21826000000002
2,21,934045.0998212856,6847194.404435249,17,26.451810000000016
2,21,934045.0998212856,6847194.404435249,18,33.252972847449016
2,21,934045.0998212856,6847194.404435249,25,29.050560000000008
2,21,934045.0998212856,6847194.404435249,30,42.60283073854104
2,21,934045.0998212856,6847194.404435249,31,33.18084000000002
2,21,934045.0998212856,6847194.404435249,39,27.06858000000001
2,21,934045.0998212856,6847194.404435249,43,48.149640000000026
2,21,934045.0998212856,6847194.404435249,47,29.62575000000001
2,21,934045.0998212856,6847194.404435249,48,22.460380058190694
2,21,934045.0998212856,6847194.404435249,37,28.551600000000008
2,21,934045.0998212856,6847194.404435249,38,26.299271547728395
2,58,934045.0998212856,6847194.404435249,2,21.486332963830385
2,58,934045.0998212856,6847194.404435249,5,30.949380000000023
2,58,934045.0998212856,6847194.404435249,6,37.07421911598227
2,58,934045.0998212856,6847194.404435249,8,49.02577659416077
2,58,934045.0998212856,6847194.404435249,9,27.671490000000023
2,58,934045.0998212856,6847194.404435249,17,36.43794000000002
2,58,934045.0998212856,6847194.404435249,18,33.82209463212418
2,58,934045.0998212856,6847194.404435249,25,16.68744000000001
2,58,934045.0998212856,6847194.404435249,30,24.47223674103216
2,58,934045.0998212856,6847194.404435249,31,35.42616000000002
2,58,934045.0998212856,6847194.404435249,37,17.18640000000001
2,58,934045.0998212856,6847194.404435249,38,20.970660972698454
2,58,934045.0998212856,6847194.404435249,39,24.386670000000013
2,58,934045.0998212856,6847194.404435249,43,20.45736000000001
2,58,934045.0998212856,6847194.404435249,47,21.82950000000001
2,58,934045.0998212856,6847194.404435249,48,24.809552462236155
2,58,934045.0998212856,6847194.404435249,3,29.189160000000015
2,58,934045.0998212856,6847194.404435249,4,30.422700000000013
2,58,934045.0998212856,6847194.404435249,10,20.235600000000012
2,58,934045.0998212856,6847194.404435249,11,34.49061000000002
2,58,934045.0998212856,6847194.404435249,12,12.03234645974502
2,58,934045.0998212856,6847194.404435249,14,29.794381709844803
2,58,934045.0998212856,6847194.404435249,15,24.261930000000014
2,58,934045.0998212856,6847194.404435249,16,35.34300000000001
2,58,934045.0998212856,6847194.404435249,23,20.08314000000001
2,58,934045.0998212856,6847194.404435249,27,25.197480000000013
2,58,934045.0998212856,6847194.404435249,34,21.067200000000007
2,58,934045.0998212856,6847194.404435249,36,27.3879124178958
2,58,934045.0998212856,6847194.404435249,46,27.927900000000015
2,58,934045.0998212856,6847194.404435249,1,16.354800000000004
2,58,934045.0998212856,6847194.404435249,7,27.775440000000007
2,58,934045.0998212856,6847194.404435249,19,31.43448000000001
2,58,934045.0998212856,6847194.404435249,20,22.846174499103114
2,58,934045.0998212856,6847194.404435249,22,21.136500000000012
2,58,934045.0998212856,6847194.404435249,32,41.383284057094244
2,58,934045.0998212856,6847194.404435249,42,38.94419069420067
2,58,934045.0998212856,6847194.404435249,45,33.84612000000002
2,58,934045.0998212856,6847194.404435249,13,25.446960000000008
2,58,934045.0998212856,6847194.404435249,21,43.06995000000003
2,58,934045.0998212856,6847194.404435249,29,31.940370000000023
2,58,934045.0998212856,6847194.404435249,33,34.53219000000002
2,58,934045.0998212856,6847194.404435249,41,42.61257000000002
2,58,934045.0998212856,6847194.404435249,44,25.041358525707324
2,58,934045.0998212856,6847194.404435249,24,26.700349763053225
2,58,934045.0998212856,6847194.404435249,26,30.9976163558193
2,58,934045.0998212856,6847194.404435249,35,24.137190000000015
2,58,934045.0998212856,6847194.404435249,28,25.641000000000012
2,58,934045.0998212856,6847194.404435249,40,13.444200000000006
2,10,933074.0319191051,6846600.749738233,1,29.10600000000001
2,10,933074.0319191051,6846600.749738233,2,30.080866149362542
2,10,933074.0319191051,6846600.749738233,3,32.74425000000001
2,10,933074.0319191051,6846600.749738233,4,36.382500000000014
2,10,933074.0319191051,6846600.749738233,5,40.02075000000003
2,10,933074.0319191051,6846600.749738233,6,42.6841338506375
2,10,933074.0319191051,6846600.749738233,7,43.65900000000002
2,10,933074.0319191051,6846600.749738233,8,42.6841338506375
2,10,933074.0319191051,6846600.749738233,9,40.02075000000003
2,10,933074.0319191051,6846600.749738233,10,36.382500000000014
2,10,933074.0319191051,6846600.749738233,11,32.74425000000001
2,10,933074.0319191051,6846600.749738233,12,30.080866149362542
2,10,933074.0319191051,6846600.749738233,13,29.10600000000001
2,10,933074.0319191051,6846600.749738233,14,30.080866149362542
2,10,933074.0319191051,6846600.749738233,15,32.74425000000001
2,10,933074.0319191051,6846600.749738233,16,36.382500000000014
2,10,933074.0319191051,6846600.749738233,17,40.02075000000003
2,10,933074.0319191051,6846600.749738233,18,42.6841338506375
2,10,933074.0319191051,6846600.749738233,19,43.65900000000002
2,10,933074.0319191051,6846600.749738233,20,42.6841338506375
2,10,933074.0319191051,6846600.749738233,21,40.02075000000003
2,10,933074.0319191051,6846600.749738233,22,36.382500000000014
2,10,933074.0319191051,6846600.749738233,23,32.74425000000001
2,10,933074.0319191051,6846600.749738233,24,30.080866149362542
2,10,933074.0319191051,6846600.749738233,25,29.10600000000001
2,10,933074.0319191051,6846600.749738233,26,30.080866149362542
2,10,933074.0319191051,6846600.749738233,27,32.74425000000001
2,10,933074.0319191051,6846600.749738233,28,36.382500000000014
2,10,933074.0319191051,6846600.749738233,29,40.02075000000003
2,10,933074.0319191051,6846600.749738233,30,42.6841338506375
2,10,933074.0319191051,6846600.749738233,31,43.65900000000002
2,10,933074.0319191051,6846600.749738233,32,42.6841338506375
2,10,933074.0319191051,6846600.749738233,33,40.02075000000003
2,10,933074.0319191051,6846600.749738233,34,36.382500000000014
2,10,933074.0319191051,6846600.749738233,35,32.74425000000001
2,10,933074.0319191051,6846600.749738233,36,30.080866149362542
2,10,933074.0319191051,6846600.749738233,37,29.10600000000001
2,10,933074.0319191051,6846600.749738233,38,30.080866149362542
2,10,933074.0319191051,6846600.749738233,39,32.74425000000001
2,10,933074.0319191051,6846600.749738233,40,36.382500000000014
2,10,933074.0319191051,6846600.749738233,41,40.02075000000003
2,10,933074.0319191051,6846600.749738233,42,42.6841338506375
2,10,933074.0319191051,6846600.749738233,43,43.65900000000002
2,10,933074.0319191051,6846600.749738233,44,42.6841338506375
2,10,933074.0319191051,6846600.749738233,45,40.02075000000003
2,10,933074.0319191051,6846600.749738233,46,36.382500000000014
2,10,933074.0319191051,6846600.749738233,47,32.74425000000001
2,10,933074.0319191051,6846600.749738233,48,30.080866149362542
2,28,933302.5998218316,6849201.904434238,1,25.779600000000016
2,28,933302.5998218316,6849201.904434238,2,26.643052875149685
2,28,933302.5998218316,6849201.904434238,3,29.00205000000002
2,28,933302.5998218316,6849201.904434238,4,32.22450000000002
2,28,933302.5998218316,6849201.904434238,5,35.44695000000003
2,28,933302.5998218316,6849201.904434238,6,37.805947124850356
2,28,933302.5998218316,6849201.904434238,7,38.669400000000024
2,28,933302.5998218316,6849201.904434238,8,37.805947124850356
2,28,933302.5998218316,6849201.904434238,9,35.44695000000003
2,28,933302.5998218316,6849201.904434238,10,32.22450000000002
2,28,933302.5998218316,6849201.904434238,11,29.00205000000002
2,28,933302.5998218316,6849201.904434238,12,26.643052875149685
2,28,933302.5998218316,6849201.904434238,13,25.779600000000016
2,28,933302.5998218316,6849201.904434238,14,26.643052875149685
2,28,933302.5998218316,6849201.904434238,15,29.00205000000002
2,28,933302.5998218316,6849201.904434238,16,32.22450000000002
2,28,933302.5998218316,6849201.904434238,17,35.44695000000003
2,28,933302.5998218316,6849201.904434238,18,37.805947124850356
2,28,933302.5998218316,6849201.904434238,19,38.669400000000024
2,28,933302.5998218316,6849201.904434238,20,37.805947124850356
2,28,933302.5998218316,6849201.904434238,21,35.44695000000003
2,28,933302.5998218316,6849201.904434238,22,32.22450000000002
2,28,933302.5998218316,6849201.904434238,23,29.00205000000002
2,28,933302.5998218316,6849201.904434238,24,26.643052875149685
2,28,933302.5998218316,6849201.904434238,25,25.779600000000016
2,28,933302.5998218316,6849201.904434238,26,26.643052875149685
2,28,933302.5998218316,6849201.904434238,27,29.00205000000002
2,28,933302.5998218316,6849201.904434238,28,32.22450000000002
2,28,933302.5998218316,6849201.904434238,29,35.44695000000003
2,28,933302.5998218316,6849201.904434238,30,37.805947124850356
2,28,933302.5998218316,6849201.904434238,31,38.669400000000024
2,28,933302.5998218316,6849201.904434238,32,37.805947124850356
2,28,933302.5998218316,6849201.904434238,33,35.44695000000003
2,28,933302.5998218316,6849201.904434238,34,32.22450000000002
2,28,933302.5998218316,6849201.904434238,35,29.00205000000002
2,28,933302.5998218316,6849201.904434238,36,26.643052875149685
2,28,933302.5998218316,6849201.904434238,37,25.779600000000016
2,28,933302.5998218316,6849201.904434238,38,26.643052875149685
2,28,933302.5998218316,6849201.904434238,39,29.00205000000002
2,28,933302.5998218316,6849201.904434238,40,32.22450000000002
2,28,933302.5998218316,6849201.904434238,41,35.44695000000003
2,28,933302.5998218316,6849201.904434238,42,37.805947124850356
2,28,933302.5998218316,6849201.904434238,43,38.669400000000024
2,28,933302.5998218316,6849201.904434238,44,37.805947124850356
2,28,933302.5998218316,6849201.904434238,45,35.44695000000003
2,28,933302.5998218316,6849201.904434238,46,32.22450000000002
2,28,933302.5998218316,6849201.904434238,47,29.00205000000002
2,28,933302.5998218316,6849201.904434238,48,26.643052875149685
2,69,934334.8998210647,6847164.004435261,1,4.158000000000003
2,69,934334.8998210647,6847164.004435261,2,4.297266592766078
2,69,934334.8998210647,6847164.004435261,3,4.677750000000003
2,69,934334.8998210647,6847164.004435261,4,5.1975000000000025
2,69,934334.8998210647,6847164.004435261,5,5.7172500000000035
2,69,934334.8998210647,6847164.004435261,6,6.097733407233927
2,69,934334.8998210647,6847164.004435261,7,6.237000000000003
2,69,934334.8998210647,6847164.004435261,8,6.097733407233927
2,69,934334.8998210647,6847164.004435261,9,5.7172500000000035
2,69,934334.8998210647,6847164.004435261,10,5.1975000000000025
2,69,934334.8998210647,6847164.004435261,11,4.677750000000003
2,69,934334.8998210647,6847164.004435261,12,4.297266592766078
2,69,934334.8998210647,6847164.004435261,13,4.158000000000003
2,69,934334.8998210647,6847164.004435261,14,4.297266592766078
2,69,934334.8998210647,6847164.004435261,15,4.677750000000003
2,69,934334.8998210647,6847164.004435261,16,5.1975000000000025
2,69,934334.8998210647,6847164.004435261,17,5.7172500000000035
2,69,934334.8998210647,6847164.004435261,18,6.097733407233927
2,69,934334.8998210647,6847164.004435261,19,6.237000000000003
2,69,934334.8998210647,6847164.004435261,20,6.097733407233927
2,69,934334.8998210647,6847164.004435261,21,5.7172500000000035
2,69,934334.8998210647,6847164.004435261,22,5.1975000000000025
2,69,934334.8998210647,6847164.004435261,23,4.677750000000003
2,69,934334.8998210647,6847164.004435261,24,4.297266592766078
2,69,934334.8998210647,6847164.004435261,25,4.158000000000003
2,69,934334.8998210647,6847164.004435261,26,4.297266592766078
2,69,934334.8998210647,6847164.004435261,27,4.677750000000003
2,69,934334.8998210647,6847164.004435261,28,5.1975000000000025
2,69,934334.8998210647,6847164.004435261,29,5.7172500000000035
2,69,934334.8998210647,6847164.004435261,30,6.097733407233927
2,69,934334.8998210647,6847164.004435261,31,6.237000000000003
2,69,934334.8998210647,6847164.004435261,32,6.097733407233927
2,69,934334.8998210647,6847164.004435261,33,5.7172500000000035
2,69,934334.8998210647,6847164.004435261,34,5.1975000000000025
2,69,934334.8998210647,6847164.004435261,35,4.677750000000003
2,69,934334.8998210647,6847164.004435261,36,4.297266592766078
2,69,934334.8998210647,6847164.004435261,37,4.158000000000003
2,69,934334.8998210647,6847164.004435261,38,4.297266592766078
2,69,934334.8998210647,6847164.004435261,39,4.677750000000003
2,69,934334.8998210647,6847164.004435261,40,5.1975000000000025
2,69,934334.8998210647,6847164.004435261,41,5.7172500000000035
2,69,934334.8998210647,6847164.004435261,42,6.097733407233927
2,69,934334.8998210647,6847164.004435261,43,6.237000000000003
2,69,934334.8998210647,6847164.004435261,44,6.097733407233927
2,69,934334.8998210647,6847164.004435261,45,5.7172500000000035
2,69,934334.8998210647,6847164.004435261,46,5.1975000000000025
2,69,934334.8998210647,6847164.004435261,47,4.677750000000003
2,69,934334.8998210647,6847164.004435261,48,4.297266592766078
2,35,933588.4998216212,6848428.004434628,1,14.968800000000009
2,35,933588.4998216212,6848428.004434628,2,15.470159733957882
2,35,933588.4998216212,6848428.004434628,3,16.83990000000001
2,35,933588.4998216212,6848428.004434628,4,18.71100000000001
2,35,933588.4998216212,6848428.004434628,5,20.582100000000015
2,35,933588.4998216212,6848428.004434628,6,21.951840266042137
2,35,933588.4998216212,6848428.004434628,7,22.45320000000001
2,35,933588.4998216212,6848428.004434628,8,21.951840266042137
2,35,933588.4998216212,6848428.004434628,9,20.582100000000015
2,35,933588.4998216212,6848428.004434628,10,18.71100000000001
2,35,933588.4998216212,6848428.004434628,11,16.83990000000001
2,35,933588.4998216212,6848428.004434628,12,15.470159733957882
2,35,933588.4998216212,6848428.004434628,13,14.968800000000009
2,35,933588.4998216212,6848428.004434628,14,15.470159733957882
2,35,933588.4998216212,6848428.004434628,15,16.83990000000001
2,35,933588.4998216212,6848428.004434628,16,18.71100000000001
2,35,933588.4998216212,6848428.004434628,17,20.582100000000015
2,35,933588.4998216212,6848428.004434628,18,21.951840266042137
2,35,933588.4998216212,6848428.004434628,19,22.45320000000001
2,35,933588.4998216212,6848428.004434628,20,21.951840266042137
2,35,933588.4998216212,6848428.004434628,21,20.582100000000015
2,35,933588.4998216212,6848428.004434628,22,18.71100000000001
2,35,933588.4998216212,6848428.004434628,23,16.83990000000001
2,35,933588.4998216212,6848428.004434628,24,15.470159733957882
2,35,933588.4998216212,6848428.004434628,25,14.968800000000009
2,35,933588.4998216212,6848428.004434628,26,15.470159733957882
2,35,933588.4998216212,6848428.004434628,27,16.83990000000001
2,35,933588.4998216212,6848428.004434628,28,18.71100000000001
2,35,933588.4998216212,6848428.004434628,29,20.582100000000015
2,35,933588.4998216212,6848428.004434628,30,21.951840266042137
2,35,933588.4998216212,6848428.004434628,31,22.45320000000001
2,35,933588.4998216212,6848428.004434628,32,21.951840266042137
2,35,933588.4998216212,6848428.004434628,33,20.582100000000015
2,35,933588.4998216212,6848428.004434628,34,18.71100000000001
2,35,933588.4998216212,6848428.004434628,35,16.83990000000001
2,35,933588.4998216212,6848428.004434628,36,15.470159733957882
2,35,933588.4998216212,6848428.004434628,37,14.968800000000009
2,35,933588.4998216212,6848428.004434628,38,15.470159733957882
2,35,933588.4998216212,6848428.004434628,39,16.83990000000001
2,35,933588.4998216212,6848428.004434628,40,18.71100000000001
2,35,933588.4998216212,6848428.004434628,41,20.582100000000015
2,35,933588.4998216212,6848428.004434628,42,21.951840266042137
2,35,933588.4998216212,6848428.004434628,43,22.45320000000001
2,35,933588.4998216212,6848428.004434628,44,21.951840266042137
2,35,933588.4998216212,6848428.004434628,45,20.582100000000015
2,35,933588.4998216212,6848428.004434628,46,18.71100000000001
2,35,933588.4998216212,6848428.004434628,47,16.83990000000001
2,35,933588.4998216212,6848428.004434628,48,15.470159733957882
2,12,933061.759090488,6845988.289810399,1,16.63200000000001
2,12,933061.759090488,6845988.289810399,2,17.18906637106431
2,12,933061.759090488,6845988.289810399,3,18.71100000000001
2,12,933061.759090488,6845988.289810399,4,20.79000000000001
2,12,933061.759090488,6845988.289810399,5,22.869000000000018
2,12,933061.759090488,6845988.289810399,6,24.39093362893571
2,12,933061.759090488,6845988.289810399,7,24.948000000000004
2,12,933061.759090488,6845988.289810399,8,24.39093362893571
2,12,933061.759090488,6845988.289810399,9,22.869000000000018
2,12,933061.759090488,6845988.289810399,10,20.79000000000001
2,12,933061.759090488,6845988.289810399,11,18.71100000000001
2,12,933061.759090488,6845988.289810399,12,17.18906637106431
2,12,933061.759090488,6845988.289810399,13,16.63200000000001
2,12,933061.759090488,6845988.289810399,14,17.18906637106431
2,12,933061.759090488,6845988.289810399,15,18.71100000000001
2,12,933061.759090488,6845988.289810399,16,20.79000000000001
2,12,933061.759090488,6845988.289810399,17,22.869000000000018
2,12,933061.759090488,6845988.289810399,18,24.39093362893571
2,12,933061.759090488,6845988.289810399,19,24.948000000000004
2,12,933061.759090488,6845988.289810399,20,24.39093362893571
2,12,933061.759090488,6845988.289810399,21,22.869000000000018
2,12,933061.759090488,6845988.289810399,22,20.79000000000001
2,12,933061.759090488,6845988.289810399,23,18.71100000000001
2,12,933061.759090488,6845988.289810399,24,17.18906637106431
2,12,933061.759090488,6845988.289810399,25,16.63200000000001
2,12,933061.759090488,6845988.289810399,26,17.18906637106431
2,12,933061.759090488,6845988.289810399,27,18.71100000000001
2,12,933061.759090488,6845988.289810399,28,20.79000000000001
2,12,933061.759090488,6845988.289810399,29,22.869000000000018
2,12,933061.759090488,6845988.289810399,30,24.39093362893571
2,12,933061.759090488,6845988.289810399,31,24.948000000000004
2,12,933061.759090488,6845988.289810399,32,24.39093362893571
2,12,933061.759090488,6845988.289810399,33,22.869000000000018
2,12,933061.759090488,6845988.289810399,34,20.79000000000001
2,12,933061.759090488,6845988.289810399,35,18.71100000000001
2,12,933061.759090488,6845988.289810399,36,17.18906637106431
2,12,933061.759090488,6845988.289810399,37,16.63200000000001
2,12,933061.759090488,6845988.289810399,38,17.18906637106431
2,12,933061.759090488,6845988.289810399,39,18.71100000000001
2,12,933061.759090488,6845988.289810399,40,20.79000000000001
2,12,933061.759090488,6845988.289810399,41,22.869000000000018
2,12,933061.759090488,6845988.289810399,42,24.39093362893571
2,12,933061.759090488,6845988.289810399,43,24.948000000000004
2,12,933061.759090488,6845988.289810399,44,24.39093362893571
2,12,933061.759090488,6845988.289810399,45,22.869000000000018
2,12,933061.759090488,6845988.289810399,46,20.79000000000001
2,12,933061.759090488,6845988.289810399,47,18.71100000000001
2,12,933061.759090488,6845988.289810399,48,17.18906637106431
2,32,934724.7998207612,6847726.104434972,1,24.116400000000013
2,32,934724.7998207612,6847726.104434972,2,24.92414623804325
2,32,934724.7998207612,6847726.104434972,3,27.13095000000002
2,32,934724.7998207612,6847726.104434972,4,30.145500000000013
2,32,934724.7998207612,6847726.104434972,5,69.75045000000006
2,32,934724.7998207612,6847726.104434972,6,74.39234756825391
2,32,934724.7998207612,6847726.104434972,7,76.09140000000004
2,32,934724.7998207612,6847726.104434972,8,74.39234756825391
2,32,934724.7998207612,6847726.104434972,9,69.75045000000006
2,32,934724.7998207612,6847726.104434972,10,63.40950000000002
2,32,934724.7998207612,6847726.104434972,11,57.06855000000002
2,32,934724.7998207612,6847726.104434972,12,52.42665243174614
2,32,934724.7998207612,6847726.104434972,13,50.727600000000024
2,32,934724.7998207612,6847726.104434972,14,52.42665243174614
2,32,934724.7998207612,6847726.104434972,15,57.06855000000002
2,32,934724.7998207612,6847726.104434972,16,63.40950000000002
2,32,934724.7998207612,6847726.104434972,17,69.75045000000006
2,32,934724.7998207612,6847726.104434972,18,74.39234756825391
2,32,934724.7998207612,6847726.104434972,19,76.09140000000004
2,32,934724.7998207612,6847726.104434972,20,74.39234756825391
2,32,934724.7998207612,6847726.104434972,21,69.75045000000006
2,32,934724.7998207612,6847726.104434972,22,63.40950000000002
2,32,934724.7998207612,6847726.104434972,23,57.06855000000002
2,32,934724.7998207612,6847726.104434972,24,52.42665243174614
2,32,934724.7998207612,6847726.104434972,25,50.727600000000024
2,32,934724.7998207612,6847726.104434972,26,52.42665243174614
2,32,934724.7998207612,6847726.104434972,27,57.06855000000002
2,32,934724.7998207612,6847726.104434972,28,63.40950000000002
2,32,934724.7998207612,6847726.104434972,29,69.75045000000006
2,32,934724.7998207612,6847726.104434972,30,74.39234756825391
2,32,934724.7998207612,6847726.104434972,31,76.09140000000004
2,32,934724.7998207612,6847726.104434972,32,74.39234756825391
2,32,934724.7998207612,6847726.104434972,33,69.75045000000006
2,32,934724.7998207612,6847726.104434972,34,63.40950000000002
2,32,934724.7998207612,6847726.104434972,35,57.06855000000002
2,32,934724.7998207612,6847726.104434972,36,52.42665243174614
2,32,934724.7998207612,6847726.104434972,37,50.727600000000024
2,32,934724.7998207612,6847726.104434972,38,52.42665243174614
2,32,934724.7998207612,6847726.104434972,39,57.06855000000002
2,32,934724.7998207612,6847726.104434972,40,63.40950000000002
2,32,934724.7998207612,6847726.104434972,41,69.75045000000006
2,32,934724.7998207612,6847726.104434972,42,74.39234756825391
2,32,934724.7998207612,6847726.104434972,43,76.09140000000004
2,32,934724.7998207612,6847726.104434972,44,74.39234756825391
2,32,934724.7998207612,6847726.104434972,45,69.75045000000006
2,32,934724.7998207612,6847726.104434972,46,63.40950000000002
2,32,934724.7998207612,6847726.104434972,47,57.06855000000002
2,32,934724.7998207612,6847726.104434972,48,52.42665243174614
2,77,934467.3998209637,6847130.604435277,1,45.73800000000002
2,77,934467.3998209637,6847130.604435277,2,47.26993252042686
2,77,934467.3998209637,6847130.604435277,3,51.45525000000002
2,77,934467.3998209637,6847130.604435277,4,57.17250000000003
2,77,934467.3998209637,6847130.604435277,5,62.889750000000035
2,77,934467.3998209637,6847130.604435277,6,67.07506747957319
2,77,934467.3998209637,6847130.604435277,7,68.60700000000003
2,77,934467.3998209637,6847130.604435277,8,67.07506747957319
2,77,934467.3998209637,6847130.604435277,9,62.889750000000035
2,77,934467.3998209637,6847130.604435277,10,57.17250000000003
2,77,934467.3998209637,6847130.604435277,11,51.45525000000002
2,77,934467.3998209637,6847130.604435277,12,47.26993252042686
2,77,934467.3998209637,6847130.604435277,13,45.73800000000002
2,77,934467.3998209637,6847130.604435277,14,47.26993252042686
2,77,934467.3998209637,6847130.604435277,15,51.45525000000002
2,77,934467.3998209637,6847130.604435277,16,57.17250000000003
2,77,934467.3998209637,6847130.604435277,17,62.889750000000035
2,77,934467.3998209637,6847130.604435277,18,67.07506747957319
2,77,934467.3998209637,6847130.604435277,19,68.60700000000003
2,77,934467.3998209637,6847130.604435277,20,67.07506747957319
2,77,934467.3998209637,6847130.604435277,21,62.889750000000035
2,77,934467.3998209637,6847130.604435277,22,57.17250000000003
2,77,934467.3998209637,6847130.604435277,23,51.45525000000002
2,77,934467.3998209637,6847130.604435277,24,47.26993252042686
2,77,934467.3998209637,6847130.604435277,25,45.73800000000002
2,77,934467.3998209637,6847130.604435277,26,47.26993252042686
2,77,934467.3998209637,6847130.604435277,27,51.45525000000002
2,77,934467.3998209637,6847130.604435277,28,57.17250000000003
2,77,934467.3998209637,6847130.604435277,29,62.889750000000035
2,77,934467.3998209637,6847130.604435277,30,67.07506747957319
2,77,934467.3998209637,6847130.604435277,31,68.60700000000003
2,77,934467.3998209637,6847130.604435277,32,67.07506747957319
2,77,934467.3998209637,6847130.604435277,33,62.889750000000035
2,77,934467.3998209637,6847130.604435277,34,57.17250000000003
2,77,934467.3998209637,6847130.604435277,35,51.45525000000002
2,77,934467.3998209637,6847130.604435277,36,47.26993252042686
2,77,934467.3998209637,6847130.604435277,37,45.73800000000002
2,77,934467.3998209637,6847130.604435277,38,47.26993252042686
2,77,934467.3998209637,6847130.604435277,39,51.45525000000002
2,77,934467.3998209637,6847130.604435277,40,57.17250000000003
2,77,934467.3998209637,6847130.604435277,41,62.889750000000035
2,77,934467.3998209637,6847130.604435277,42,67.07506747957319
2,77,934467.3998209637,6847130.604435277,43,68.60700000000003
2,77,934467.3998209637,6847130.604435277,44,67.07506747957319
2,77,934467.3998209637,6847130.604435277,45,62.889750000000035
2,77,934467.3998209637,6847130.604435277,46,57.17250000000003
2,77,934467.3998209637,6847130.604435277,47,51.45525000000002
2,77,934467.3998209637,6847130.604435277,48,47.26993252042686
2,67,933792.4998214621,6848760.204434457,1,192.93120000000016
2,67,933792.4998214621,6848760.204434457,2,199.39316990434602
2,67,933792.4998214621,6848760.204434457,3,217.04760000000016
2,67,933792.4998214621,6848760.204434457,4,241.16400000000007
2,67,933792.4998214621,6848760.204434457,5,233.26380000000017
2,67,933792.4998214621,6848760.204434457,6,248.78752301514425
2,67,933792.4998214621,6848760.204434457,7,254.46960000000013
2,67,933792.4998214621,6848760.204434457,8,248.78752301514425
2,67,933792.4998214621,6848760.204434457,9,233.26380000000017
2,67,933792.4998214621,6848760.204434457,10,212.0580000000001
2,67,933792.4998214621,6848760.204434457,11,190.8522000000001
2,67,933792.4998214621,6848760.204434457,12,175.32847698485597
2,67,933792.4998214621,6848760.204434457,13,169.6464000000001
2,67,933792.4998214621,6848760.204434457,14,175.32847698485597
2,67,933792.4998214621,6848760.204434457,15,190.8522000000001
2,67,933792.4998214621,6848760.204434457,16,212.0580000000001
2,67,933792.4998214621,6848760.204434457,17,233.26380000000017
2,67,933792.4998214621,6848760.204434457,18,248.78752301514425
2,67,933792.4998214621,6848760.204434457,19,254.46960000000013
2,67,933792.4998214621,6848760.204434457,20,248.78752301514425
2,67,933792.4998214621,6848760.204434457,21,233.26380000000017
2,67,933792.4998214621,6848760.204434457,22,212.0580000000001
2,67,933792.4998214621,6848760.204434457,23,190.8522000000001
2,67,933792.4998214621,6848760.204434457,24,175.32847698485597
2,67,933792.4998214621,6848760.204434457,25,169.6464000000001
2,67,933792.4998214621,6848760.204434457,26,175.32847698485597
2,67,933792.4998214621,6848760.204434457,27,190.8522000000001
2,67,933792.4998214621,6848760.204434457,28,212.0580000000001
2,67,933792.4998214621,6848760.204434457,29,233.26380000000017
2,67,933792.4998214621,6848760.204434457,30,248.78752301514425
2,67,933792.4998214621,6848760.204434457,31,254.46960000000013
2,67,933792.4998214621,6848760.204434457,32,248.78752301514425
2,67,933792.4998214621,6848760.204434457,33,233.26380000000017
2,67,933792.4998214621,6848760.204434457,34,212.0580000000001
2,67,933792.4998214621,6848760.204434457,35,190.8522000000001
2,67,933792.4998214621,6848760.204434457,36,175.32847698485597
2,67,933792.4998214621,6848760.204434457,37,169.6464000000001
2,67,933792.4998214621,6848760.204434457,38,175.32847698485597
2,67,933792.4998214621,6848760.204434457,39,190.8522000000001
2,67,933792.4998214621,6848760.204434457,40,212.0580000000001
2,67,933792.4998214621,6848760.204434457,41,233.26380000000017
2,67,933792.4998214621,6848760.204434457,42,248.78752301514425
2,67,933792.4998214621,6848760.204434457,43,254.46960000000013
2,67,933792.4998214621,6848760.204434457,44,248.78752301514425
2,67,933792.4998214621,6848760.204434457,45,233.26380000000017
2,67,933792.4998214621,6848760.204434457,46,212.0580000000001
2,67,933792.4998214621,6848760.204434457,47,190.8522000000001
2,67,933792.4998214621,6848760.204434457,48,175.32847698485597
2,15,934147.6454661533,6847934.640032243,1,4.7124000000000015
2,15,934147.6454661533,6847934.640032243,2,4.870235471801555
2,15,934147.6454661533,6847934.640032243,3,5.301450000000002
2,15,934147.6454661533,6847934.640032243,4,5.890500000000002
2,15,934147.6454661533,6847934.640032243,5,6.479550000000003
2,15,934147.6454661533,6847934.640032243,6,6.910764528198451
2,15,934147.6454661533,6847934.640032243,7,7.068600000000003
2,15,934147.6454661533,6847934.640032243,8,6.910764528198451
2,15,934147.6454661533,6847934.640032243,9,6.479550000000003
2,15,934147.6454661533,6847934.640032243,10,5.890500000000002
2,15,934147.6454661533,6847934.640032243,11,5.301450000000002
2,15,934147.6454661533,6847934.640032243,12,4.870235471801555
2,15,934147.6454661533,6847934.640032243,13,4.7124000000000015
2,15,934147.6454661533,6847934.640032243,14,4.870235471801555
2,15,934147.6454661533,6847934.640032243,15,5.301450000000002
2,15,934147.6454661533,6847934.640032243,16,5.890500000000002
2,15,934147.6454661533,6847934.640032243,17,6.479550000000003
2,15,934147.6454661533,6847934.640032243,18,6.910764528198451
2,15,934147.6454661533,6847934.640032243,19,7.068600000000003
2,15,934147.6454661533,6847934.640032243,20,6.910764528198451
2,15,934147.6454661533,6847934.640032243,21,6.479550000000003
2,15,934147.6454661533,6847934.640032243,22,5.890500000000002
2,15,934147.6454661533,6847934.640032243,23,5.301450000000002
2,15,934147.6454661533,6847934.640032243,24,4.870235471801555
2,15,934147.6454661533,6847934.640032243,25,4.7124000000000015
2,15,934147.6454661533,6847934.640032243,26,4.870235471801555
2,15,934147.6454661533,6847934.640032243,27,5.301450000000002
2,15,934147.6454661533,6847934.640032243,28,5.890500000000002
2,15,934147.6454661533,6847934.640032243,29,6.479550000000003
2,15,934147.6454661533,6847934.640032243,30,6.910764528198451
2,15,934147.6454661533,6847934.640032243,31,7.068600000000003
2,15,934147.6454661533,6847934.640032243,32,6.910764528198451
2,15,934147.6454661533,6847934.640032243,33,6.479550000000003
2,15,934147.6454661533,6847934.640032243,34,5.890500000000002
2,15,934147.6454661533,6847934.640032243,35,5.301450000000002
2,15,934147.6454661533,6847934.640032243,36,4.870235471801555
2,15,934147.6454661533,6847934.640032243,37,4.7124000000000015
2,15,934147.6454661533,6847934.640032243,38,4.870235471801555
2,15,934147.6454661533,6847934.640032243,39,5.301450000000002
2,15,934147.6454661533,6847934.640032243,40,5.890500000000002
2,15,934147.6454661533,6847934.640032243,41,6.479550000000003
2,15,934147.6454661533,6847934.640032243,42,6.910764528198451
2,15,934147.6454661533,6847934.640032243,43,7.068600000000003
2,15,934147.6454661533,6847934.640032243,44,6.910764528198451
2,15,934147.6454661533,6847934.640032243,45,6.479550000000003
2,15,934147.6454661533,6847934.640032243,46,5.890500000000002
2,15,934147.6454661533,6847934.640032243,47,5.301450000000002
2,15,934147.6454661533,6847934.640032243,48,4.870235471801555
2,33,933229.2998218873,6849228.104434224,1,106.44480000000003
2,33,933229.2998218873,6849228.104434224,2,110.01002477481157
2,33,933229.2998218873,6849228.104434224,3,119.75040000000007
2,33,933229.2998218873,6849228.104434224,4,133.05600000000007
2,33,933229.2998218873,6849228.104434224,5,146.3616000000001
2,33,933229.2998218873,6849228.104434224,6,156.10197522518854
2,33,933229.2998218873,6849228.104434224,7,159.6672
2,33,933229.2998218873,6849228.104434224,8,156.10197522518854
2,33,933229.2998218873,6849228.104434224,9,146.3616000000001
2,33,933229.2998218873,6849228.104434224,10,133.05600000000007
2,33,933229.2998218873,6849228.104434224,11,119.75040000000007
2,33,933229.2998218873,6849228.104434224,12,110.01002477481157
2,33,933229.2998218873,6849228.104434224,13,106.44480000000003
2,33,933229.2998218873,6849228.104434224,14,110.01002477481157
2,33,933229.2998218873,6849228.104434224,15,119.75040000000007
2,33,933229.2998218873,6849228.104434224,16,133.05600000000007
2,33,933229.2998218873,6849228.104434224,17,146.3616000000001
2,33,933229.2998218873,6849228.104434224,18,156.10197522518854
2,33,933229.2998218873,6849228.104434224,19,159.6672
2,33,933229.2998218873,6849228.104434224,20,156.10197522518854
2,33,933229.2998218873,6849228.104434224,21,146.3616000000001
2,33,933229.2998218873,6849228.104434224,22,133.05600000000007
2,33,933229.2998218873,6849228.104434224,23,119.75040000000007
2,33,933229.2998218873,6849228.104434224,24,110.01002477481157
2,33,933229.2998218873,6849228.104434224,25,106.44480000000003
2,33,933229.2998218873,6849228.104434224,26,110.01002477481157
2,33,933229.2998218873,6849228.104434224,27,119.75040000000007
2,33,933229.2998218873,6849228.104434224,28,133.05600000000007
2,33,933229.2998218873,6849228.104434224,29,146.3616000000001
2,33,933229.2998218873,6849228.104434224,30,156.10197522518854
2,33,933229.2998218873,6849228.104434224,31,159.6672
2,33,933229.2998218873,6849228.104434224,32,156.10197522518854
2,33,933229.2998218873,6849228.104434224,33,146.3616000000001
2,33,933229.2998218873,6849228.104434224,34,133.05600000000007
2,33,933229.2998218873,6849228.104434224,35,119.75040000000007
2,33,933229.2998218873,6849228.104434224,36,110.01002477481157
2,33,933229.2998218873,6849228.104434224,37,106.44480000000003
2,33,933229.2998218873,6849228.104434224,38,110.01002477481157
2,33,933229.2998218873,6849228.104434224,39,119.75040000000007
2,33,933229.2998218873,6849228.104434224,40,133.05600000000007
2,33,933229.2998218873,6849228.104434224,41,146.3616000000001
2,33,933229.2998218873,6849228.104434224,42,156.10197522518854
2,33,933229.2998218873,6849228.104434224,43,159.6672
2,33,933229.2998218873,6849228.104434224,44,156.10197522518854
2,33,933229.2998218873,6849228.104434224,45,146.3616000000001
2,33,933229.2998218873,6849228.104434224,46,133.05600000000007
2,33,933229.2998218873,6849228.104434224,47,119.75040000000007
2,33,933229.2998218873,6849228.104434224,48,110.01002477481157
2,55,934305.7998210939,6846479.404435608,1,17.46360000000001
2,55,934305.7998210939,6846479.404435608,2,18.048519689617525
2,55,934305.7998210939,6846479.404435608,3,19.646550000000012
2,55,934305.7998210939,6846479.404435608,4,21.829500000000014
2,55,934305.7998210939,6846479.404435608,5,24.012450000000015
2,55,934305.7998210939,6846479.404435608,6,25.610480310382496
2,55,934305.7998210939,6846479.404435608,7,26.19540000000001
2,55,934305.7998210939,6846479.404435608,8,25.610480310382496
2,55,934305.7998210939,6846479.404435608,9,24.012450000000015
2,55,934305.7998210939,6846479.404435608,10,21.829500000000014
2,55,934305.7998210939,6846479.404435608,11,19.646550000000012
2,55,934305.7998210939,6846479.404435608,12,18.048519689617525
2,55,934305.7998210939,6846479.404435608,13,17.46360000000001
2,55,934305.7998210939,6846479.404435608,14,18.048519689617525
2,55,934305.7998210939,6846479.404435608,15,19.646550000000012
2,55,934305.7998210939,6846479.404435608,16,21.829500000000014
2,55,934305.7998210939,6846479.404435608,17,24.012450000000015
2,55,934305.7998210939,6846479.404435608,18,25.610480310382496
2,55,934305.7998210939,6846479.404435608,19,26.19540000000001
2,55,934305.7998210939,6846479.404435608,20,25.610480310382496
2,55,934305.7998210939,6846479.404435608,21,24.012450000000015
2,55,934305.7998210939,6846479.404435608,22,21.829500000000014
2,55,934305.7998210939,6846479.404435608,23,19.646550000000012
2,55,934305.7998210939,6846479.404435608,24,18.048519689617525
2,55,934305.7998210939,6846479.404435608,25,17.46360000000001
2,55,934305.7998210939,6846479.404435608,26,18.048519689617525
2,55,934305.7998210939,6846479.404435608,27,19.646550000000012
2,55,934305.7998210939,6846479.404435608,28,21.829500000000014
2,55,934305.7998210939,6846479.404435608,29,24.012450000000015
2,55,934305.7998210939,6846479.404435608,30,25.610480310382496
2,55,934305.7998210939,6846479.404435608,31,26.19540000000001
2,55,934305.7998210939,6846479.404435608,32,25.610480310382496
2,55,934305.7998210939,6846479.404435608,33,24.012450000000015
2,55,934305.7998210939,6846479.404435608,34,21.829500000000014
2,55,934305.7998210939,6846479.404435608,35,19.646550000000012
2,55,934305.7998210939,6846479.404435608,36,18.048519689617525
2,55,934305.7998210939,6846479.404435608,37,17.46360000000001
2,55,934305.7998210939,6846479.404435608,38,18.048519689617525
2,55,934305.7998210939,6846479.404435608,39,19.646550000000012
2,55,934305.7998210939,6846479.404435608,40,21.829500000000014
2,55,934305.7998210939,6846479.404435608,41,24.012450000000015
2,55,934305.7998210939,6846479.404435608,42,25.610480310382496
2,55,934305.7998210939,6846479.404435608,43,26.19540000000001
2,55,934305.7998210939,6846479.404435608,44,25.610480310382496
2,55,934305.7998210939,6846479.404435608,45,24.012450000000015
2,55,934305.7998210939,6846479.404435608,46,21.829500000000014
2,55,934305.7998210939,6846479.404435608,47,19.646550000000012
2,55,934305.7998210939,6846479.404435608,48,18.048519689617525
2,50,933472.5998217161,6847811.904434941,1,7.595280000000004
2,50,933472.5998217161,6847811.904434941,3,10.415790000000007
2,50,933472.5998217161,6847811.904434941,4,4.504500000000002
2,50,933472.5998217161,6847811.904434941,5,9.071370000000007
2,50,933472.5998217161,6847811.904434941,6,11.78895125398559
2,50,933472.5998217161,6847811.904434941,9,9.071370000000007
2,50,933472.5998217161,6847811.904434941,10,7.830900000000004
2,50,933472.5998217161,6847811.904434941,11,6.9230700000000045
2,50,933472.5998217161,6847811.904434941,12,5.9015794540654145
2,50,933472.5998217161,6847811.904434941,13,4.324320000000003
2,50,933472.5998217161,6847811.904434941,16,7.830900000000004
2,50,933472.5998217161,6847811.904434941,20,10.162889012056544
2,50,933472.5998217161,6847811.904434941,23,9.916830000000006
2,50,933472.5998217161,6847811.904434941,24,7.620486091171846
2,50,933472.5998217161,6847811.904434941,26,5.328610575029938
2,50,933472.5998217161,6847811.904434941,35,9.480240000000006
2,50,933472.5998217161,6847811.904434941,37,7.318080000000005
2,50,933472.5998217161,6847811.904434941,38,5.271313687126391
2,50,933472.5998217161,6847811.904434941,39,9.979200000000006
2,50,933472.5998217161,6847811.904434941,42,7.8864018733558785
2,50,933472.5998217161,6847811.904434941,43,13.804560000000006
2,50,933472.5998217161,6847811.904434941,47,8.731800000000005
2,50,933472.5998217161,6847811.904434941,8,8.374220545934593
2,50,933472.5998217161,6847811.904434941,14,5.443204350837032
2,50,933472.5998217161,6847811.904434941,17,6.479550000000004
2,50,933472.5998217161,6847811.904434941,18,8.374220545934593
2,50,933472.5998217161,6847811.904434941,19,10.311840000000004
2,50,933472.5998217161,6847811.904434941,21,6.479550000000004
2,50,933472.5998217161,6847811.904434941,22,4.920300000000003
2,50,933472.5998217161,6847811.904434941,27,6.860700000000004
2,50,933472.5998217161,6847811.904434941,28,6.375600000000004
2,50,933472.5998217161,6847811.904434941,29,6.479550000000004
2,50,933472.5998217161,6847811.904434941,31,7.650720000000003
2,50,933472.5998217161,6847811.904434941,32,8.374220545934593
2,50,933472.5998217161,6847811.904434941,44,10.650707684635258
2,50,933472.5998217161,6847811.904434941,48,4.01078215324834
2,50,933472.5998217161,6847811.904434941,25,4.102560000000002
2,50,933472.5998217161,6847811.904434941,30,6.748158304005546
2,50,933472.5998217161,6847811.904434941,33,7.394310000000004
2,50,933472.5998217161,6847811.904434941,34,3.0492000000000017
2,50,933472.5998217161,6847811.904434941,40,3.0492000000000017
2,50,933472.5998217161,6847811.904434941,41,7.394310000000004
2,50,933472.5998217161,6847811.904434941,45,8.004150000000005
2,50,933472.5998217161,6847811.904434941,46,3.0492000000000017
2,50,933472.5998217161,6847811.904434941,2,3.094031946791576
2,50,933472.5998217161,6847811.904434941,7,3.9916800000000006
2,50,933472.5998217161,6847811.904434941,15,3.866940000000002
2,50,933472.5998217161,6847811.904434941,36,1.7189066371064312
2,76,933472.5998217161,6847811.904434941,2,8.078861194400227
2,76,933472.5998217161,6847811.904434941,7,12.224520000000005
2,76,933472.5998217161,6847811.904434941,8,7.479886312873618
2,76,933472.5998217161,6847811.904434941,14,5.729688790354772
2,76,933472.5998217161,6847811.904434941,15,8.295210000000006
2,76,933472.5998217161,6847811.904434941,17,8.385300000000004
2,76,933472.5998217161,6847811.904434941,18,7.479886312873618
2,76,933472.5998217161,6847811.904434941,19,5.904360000000003
2,76,933472.5998217161,6847811.904434941,21,8.385300000000004
2,76,933472.5998217161,6847811.904434941,22,8.593200000000003
2,76,933472.5998217161,6847811.904434941,25,6.708240000000004
2,76,933472.5998217161,6847811.904434941,27,5.301450000000004
2,76,933472.5998217161,6847811.904434941,28,7.137900000000002
2,76,933472.5998217161,6847811.904434941,29,8.385300000000004
2,76,933472.5998217161,6847811.904434941,30,9.105948554802664
2,76,933472.5998217161,6847811.904434941,31,8.565480000000004
2,76,933472.5998217161,6847811.904434941,32,7.479886312873618
2,76,933472.5998217161,6847811.904434941,33,7.470540000000005
2,76,933472.5998217161,6847811.904434941,34,10.464300000000007
2,76,933472.5998217161,6847811.904434941,36,9.45398650408537
2,76,933472.5998217161,6847811.904434941,40,10.464300000000007
2,76,933472.5998217161,6847811.904434941,41,7.470540000000005
2,76,933472.5998217161,6847811.904434941,44,5.203399174172951
2,76,933472.5998217161,6847811.904434941,45,6.860700000000005
2,76,933472.5998217161,6847811.904434941,46,10.464300000000007
2,76,933472.5998217161,6847811.904434941,48,7.162110987943464
2,76,933472.5998217161,6847811.904434941,4,9.009000000000004
2,76,933472.5998217161,6847811.904434941,11,5.239080000000003
2,76,933472.5998217161,6847811.904434941,12,5.27131368712639
2,76,933472.5998217161,6847811.904434941,13,6.486480000000004
2,76,933472.5998217161,6847811.904434941,20,5.691217846751666
2,76,933472.5998217161,6847811.904434941,26,5.8442825661618665
2,76,933472.5998217161,6847811.904434941,37,3.492720000000002
2,76,933472.5998217161,6847811.904434941,38,5.901579454065414
2,76,933472.5998217161,6847811.904434941,42,7.9677049854523325
2,76,933472.5998217161,6847811.904434941,47,3.430350000000002
2,76,933472.5998217161,6847811.904434941,1,3.2155200000000024
2,76,933472.5998217161,6847811.904434941,3,1.7463600000000015
2,76,933472.5998217161,6847811.904434941,5,5.793480000000003
2,76,933472.5998217161,6847811.904434941,6,4.065155604822619
2,76,933472.5998217161,6847811.904434941,9,5.793480000000003
2,76,933472.5998217161,6847811.904434941,10,5.6826000000000025
2,76,933472.5998217161,6847811.904434941,16,5.6826000000000025
2,76,933472.5998217161,6847811.904434941,23,2.2453200000000018
2,76,933472.5998217161,6847811.904434941,35,2.681910000000002
2,76,933472.5998217161,6847811.904434941,39,2.1829500000000017
2,76,933472.5998217161,6847811.904434941,24,3.552407050019957
2,76,933472.5998217161,6847811.904434941,43,2.411640000000001
2,60,933867.5998214042,6848816.004434429,5,35.44695000000002
2,60,933867.5998214042,6848816.004434429,6,37.80594712485035
2,60,933867.5998214042,6848816.004434429,7,38.669400000000024
2,60,933867.5998214042,6848816.004434429,8,37.80594712485035
2,60,933867.5998214042,6848816.004434429,9,35.44695000000002
2,60,933867.5998214042,6848816.004434429,10,32.22450000000001
2,60,933867.5998214042,6848816.004434429,11,29.002050000000015
2,60,933867.5998214042,6848816.004434429,12,26.643052875149678
2,60,933867.5998214042,6848816.004434429,13,25.779600000000002
2,60,933867.5998214042,6848816.004434429,14,26.643052875149678
2,60,933867.5998214042,6848816.004434429,15,29.002050000000015
2,60,933867.5998214042,6848816.004434429,16,32.22450000000001
2,60,933867.5998214042,6848816.004434429,17,35.44695000000002
2,60,933867.5998214042,6848816.004434429,18,37.80594712485035
2,60,933867.5998214042,6848816.004434429,19,38.669400000000024
2,60,933867.5998214042,6848816.004434429,20,37.80594712485035
2,60,933867.5998214042,6848816.004434429,21,35.44695000000002
2,60,933867.5998214042,6848816.004434429,22,32.22450000000001
2,60,933867.5998214042,6848816.004434429,23,29.002050000000015
2,60,933867.5998214042,6848816.004434429,24,26.643052875149678
2,60,933867.5998214042,6848816.004434429,25,25.779600000000002
2,60,933867.5998214042,6848816.004434429,26,26.643052875149678
2,60,933867.5998214042,6848816.004434429,27,29.002050000000015
2,60,933867.5998214042,6848816.004434429,28,32.22450000000001
2,60,933867.5998214042,6848816.004434429,29,35.44695000000002
2,60,933867.5998214042,6848816.004434429,30,37.80594712485035
2,60,933867.5998214042,6848816.004434429,31,38.669400000000024
2,60,933867.5998214042,6848816.004434429,32,37.80594712485035
2,60,933867.5998214042,6848816.004434429,33,35.44695000000002
2,60,933867.5998214042,6848816.004434429,34,32.22450000000001
2,60,933867.5998214042,6848816.004434429,35,29.002050000000015
2,60,933867.5998214042,6848816.004434429,36,26.643052875149678
2,60,933867.5998214042,6848816.004434429,37,25.779600000000002
2,60,933867.5998214042,6848816.004434429,38,26.643052875149678
2,60,933867.5998214042,6848816.004434429,39,29.002050000000015
2,60,933867.5998214042,6848816.004434429,40,32.22450000000001
2,60,933867.5998214042,6848816.004434429,41,35.44695000000002
2,60,933867.5998214042,6848816.004434429,42,37.80594712485035
2,60,933867.5998214042,6848816.004434429,43,38.669400000000024
2,60,933867.5998214042,6848816.004434429,44,37.80594712485035
2,60,933867.5998214042,6848816.004434429,45,35.44695000000002
2,60,933867.5998214042,6848816.004434429,46,32.22450000000001
2,60,933867.5998214042,6848816.004434429,47,29.002050000000015
2,60,933867.5998214042,6848816.004434429,48,26.643052875149678
2,60,933867.5998214042,6848816.004434429,1,2.4948000000000015
2,60,933867.5998214042,6848816.004434429,2,2.578359955659647
2,60,933867.5998214042,6848816.004434429,3,2.8066500000000016
2,60,933867.5998214042,6848816.004434429,4,3.118500000000002
2,49,935012.7998205305,6848802.404434423,5,38.877300000000034
2,49,935012.7998205305,6848802.404434423,6,29.26912035472285
2,49,935012.7998205305,6848802.404434423,7,29.937600000000003
2,49,935012.7998205305,6848802.404434423,8,29.26912035472285
2,49,935012.7998205305,6848802.404434423,9,27.442800000000023
2,49,935012.7998205305,6848802.404434423,10,24.94800000000001
2,49,935012.7998205305,6848802.404434423,11,22.45320000000001
2,49,935012.7998205305,6848802.404434423,12,20.62687964527717
2,49,935012.7998205305,6848802.404434423,13,27.13885608057238
2,49,935012.7998205305,6848802.404434423,14,20.62687964527717
2,49,935012.7998205305,6848802.404434423,15,22.45320000000001
2,49,935012.7998205305,6848802.404434423,16,24.94800000000001
2,49,935012.7998205305,6848802.404434423,17,27.442800000000023
2,49,935012.7998205305,6848802.404434423,18,41.46458716919071
2,49,935012.7998205305,6848802.404434423,19,29.937600000000003
2,49,935012.7998205305,6848802.404434423,20,29.26912035472285
2,49,935012.7998205305,6848802.404434423,21,27.442800000000023
2,49,935012.7998205305,6848802.404434423,22,24.94800000000001
2,49,935012.7998205305,6848802.404434423,23,22.45320000000001
2,49,935012.7998205305,6848802.404434423,24,29.221412830809324
2,49,935012.7998205305,6848802.404434423,25,19.958400000000005
2,49,935012.7998205305,6848802.404434423,26,20.62687964527717
2,49,935012.7998205305,6848802.404434423,27,22.45320000000001
2,49,935012.7998205305,6848802.404434423,28,24.94800000000001
2,49,935012.7998205305,6848802.404434423,29,38.877300000000034
2,49,935012.7998205305,6848802.404434423,30,29.26912035472285
2,49,935012.7998205305,6848802.404434423,31,42.411600000000035
2,49,935012.7998205305,6848802.404434423,32,29.26912035472285
2,49,935012.7998205305,6848802.404434423,33,27.442800000000023
2,49,935012.7998205305,6848802.404434423,34,24.94800000000001
2,49,935012.7998205305,6848802.404434423,35,22.45320000000001
2,49,935012.7998205305,6848802.404434423,36,20.62687964527717
2,49,935012.7998205305,6848802.404434423,37,19.958400000000005
2,49,935012.7998205305,6848802.404434423,38,20.62687964527717
2,49,935012.7998205305,6848802.404434423,39,22.45320000000001
2,49,935012.7998205305,6848802.404434423,40,24.94800000000001
2,49,935012.7998205305,6848802.404434423,41,27.442800000000023
2,49,935012.7998205305,6848802.404434423,42,29.26912035472285
2,49,935012.7998205305,6848802.404434423,43,29.937600000000003
2,49,935012.7998205305,6848802.404434423,44,29.26912035472285
2,49,935012.7998205305,6848802.404434423,45,27.442800000000023
2,49,935012.7998205305,6848802.404434423,46,24.94800000000001
2,49,935012.7998205305,6848802.404434423,47,22.45320000000001
2,49,935012.7998205305,6848802.404434423,48,20.62687964527717
2,40,932737.3998222824,6847314.2044352,1,8.316000000000004
2,40,932737.3998222824,6847314.2044352,2,8.594533185532155
2,40,932737.3998222824,6847314.2044352,3,9.355500000000006
2,40,932737.3998222824,6847314.2044352,4,10.395000000000005
2,40,932737.3998222824,6847314.2044352,5,11.434500000000007
2,40,932737.3998222824,6847314.2044352,6,12.195466814467855
2,40,932737.3998222824,6847314.2044352,7,12.474000000000006
2,40,932737.3998222824,6847314.2044352,8,12.195466814467855
2,40,932737.3998222824,6847314.2044352,9,11.434500000000007
2,40,932737.3998222824,6847314.2044352,10,10.395000000000005
2,40,932737.3998222824,6847314.2044352,11,9.355500000000006
2,40,932737.3998222824,6847314.2044352,12,8.594533185532155
2,40,932737.3998222824,6847314.2044352,13,8.316000000000004
2,40,932737.3998222824,6847314.2044352,14,8.594533185532155
2,40,932737.3998222824,6847314.2044352,15,9.355500000000006
2,40,932737.3998222824,6847314.2044352,16,10.395000000000005
2,40,932737.3998222824,6847314.2044352,17,11.434500000000007
2,40,932737.3998222824,6847314.2044352,18,12.195466814467855
2,40,932737.3998222824,6847314.2044352,19,12.474000000000006
2,40,932737.3998222824,6847314.2044352,20,12.195466814467855
2,40,932737.3998222824,6847314.2044352,21,11.434500000000007
2,40,932737.3998222824,6847314.2044352,22,10.395000000000005
2,40,932737.3998222824,6847314.2044352,23,9.355500000000006
2,40,932737.3998222824,6847314.2044352,24,8.594533185532155
2,40,932737.3998222824,6847314.2044352,25,8.316000000000004
2,40,932737.3998222824,6847314.2044352,26,8.594533185532155
2,40,932737.3998222824,6847314.2044352,27,9.355500000000006
2,40,932737.3998222824,6847314.2044352,28,10.395000000000005
2,40,932737.3998222824,6847314.2044352,29,11.434500000000007
2,40,932737.3998222824,6847314.2044352,30,12.195466814467855
2,40,932737.3998222824,6847314.2044352,31,12.474000000000006
2,40,932737.3998222824,6847314.2044352,32,12.195466814467855
2,40,932737.3998222824,6847314.2044352,33,11.434500000000007
2,40,932737.3998222824,6847314.2044352,34,10.395000000000005
2,40,932737.3998222824,6847314.2044352,35,9.355500000000006
2,40,932737.3998222824,6847314.2044352,36,8.594533185532155
2,40,932737.3998222824,6847314.2044352,37,8.316000000000004
2,40,932737.3998222824,6847314.2044352,38,8.594533185532155
2,40,932737.3998222824,6847314.2044352,39,9.355500000000006
2,40,932737.3998222824,6847314.2044352,40,10.395000000000005
2,40,932737.3998222824,6847314.2044352,41,11.434500000000007
2,40,932737.3998222824,6847314.2044352,42,12.195466814467855
2,40,932737.3998222824,6847314.2044352,43,12.474000000000006
2,40,932737.3998222824,6847314.2044352,44,12.195466814467855
2,40,932737.3998222824,6847314.2044352,45,11.434500000000007
2,40,932737.3998222824,6847314.2044352,46,10.395000000000005
2,40,932737.3998222824,6847314.2044352,47,9.355500000000006
2,40,932737.3998222824,6847314.2044352,48,8.594533185532155
2,1,933761.3998214833,6849018.604434323,1,7.484400000000004
2,1,933761.3998214833,6849018.604434323,2,7.73507986697894
2,1,933761.3998214833,6849018.604434323,3,8.419950000000005
2,1,933761.3998214833,6849018.604434323,4,9.355500000000005
2,1,933761.3998214833,6849018.604434323,5,10.291050000000007
2,1,933761.3998214833,6849018.604434323,6,10.97592013302107
2,1,933761.3998214833,6849018.604434323,7,11.226600000000005
2,1,933761.3998214833,6849018.604434323,8,10.97592013302107
2,1,933761.3998214833,6849018.604434323,9,10.291050000000007
2,1,933761.3998214833,6849018.604434323,10,9.355500000000005
2,1,933761.3998214833,6849018.604434323,11,8.419950000000005
2,1,933761.3998214833,6849018.604434323,12,7.73507986697894
2,1,933761.3998214833,6849018.604434323,13,7.484400000000004
2,1,933761.3998214833,6849018.604434323,14,7.73507986697894
2,1,933761.3998214833,6849018.604434323,15,8.419950000000005
2,1,933761.3998214833,6849018.604434323,16,9.355500000000005
2,1,933761.3998214833,6849018.604434323,17,10.291050000000007
2,1,933761.3998214833,6849018.604434323,18,10.97592013302107
2,1,933761.3998214833,6849018.604434323,19,11.226600000000005
2,1,933761.3998214833,6849018.604434323,20,10.97592013302107
2,1,933761.3998214833,6849018.604434323,21,10.291050000000007
2,1,933761.3998214833,6849018.604434323,22,9.355500000000005
2,1,933761.3998214833,6849018.604434323,23,8.419950000000005
2,1,933761.3998214833,6849018.604434323,24,7.73507986697894
2,1,933761.3998214833,6849018.604434323,25,7.484400000000004
2,1,933761.3998214833,6849018.604434323,26,7.73507986697894
2,1,933761.3998214833,6849018.604434323,27,8.419950000000005
2,1,933761.3998214833,6849018.604434323,28,9.355500000000005
2,1,933761.3998214833,6849018.604434323,29,10.291050000000007
2,1,933761.3998214833,6849018.604434323,30,10.97592013302107
2,1,933761.3998214833,6849018.604434323,31,11.226600000000005
2,1,933761.3998214833,6849018.604434323,32,10.97592013302107
2,1,933761.3998214833,6849018.604434323,33,10.291050000000007
2,1,933761.3998214833,6849018.604434323,34,9.355500000000005
2,1,933761.3998214833,6849018.604434323,35,8.419950000000005
2,1,933761.3998214833,6849018.604434323,36,7.73507986697894
2,1,933761.3998214833,6849018.604434323,37,7.484400000000004
2,1,933761.3998214833,6849018.604434323,38,7.73507986697894
2,1,933761.3998214833,6849018.604434323,39,8.419950000000005
2,1,933761.3998214833,6849018.604434323,40,9.355500000000005
2,1,933761.3998214833,6849018.604434323,41,10.291050000000007
2,1,933761.3998214833,6849018.604434323,42,10.97592013302107
2,1,933761.3998214833,6849018.604434323,43,11.226600000000005
2,1,933761.3998214833,6849018.604434323,44,10.97592013302107
2,1,933761.3998214833,6849018.604434323,45,10.291050000000007
2,1,933761.3998214833,6849018.604434323,46,9.355500000000005
2,1,933761.3998214833,6849018.604434323,47,8.419950000000005
2,1,933761.3998214833,6849018.604434323,48,7.73507986697894
2,80,934194.8998211797,6846378.104435661,1,19.958400000000005
2,80,934194.8998211797,6846378.104435661,2,20.62687964527717
2,80,934194.8998211797,6846378.104435661,3,22.45320000000001
2,80,934194.8998211797,6846378.104435661,4,24.94800000000001
2,80,934194.8998211797,6846378.104435661,5,27.44280000000002
2,80,934194.8998211797,6846378.104435661,6,29.269120354722848
2,80,934194.8998211797,6846378.104435661,7,29.93760000000001
2,80,934194.8998211797,6846378.104435661,8,29.269120354722848
2,80,934194.8998211797,6846378.104435661,9,27.44280000000002
2,80,934194.8998211797,6846378.104435661,10,24.94800000000001
2,80,934194.8998211797,6846378.104435661,11,22.45320000000001
2,80,934194.8998211797,6846378.104435661,12,20.62687964527717
2,80,934194.8998211797,6846378.104435661,13,19.958400000000005
2,80,934194.8998211797,6846378.104435661,14,20.62687964527717
2,80,934194.8998211797,6846378.104435661,15,22.45320000000001
2,80,934194.8998211797,6846378.104435661,16,24.94800000000001
2,80,934194.8998211797,6846378.104435661,17,27.44280000000002
2,80,934194.8998211797,6846378.104435661,18,29.269120354722848
2,80,934194.8998211797,6846378.104435661,19,29.93760000000001
2,80,934194.8998211797,6846378.104435661,20,29.269120354722848
2,80,934194.8998211797,6846378.104435661,21,27.44280000000002
2,80,934194.8998211797,6846378.104435661,22,24.94800000000001
2,80,934194.8998211797,6846378.104435661,23,22.45320000000001
2,80,934194.8998211797,6846378.104435661,24,20.62687964527717
2,80,934194.8998211797,6846378.104435661,25,19.958400000000005
2,80,934194.8998211797,6846378.104435661,26,20.62687964527717
2,80,934194.8998211797,6846378.104435661,27,22.45320000000001
2,80,934194.8998211797,6846378.104435661,28,24.94800000000001
2,80,934194.8998211797,6846378.104435661,29,27.44280000000002
2,80,934194.8998211797,6846378.104435661,30,29.269120354722848
2,80,934194.8998211797,6846378.104435661,31,29.93760000000001
2,80,934194.8998211797,6846378.104435661,32,29.269120354722848
2,80,934194.8998211797,6846378.104435661,33,27.44280000000002
2,80,934194.8998211797,6846378.104435661,34,24.94800000000001
2,80,934194.8998211797,6846378.104435661,35,22.45320000000001
2,80,934194.8998211797,6846378.104435661,36,20.62687964527717
2,80,934194.8998211797,6846378.104435661,37,19.958400000000005
2,80,934194.8998211797,6846378.104435661,38,20.62687964527717
2,80,934194.8998211797,6846378.104435661,39,22.45320000000001
2,80,934194.8998211797,6846378.104435661,40,24.94800000000001
2,80,934194.8998211797,6846378.104435661,41,27.44280000000002
2,80,934194.8998211797,6846378.104435661,42,29.269120354722848
2,80,934194.8998211797,6846378.104435661,43,29.93760000000001
2,80,934194.8998211797,6846378.104435661,44,29.269120354722848
2,80,934194.8998211797,6846378.104435661,45,27.44280000000002
2,80,934194.8998211797,6846378.104435661,46,24.94800000000001
2,80,934194.8998211797,6846378.104435661,47,22.45320000000001
2,80,934194.8998211797,6846378.104435661,48,20.62687964527717
2,17,934313.499821071,6848126.304434771,1,18.29520000000001
2,17,934313.499821071,6848126.304434771,2,18.907973008170742
2,17,934313.499821071,6848126.304434771,3,20.582100000000008
2,17,934313.499821071,6848126.304434771,4,22.86900000000001
2,17,934313.499821071,6848126.304434771,5,25.155900000000017
2,17,934313.499821071,6848126.304434771,6,26.83002699182928
2,17,934313.499821071,6848126.304434771,7,27.44280000000001
2,17,934313.499821071,6848126.304434771,8,26.83002699182928
2,17,934313.499821071,6848126.304434771,9,25.155900000000017
2,17,934313.499821071,6848126.304434771,10,22.86900000000001
2,17,934313.499821071,6848126.304434771,11,20.582100000000008
2,17,934313.499821071,6848126.304434771,12,18.907973008170742
2,17,934313.499821071,6848126.304434771,13,18.29520000000001
2,17,934313.499821071,6848126.304434771,14,18.907973008170742
2,17,934313.499821071,6848126.304434771,15,20.582100000000008
2,17,934313.499821071,6848126.304434771,16,22.86900000000001
2,17,934313.499821071,6848126.304434771,17,25.155900000000017
2,17,934313.499821071,6848126.304434771,18,26.83002699182928
2,17,934313.499821071,6848126.304434771,19,27.44280000000001
2,17,934313.499821071,6848126.304434771,20,26.83002699182928
2,17,934313.499821071,6848126.304434771,21,25.155900000000017
2,17,934313.499821071,6848126.304434771,22,22.86900000000001
2,17,934313.499821071,6848126.304434771,23,20.582100000000008
2,17,934313.499821071,6848126.304434771,24,18.907973008170742
2,17,934313.499821071,6848126.304434771,25,18.29520000000001
2,17,934313.499821071,6848126.304434771,26,18.907973008170742
2,17,934313.499821071,6848126.304434771,27,20.582100000000008
2,17,934313.499821071,6848126.304434771,28,22.86900000000001
2,17,934313.499821071,6848126.304434771,29,25.155900000000017
2,17,934313.499821071,6848126.304434771,30,26.83002699182928
2,17,934313.499821071,6848126.304434771,31,27.44280000000001
2,17,934313.499821071,6848126.304434771,32,26.83002699182928
2,17,934313.499821071,6848126.304434771,33,25.155900000000017
2,17,934313.499821071,6848126.304434771,34,22.86900000000001
2,17,934313.499821071,6848126.304434771,35,20.582100000000008
2,17,934313.499821071,6848126.304434771,36,18.907973008170742
2,17,934313.499821071,6848126.304434771,37,18.29520000000001
2,17,934313.499821071,6848126.304434771,38,18.907973008170742
2,17,934313.499821071,6848126.304434771,39,20.582100000000008
2,17,934313.499821071,6848126.304434771,40,22.86900000000001
2,17,934313.499821071,6848126.304434771,41,25.155900000000017
2,17,934313.499821071,6848126.304434771,42,26.83002699182928
2,17,934313.499821071,6848126.304434771,43,27.44280000000001
2,17,934313.499821071,6848126.304434771,44,26.83002699182928
2,17,934313.499821071,6848126.304434771,45,25.155900000000017
2,17,934313.499821071,6848126.304434771,46,22.86900000000001
2,17,934313.499821071,6848126.304434771,47,20.582100000000008
2,17,934313.499821071,6848126.304434771,48,18.907973008170742
2,41,934604.5998208483,6848166.104434751,1,13.305600000000009
2,41,934604.5998208483,6848166.104434751,2,13.75125309685145
2,41,934604.5998208483,6848166.104434751,3,14.968800000000009
2,41,934604.5998208483,6848166.104434751,4,16.63200000000001
2,41,934604.5998208483,6848166.104434751,5,18.29520000000001
2,41,934604.5998208483,6848166.104434751,6,19.512746903148564
2,41,934604.5998208483,6848166.104434751,7,19.95840000000001
2,41,934604.5998208483,6848166.104434751,8,19.512746903148564
2,41,934604.5998208483,6848166.104434751,9,18.29520000000001
2,41,934604.5998208483,6848166.104434751,10,16.63200000000001
2,41,934604.5998208483,6848166.104434751,11,14.968800000000009
2,41,934604.5998208483,6848166.104434751,12,13.75125309685145
2,41,934604.5998208483,6848166.104434751,13,13.305600000000009
2,41,934604.5998208483,6848166.104434751,14,13.75125309685145
2,41,934604.5998208483,6848166.104434751,15,14.968800000000009
2,41,934604.5998208483,6848166.104434751,16,16.63200000000001
2,41,934604.5998208483,6848166.104434751,17,18.29520000000001
2,41,934604.5998208483,6848166.104434751,18,19.512746903148564
2,41,934604.5998208483,6848166.104434751,19,19.95840000000001
2,41,934604.5998208483,6848166.104434751,20,19.512746903148564
2,41,934604.5998208483,6848166.104434751,21,18.29520000000001
2,41,934604.5998208483,6848166.104434751,22,16.63200000000001
2,41,934604.5998208483,6848166.104434751,23,14.968800000000009
2,41,934604.5998208483,6848166.104434751,24,13.75125309685145
2,41,934604.5998208483,6848166.104434751,25,13.305600000000009
2,41,934604.5998208483,6848166.104434751,26,13.75125309685145
2,41,934604.5998208483,6848166.104434751,27,14.968800000000009
2,41,934604.5998208483,6848166.104434751,28,16.63200000000001
2,41,934604.5998208483,6848166.104434751,29,18.29520000000001
2,41,934604.5998208483,6848166.104434751,30,19.512746903148564
2,41,934604.5998208483,6848166.104434751,31,19.95840000000001
2,41,934604.5998208483,6848166.104434751,32,19.512746903148564
2,41,934604.5998208483,6848166.104434751,33,18.29520000000001
2,41,934604.5998208483,6848166.104434751,34,16.63200000000001
2,41,934604.5998208483,6848166.104434751,35,14.968800000000009
2,41,934604.5998208483,6848166.104434751,36,13.75125309685145
2,41,934604.5998208483,6848166.104434751,37,13.305600000000009
2,41,934604.5998208483,6848166.104434751,38,13.75125309685145
2,41,934604.5998208483,6848166.104434751,39,14.968800000000009
2,41,934604.5998208483,6848166.104434751,40,16.63200000000001
2,41,934604.5998208483,6848166.104434751,41,18.29520000000001
2,41,934604.5998208483,6848166.104434751,42,19.512746903148564
2,41,934604.5998208483,6848166.104434751,43,19.95840000000001
2,41,934604.5998208483,6848166.104434751,44,19.512746903148564
2,41,934604.5998208483,6848166.104434751,45,18.29520000000001
2,41,934604.5998208483,6848166.104434751,46,16.63200000000001
2,41,934604.5998208483,6848166.104434751,47,14.968800000000009
2,41,934604.5998208483,6848166.104434751,48,13.75125309685145
2,38,933906.9998213904,6847232.504435231,1,57.38040000000004
2,38,933906.9998213904,6847232.504435231,2,59.30227898017189
2,38,933906.9998213904,6847232.504435231,3,64.55295000000002
2,38,933906.9998213904,6847232.504435231,4,71.72550000000005
2,38,933906.9998213904,6847232.504435231,5,78.89805000000005
2,38,933906.9998213904,6847232.504435231,6,84.1487210198282
2,38,933906.9998213904,6847232.504435231,7,86.07060000000004
2,38,933906.9998213904,6847232.504435231,8,84.1487210198282
2,38,933906.9998213904,6847232.504435231,9,78.89805000000005
2,38,933906.9998213904,6847232.504435231,10,71.72550000000005
2,38,933906.9998213904,6847232.504435231,11,64.55295000000002
2,38,933906.9998213904,6847232.504435231,12,59.30227898017189
2,38,933906.9998213904,6847232.504435231,13,57.38040000000004
2,38,933906.9998213904,6847232.504435231,14,59.30227898017189
2,38,933906.9998213904,6847232.504435231,15,64.55295000000002
2,38,933906.9998213904,6847232.504435231,16,71.72550000000005
2,38,933906.9998213904,6847232.504435231,17,78.89805000000005
2,38,933906.9998213904,6847232.504435231,18,84.1487210198282
2,38,933906.9998213904,6847232.504435231,19,86.07060000000004
2,38,933906.9998213904,6847232.504435231,20,84.1487210198282
2,38,933906.9998213904,6847232.504435231,21,78.89805000000005
2,38,933906.9998213904,6847232.504435231,22,71.72550000000005
2,38,933906.9998213904,6847232.504435231,23,64.55295000000002
2,38,933906.9998213904,6847232.504435231,24,59.30227898017189
2,38,933906.9998213904,6847232.504435231,25,57.38040000000004
2,38,933906.9998213904,6847232.504435231,26,59.30227898017189
2,38,933906.9998213904,6847232.504435231,27,64.55295000000002
2,38,933906.9998213904,6847232.504435231,28,71.72550000000005
2,38,933906.9998213904,6847232.504435231,29,78.89805000000005
2,38,933906.9998213904,6847232.504435231,30,84.1487210198282
2,38,933906.9998213904,6847232.504435231,31,86.07060000000004
2,38,933906.9998213904,6847232.504435231,32,84.1487210198282
2,38,933906.9998213904,6847232.504435231,33,78.89805000000005
2,38,933906.9998213904,6847232.504435231,34,71.72550000000005
2,38,933906.9998213904,6847232.504435231,35,64.55295000000002
2,38,933906.9998213904,6847232.504435231,36,59.30227898017189
2,38,933906.9998213904,6847232.504435231,37,57.38040000000004
2,38,933906.9998213904,6847232.504435231,38,59.30227898017189
2,38,933906.9998213904,6847232.504435231,39,64.55295000000002
2,38,933906.9998213904,6847232.504435231,40,71.72550000000005
2,38,933906.9998213904,6847232.504435231,41,78.89805000000005
2,38,933906.9998213904,6847232.504435231,42,84.1487210198282
2,38,933906.9998213904,6847232.504435231,43,86.07060000000004
2,38,933906.9998213904,6847232.504435231,44,84.1487210198282
2,38,933906.9998213904,6847232.504435231,45,78.89805000000005
2,38,933906.9998213904,6847232.504435231,46,71.72550000000005
2,38,933906.9998213904,6847232.504435231,47,64.55295000000002
2,38,933906.9998213904,6847232.504435231,48,59.30227898017189
2,7,933780.291513979,6846818.296141294,1,1.663200000000001
2,7,933780.291513979,6846818.296141294,2,1.7189066371064312
2,7,933780.291513979,6846818.296141294,3,1.8711000000000009
2,7,933780.291513979,6846818.296141294,4,2.079000000000001
2,7,933780.291513979,6846818.296141294,5,2.2869000000000015
2,7,933780.291513979,6846818.296141294,6,2.439093362893571
2,7,933780.291513979,6846818.296141294,7,2.494800000000001
2,7,933780.291513979,6846818.296141294,8,2.439093362893571
2,7,933780.291513979,6846818.296141294,9,2.2869000000000015
2,7,933780.291513979,6846818.296141294,10,2.079000000000001
2,7,933780.291513979,6846818.296141294,11,1.8711000000000009
2,7,933780.291513979,6846818.296141294,12,1.7189066371064312
2,7,933780.291513979,6846818.296141294,13,1.663200000000001
2,7,933780.291513979,6846818.296141294,14,1.7189066371064312
2,7,933780.291513979,6846818.296141294,15,1.8711000000000009
2,7,933780.291513979,6846818.296141294,16,2.079000000000001
2,7,933780.291513979,6846818.296141294,17,2.2869000000000015
2,7,933780.291513979,6846818.296141294,18,2.439093362893571
2,7,933780.291513979,6846818.296141294,19,2.494800000000001
2,7,933780.291513979,6846818.296141294,20,2.439093362893571
2,7,933780.291513979,6846818.296141294,21,2.2869000000000015
2,7,933780.291513979,6846818.296141294,22,2.079000000000001
2,7,933780.291513979,6846818.296141294,23,1.8711000000000009
2,7,933780.291513979,6846818.296141294,24,1.7189066371064312
2,7,933780.291513979,6846818.296141294,25,1.663200000000001
2,7,933780.291513979,6846818.296141294,26,1.7189066371064312
2,7,933780.291513979,6846818.296141294,27,1.8711000000000009
2,7,933780.291513979,6846818.296141294,28,2.079000000000001
2,7,933780.291513979,6846818.296141294,29,2.2869000000000015
2,7,933780.291513979,6846818.296141294,30,2.439093362893571
2,7,933780.291513979,6846818.296141294,31,2.494800000000001
2,7,933780.291513979,6846818.296141294,32,2.439093362893571
2,7,933780.291513979,6846818.296141294,33,2.2869000000000015
2,7,933780.291513979,6846818.296141294,34,2.079000000000001
2,7,933780.291513979,6846818.296141294,35,1.8711000000000009
2,7,933780.291513979,6846818.296141294,36,1.7189066371064312
2,7,933780.291513979,6846818.296141294,37,1.663200000000001
2,7,933780.291513979,6846818.296141294,38,1.7189066371064312
2,7,933780.291513979,6846818.296141294,39,1.8711000000000009
2,7,933780.291513979,6846818.296141294,40,2.079000000000001
2,7,933780.291513979,6846818.296141294,41,2.2869000000000015
2,7,933780.291513979,6846818.296141294,42,2.439093362893571
2,7,933780.291513979,6846818.296141294,43,2.494800000000001
2,7,933780.291513979,6846818.296141294,44,2.439093362893571
2,7,933780.291513979,6846818.296141294,45,2.2869000000000015
2,7,933780.291513979,6846818.296141294,46,2.079000000000001
2,7,933780.291513979,6846818.296141294,47,1.8711000000000009
2,7,933780.291513979,6846818.296141294,48,1.7189066371064312
2,9,935423.408715666,6848507.683366759,5,18.29520000000001
2,9,935423.408715666,6848507.683366759,6,19.512746903148567
2,9,935423.408715666,6848507.683366759,7,19.958400000000008
2,9,935423.408715666,6848507.683366759,8,19.512746903148567
2,9,935423.408715666,6848507.683366759,9,18.29520000000001
2,9,935423.408715666,6848507.683366759,10,16.63200000000001
2,9,935423.408715666,6848507.683366759,11,14.968800000000009
2,9,935423.408715666,6848507.683366759,12,13.75125309685145
2,9,935423.408715666,6848507.683366759,13,13.305600000000007
2,9,935423.408715666,6848507.683366759,14,13.75125309685145
2,9,935423.408715666,6848507.683366759,15,14.968800000000009
2,9,935423.408715666,6848507.683366759,16,16.63200000000001
2,9,935423.408715666,6848507.683366759,17,18.29520000000001
2,9,935423.408715666,6848507.683366759,18,19.512746903148567
2,9,935423.408715666,6848507.683366759,19,19.958400000000008
2,9,935423.408715666,6848507.683366759,20,19.512746903148567
2,9,935423.408715666,6848507.683366759,21,18.29520000000001
2,9,935423.408715666,6848507.683366759,22,16.63200000000001
2,9,935423.408715666,6848507.683366759,23,14.968800000000009
2,9,935423.408715666,6848507.683366759,24,13.75125309685145
2,9,935423.408715666,6848507.683366759,25,13.305600000000007
2,9,935423.408715666,6848507.683366759,26,13.75125309685145
2,9,935423.408715666,6848507.683366759,27,14.968800000000009
2,9,935423.408715666,6848507.683366759,28,16.63200000000001
2,9,935423.408715666,6848507.683366759,29,18.29520000000001
2,9,935423.408715666,6848507.683366759,30,19.512746903148567
2,9,935423.408715666,6848507.683366759,31,19.958400000000008
2,9,935423.408715666,6848507.683366759,32,19.512746903148567
2,9,935423.408715666,6848507.683366759,33,18.29520000000001
2,9,935423.408715666,6848507.683366759,34,16.63200000000001
2,9,935423.408715666,6848507.683366759,35,14.968800000000009
2,9,935423.408715666,6848507.683366759,36,13.75125309685145
2,9,935423.408715666,6848507.683366759,37,13.305600000000007
2,9,935423.408715666,6848507.683366759,38,13.75125309685145
2,9,935423.408715666,6848507.683366759,39,14.968800000000009
2,9,935423.408715666,6848507.683366759,40,16.63200000000001
2,9,935423.408715666,6848507.683366759,41,18.29520000000001
2,9,935423.408715666,6848507.683366759,42,19.512746903148567
2,9,935423.408715666,6848507.683366759,43,19.958400000000008
2,9,935423.408715666,6848507.683366759,44,19.512746903148567
2,9,935423.408715666,6848507.683366759,45,18.29520000000001
2,9,935423.408715666,6848507.683366759,46,16.63200000000001
2,9,935423.408715666,6848507.683366759,47,14.968800000000009
2,9,935423.408715666,6848507.683366759,48,13.75125309685145
2,8,932794.3604016128,6848981.7958182,1,73.18080000000005
2,8,932794.3604016128,6848981.7958182,2,75.63189203268298
2,8,932794.3604016128,6848981.7958182,3,82.32840000000004
2,8,932794.3604016128,6848981.7958182,4,91.47600000000006
2,8,932794.3604016128,6848981.7958182,5,100.62360000000005
2,8,932794.3604016128,6848981.7958182,6,107.32010796731711
2,8,932794.3604016128,6848981.7958182,7,109.77120000000005
2,8,932794.3604016128,6848981.7958182,8,107.32010796731711
2,8,932794.3604016128,6848981.7958182,9,100.62360000000005
2,8,932794.3604016128,6848981.7958182,10,91.47600000000006
2,8,932794.3604016128,6848981.7958182,11,82.32840000000004
2,8,932794.3604016128,6848981.7958182,12,75.63189203268298
2,8,932794.3604016128,6848981.7958182,13,73.18080000000005
2,8,932794.3604016128,6848981.7958182,14,75.63189203268298
2,8,932794.3604016128,6848981.7958182,15,82.32840000000004
2,8,932794.3604016128,6848981.7958182,16,91.47600000000006
2,8,932794.3604016128,6848981.7958182,17,100.62360000000005
2,8,932794.3604016128,6848981.7958182,18,107.32010796731711
2,8,932794.3604016128,6848981.7958182,19,109.77120000000005
2,8,932794.3604016128,6848981.7958182,20,107.32010796731711
2,8,932794.3604016128,6848981.7958182,21,100.62360000000005
2,8,932794.3604016128,6848981.7958182,22,91.47600000000006
2,8,932794.3604016128,6848981.7958182,23,82.32840000000004
2,8,932794.3604016128,6848981.7958182,24,75.63189203268298
2,8,932794.3604016128,6848981.7958182,25,73.18080000000005
2,8,932794.3604016128,6848981.7958182,26,75.63189203268298
2,8,932794.3604016128,6848981.7958182,27,82.32840000000004
2,8,932794.3604016128,6848981.7958182,28,91.47600000000006
2,8,932794.3604016128,6848981.7958182,29,100.62360000000005
2,8,932794.3604016128,6848981.7958182,30,107.32010796731711
2,8,932794.3604016128,6848981.7958182,31,109.77120000000005
2,8,932794.3604016128,6848981.7958182,32,107.32010796731711
2,8,932794.3604016128,6848981.7958182,33,100.62360000000005
2,8,932794.3604016128,6848981.7958182,34,91.47600000000006
2,8,932794.3604016128,6848981.7958182,35,82.32840000000004
2,8,932794.3604016128,6848981.7958182,36,75.63189203268298
2,8,932794.3604016128,6848981.7958182,37,73.18080000000005
2,8,932794.3604016128,6848981.7958182,38,75.63189203268298
2,8,932794.3604016128,6848981.7958182,39,82.32840000000004
2,8,932794.3604016128,6848981.7958182,40,91.47600000000006
2,8,932794.3604016128,6848981.7958182,41,100.62360000000005
2,8,932794.3604016128,6848981.7958182,42,107.32010796731711
2,8,932794.3604016128,6848981.7958182,43,109.77120000000005
2,8,932794.3604016128,6848981.7958182,44,107.32010796731711
2,8,932794.3604016128,6848981.7958182,45,100.62360000000005
2,8,932794.3604016128,6848981.7958182,46,91.47600000000006
2,8,932794.3604016128,6848981.7958182,47,82.32840000000004
2,8,932794.3604016128,6848981.7958182,48,75.63189203268298
2,14,934219.8512487066,6847970.932334671,1,11.642400000000007
2,14,934219.8512487066,6847970.932334671,2,12.03234645974502
2,14,934219.8512487066,6847970.932334671,3,13.097700000000007
2,14,934219.8512487066,6847970.932334671,4,14.553000000000006
2,14,934219.8512487066,6847970.932334671,5,16.008300000000013
2,14,934219.8512487066,6847970.932334671,6,17.073653540254995
2,14,934219.8512487066,6847970.932334671,7,17.463600000000007
2,14,934219.8512487066,6847970.932334671,8,17.073653540254995
2,14,934219.8512487066,6847970.932334671,9,16.008300000000013
2,14,934219.8512487066,6847970.932334671,10,14.553000000000006
2,14,934219.8512487066,6847970.932334671,11,13.097700000000007
2,14,934219.8512487066,6847970.932334671,12,12.03234645974502
2,14,934219.8512487066,6847970.932334671,13,11.642400000000007
2,14,934219.8512487066,6847970.932334671,14,12.03234645974502
2,14,934219.8512487066,6847970.932334671,15,13.097700000000007
2,14,934219.8512487066,6847970.932334671,16,14.553000000000006
2,14,934219.8512487066,6847970.932334671,17,16.008300000000013
2,14,934219.8512487066,6847970.932334671,18,17.073653540254995
2,14,934219.8512487066,6847970.932334671,19,17.463600000000007
2,14,934219.8512487066,6847970.932334671,20,17.073653540254995
2,14,934219.8512487066,6847970.932334671,21,16.008300000000013
2,14,934219.8512487066,6847970.932334671,22,14.553000000000006
2,14,934219.8512487066,6847970.932334671,23,13.097700000000007
2,14,934219.8512487066,6847970.932334671,24,12.03234645974502
2,14,934219.8512487066,6847970.932334671,25,11.642400000000007
2,14,934219.8512487066,6847970.932334671,26,12.03234645974502
2,14,934219.8512487066,6847970.932334671,27,13.097700000000007
2,14,934219.8512487066,6847970.932334671,28,14.553000000000006
2,14,934219.8512487066,6847970.932334671,29,16.008300000000013
2,14,934219.8512487066,6847970.932334671,30,17.073653540254995
2,14,934219.8512487066,6847970.932334671,31,17.463600000000007
2,14,934219.8512487066,6847970.932334671,32,17.073653540254995
2,14,934219.8512487066,6847970.932334671,33,16.008300000000013
2,14,934219.8512487066,6847970.932334671,34,14.553000000000006
2,14,934219.8512487066,6847970.932334671,35,13.097700000000007
2,14,934219.8512487066,6847970.932334671,36,12.03234645974502
2,14,934219.8512487066,6847970.932334671,37,11.642400000000007
2,14,934219.8512487066,6847970.932334671,38,12.03234645974502
2,14,934219.8512487066,6847970.932334671,39,13.097700000000007
2,14,934219.8512487066,6847970.932334671,40,14.553000000000006
2,14,934219.8512487066,6847970.932334671,41,16.008300000000013
2,14,934219.8512487066,6847970.932334671,42,17.073653540254995
2,14,934219.8512487066,6847970.932334671,43,17.463600000000007
2,14,934219.8512487066,6847970.932334671,44,17.073653540254995
2,14,934219.8512487066,6847970.932334671,45,16.008300000000013
2,14,934219.8512487066,6847970.932334671,46,14.553000000000006
2,14,934219.8512487066,6847970.932334671,47,13.097700000000007
2,14,934219.8512487066,6847970.932334671,48,12.03234645974502
2,71,933466.5998217198,6847887.004434904,1,12.474000000000007
2,71,933466.5998217198,6847887.004434904,2,12.891799778298234
2,71,933466.5998217198,6847887.004434904,3,14.03325000000001
2,71,933466.5998217198,6847887.004434904,4,15.592500000000006
2,71,933466.5998217198,6847887.004434904,5,17.15175000000001
2,71,933466.5998217198,6847887.004434904,6,18.293200221701785
2,71,933466.5998217198,6847887.004434904,7,18.71100000000001
2,71,933466.5998217198,6847887.004434904,8,18.293200221701785
2,71,933466.5998217198,6847887.004434904,9,17.15175000000001
2,71,933466.5998217198,6847887.004434904,10,15.592500000000006
2,71,933466.5998217198,6847887.004434904,11,14.03325000000001
2,71,933466.5998217198,6847887.004434904,12,12.891799778298234
2,71,933466.5998217198,6847887.004434904,13,12.474000000000007
2,71,933466.5998217198,6847887.004434904,14,12.891799778298234
2,71,933466.5998217198,6847887.004434904,15,14.03325000000001
2,71,933466.5998217198,6847887.004434904,16,15.592500000000006
2,71,933466.5998217198,6847887.004434904,17,17.15175000000001
2,71,933466.5998217198,6847887.004434904,18,18.293200221701785
2,71,933466.5998217198,6847887.004434904,19,18.71100000000001
2,71,933466.5998217198,6847887.004434904,20,18.293200221701785
2,71,933466.5998217198,6847887.004434904,21,17.15175000000001
2,71,933466.5998217198,6847887.004434904,22,15.592500000000006
2,71,933466.5998217198,6847887.004434904,23,14.03325000000001
2,71,933466.5998217198,6847887.004434904,24,12.891799778298234
2,71,933466.5998217198,6847887.004434904,25,12.474000000000007
2,71,933466.5998217198,6847887.004434904,26,12.891799778298234
2,71,933466.5998217198,6847887.004434904,27,14.03325000000001
2,71,933466.5998217198,6847887.004434904,28,15.592500000000006
2,71,933466.5998217198,6847887.004434904,29,17.15175000000001
2,71,933466.5998217198,6847887.004434904,30,18.293200221701785
2,71,933466.5998217198,6847887.004434904,31,18.71100000000001
2,71,933466.5998217198,6847887.004434904,32,18.293200221701785
2,71,933466.5998217198,6847887.004434904,33,17.15175000000001
2,71,933466.5998217198,6847887.004434904,34,15.592500000000006
2,71,933466.5998217198,6847887.004434904,35,14.03325000000001
2,71,933466.5998217198,6847887.004434904,36,12.891799778298234
2,71,933466.5998217198,6847887.004434904,37,12.474000000000007
2,71,933466.5998217198,6847887.004434904,38,12.891799778298234
2,71,933466.5998217198,6847887.004434904,39,14.03325000000001
2,71,933466.5998217198,6847887.004434904,40,15.592500000000006
2,71,933466.5998217198,6847887.004434904,41,17.15175000000001
2,71,933466.5998217198,6847887.004434904,42,18.293200221701785
2,71,933466.5998217198,6847887.004434904,43,18.71100000000001
2,71,933466.5998217198,6847887.004434904,44,18.293200221701785
2,71,933466.5998217198,6847887.004434904,45,17.15175000000001
2,71,933466.5998217198,6847887.004434904,46,15.592500000000006
2,71,933466.5998217198,6847887.004434904,47,14.03325000000001
2,71,933466.5998217198,6847887.004434904,48,12.891799778298234
2,47,934432.7998209777,6848335.404434666,1,39.08520000000003
2,47,934432.7998209777,6848335.404434666,2,40.39430597200113
2,47,934432.7998209777,6848335.404434666,3,43.97085000000003
2,47,934432.7998209777,6848335.404434666,4,48.856500000000025
2,47,934432.7998209777,6848335.404434666,5,53.74215000000003
2,47,934432.7998209777,6848335.404434666,6,57.31869402799892
2,47,934432.7998209777,6848335.404434666,7,58.62780000000003
2,47,934432.7998209777,6848335.404434666,8,57.31869402799892
2,47,934432.7998209777,6848335.404434666,9,53.74215000000003
2,47,934432.7998209777,6848335.404434666,10,48.856500000000025
2,47,934432.7998209777,6848335.404434666,11,43.97085000000003
2,47,934432.7998209777,6848335.404434666,12,40.39430597200113
2,47,934432.7998209777,6848335.404434666,13,39.08520000000003
2,47,934432.7998209777,6848335.404434666,14,40.39430597200113
2,47,934432.7998209777,6848335.404434666,15,43.97085000000003
2,47,934432.7998209777,6848335.404434666,16,48.856500000000025
2,47,934432.7998209777,6848335.404434666,17,53.74215000000003
2,47,934432.7998209777,6848335.404434666,18,57.31869402799892
2,47,934432.7998209777,6848335.404434666,19,58.62780000000003
2,47,934432.7998209777,6848335.404434666,20,57.31869402799892
2,47,934432.7998209777,6848335.404434666,21,53.74215000000003
2,47,934432.7998209777,6848335.404434666,22,48.856500000000025
2,47,934432.7998209777,6848335.404434666,23,43.97085000000003
2,47,934432.7998209777,6848335.404434666,24,40.39430597200113
2,47,934432.7998209777,6848335.404434666,25,39.08520000000003
2,47,934432.7998209777,6848335.404434666,26,40.39430597200113
2,47,934432.7998209777,6848335.404434666,27,43.97085000000003
2,47,934432.7998209777,6848335.404434666,28,48.856500000000025
2,47,934432.7998209777,6848335.404434666,29,53.74215000000003
2,47,934432.7998209777,6848335.404434666,30,57.31869402799892
2,47,934432.7998209777,6848335.404434666,31,58.62780000000003
2,47,934432.7998209777,6848335.404434666,32,57.31869402799892
2,47,934432.7998209777,6848335.404434666,33,53.74215000000003
2,47,934432.7998209777,6848335.404434666,34,48.856500000000025
2,47,934432.7998209777,6848335.404434666,35,43.97085000000003
2,47,934432.7998209777,6848335.404434666,36,40.39430597200113
2,47,934432.7998209777,6848335.404434666,37,39.08520000000003
2,47,934432.7998209777,6848335.404434666,38,40.39430597200113
2,47,934432.7998209777,6848335.404434666,39,43.97085000000003
2,47,934432.7998209777,6848335.404434666,40,48.856500000000025
2,47,934432.7998209777,6848335.404434666,41,53.74215000000003
2,47,934432.7998209777,6848335.404434666,42,57.31869402799892
2,47,934432.7998209777,6848335.404434666,43,58.62780000000003
2,47,934432.7998209777,6848335.404434666,44,57.31869402799892
2,47,934432.7998209777,6848335.404434666,45,53.74215000000003
2,47,934432.7998209777,6848335.404434666,46,48.856500000000025
2,47,934432.7998209777,6848335.404434666,47,43.97085000000003
2,47,934432.7998209777,6848335.404434666,48,40.39430597200113
2,56,934204.3998211591,6847660.904435011,1,6.652800000000004
2,56,934204.3998211591,6847660.904435011,2,6.875626548425725
2,56,934204.3998211591,6847660.904435011,3,7.4844000000000035
2,56,934204.3998211591,6847660.904435011,4,8.316000000000004
2,56,934204.3998211591,6847660.904435011,5,9.147600000000006
2,56,934204.3998211591,6847660.904435011,6,9.756373451574284
2,56,934204.3998211591,6847660.904435011,7,9.979200000000004
2,56,934204.3998211591,6847660.904435011,8,9.756373451574284
2,56,934204.3998211591,6847660.904435011,9,9.147600000000006
2,56,934204.3998211591,6847660.904435011,10,8.316000000000004
2,56,934204.3998211591,6847660.904435011,11,7.4844000000000035
2,56,934204.3998211591,6847660.904435011,12,6.875626548425725
2,56,934204.3998211591,6847660.904435011,13,6.652800000000004
2,56,934204.3998211591,6847660.904435011,14,6.875626548425725
2,56,934204.3998211591,6847660.904435011,15,7.4844000000000035
2,56,934204.3998211591,6847660.904435011,16,8.316000000000004
2,56,934204.3998211591,6847660.904435011,17,9.147600000000006
2,56,934204.3998211591,6847660.904435011,18,9.756373451574284
2,56,934204.3998211591,6847660.904435011,19,9.979200000000004
2,56,934204.3998211591,6847660.904435011,20,9.756373451574284
2,56,934204.3998211591,6847660.904435011,21,9.147600000000006
2,56,934204.3998211591,6847660.904435011,22,8.316000000000004
2,56,934204.3998211591,6847660.904435011,23,7.4844000000000035
2,56,934204.3998211591,6847660.904435011,24,6.875626548425725
2,56,934204.3998211591,6847660.904435011,25,6.652800000000004
2,56,934204.3998211591,6847660.904435011,26,6.875626548425725
2,56,934204.3998211591,6847660.904435011,27,7.4844000000000035
2,56,934204.3998211591,6847660.904435011,28,8.316000000000004
2,56,934204.3998211591,6847660.904435011,29,9.147600000000006
2,56,934204.3998211591,6847660.904435011,30,9.756373451574284
2,56,934204.3998211591,6847660.904435011,31,9.979200000000004
2,56,934204.3998211591,6847660.904435011,32,9.756373451574284
2,56,934204.3998211591,6847660.904435011,33,9.147600000000006
2,56,934204.3998211591,6847660.904435011,34,8.316000000000004
2,56,934204.3998211591,6847660.904435011,35,7.4844000000000035
2,56,934204.3998211591,6847660.904435011,36,6.875626548425725
2,56,934204.3998211591,6847660.904435011,37,6.652800000000004
2,56,934204.3998211591,6847660.904435011,38,6.875626548425725
2,56,934204.3998211591,6847660.904435011,39,7.4844000000000035
2,56,934204.3998211591,6847660.904435011,40,8.316000000000004
2,56,934204.3998211591,6847660.904435011,41,9.147600000000006
2,56,934204.3998211591,6847660.904435011,42,9.756373451574284
2,56,934204.3998211591,6847660.904435011,43,9.979200000000004
2,56,934204.3998211591,6847660.904435011,44,9.756373451574284
2,56,934204.3998211591,6847660.904435011,45,9.147600000000006
2,56,934204.3998211591,6847660.904435011,46,8.316000000000004
2,56,934204.3998211591,6847660.904435011,47,7.4844000000000035
2,56,934204.3998211591,6847660.904435011,48,6.875626548425725
2,46,934906.099820619,6848106.204434778,1,18.295200000000012
2,46,934906.099820619,6848106.204434778,2,18.907973008170742
2,46,934906.099820619,6848106.204434778,3,20.58210000000001
2,46,934906.099820619,6848106.204434778,4,22.86900000000001
2,46,934906.099820619,6848106.204434778,5,25.155900000000017
2,46,934906.099820619,6848106.204434778,6,26.83002699182928
2,46,934906.099820619,6848106.204434778,7,27.44280000000001
2,46,934906.099820619,6848106.204434778,8,26.83002699182928
2,46,934906.099820619,6848106.204434778,9,25.155900000000017
2,46,934906.099820619,6848106.204434778,10,22.86900000000001
2,46,934906.099820619,6848106.204434778,11,20.58210000000001
2,46,934906.099820619,6848106.204434778,12,18.907973008170742
2,46,934906.099820619,6848106.204434778,13,18.295200000000012
2,46,934906.099820619,6848106.204434778,14,18.907973008170742
2,46,934906.099820619,6848106.204434778,15,20.58210000000001
2,46,934906.099820619,6848106.204434778,16,22.86900000000001
2,46,934906.099820619,6848106.204434778,17,25.155900000000017
2,46,934906.099820619,6848106.204434778,18,26.83002699182928
2,46,934906.099820619,6848106.204434778,19,27.44280000000001
2,46,934906.099820619,6848106.204434778,20,26.83002699182928
2,46,934906.099820619,6848106.204434778,21,25.155900000000017
2,46,934906.099820619,6848106.204434778,22,22.86900000000001
2,46,934906.099820619,6848106.204434778,23,20.58210000000001
2,46,934906.099820619,6848106.204434778,24,18.907973008170742
2,46,934906.099820619,6848106.204434778,25,18.295200000000012
2,46,934906.099820619,6848106.204434778,26,18.907973008170742
2,46,934906.099820619,6848106.204434778,27,20.58210000000001
2,46,934906.099820619,6848106.204434778,28,22.86900000000001
2,46,934906.099820619,6848106.204434778,29,25.155900000000017
2,46,934906.099820619,6848106.204434778,30,26.83002699182928
2,46,934906.099820619,6848106.204434778,31,27.44280000000001
2,46,934906.099820619,6848106.204434778,32,26.83002699182928
2,46,934906.099820619,6848106.204434778,33,25.155900000000017
2,46,934906.099820619,6848106.204434778,34,22.86900000000001
2,46,934906.099820619,6848106.204434778,35,20.58210000000001
2,46,934906.099820619,6848106.204434778,36,18.907973008170742
2,46,934906.099820619,6848106.204434778,37,18.295200000000012
2,46,934906.099820619,6848106.204434778,38,18.907973008170742
2,46,934906.099820619,6848106.204434778,39,20.58210000000001
2,46,934906.099820619,6848106.204434778,40,22.86900000000001
2,46,934906.099820619,6848106.204434778,41,25.155900000000017
2,46,934906.099820619,6848106.204434778,42,26.83002699182928
2,46,934906.099820619,6848106.204434778,43,27.44280000000001
2,46,934906.099820619,6848106.204434778,44,26.83002699182928
2,46,934906.099820619,6848106.204434778,45,25.155900000000017
2,46,934906.099820619,6848106.204434778,46,22.86900000000001
2,46,934906.099820619,6848106.204434778,47,20.58210000000001
2,46,934906.099820619,6848106.204434778,48,18.907973008170742
2,43,934084.1998212618,6846602.604435545,1,2.4948000000000015
2,43,934084.1998212618,6846602.604435545,2,2.578359955659647
2,43,934084.1998212618,6846602.604435545,3,2.8066500000000016
2,43,934084.1998212618,6846602.604435545,4,3.118500000000002
2,43,934084.1998212618,6846602.604435545,5,3.430350000000002
2,43,934084.1998212618,6846602.604435545,6,3.6586400443403564
2,43,934084.1998212618,6846602.604435545,7,3.7422000000000013
2,43,934084.1998212618,6846602.604435545,8,3.6586400443403564
2,43,934084.1998212618,6846602.604435545,9,3.430350000000002
2,43,934084.1998212618,6846602.604435545,10,3.118500000000002
2,43,934084.1998212618,6846602.604435545,11,2.8066500000000016
2,43,934084.1998212618,6846602.604435545,12,2.578359955659647
2,43,934084.1998212618,6846602.604435545,13,2.4948000000000015
2,43,934084.1998212618,6846602.604435545,14,2.578359955659647
2,43,934084.1998212618,6846602.604435545,15,2.8066500000000016
2,43,934084.1998212618,6846602.604435545,16,3.118500000000002
2,43,934084.1998212618,6846602.604435545,17,3.430350000000002
2,43,934084.1998212618,6846602.604435545,18,3.6586400443403564
2,43,934084.1998212618,6846602.604435545,19,3.7422000000000013
2,43,934084.1998212618,6846602.604435545,20,3.6586400443403564
2,43,934084.1998212618,6846602.604435545,21,3.430350000000002
2,43,934084.1998212618,6846602.604435545,22,3.118500000000002
2,43,934084.1998212618,6846602.604435545,23,2.8066500000000016
2,43,934084.1998212618,6846602.604435545,24,2.578359955659647
2,43,934084.1998212618,6846602.604435545,25,2.4948000000000015
2,43,934084.1998212618,6846602.604435545,26,2.578359955659647
2,43,934084.1998212618,6846602.604435545,27,2.8066500000000016
2,43,934084.1998212618,6846602.604435545,28,3.118500000000002
2,43,934084.1998212618,6846602.604435545,29,3.430350000000002
2,43,934084.1998212618,6846602.604435545,30,3.6586400443403564
2,43,934084.1998212618,6846602.604435545,31,3.7422000000000013
2,43,934084.1998212618,6846602.604435545,32,3.6586400443403564
2,43,934084.1998212618,6846602.604435545,33,3.430350000000002
2,43,934084.1998212618,6846602.604435545,34,3.118500000000002
2,43,934084.1998212618,6846602.604435545,35,2.8066500000000016
2,43,934084.1998212618,6846602.604435545,36,2.578359955659647
2,43,934084.1998212618,6846602.604435545,37,2.4948000000000015
2,43,934084.1998212618,6846602.604435545,38,2.578359955659647
2,43,934084.1998212618,6846602.604435545,39,2.8066500000000016
2,43,934084.1998212618,6846602.604435545,40,3.118500000000002
2,43,934084.1998212618,6846602.604435545,41,3.430350000000002
2,43,934084.1998212618,6846602.604435545,42,3.6586400443403564
2,43,934084.1998212618,6846602.604435545,43,3.7422000000000013
2,43,934084.1998212618,6846602.604435545,44,3.6586400443403564
2,43,934084.1998212618,6846602.604435545,45,3.430350000000002
2,43,934084.1998212618,6846602.604435545,46,3.118500000000002
2,43,934084.1998212618,6846602.604435545,47,2.8066500000000016
2,43,934084.1998212618,6846602.604435545,48,2.578359955659647
2,63,934417.9998210015,6847132.404435275,1,41.58000000000002
2,63,934417.9998210015,6847132.404435275,2,42.972665927660785
2,63,934417.9998210015,6847132.404435275,3,46.77750000000002
2,63,934417.9998210015,6847132.404435275,4,51.97500000000002
2,63,934417.9998210015,6847132.404435275,5,57.172500000000035
2,63,934417.9998210015,6847132.404435275,6,60.97733407233927
2,63,934417.9998210015,6847132.404435275,7,62.37000000000002
2,63,934417.9998210015,6847132.404435275,8,60.97733407233927
2,63,934417.9998210015,6847132.404435275,9,57.172500000000035
2,63,934417.9998210015,6847132.404435275,10,51.97500000000002
2,63,934417.9998210015,6847132.404435275,11,46.77750000000002
2,63,934417.9998210015,6847132.404435275,12,42.972665927660785
2,63,934417.9998210015,6847132.404435275,13,41.58000000000002
2,63,934417.9998210015,6847132.404435275,14,42.972665927660785
2,63,934417.9998210015,6847132.404435275,15,46.77750000000002
2,63,934417.9998210015,6847132.404435275,16,51.97500000000002
2,63,934417.9998210015,6847132.404435275,17,57.172500000000035
2,63,934417.9998210015,6847132.404435275,18,60.97733407233927
2,63,934417.9998210015,6847132.404435275,19,62.37000000000002
2,63,934417.9998210015,6847132.404435275,20,60.97733407233927
2,63,934417.9998210015,6847132.404435275,21,57.172500000000035
2,63,934417.9998210015,6847132.404435275,22,51.97500000000002
2,63,934417.9998210015,6847132.404435275,23,46.77750000000002
2,63,934417.9998210015,6847132.404435275,24,42.972665927660785
2,63,934417.9998210015,6847132.404435275,25,41.58000000000002
2,63,934417.9998210015,6847132.404435275,26,42.972665927660785
2,63,934417.9998210015,6847132.404435275,27,46.77750000000002
2,63,934417.9998210015,6847132.404435275,28,51.97500000000002
2,63,934417.9998210015,6847132.404435275,29,57.172500000000035
2,63,934417.9998210015,6847132.404435275,30,60.97733407233927
2,63,934417.9998210015,6847132.404435275,31,62.37000000000002
2,63,934417.9998210015,6847132.404435275,32,60.97733407233927
2,63,934417.9998210015,6847132.404435275,33,57.172500000000035
2,63,934417.9998210015,6847132.404435275,34,51.97500000000002
2,63,934417.9998210015,6847132.404435275,35,46.77750000000002
2,63,934417.9998210015,6847132.404435275,36,42.972665927660785
2,63,934417.9998210015,6847132.404435275,37,41.58000000000002
2,63,934417.9998210015,6847132.404435275,38,42.972665927660785
2,63,934417.9998210015,6847132.404435275,39,46.77750000000002
2,63,934417.9998210015,6847132.404435275,40,51.97500000000002
2,63,934417.9998210015,6847132.404435275,41,57.172500000000035
2,63,934417.9998210015,6847132.404435275,42,60.97733407233927
2,63,934417.9998210015,6847132.404435275,43,62.37000000000002
2,63,934417.9998210015,6847132.404435275,44,60.97733407233927
2,63,934417.9998210015,6847132.404435275,45,57.172500000000035
2,63,934417.9998210015,6847132.404435275,46,51.97500000000002
2,63,934417.9998210015,6847132.404435275,47,46.77750000000002
2,63,934417.9998210015,6847132.404435275,48,42.972665927660785
2,62,933921.19982138,6847190.704435252,1,9.147600000000006
2,62,933921.19982138,6847190.704435252,2,9.453986504085371
2,62,933921.19982138,6847190.704435252,3,10.291050000000007
2,62,933921.19982138,6847190.704435252,4,11.434500000000003
2,62,933921.19982138,6847190.704435252,5,12.577950000000012
2,62,933921.19982138,6847190.704435252,6,13.415013495914636
2,62,933921.19982138,6847190.704435252,7,13.7214
2,62,933921.19982138,6847190.704435252,8,13.415013495914636
2,62,933921.19982138,6847190.704435252,9,12.577950000000012
2,62,933921.19982138,6847190.704435252,10,11.434500000000003
2,62,933921.19982138,6847190.704435252,11,10.291050000000007
2,62,933921.19982138,6847190.704435252,12,9.453986504085371
2,62,933921.19982138,6847190.704435252,13,9.147600000000006
2,62,933921.19982138,6847190.704435252,14,9.453986504085371
2,62,933921.19982138,6847190.704435252,15,10.291050000000007
2,62,933921.19982138,6847190.704435252,16,11.434500000000003
2,62,933921.19982138,6847190.704435252,17,12.577950000000012
2,62,933921.19982138,6847190.704435252,18,13.415013495914636
2,62,933921.19982138,6847190.704435252,19,13.7214
2,62,933921.19982138,6847190.704435252,20,13.415013495914636
2,62,933921.19982138,6847190.704435252,21,12.577950000000012
2,62,933921.19982138,6847190.704435252,22,11.434500000000003
2,62,933921.19982138,6847190.704435252,23,10.291050000000007
2,62,933921.19982138,6847190.704435252,24,9.453986504085371
2,62,933921.19982138,6847190.704435252,25,9.147600000000006
2,62,933921.19982138,6847190.704435252,26,9.453986504085371
2,62,933921.19982138,6847190.704435252,27,10.291050000000007
2,62,933921.19982138,6847190.704435252,28,11.434500000000003
2,62,933921.19982138,6847190.704435252,29,12.577950000000012
2,62,933921.19982138,6847190.704435252,30,13.415013495914636
2,62,933921.19982138,6847190.704435252,31,13.7214
2,62,933921.19982138,6847190.704435252,32,13.415013495914636
2,62,933921.19982138,6847190.704435252,33,12.577950000000012
2,62,933921.19982138,6847190.704435252,34,11.434500000000003
2,62,933921.19982138,6847190.704435252,35,10.291050000000007
2,62,933921.19982138,6847190.704435252,36,9.453986504085371
2,62,933921.19982138,6847190.704435252,37,9.147600000000006
2,62,933921.19982138,6847190.704435252,38,9.453986504085371
2,62,933921.19982138,6847190.704435252,39,10.291050000000007
2,62,933921.19982138,6847190.704435252,40,11.434500000000003
2,62,933921.19982138,6847190.704435252,41,12.577950000000012
2,62,933921.19982138,6847190.704435252,42,13.415013495914636
2,62,933921.19982138,6847190.704435252,43,13.7214
2,62,933921.19982138,6847190.704435252,44,13.415013495914636
2,62,933921.19982138,6847190.704435252,45,12.577950000000012
2,62,933921.19982138,6847190.704435252,46,11.434500000000003
2,62,933921.19982138,6847190.704435252,47,10.291050000000007
2,62,933921.19982138,6847190.704435252,48,9.453986504085371
2,54,934764.0998207259,6848247.404434707,1,19.126800000000003
2,54,934764.0998207259,6848247.404434707,2,19.767426326723953
2,54,934764.0998207259,6848247.404434707,3,21.51765000000001
2,54,934764.0998207259,6848247.404434707,4,23.908500000000014
2,54,934764.0998207259,6848247.404434707,5,26.299350000000015
2,54,934764.0998207259,6848247.404434707,6,28.04957367327607
2,54,934764.0998207259,6848247.404434707,7,28.690200000000008
2,54,934764.0998207259,6848247.404434707,8,28.04957367327607
2,54,934764.0998207259,6848247.404434707,9,26.299350000000015
2,54,934764.0998207259,6848247.404434707,10,23.908500000000014
2,54,934764.0998207259,6848247.404434707,11,21.51765000000001
2,54,934764.0998207259,6848247.404434707,12,19.767426326723953
2,54,934764.0998207259,6848247.404434707,13,19.126800000000003
2,54,934764.0998207259,6848247.404434707,14,19.767426326723953
2,54,934764.0998207259,6848247.404434707,15,21.51765000000001
2,54,934764.0998207259,6848247.404434707,16,23.908500000000014
2,54,934764.0998207259,6848247.404434707,17,26.299350000000015
2,54,934764.0998207259,6848247.404434707,18,28.04957367327607
2,54,934764.0998207259,6848247.404434707,19,28.690200000000008
2,54,934764.0998207259,6848247.404434707,20,28.04957367327607
2,54,934764.0998207259,6848247.404434707,21,26.299350000000015
2,54,934764.0998207259,6848247.404434707,22,23.908500000000014
2,54,934764.0998207259,6848247.404434707,23,21.51765000000001
2,54,934764.0998207259,6848247.404434707,24,19.767426326723953
2,54,934764.0998207259,6848247.404434707,25,19.126800000000003
2,54,934764.0998207259,6848247.404434707,26,19.767426326723953
2,54,934764.0998207259,6848247.404434707,27,21.51765000000001
2,54,934764.0998207259,6848247.404434707,28,23.908500000000014
2,54,934764.0998207259,6848247.404434707,29,26.299350000000015
2,54,934764.0998207259,6848247.404434707,30,28.04957367327607
2,54,934764.0998207259,6848247.404434707,31,28.690200000000008
2,54,934764.0998207259,6848247.404434707,32,28.04957367327607
2,54,934764.0998207259,6848247.404434707,33,26.299350000000015
2,54,934764.0998207259,6848247.404434707,34,23.908500000000014
2,54,934764.0998207259,6848247.404434707,35,21.51765000000001
2,54,934764.0998207259,6848247.404434707,36,19.767426326723953
2,54,934764.0998207259,6848247.404434707,37,19.126800000000003
2,54,934764.0998207259,6848247.404434707,38,19.767426326723953
2,54,934764.0998207259,6848247.404434707,39,21.51765000000001
2,54,934764.0998207259,6848247.404434707,40,23.908500000000014
2,54,934764.0998207259,6848247.404434707,41,26.299350000000015
2,54,934764.0998207259,6848247.404434707,42,28.04957367327607
2,54,934764.0998207259,6848247.404434707,43,28.690200000000008
2,54,934764.0998207259,6848247.404434707,44,28.04957367327607
2,54,934764.0998207259,6848247.404434707,45,26.299350000000015
2,54,934764.0998207259,6848247.404434707,46,23.908500000000014
2,54,934764.0998207259,6848247.404434707,47,21.51765000000001
2,54,934764.0998207259,6848247.404434707,48,19.767426326723953
2,13,933807.2281635706,6848521.778365977,1,16.632000000000012
2,13,933807.2281635706,6848521.778365977,2,17.189066371064314
2,13,933807.2281635706,6848521.778365977,3,18.711000000000013
2,13,933807.2281635706,6848521.778365977,4,20.79000000000001
2,13,933807.2281635706,6848521.778365977,5,22.869000000000018
2,13,933807.2281635706,6848521.778365977,6,24.39093362893571
2,13,933807.2281635706,6848521.778365977,7,24.948000000000015
2,13,933807.2281635706,6848521.778365977,8,24.39093362893571
2,13,933807.2281635706,6848521.778365977,9,22.869000000000018
2,13,933807.2281635706,6848521.778365977,10,20.79000000000001
2,13,933807.2281635706,6848521.778365977,11,18.711000000000013
2,13,933807.2281635706,6848521.778365977,12,17.189066371064314
2,13,933807.2281635706,6848521.778365977,13,16.632000000000012
2,13,933807.2281635706,6848521.778365977,14,17.189066371064314
2,13,933807.2281635706,6848521.778365977,15,18.711000000000013
2,13,933807.2281635706,6848521.778365977,16,20.79000000000001
2,13,933807.2281635706,6848521.778365977,17,22.869000000000018
2,13,933807.2281635706,6848521.778365977,18,24.39093362893571
2,13,933807.2281635706,6848521.778365977,19,24.948000000000015
2,13,933807.2281635706,6848521.778365977,20,24.39093362893571
2,13,933807.2281635706,6848521.778365977,21,22.869000000000018
2,13,933807.2281635706,6848521.778365977,22,20.79000000000001
2,13,933807.2281635706,6848521.778365977,23,18.711000000000013
2,13,933807.2281635706,6848521.778365977,24,17.189066371064314
2,13,933807.2281635706,6848521.778365977,25,16.632000000000012
2,13,933807.2281635706,6848521.778365977,26,17.189066371064314
2,13,933807.2281635706,6848521.778365977,27,18.711000000000013
2,13,933807.2281635706,6848521.778365977,28,20.79000000000001
2,13,933807.2281635706,6848521.778365977,29,22.869000000000018
2,13,933807.2281635706,6848521.778365977,30,24.39093362893571
2,13,933807.2281635706,6848521.778365977,31,24.948000000000015
2,13,933807.2281635706,6848521.778365977,32,24.39093362893571
2,13,933807.2281635706,6848521.778365977,33,22.869000000000018
2,13,933807.2281635706,6848521.778365977,34,20.79000000000001
2,13,933807.2281635706,6848521.778365977,35,18.711000000000013
2,13,933807.2281635706,6848521.778365977,36,17.189066371064314
2,13,933807.2281635706,6848521.778365977,37,16.632000000000012
2,13,933807.2281635706,6848521.778365977,38,17.189066371064314
2,13,933807.2281635706,6848521.778365977,39,18.711000000000013
2,13,933807.2281635706,6848521.778365977,40,20.79000000000001
2,13,933807.2281635706,6848521.778365977,41,22.869000000000018
2,13,933807.2281635706,6848521.778365977,42,24.39093362893571
2,13,933807.2281635706,6848521.778365977,43,24.948000000000015
2,13,933807.2281635706,6848521.778365977,44,24.39093362893571
2,13,933807.2281635706,6848521.778365977,45,22.869000000000018
2,13,933807.2281635706,6848521.778365977,46,20.79000000000001
2,13,933807.2281635706,6848521.778365977,47,18.711000000000013
2,13,933807.2281635706,6848521.778365977,48,17.189066371064314
2,23,933186.3998219331,6847949.604434876,1,5.821200000000003
2,23,933186.3998219331,6847949.604434876,2,6.016173229872509
2,23,933186.3998219331,6847949.604434876,3,6.548850000000003
2,23,933186.3998219331,6847949.604434876,4,7.276500000000004
2,23,933186.3998219331,6847949.604434876,5,8.004150000000005
2,23,933186.3998219331,6847949.604434876,6,8.536826770127497
2,23,933186.3998219331,6847949.604434876,7,8.731800000000003
2,23,933186.3998219331,6847949.604434876,8,8.536826770127497
2,23,933186.3998219331,6847949.604434876,9,8.004150000000005
2,23,933186.3998219331,6847949.604434876,10,7.276500000000004
2,23,933186.3998219331,6847949.604434876,11,6.548850000000003
2,23,933186.3998219331,6847949.604434876,12,6.016173229872509
2,23,933186.3998219331,6847949.604434876,13,5.821200000000003
2,23,933186.3998219331,6847949.604434876,14,6.016173229872509
2,23,933186.3998219331,6847949.604434876,15,6.548850000000003
2,23,933186.3998219331,6847949.604434876,16,7.276500000000004
2,23,933186.3998219331,6847949.604434876,17,8.004150000000005
2,23,933186.3998219331,6847949.604434876,18,8.536826770127497
2,23,933186.3998219331,6847949.604434876,19,8.731800000000003
2,23,933186.3998219331,6847949.604434876,20,8.536826770127497
2,23,933186.3998219331,6847949.604434876,21,8.004150000000005
2,23,933186.3998219331,6847949.604434876,22,7.276500000000004
2,23,933186.3998219331,6847949.604434876,23,6.548850000000003
2,23,933186.3998219331,6847949.604434876,24,6.016173229872509
2,23,933186.3998219331,6847949.604434876,25,5.821200000000003
2,23,933186.3998219331,6847949.604434876,26,6.016173229872509
2,23,933186.3998219331,6847949.604434876,27,6.548850000000003
2,23,933186.3998219331,6847949.604434876,28,7.276500000000004
2,23,933186.3998219331,6847949.604434876,29,8.004150000000005
2,23,933186.3998219331,6847949.604434876,30,8.536826770127497
2,23,933186.3998219331,6847949.604434876,31,8.731800000000003
2,23,933186.3998219331,6847949.604434876,32,8.536826770127497
2,23,933186.3998219331,6847949.604434876,33,8.004150000000005
2,23,933186.3998219331,6847949.604434876,34,7.276500000000004
2,23,933186.3998219331,6847949.604434876,35,6.548850000000003
2,23,933186.3998219331,6847949.604434876,36,6.016173229872509
2,23,933186.3998219331,6847949.604434876,37,5.821200000000003
2,23,933186.3998219331,6847949.604434876,38,6.016173229872509
2,23,933186.3998219331,6847949.604434876,39,6.548850000000003
2,23,933186.3998219331,6847949.604434876,40,7.276500000000004
2,23,933186.3998219331,6847949.604434876,41,8.004150000000005
2,23,933186.3998219331,6847949.604434876,42,8.536826770127497
2,23,933186.3998219331,6847949.604434876,43,8.731800000000003
2,23,933186.3998219331,6847949.604434876,44,8.536826770127497
2,23,933186.3998219331,6847949.604434876,45,8.004150000000005
2,23,933186.3998219331,6847949.604434876,46,7.276500000000004
2,23,933186.3998219331,6847949.604434876,47,6.548850000000003
2,23,933186.3998219331,6847949.604434876,48,6.016173229872509
2,27,932730.0998222866,6847424.704435145,1,107.27640000000008
2,27,932730.0998222866,6847424.704435145,2,110.8694780933648
2,27,932730.0998222866,6847424.704435145,3,120.68595000000006
2,27,932730.0998222866,6847424.704435145,4,134.09550000000004
2,27,932730.0998222866,6847424.704435145,5,147.5050500000001
2,27,932730.0998222866,6847424.704435145,6,157.32152190663533
2,27,932730.0998222866,6847424.704435145,7,160.9146000000001
2,27,932730.0998222866,6847424.704435145,8,157.32152190663533
2,27,932730.0998222866,6847424.704435145,9,147.5050500000001
2,27,932730.0998222866,6847424.704435145,10,134.09550000000004
2,27,932730.0998222866,6847424.704435145,11,120.68595000000006
2,27,932730.0998222866,6847424.704435145,12,110.8694780933648
2,27,932730.0998222866,6847424.704435145,13,107.27640000000008
2,27,932730.0998222866,6847424.704435145,14,110.8694780933648
2,27,932730.0998222866,6847424.704435145,15,120.68595000000006
2,27,932730.0998222866,6847424.704435145,16,134.09550000000004
2,27,932730.0998222866,6847424.704435145,17,147.5050500000001
2,27,932730.0998222866,6847424.704435145,18,157.32152190663533
2,27,932730.0998222866,6847424.704435145,19,160.9146000000001
2,27,932730.0998222866,6847424.704435145,20,157.32152190663533
2,27,932730.0998222866,6847424.704435145,21,147.5050500000001
2,27,932730.0998222866,6847424.704435145,22,134.09550000000004
2,27,932730.0998222866,6847424.704435145,23,120.68595000000006
2,27,932730.0998222866,6847424.704435145,24,110.8694780933648
2,27,932730.0998222866,6847424.704435145,25,107.27640000000008
2,27,932730.0998222866,6847424.704435145,26,110.8694780933648
2,27,932730.0998222866,6847424.704435145,27,120.68595000000006
2,27,932730.0998222866,6847424.704435145,28,134.09550000000004
2,27,932730.0998222866,6847424.704435145,29,147.5050500000001
2,27,932730.0998222866,6847424.704435145,30,157.32152190663533
2,27,932730.0998222866,6847424.704435145,31,160.9146000000001
2,27,932730.0998222866,6847424.704435145,32,157.32152190663533
2,27,932730.0998222866,6847424.704435145,33,147.5050500000001
2,27,932730.0998222866,6847424.704435145,34,134.09550000000004
2,27,932730.0998222866,6847424.704435145,35,120.68595000000006
2,27,932730.0998222866,6847424.704435145,36,110.8694780933648
2,27,932730.0998222866,6847424.704435145,37,107.27640000000008
2,27,932730.0998222866,6847424.704435145,38,110.8694780933648
2,27,932730.0998222866,6847424.704435145,39,120.68595000000006
2,27,932730.0998222866,6847424.704435145,40,134.09550000000004
2,27,932730.0998222866,6847424.704435145,41,147.5050500000001
2,27,932730.0998222866,6847424.704435145,42,157.32152190663533
2,27,932730.0998222866,6847424.704435145,43,160.9146000000001
2,27,932730.0998222866,6847424.704435145,44,157.32152190663533
2,27,932730.0998222866,6847424.704435145,45,147.5050500000001
2,27,932730.0998222866,6847424.704435145,46,134.09550000000004
2,27,932730.0998222866,6847424.704435145,47,120.68595000000006
2,27,932730.0998222866,6847424.704435145,48,110.8694780933648
2,16,934880.899820648,6847145.104435267,1,2.4948000000000015
2,16,934880.899820648,6847145.104435267,2,2.578359955659647
2,16,934880.899820648,6847145.104435267,3,2.8066500000000016
2,16,934880.899820648,6847145.104435267,4,3.118500000000002
2,16,934880.899820648,6847145.104435267,5,3.4303500000000025
2,16,934880.899820648,6847145.104435267,6,3.6586400443403564
2,16,934880.899820648,6847145.104435267,7,3.7422000000000017
2,16,934880.899820648,6847145.104435267,8,3.6586400443403564
2,16,934880.899820648,6847145.104435267,9,3.4303500000000025
2,16,934880.899820648,6847145.104435267,10,3.118500000000002
2,16,934880.899820648,6847145.104435267,11,2.8066500000000016
2,16,934880.899820648,6847145.104435267,12,2.578359955659647
2,16,934880.899820648,6847145.104435267,13,2.4948000000000015
2,16,934880.899820648,6847145.104435267,14,2.578359955659647
2,16,934880.899820648,6847145.104435267,15,2.8066500000000016
2,16,934880.899820648,6847145.104435267,16,3.118500000000002
2,16,934880.899820648,6847145.104435267,17,3.4303500000000025
2,16,934880.899820648,6847145.104435267,18,3.6586400443403564
2,16,934880.899820648,6847145.104435267,19,3.7422000000000017
2,16,934880.899820648,6847145.104435267,20,3.6586400443403564
2,16,934880.899820648,6847145.104435267,21,3.4303500000000025
2,16,934880.899820648,6847145.104435267,22,3.118500000000002
2,16,934880.899820648,6847145.104435267,23,2.8066500000000016
2,16,934880.899820648,6847145.104435267,24,2.578359955659647
2,16,934880.899820648,6847145.104435267,25,2.4948000000000015
2,16,934880.899820648,6847145.104435267,26,2.578359955659647
2,16,934880.899820648,6847145.104435267,27,2.8066500000000016
2,16,934880.899820648,6847145.104435267,28,3.118500000000002
2,16,934880.899820648,6847145.104435267,29,3.4303500000000025
2,16,934880.899820648,6847145.104435267,30,3.6586400443403564
2,16,934880.899820648,6847145.104435267,31,3.7422000000000017
2,16,934880.899820648,6847145.104435267,32,3.6586400443403564
2,16,934880.899820648,6847145.104435267,33,3.4303500000000025
2,16,934880.899820648,6847145.104435267,34,3.118500000000002
2,16,934880.899820648,6847145.104435267,35,2.8066500000000016
2,16,934880.899820648,6847145.104435267,36,2.578359955659647
2,16,934880.899820648,6847145.104435267,37,2.4948000000000015
2,16,934880.899820648,6847145.104435267,38,2.578359955659647
2,16,934880.899820648,6847145.104435267,39,2.8066500000000016
2,16,934880.899820648,6847145.104435267,40,3.118500000000002
2,16,934880.899820648,6847145.104435267,41,3.4303500000000025
2,16,934880.899820648,6847145.104435267,42,3.6586400443403564
2,16,934880.899820648,6847145.104435267,43,3.7422000000000017
2,16,934880.899820648,6847145.104435267,44,3.6586400443403564
2,16,934880.899820648,6847145.104435267,45,3.4303500000000025
2,16,934880.899820648,6847145.104435267,46,3.118500000000002
2,16,934880.899820648,6847145.104435267,47,2.8066500000000016
2,16,934880.899820648,6847145.104435267,48,2.578359955659647
2,18,933999.1998213149,6847743.404434972,1,7.0686000000000035
2,18,933999.1998213149,6847743.404434972,2,7.305353207702332
2,18,933999.1998213149,6847743.404434972,3,7.952175000000004
2,18,933999.1998213149,6847743.404434972,4,8.835750000000004
2,18,933999.1998213149,6847743.404434972,5,9.719325000000007
2,18,933999.1998213149,6847743.404434972,6,10.366146792297677
2,18,933999.1998213149,6847743.404434972,7,10.602900000000005
2,18,933999.1998213149,6847743.404434972,8,10.366146792297677
2,18,933999.1998213149,6847743.404434972,9,9.719325000000007
2,18,933999.1998213149,6847743.404434972,10,8.835750000000004
2,18,933999.1998213149,6847743.404434972,11,7.952175000000004
2,18,933999.1998213149,6847743.404434972,12,7.305353207702332
2,18,933999.1998213149,6847743.404434972,13,7.0686000000000035
2,18,933999.1998213149,6847743.404434972,14,7.305353207702332
2,18,933999.1998213149,6847743.404434972,15,7.952175000000004
2,18,933999.1998213149,6847743.404434972,16,8.835750000000004
2,18,933999.1998213149,6847743.404434972,17,9.719325000000007
2,18,933999.1998213149,6847743.404434972,18,10.366146792297677
2,18,933999.1998213149,6847743.404434972,19,10.602900000000005
2,18,933999.1998213149,6847743.404434972,20,10.366146792297677
2,18,933999.1998213149,6847743.404434972,21,9.719325000000007
2,18,933999.1998213149,6847743.404434972,22,8.835750000000004
2,18,933999.1998213149,6847743.404434972,23,7.952175000000004
2,18,933999.1998213149,6847743.404434972,24,7.305353207702332
2,18,933999.1998213149,6847743.404434972,25,7.0686000000000035
2,18,933999.1998213149,6847743.404434972,26,7.305353207702332
2,18,933999.1998213149,6847743.404434972,27,7.952175000000004
2,18,933999.1998213149,6847743.404434972,28,8.835750000000004
2,18,933999.1998213149,6847743.404434972,29,9.719325000000007
2,18,933999.1998213149,6847743.404434972,30,10.366146792297677
2,18,933999.1998213149,6847743.404434972,31,10.602900000000005
2,18,933999.1998213149,6847743.404434972,32,10.366146792297677
2,18,933999.1998213149,6847743.404434972,33,9.719325000000007
2,18,933999.1998213149,6847743.404434972,34,8.835750000000004
2,18,933999.1998213149,6847743.404434972,35,7.952175000000004
2,18,933999.1998213149,6847743.404434972,36,7.305353207702332
2,18,933999.1998213149,6847743.404434972,37,7.0686000000000035
2,18,933999.1998213149,6847743.404434972,38,7.305353207702332
2,18,933999.1998213149,6847743.404434972,39,7.952175000000004
2,18,933999.1998213149,6847743.404434972,40,8.835750000000004
2,18,933999.1998213149,6847743.404434972,41,9.719325000000007
2,18,933999.1998213149,6847743.404434972,42,10.366146792297677
2,18,933999.1998213149,6847743.404434972,43,10.602900000000005
2,18,933999.1998213149,6847743.404434972,44,10.366146792297677
2,18,933999.1998213149,6847743.404434972,45,9.719325000000007
2,18,933999.1998213149,6847743.404434972,46,8.835750000000004
2,18,933999.1998213149,6847743.404434972,47,7.952175000000004
2,18,933999.1998213149,6847743.404434972,48,7.305353207702332
2,53,934203.1998211733,6846356.304435672,1,0.8316000000000004
2,53,934203.1998211733,6846356.304435672,2,0.8594533185532156
2,53,934203.1998211733,6846356.304435672,3,0.9355500000000005
2,53,934203.1998211733,6846356.304435672,4,1.0395000000000005
2,53,934203.1998211733,6846356.304435672,5,1.1434500000000007
2,53,934203.1998211733,6846356.304435672,6,1.2195466814467855
2,53,934203.1998211733,6846356.304435672,7,1.2474000000000005
2,53,934203.1998211733,6846356.304435672,8,1.2195466814467855
2,53,934203.1998211733,6846356.304435672,9,1.1434500000000007
2,53,934203.1998211733,6846356.304435672,10,1.0395000000000005
2,53,934203.1998211733,6846356.304435672,11,0.9355500000000005
2,53,934203.1998211733,6846356.304435672,12,0.8594533185532156
2,53,934203.1998211733,6846356.304435672,13,0.8316000000000004
2,53,934203.1998211733,6846356.304435672,14,0.8594533185532156
2,53,934203.1998211733,6846356.304435672,15,0.9355500000000005
2,53,934203.1998211733,6846356.304435672,16,1.0395000000000005
2,53,934203.1998211733,6846356.304435672,17,1.1434500000000007
2,53,934203.1998211733,6846356.304435672,18,1.2195466814467855
2,53,934203.1998211733,6846356.304435672,19,1.2474000000000005
2,53,934203.1998211733,6846356.304435672,20,1.2195466814467855
2,53,934203.1998211733,6846356.304435672,21,1.1434500000000007
2,53,934203.1998211733,6846356.304435672,22,1.0395000000000005
2,53,934203.1998211733,6846356.304435672,23,0.9355500000000005
2,53,934203.1998211733,6846356.304435672,24,0.8594533185532156
2,53,934203.1998211733,6846356.304435672,25,0.8316000000000004
2,53,934203.1998211733,6846356.304435672,26,0.8594533185532156
2,53,934203.1998211733,6846356.304435672,27,0.9355500000000005
2,53,934203.1998211733,6846356.304435672,28,1.0395000000000005
2,53,934203.1998211733,6846356.304435672,29,1.1434500000000007
2,53,934203.1998211733,6846356.304435672,30,1.2195466814467855
2,53,934203.1998211733,6846356.304435672,31,1.2474000000000005
2,53,934203.1998211733,6846356.304435672,32,1.2195466814467855
2,53,934203.1998211733,6846356.304435672,33,1.1434500000000007
2,53,934203.1998211733,6846356.304435672,34,1.0395000000000005
2,53,934203.1998211733,6846356.304435672,35,0.9355500000000005
2,53,934203.1998211733,6846356.304435672,36,0.8594533185532156
2,53,934203.1998211733,6846356.304435672,37,0.8316000000000004
2,53,934203.1998211733,6846356.304435672,38,0.8594533185532156
2,53,934203.1998211733,6846356.304435672,39,0.9355500000000005
2,53,934203.1998211733,6846356.304435672,40,1.0395000000000005
2,53,934203.1998211733,6846356.304435672,41,1.1434500000000007
2,53,934203.1998211733,6846356.304435672,42,1.2195466814467855
2,53,934203.1998211733,6846356.304435672,43,1.2474000000000005
2,53,934203.1998211733,6846356.304435672,44,1.2195466814467855
2,53,934203.1998211733,6846356.304435672,45,1.1434500000000007
2,53,934203.1998211733,6846356.304435672,46,1.0395000000000005
2,53,934203.1998211733,6846356.304435672,47,0.9355500000000005
2,53,934203.1998211733,6846356.304435672,48,0.8594533185532156
2,81,934977.2998205577,6848768.304434442,5,3.4303500000000025
2,81,934977.2998205577,6848768.304434442,6,3.6586400443403564
2,81,934977.2998205577,6848768.304434442,7,3.7422000000000017
2,81,934977.2998205577,6848768.304434442,8,3.6586400443403564
2,81,934977.2998205577,6848768.304434442,9,3.4303500000000025
2,81,934977.2998205577,6848768.304434442,10,3.118500000000002
2,81,934977.2998205577,6848768.304434442,11,2.8066500000000016
2,81,934977.2998205577,6848768.304434442,12,2.578359955659647
2,81,934977.2998205577,6848768.304434442,13,2.4948000000000015
2,81,934977.2998205577,6848768.304434442,14,2.578359955659647
2,81,934977.2998205577,6848768.304434442,15,2.8066500000000016
2,81,934977.2998205577,6848768.304434442,16,3.118500000000002
2,81,934977.2998205577,6848768.304434442,17,3.4303500000000025
2,81,934977.2998205577,6848768.304434442,18,3.6586400443403564
2,81,934977.2998205577,6848768.304434442,19,3.7422000000000017
2,81,934977.2998205577,6848768.304434442,20,3.6586400443403564
2,81,934977.2998205577,6848768.304434442,21,3.4303500000000025
2,81,934977.2998205577,6848768.304434442,22,3.118500000000002
2,81,934977.2998205577,6848768.304434442,23,2.8066500000000016
2,81,934977.2998205577,6848768.304434442,24,2.578359955659647
2,81,934977.2998205577,6848768.304434442,25,2.4948000000000015
2,81,934977.2998205577,6848768.304434442,26,2.578359955659647
2,81,934977.2998205577,6848768.304434442,27,2.8066500000000016
2,81,934977.2998205577,6848768.304434442,28,3.118500000000002
2,81,934977.2998205577,6848768.304434442,29,3.4303500000000025
2,81,934977.2998205577,6848768.304434442,30,3.6586400443403564
2,81,934977.2998205577,6848768.304434442,31,3.7422000000000017
2,81,934977.2998205577,6848768.304434442,32,3.6586400443403564
2,81,934977.2998205577,6848768.304434442,33,3.4303500000000025
2,81,934977.2998205577,6848768.304434442,34,3.118500000000002
2,81,934977.2998205577,6848768.304434442,35,2.8066500000000016
2,81,934977.2998205577,6848768.304434442,36,2.578359955659647
2,81,934977.2998205577,6848768.304434442,37,2.4948000000000015
2,81,934977.2998205577,6848768.304434442,38,2.578359955659647
2,81,934977.2998205577,6848768.304434442,39,2.8066500000000016
2,81,934977.2998205577,6848768.304434442,40,3.118500000000002
2,81,934977.2998205577,6848768.304434442,41,3.4303500000000025
2,81,934977.2998205577,6848768.304434442,42,3.6586400443403564
2,81,934977.2998205577,6848768.304434442,43,3.7422000000000017
2,81,934977.2998205577,6848768.304434442,44,3.6586400443403564
2,81,934977.2998205577,6848768.304434442,45,3.4303500000000025
2,81,934977.2998205577,6848768.304434442,46,3.118500000000002
2,81,934977.2998205577,6848768.304434442,47,2.8066500000000016
2,81,934977.2998205577,6848768.304434442,48,2.578359955659647
3,31,934107.899821243,6846671.504435516,1,14.345100000000008
3,31,934107.899821243,6846671.504435516,2,14.825569745042964
3,31,934107.899821243,6846671.504435516,3,16.138237500000006
3,31,934107.899821243,6846671.504435516,4,17.93137500000001
3,31,934107.899821243,6846671.504435516,5,19.72451250000001
3,31,934107.899821243,6846671.504435516,6,21.037180254957047
3,31,934107.899821243,6846671.504435516,7,21.517649999999996
3,31,934107.899821243,6846671.504435516,8,21.037180254957047
3,31,934107.899821243,6846671.504435516,9,19.72451250000001
3,31,934107.899821243,6846671.504435516,10,17.93137500000001
3,31,934107.899821243,6846671.504435516,11,16.138237500000006
3,31,934107.899821243,6846671.504435516,12,14.825569745042964
3,31,934107.899821243,6846671.504435516,13,14.345100000000008
3,31,934107.899821243,6846671.504435516,14,14.825569745042964
3,31,934107.899821243,6846671.504435516,15,16.138237500000006
3,31,934107.899821243,6846671.504435516,16,17.93137500000001
3,31,934107.899821243,6846671.504435516,17,19.72451250000001
3,31,934107.899821243,6846671.504435516,18,21.037180254957047
3,31,934107.899821243,6846671.504435516,19,21.517649999999996
3,31,934107.899821243,6846671.504435516,20,21.037180254957047
3,31,934107.899821243,6846671.504435516,21,19.72451250000001
3,31,934107.899821243,6846671.504435516,22,17.93137500000001
3,31,934107.899821243,6846671.504435516,23,16.138237500000006
3,31,934107.899821243,6846671.504435516,24,14.825569745042964
3,31,934107.899821243,6846671.504435516,25,14.345100000000008
3,31,934107.899821243,6846671.504435516,26,14.825569745042964
3,31,934107.899821243,6846671.504435516,27,16.138237500000006
3,31,934107.899821243,6846671.504435516,28,17.93137500000001
3,31,934107.899821243,6846671.504435516,29,19.72451250000001
3,31,934107.899821243,6846671.504435516,30,21.037180254957047
3,31,934107.899821243,6846671.504435516,31,21.517649999999996
3,31,934107.899821243,6846671.504435516,32,21.037180254957047
3,31,934107.899821243,6846671.504435516,33,19.72451250000001
3,31,934107.899821243,6846671.504435516,34,17.93137500000001
3,31,934107.899821243,6846671.504435516,35,16.138237500000006
3,31,934107.899821243,6846671.504435516,36,14.825569745042964
3,31,934107.899821243,6846671.504435516,37,14.345100000000008
3,31,934107.899821243,6846671.504435516,38,14.825569745042964
3,31,934107.899821243,6846671.504435516,39,16.138237500000006
3,31,934107.899821243,6846671.504435516,40,17.93137500000001
3,31,934107.899821243,6846671.504435516,41,19.72451250000001
3,31,934107.899821243,6846671.504435516,42,21.037180254957047
3,31,934107.899821243,6846671.504435516,43,21.517649999999996
3,31,934107.899821243,6846671.504435516,44,21.037180254957047
3,31,934107.899821243,6846671.504435516,45,19.72451250000001
3,31,934107.899821243,6846671.504435516,46,17.93137500000001
3,31,934107.899821243,6846671.504435516,47,16.138237500000006
3,31,934107.899821243,6846671.504435516,48,14.825569745042964
3,74,933841.6998214169,6849513.504434072,5,122.7303000000001
3,74,933841.6998214169,6849513.504434072,6,130.89801047528834
3,74,933841.6998214169,6849513.504434072,7,133.88760000000005
3,74,933841.6998214169,6849513.504434072,8,130.89801047528834
3,74,933841.6998214169,6849513.504434072,9,122.7303000000001
3,74,933841.6998214169,6849513.504434072,10,111.5730000000001
3,74,933841.6998214169,6849513.504434072,11,100.41570000000003
3,74,933841.6998214169,6849513.504434072,12,92.24798952471177
3,74,933841.6998214169,6849513.504434072,13,89.25840000000012
3,74,933841.6998214169,6849513.504434072,14,92.24798952471177
3,74,933841.6998214169,6849513.504434072,15,100.41570000000003
3,74,933841.6998214169,6849513.504434072,16,111.5730000000001
3,74,933841.6998214169,6849513.504434072,17,122.7303000000001
3,74,933841.6998214169,6849513.504434072,18,130.89801047528834
3,74,933841.6998214169,6849513.504434072,19,133.88760000000005
3,74,933841.6998214169,6849513.504434072,20,130.89801047528834
3,74,933841.6998214169,6849513.504434072,21,122.7303000000001
3,74,933841.6998214169,6849513.504434072,22,111.5730000000001
3,74,933841.6998214169,6849513.504434072,23,100.41570000000003
3,74,933841.6998214169,6849513.504434072,24,92.24798952471177
3,74,933841.6998214169,6849513.504434072,25,89.25840000000012
3,74,933841.6998214169,6849513.504434072,26,92.24798952471177
3,74,933841.6998214169,6849513.504434072,27,100.41570000000003
3,74,933841.6998214169,6849513.504434072,28,111.5730000000001
3,74,933841.6998214169,6849513.504434072,29,122.7303000000001
3,74,933841.6998214169,6849513.504434072,30,130.89801047528834
3,74,933841.6998214169,6849513.504434072,31,133.88760000000005
3,74,933841.6998214169,6849513.504434072,32,130.89801047528834
3,74,933841.6998214169,6849513.504434072,33,122.7303000000001
3,74,933841.6998214169,6849513.504434072,34,111.5730000000001
3,74,933841.6998214169,6849513.504434072,35,100.41570000000003
3,74,933841.6998214169,6849513.504434072,36,92.24798952471177
3,74,933841.6998214169,6849513.504434072,37,89.25840000000012
3,74,933841.6998214169,6849513.504434072,38,92.24798952471177
3,74,933841.6998214169,6849513.504434072,39,100.41570000000003
3,74,933841.6998214169,6849513.504434072,40,111.5730000000001
3,74,933841.6998214169,6849513.504434072,41,122.7303000000001
3,74,933841.6998214169,6849513.504434072,42,130.89801047528834
3,74,933841.6998214169,6849513.504434072,43,133.88760000000005
3,74,933841.6998214169,6849513.504434072,44,130.89801047528834
3,74,933841.6998214169,6849513.504434072,45,122.7303000000001
3,74,933841.6998214169,6849513.504434072,46,111.5730000000001
3,74,933841.6998214169,6849513.504434072,47,100.41570000000003
3,74,933841.6998214169,6849513.504434072,48,92.24798952471177
3,74,933841.6998214169,6849513.504434072,1,87.66450000000012
3,74,933841.6998214169,6849513.504434072,2,90.60070399748479
3,74,933841.6998214169,6849513.504434072,3,98.62256250000003
3,74,933841.6998214169,6849513.504434072,4,109.5806250000001
3,78,933743.3998214928,6849429.204434117,1,51.0048
3,78,933743.3998214928,6849429.204434117,2,52.71313687126391
3,78,933743.3998214928,6849429.204434117,3,57.38040000000002
3,78,933743.3998214928,6849429.204434117,4,63.756000000000036
3,78,933743.3998214928,6849429.204434117,5,67.93998750000006
3,78,933743.3998214928,6849429.204434117,6,72.46139865596317
3,78,933743.3998214928,6849429.204434117,7,74.11635000000004
3,78,933743.3998214928,6849429.204434117,8,72.46139865596317
3,78,933743.3998214928,6849429.204434117,9,67.93998750000006
3,78,933743.3998214928,6849429.204434117,10,61.76362500000004
3,78,933743.3998214928,6849429.204434117,11,55.58726250000002
3,78,933743.3998214928,6849429.204434117,12,51.065851344036915
3,78,933743.3998214928,6849429.204434117,13,49.410900000000005
3,78,933743.3998214928,6849429.204434117,14,51.065851344036915
3,78,933743.3998214928,6849429.204434117,15,55.58726250000002
3,78,933743.3998214928,6849429.204434117,16,61.76362500000004
3,78,933743.3998214928,6849429.204434117,17,67.93998750000006
3,78,933743.3998214928,6849429.204434117,18,72.46139865596317
3,78,933743.3998214928,6849429.204434117,19,74.11635000000004
3,78,933743.3998214928,6849429.204434117,20,72.46139865596317
3,78,933743.3998214928,6849429.204434117,21,67.93998750000006
3,78,933743.3998214928,6849429.204434117,22,61.76362500000004
3,78,933743.3998214928,6849429.204434117,23,55.58726250000002
3,78,933743.3998214928,6849429.204434117,24,51.065851344036915
3,78,933743.3998214928,6849429.204434117,25,49.410900000000005
3,78,933743.3998214928,6849429.204434117,26,51.065851344036915
3,78,933743.3998214928,6849429.204434117,27,55.58726250000002
3,78,933743.3998214928,6849429.204434117,28,61.76362500000004
3,78,933743.3998214928,6849429.204434117,29,67.93998750000006
3,78,933743.3998214928,6849429.204434117,30,72.46139865596317
3,78,933743.3998214928,6849429.204434117,31,74.11635000000004
3,78,933743.3998214928,6849429.204434117,32,72.46139865596317
3,78,933743.3998214928,6849429.204434117,33,67.93998750000006
3,78,933743.3998214928,6849429.204434117,34,61.76362500000004
3,78,933743.3998214928,6849429.204434117,35,55.58726250000002
3,78,933743.3998214928,6849429.204434117,36,51.065851344036915
3,78,933743.3998214928,6849429.204434117,37,49.410900000000005
3,78,933743.3998214928,6849429.204434117,38,51.065851344036915
3,78,933743.3998214928,6849429.204434117,39,55.58726250000002
3,78,933743.3998214928,6849429.204434117,40,61.76362500000004
3,78,933743.3998214928,6849429.204434117,41,67.93998750000006
3,78,933743.3998214928,6849429.204434117,42,72.46139865596317
3,78,933743.3998214928,6849429.204434117,43,74.11635000000004
3,78,933743.3998214928,6849429.204434117,44,72.46139865596317
3,78,933743.3998214928,6849429.204434117,45,67.93998750000006
3,78,933743.3998214928,6849429.204434117,46,61.76362500000004
3,78,933743.3998214928,6849429.204434117,47,55.58726250000002
3,78,933743.3998214928,6849429.204434117,48,51.065851344036915
3,57,934687.8998207864,6848019.504434823,1,65.34990000000002
3,57,934687.8998207864,6848019.504434823,2,67.53870661630688
3,57,934687.8998207864,6848019.504434823,3,73.51863750000003
3,57,934687.8998207864,6848019.504434823,4,81.68737500000003
3,57,934687.8998207864,6848019.504434823,5,89.85611250000005
3,57,934687.8998207864,6848019.504434823,6,95.83604338369324
3,57,934687.8998207864,6848019.504434823,7,98.02485000000001
3,57,934687.8998207864,6848019.504434823,8,95.83604338369324
3,57,934687.8998207864,6848019.504434823,9,89.85611250000005
3,57,934687.8998207864,6848019.504434823,10,81.68737500000003
3,57,934687.8998207864,6848019.504434823,11,73.51863750000003
3,57,934687.8998207864,6848019.504434823,12,67.53870661630688
3,57,934687.8998207864,6848019.504434823,13,65.34990000000002
3,57,934687.8998207864,6848019.504434823,14,67.53870661630688
3,57,934687.8998207864,6848019.504434823,15,73.51863750000003
3,57,934687.8998207864,6848019.504434823,16,81.68737500000003
3,57,934687.8998207864,6848019.504434823,17,89.85611250000005
3,57,934687.8998207864,6848019.504434823,18,95.83604338369324
3,57,934687.8998207864,6848019.504434823,19,98.02485000000001
3,57,934687.8998207864,6848019.504434823,20,95.83604338369324
3,57,934687.8998207864,6848019.504434823,21,89.85611250000005
3,57,934687.8998207864,6848019.504434823,22,81.68737500000003
3,57,934687.8998207864,6848019.504434823,23,73.51863750000003
3,57,934687.8998207864,6848019.504434823,24,67.53870661630688
3,57,934687.8998207864,6848019.504434823,25,65.34990000000002
3,57,934687.8998207864,6848019.504434823,26,67.53870661630688
3,57,934687.8998207864,6848019.504434823,27,73.51863750000003
3,57,934687.8998207864,6848019.504434823,28,81.68737500000003
3,57,934687.8998207864,6848019.504434823,29,89.85611250000005
3,57,934687.8998207864,6848019.504434823,30,95.83604338369324
3,57,934687.8998207864,6848019.504434823,31,98.02485000000001
3,57,934687.8998207864,6848019.504434823,32,95.83604338369324
3,57,934687.8998207864,6848019.504434823,33,89.85611250000005
3,57,934687.8998207864,6848019.504434823,34,81.68737500000003
3,57,934687.8998207864,6848019.504434823,35,73.51863750000003
3,57,934687.8998207864,6848019.504434823,36,67.53870661630688
3,57,934687.8998207864,6848019.504434823,37,65.34990000000002
3,57,934687.8998207864,6848019.504434823,38,67.53870661630688
3,57,934687.8998207864,6848019.504434823,39,73.51863750000003
3,57,934687.8998207864,6848019.504434823,40,81.68737500000003
3,57,934687.8998207864,6848019.504434823,41,89.85611250000005
3,57,934687.8998207864,6848019.504434823,42,95.83604338369324
3,57,934687.8998207864,6848019.504434823,43,98.02485000000001
3,57,934687.8998207864,6848019.504434823,44,95.83604338369324
3,57,934687.8998207864,6848019.504434823,45,89.85611250000005
3,57,934687.8998207864,6848019.504434823,46,81.68737500000003
3,57,934687.8998207864,6848019.504434823,47,73.51863750000003
3,57,934687.8998207864,6848019.504434823,48,67.53870661630688
3,39,932773.3998222386,6848897.604434397,1,31.878000000000007
3,39,932773.3998222386,6848897.604434397,2,32.94571054453992
3,39,932773.3998222386,6848897.604434397,3,35.862750000000005
3,39,932773.3998222386,6848897.604434397,4,39.847500000000046
3,39,932773.3998222386,6848897.604434397,5,43.832250000000016
3,39,932773.3998222386,6848897.604434397,6,46.749289455460094
3,39,932773.3998222386,6848897.604434397,7,47.81700000000001
3,39,932773.3998222386,6848897.604434397,8,46.749289455460094
3,39,932773.3998222386,6848897.604434397,9,43.83225000000005
3,39,932773.3998222386,6848897.604434397,10,39.84750000000002
3,39,932773.3998222386,6848897.604434397,11,35.862750000000005
3,39,932773.3998222386,6848897.604434397,12,32.94571054453992
3,39,932773.3998222386,6848897.604434397,13,31.87800000000005
3,39,932773.3998222386,6848897.604434397,14,32.94571054453992
3,39,932773.3998222386,6848897.604434397,15,35.862750000000034
3,39,932773.3998222386,6848897.604434397,16,39.84750000000005
3,39,932773.3998222386,6848897.604434397,17,43.832250000000016
3,39,932773.3998222386,6848897.604434397,18,46.749289455460094
3,39,932773.3998222386,6848897.604434397,19,47.81700000000001
3,39,932773.3998222386,6848897.604434397,20,46.7492894554601
3,39,932773.3998222386,6848897.604434397,21,43.832250000000016
3,39,932773.3998222386,6848897.604434397,22,39.84750000000002
3,39,932773.3998222386,6848897.604434397,23,35.862750000000034
3,39,932773.3998222386,6848897.604434397,24,32.94571054453995
3,39,932773.3998222386,6848897.604434397,25,31.87800000000005
3,39,932773.3998222386,6848897.604434397,26,32.94571054453995
3,39,932773.3998222386,6848897.604434397,27,35.862750000000034
3,39,932773.3998222386,6848897.604434397,28,39.84750000000005
3,39,932773.3998222386,6848897.604434397,29,43.83225000000005
3,39,932773.3998222386,6848897.604434397,30,46.749289455460094
3,39,932773.3998222386,6848897.604434397,31,47.81700000000001
3,39,932773.3998222386,6848897.604434397,32,46.74928945546013
3,39,932773.3998222386,6848897.604434397,33,43.83225000000005
3,39,932773.3998222386,6848897.604434397,34,39.84750000000005
3,39,932773.3998222386,6848897.604434397,35,35.862750000000034
3,39,932773.3998222386,6848897.604434397,36,32.945710544539956
3,39,932773.3998222386,6848897.604434397,37,31.87800000000005
3,39,932773.3998222386,6848897.604434397,38,32.945710544539956
3,39,932773.3998222386,6848897.604434397,39,35.86275000000004
3,39,932773.3998222386,6848897.604434397,40,39.847500000000046
3,39,932773.3998222386,6848897.604434397,41,43.83225000000005
3,39,932773.3998222386,6848897.604434397,42,46.74928945546013
3,39,932773.3998222386,6848897.604434397,43,47.81700000000006
3,39,932773.3998222386,6848897.604434397,44,46.74928945546013
3,39,932773.3998222386,6848897.604434397,45,43.83225000000005
3,39,932773.3998222386,6848897.604434397,46,39.847500000000046
3,39,932773.3998222386,6848897.604434397,47,35.86275000000004
3,39,932773.3998222386,6848897.604434397,48,32.94571054453996
3,61,932731.0998222867,6847344.104435187,1,3.1878000000000015
3,61,932731.0998222867,6847344.104435187,2,3.2945710544539923
3,61,932731.0998222867,6847344.104435187,3,3.5862750000000054
3,61,932731.0998222867,6847344.104435187,4,3.984750000000002
3,61,932731.0998222867,6847344.104435187,5,4.383225000000001
3,61,932731.0998222867,6847344.104435187,6,4.67492894554601
3,61,932731.0998222867,6847344.104435187,7,4.781700000000002
3,61,932731.0998222867,6847344.104435187,8,4.67492894554601
3,61,932731.0998222867,6847344.104435187,9,4.383225000000001
3,61,932731.0998222867,6847344.104435187,10,3.984750000000002
3,61,932731.0998222867,6847344.104435187,11,3.586275000000002
3,61,932731.0998222867,6847344.104435187,12,3.2945710544539923
3,61,932731.0998222867,6847344.104435187,13,3.1878000000000015
3,61,932731.0998222867,6847344.104435187,14,3.2945710544539923
3,61,932731.0998222867,6847344.104435187,15,3.586275000000002
3,61,932731.0998222867,6847344.104435187,16,3.984750000000002
3,61,932731.0998222867,6847344.104435187,17,4.383225000000001
3,61,932731.0998222867,6847344.104435187,18,4.67492894554601
3,61,932731.0998222867,6847344.104435187,19,4.781700000000002
3,61,932731.0998222867,6847344.104435187,20,4.67492894554601
3,61,932731.0998222867,6847344.104435187,21,4.383225000000001
3,61,932731.0998222867,6847344.104435187,22,3.984750000000002
3,61,932731.0998222867,6847344.104435187,23,3.586275000000002
3,61,932731.0998222867,6847344.104435187,24,3.2945710544539923
3,61,932731.0998222867,6847344.104435187,25,3.1878000000000015
3,61,932731.0998222867,6847344.104435187,26,3.2945710544539923
3,61,932731.0998222867,6847344.104435187,27,3.586275000000002
3,61,932731.0998222867,6847344.104435187,28,3.984750000000002
3,61,932731.0998222867,6847344.104435187,29,4.383225000000001
3,61,932731.0998222867,6847344.104435187,30,4.67492894554601
3,61,932731.0998222867,6847344.104435187,31,4.781700000000002
3,61,932731.0998222867,6847344.104435187,32,4.67492894554601
3,61,932731.0998222867,6847344.104435187,33,4.383225000000001
3,61,932731.0998222867,6847344.104435187,34,3.984750000000002
3,61,932731.0998222867,6847344.104435187,35,3.586275000000002
3,61,932731.0998222867,6847344.104435187,36,3.2945710544539923
3,61,932731.0998222867,6847344.104435187,37,3.1878000000000015
3,61,932731.0998222867,6847344.104435187,38,3.2945710544539923
3,61,932731.0998222867,6847344.104435187,39,3.586275000000002
3,61,932731.0998222867,6847344.104435187,40,3.984750000000002
3,61,932731.0998222867,6847344.104435187,41,4.383225000000001
3,61,932731.0998222867,6847344.104435187,42,4.67492894554601
3,61,932731.0998222867,6847344.104435187,43,4.781700000000002
3,61,932731.0998222867,6847344.104435187,44,4.67492894554601
3,61,932731.0998222867,6847344.104435187,45,4.383225000000001
3,61,932731.0998222867,6847344.104435187,46,3.984750000000002
3,61,932731.0998222867,6847344.104435187,47,3.586275000000002
3,61,932731.0998222867,6847344.104435187,48,3.2945710544539923
3,26,933533.0998216621,6848578.504434551,1,41.482980000000026
3,26,933533.0998216621,6848578.504434551,4,35.53357500000001
3,26,933533.0998216621,6848578.504434551,5,60.107355000000055
3,26,933533.0998216621,6848578.504434551,6,60.591144289881136
3,26,933533.0998216621,6848578.504434551,7,51.14340000000003
3,26,933533.0998216621,6848578.504434551,8,60.5504927338329
3,26,933533.0998216621,6848578.504434551,9,52.12226250000004
3,26,933533.0998216621,6848578.504434551,10,44.52525000000003
3,26,933533.0998216621,6848578.504434551,13,40.22172000000001
3,26,933533.0998216621,6848578.504434551,16,44.24805000000003
3,26,933533.0998216621,6848578.504434551,17,53.799322500000045
3,26,933533.0998216621,6848578.504434551,18,54.98122955522592
3,26,933533.0998216621,6848578.504434551,19,45.841950000000026
3,26,933533.0998216621,6848578.504434551,20,50.672164614113946
3,26,933533.0998216621,6848578.504434551,21,42.04084500000003
3,26,933533.0998216621,6848578.504434551,22,33.03877500000003
3,26,933533.0998216621,6848578.504434551,25,37.186380000000014
3,26,933533.0998216621,6848578.504434551,28,43.74562500000003
3,26,933533.0998216621,6848578.504434551,29,56.37208500000004
3,26,933533.0998216621,6848578.504434551,30,52.35920419011533
3,26,933533.0998216621,6848578.504434551,31,73.78371000000004
3,26,933533.0998216621,6848578.504434551,32,59.1480140501691
3,26,933533.0998216621,6848578.504434551,33,55.819417500000036
3,26,933533.0998216621,6848578.504434551,34,46.36170000000003
3,26,933533.0998216621,6848578.504434551,37,35.68950000000001
3,26,933533.0998216621,6848578.504434551,40,47.920950000000026
3,26,933533.0998216621,6848578.504434551,41,55.247692500000056
3,26,933533.0998216621,6848578.504434551,42,52.4608330802359
3,26,933533.0998216621,6848578.504434551,43,50.43654000000003
3,26,933533.0998216621,6848578.504434551,44,68.88406172371927
3,26,933533.0998216621,6848578.504434551,45,54.59973750000005
3,26,933533.0998216621,6848578.504434551,46,54.05400000000003
3,26,933533.0998216621,6848578.504434551,12,31.498964124975345
3,26,933533.0998216621,6848578.504434551,14,40.50889974780824
3,26,933533.0998216621,6848578.504434551,24,45.894807210741725
3,26,933533.0998216621,6848578.504434551,26,29.937623929603674
3,26,933533.0998216621,6848578.504434551,27,41.210977500000006
3,26,933533.0998216621,6848578.504434551,35,42.66108000000001
3,26,933533.0998216621,6848578.504434551,36,33.232194984057664
3,26,933533.0998216621,6848578.504434551,38,36.841898921981176
3,26,933533.0998216621,6848578.504434551,48,27.717369523341198
3,26,933533.0998216621,6848578.504434551,2,37.04243802964359
3,26,933533.0998216621,6848578.504434551,3,48.92926500000002
3,26,933533.0998216621,6848578.504434551,11,34.89601500000001
3,26,933533.0998216621,6848578.504434551,23,42.24008250000002
3,26,933533.0998216621,6848578.504434551,39,44.31388500000001
3,26,933533.0998216621,6848578.504434551,15,45.717210000000016
3,26,933533.0998216621,6848578.504434551,47,43.004115000000006
3,66,933533.0998216621,6848578.504434551,2,38.73269622279825
3,66,933533.0998216621,6848578.504434551,3,33.55506000000002
3,66,933533.0998216621,6848578.504434551,11,47.58831000000002
3,66,933533.0998216621,6848578.504434551,12,44.2761701274665
3,66,933533.0998216621,6848578.504434551,14,35.26623450463361
3,66,933533.0998216621,6848578.504434551,15,36.76711500000001
3,66,933533.0998216621,6848578.504434551,23,40.244242500000006
3,66,933533.0998216621,6848578.504434551,24,29.88032704170012
3,66,933533.0998216621,6848578.504434551,26,45.837510322838185
3,66,933533.0998216621,6848578.504434551,27,41.273347500000014
3,66,933533.0998216621,6848578.504434551,35,39.82324500000002
3,66,933533.0998216621,6848578.504434551,36,42.54293926838418
3,66,933533.0998216621,6848578.504434551,38,38.93323533046068
3,66,933533.0998216621,6848578.504434551,39,38.17044000000003
3,66,933533.0998216621,6848578.504434551,47,39.48021000000002
3,66,933533.0998216621,6848578.504434551,48,48.057764729100654
3,66,933533.0998216621,6848578.504434551,1,31.836420000000007
3,66,933533.0998216621,6848578.504434551,13,33.09768000000001
3,66,933533.0998216621,6848578.504434551,16,47.401200000000024
3,66,933533.0998216621,6848578.504434551,18,52.542136192332336
3,66,933533.0998216621,6848578.504434551,19,64.13715000000002
3,66,933533.0998216621,6848578.504434551,20,56.85120113344432
3,66,933533.0998216621,6848578.504434551,21,58.77333000000006
3,66,933533.0998216621,6848578.504434551,22,58.61047500000002
3,66,933533.0998216621,6848578.504434551,28,47.90362500000002
3,66,933533.0998216621,6848578.504434551,29,44.442090000000036
3,66,933533.0998216621,6848578.504434551,30,55.16416155744294
3,66,933533.0998216621,6848578.504434551,33,44.99475750000005
3,66,933533.0998216621,6848578.504434551,34,45.287550000000024
3,66,933533.0998216621,6848578.504434551,37,37.62990000000001
3,66,933533.0998216621,6848578.504434551,41,45.56648250000003
3,66,933533.0998216621,6848578.504434551,42,55.062532667322365
3,66,933533.0998216621,6848578.504434551,45,46.21443750000004
3,66,933533.0998216621,6848578.504434551,6,46.93222145767712
3,66,933533.0998216621,6848578.504434551,17,47.01485250000003
3,66,933533.0998216621,6848578.504434551,25,36.133020000000016
3,66,933533.0998216621,6848578.504434551,31,36.19539000000001
3,66,933533.0998216621,6848578.504434551,43,59.54256000000001
3,66,933533.0998216621,6848578.504434551,46,37.59525000000002
3,66,933533.0998216621,6848578.504434551,4,56.115675000000024
3,66,933533.0998216621,6848578.504434551,5,40.706820000000036
3,66,933533.0998216621,6848578.504434551,7,58.835700000000024
3,66,933533.0998216621,6848578.504434551,9,48.69191250000004
3,66,933533.0998216621,6848578.504434551,10,47.12400000000003
3,66,933533.0998216621,6848578.504434551,32,48.375351697389156
3,66,933533.0998216621,6848578.504434551,40,43.728300000000026
3,66,933533.0998216621,6848578.504434551,44,38.63930402383899
3,66,933533.0998216621,6848578.504434551,8,46.972873013725355
3,52,933544.3998216777,6846209.704435752,1,401.66280000000023
3,52,933544.3998216777,6846209.704435752,2,415.1159528612031
3,52,933544.3998216777,6846209.704435752,3,451.8706500000002
3,52,933544.3998216777,6846209.704435752,4,502.0785000000001
3,52,933544.3998216777,6846209.704435752,5,552.2863500000003
3,52,933544.3998216777,6846209.704435752,6,589.041047138797
3,52,933544.3998216777,6846209.704435752,7,602.4942000000004
3,52,933544.3998216777,6846209.704435752,8,589.041047138797
3,52,933544.3998216777,6846209.704435752,9,552.2863500000003
3,52,933544.3998216777,6846209.704435752,10,502.0785000000001
3,52,933544.3998216777,6846209.704435752,11,451.8706500000002
3,52,933544.3998216777,6846209.704435752,12,415.1159528612031
3,52,933544.3998216777,6846209.704435752,13,401.66280000000023
3,52,933544.3998216777,6846209.704435752,14,415.1159528612031
3,52,933544.3998216777,6846209.704435752,15,451.8706500000002
3,52,933544.3998216777,6846209.704435752,16,502.0785000000001
3,52,933544.3998216777,6846209.704435752,17,552.2863500000003
3,52,933544.3998216777,6846209.704435752,18,589.041047138797
3,52,933544.3998216777,6846209.704435752,19,602.4942000000004
3,52,933544.3998216777,6846209.704435752,20,589.041047138797
3,52,933544.3998216777,6846209.704435752,21,552.2863500000003
3,52,933544.3998216777,6846209.704435752,22,502.0785000000001
3,52,933544.3998216777,6846209.704435752,23,451.8706500000002
3,52,933544.3998216777,6846209.704435752,24,415.1159528612031
3,52,933544.3998216777,6846209.704435752,25,401.66280000000023
3,52,933544.3998216777,6846209.704435752,26,415.1159528612031
3,52,933544.3998216777,6846209.704435752,27,451.8706500000002
3,52,933544.3998216777,6846209.704435752,28,502.0785000000001
3,52,933544.3998216777,6846209.704435752,29,552.2863500000003
3,52,933544.3998216777,6846209.704435752,30,589.041047138797
3,52,933544.3998216777,6846209.704435752,31,602.4942000000004
3,52,933544.3998216777,6846209.704435752,32,589.041047138797
3,52,933544.3998216777,6846209.704435752,33,552.2863500000003
3,52,933544.3998216777,6846209.704435752,34,502.0785000000001
3,52,933544.3998216777,6846209.704435752,35,451.8706500000002
3,52,933544.3998216777,6846209.704435752,36,415.1159528612031
3,52,933544.3998216777,6846209.704435752,37,401.66280000000023
3,52,933544.3998216777,6846209.704435752,38,415.1159528612031
3,52,933544.3998216777,6846209.704435752,39,451.8706500000002
3,52,933544.3998216777,6846209.704435752,40,502.0785000000001
3,52,933544.3998216777,6846209.704435752,41,552.2863500000003
3,52,933544.3998216777,6846209.704435752,42,589.041047138797
3,52,933544.3998216777,6846209.704435752,43,602.4942000000004
3,52,933544.3998216777,6846209.704435752,44,589.041047138797
3,52,933544.3998216777,6846209.704435752,45,552.2863500000003
3,52,933544.3998216777,6846209.704435752,46,502.0785000000001
3,52,933544.3998216777,6846209.704435752,47,451.8706500000002
3,52,933544.3998216777,6846209.704435752,48,415.1159528612031
3,24,932152.499822722,6847957.104434883,1,92.4462000000001
3,24,932152.499822722,6847957.104434883,2,95.54256057916571
3,24,932152.499822722,6847957.104434883,3,104.00197500000003
3,24,932152.499822722,6847957.104434883,4,115.55775000000008
3,24,932152.499822722,6847957.104434883,5,127.11352500000011
3,24,932152.499822722,6847957.104434883,6,135.57293942083436
3,24,932152.499822722,6847957.104434883,7,138.66930000000008
3,24,932152.499822722,6847957.104434883,8,135.57293942083436
3,24,932152.499822722,6847957.104434883,9,127.11352500000011
3,24,932152.499822722,6847957.104434883,10,115.55775000000008
3,24,932152.499822722,6847957.104434883,11,104.00197500000003
3,24,932152.499822722,6847957.104434883,12,95.54256057916571
3,24,932152.499822722,6847957.104434883,13,92.4462000000001
3,24,932152.499822722,6847957.104434883,14,95.54256057916642
3,24,932152.499822722,6847957.104434883,15,104.00197500000003
3,24,932152.499822722,6847957.104434883,16,115.55775000000008
3,24,932152.499822722,6847957.104434883,17,127.11352500000011
3,24,932152.499822722,6847957.104434883,18,135.57293942083436
3,24,932152.499822722,6847957.104434883,19,138.66930000000008
3,24,932152.499822722,6847957.104434883,20,135.57293942083436
3,24,932152.499822722,6847957.104434883,21,127.11352500000011
3,24,932152.499822722,6847957.104434883,22,115.55775000000008
3,24,932152.499822722,6847957.104434883,23,104.00197500000003
3,24,932152.499822722,6847957.104434883,24,95.54256057916571
3,24,932152.499822722,6847957.104434883,25,92.4462000000001
3,24,932152.499822722,6847957.104434883,26,95.54256057916571
3,24,932152.499822722,6847957.104434883,27,104.00197500000003
3,24,932152.499822722,6847957.104434883,28,115.55775000000008
3,24,932152.499822722,6847957.104434883,29,127.11352500000011
3,24,932152.499822722,6847957.104434883,30,135.57293942083436
3,24,932152.499822722,6847957.104434883,31,138.66930000000008
3,24,932152.499822722,6847957.104434883,32,135.57293942083436
3,24,932152.499822722,6847957.104434883,33,127.11352500000011
3,24,932152.499822722,6847957.104434883,34,115.55775000000008
3,24,932152.499822722,6847957.104434883,35,104.00197500000003
3,24,932152.499822722,6847957.104434883,36,95.54256057916571
3,24,932152.499822722,6847957.104434883,37,92.4462000000001
3,24,932152.499822722,6847957.104434883,38,95.54256057916571
3,24,932152.499822722,6847957.104434883,39,104.00197500000003
3,24,932152.499822722,6847957.104434883,40,115.55775000000008
3,24,932152.499822722,6847957.104434883,41,127.11352500000011
3,24,932152.499822722,6847957.104434883,42,135.57293942083436
3,24,932152.499822722,6847957.104434883,43,138.66930000000008
3,24,932152.499822722,6847957.104434883,44,135.57293942083436
3,24,932152.499822722,6847957.104434883,45,127.11352500000011
3,24,932152.499822722,6847957.104434883,46,115.55775000000008
3,24,932152.499822722,6847957.104434883,47,104.00197500000003
3,24,932152.499822722,6847957.104434883,48,95.54256057916571
3,37,934585.699820864,6848050.504434808,1,33.47190000000011
3,37,934585.699820864,6848050.504434808,2,34.592996071767054
3,37,934585.699820864,6848050.504434808,3,37.65588750000002
3,37,934585.699820864,6848050.504434808,4,41.83987500000003
3,37,934585.699820864,6848050.504434808,5,46.02386250000004
3,37,934585.699820864,6848050.504434808,6,49.08675392823312
3,37,934585.699820864,6848050.504434808,7,50.20785000000003
3,37,934585.699820864,6848050.504434808,8,49.08675392823312
3,37,934585.699820864,6848050.504434808,9,46.02386250000004
3,37,934585.699820864,6848050.504434808,10,41.83987500000003
3,37,934585.699820864,6848050.504434808,11,37.65588750000002
3,37,934585.699820864,6848050.504434808,12,34.59299607176694
3,37,934585.699820864,6848050.504434808,13,33.47190000000001
3,37,934585.699820864,6848050.504434808,14,34.59299607176694
3,37,934585.699820864,6848050.504434808,15,37.65588750000002
3,37,934585.699820864,6848050.504434808,16,41.83987500000003
3,37,934585.699820864,6848050.504434808,17,46.02386250000004
3,37,934585.699820864,6848050.504434808,18,49.08675392823312
3,37,934585.699820864,6848050.504434808,19,50.20785000000003
3,37,934585.699820864,6848050.504434808,20,49.08675392823312
3,37,934585.699820864,6848050.504434808,21,46.02386250000004
3,37,934585.699820864,6848050.504434808,22,41.83987500000003
3,37,934585.699820864,6848050.504434808,23,37.65588750000002
3,37,934585.699820864,6848050.504434808,24,34.59299607176694
3,37,934585.699820864,6848050.504434808,25,33.47190000000001
3,37,934585.699820864,6848050.504434808,26,34.59299607176694
3,37,934585.699820864,6848050.504434808,27,37.65588750000002
3,37,934585.699820864,6848050.504434808,28,41.83987500000003
3,37,934585.699820864,6848050.504434808,29,46.02386250000004
3,37,934585.699820864,6848050.504434808,30,49.08675392823312
3,37,934585.699820864,6848050.504434808,31,50.20785000000003
3,37,934585.699820864,6848050.504434808,32,49.08675392823312
3,37,934585.699820864,6848050.504434808,33,46.02386250000004
3,37,934585.699820864,6848050.504434808,34,41.83987500000003
3,37,934585.699820864,6848050.504434808,35,37.65588750000002
3,37,934585.699820864,6848050.504434808,36,34.59299607176694
3,37,934585.699820864,6848050.504434808,37,33.47190000000001
3,37,934585.699820864,6848050.504434808,38,34.59299607176694
3,37,934585.699820864,6848050.504434808,39,37.65588750000002
3,37,934585.699820864,6848050.504434808,40,41.83987500000003
3,37,934585.699820864,6848050.504434808,41,46.02386250000004
3,37,934585.699820864,6848050.504434808,42,49.08675392823312
3,37,934585.699820864,6848050.504434808,43,50.20785000000003
3,37,934585.699820864,6848050.504434808,44,49.08675392823312
3,37,934585.699820864,6848050.504434808,45,46.02386250000004
3,37,934585.699820864,6848050.504434808,46,41.83987500000003
3,37,934585.699820864,6848050.504434808,47,37.65588750000002
3,37,934585.699820864,6848050.504434808,48,34.59299607176694
3,5,933436.0728134823,6847046.593612878,1,17.53290000000002
3,5,933436.0728134823,6847046.593612878,2,18.12014079949696
3,5,933436.0728134823,6847046.593612878,3,19.724512500000007
3,5,933436.0728134823,6847046.593612878,4,21.916125000000008
3,5,933436.0728134823,6847046.593612878,5,24.107737500000006
3,5,933436.0728134823,6847046.593612878,6,25.712109200503054
3,5,933436.0728134823,6847046.593612878,7,26.299350000000008
3,5,933436.0728134823,6847046.593612878,8,25.712109200503054
3,5,933436.0728134823,6847046.593612878,9,24.107737500000006
3,5,933436.0728134823,6847046.593612878,10,21.916125000000008
3,5,933436.0728134823,6847046.593612878,11,19.724512500000007
3,5,933436.0728134823,6847046.593612878,12,18.12014079949696
3,5,933436.0728134823,6847046.593612878,13,17.53290000000002
3,5,933436.0728134823,6847046.593612878,14,18.12014079949696
3,5,933436.0728134823,6847046.593612878,15,19.724512500000024
3,5,933436.0728134823,6847046.593612878,16,21.916125000000008
3,5,933436.0728134823,6847046.593612878,17,24.107737500000006
3,5,933436.0728134823,6847046.593612878,18,25.712109200503054
3,5,933436.0728134823,6847046.593612878,19,26.299350000000008
3,5,933436.0728134823,6847046.593612878,20,25.712109200503054
3,5,933436.0728134823,6847046.593612878,21,24.107737500000006
3,5,933436.0728134823,6847046.593612878,22,21.916125000000008
3,5,933436.0728134823,6847046.593612878,23,19.724512500000007
3,5,933436.0728134823,6847046.593612878,24,18.12014079949696
3,5,933436.0728134823,6847046.593612878,25,17.53290000000002
3,5,933436.0728134823,6847046.593612878,26,18.12014079949696
3,5,933436.0728134823,6847046.593612878,27,19.724512500000024
3,5,933436.0728134823,6847046.593612878,28,21.916125000000008
3,5,933436.0728134823,6847046.593612878,29,24.107737500000006
3,5,933436.0728134823,6847046.593612878,30,25.712109200503054
3,5,933436.0728134823,6847046.593612878,31,26.299350000000008
3,5,933436.0728134823,6847046.593612878,32,25.712109200503054
3,5,933436.0728134823,6847046.593612878,33,24.107737500000006
3,5,933436.0728134823,6847046.593612878,34,21.916125000000008
3,5,933436.0728134823,6847046.593612878,35,19.724512500000007
3,5,933436.0728134823,6847046.593612878,36,18.12014079949696
3,5,933436.0728134823,6847046.593612878,37,17.532900000000005
3,5,933436.0728134823,6847046.593612878,38,18.12014079949696
3,5,933436.0728134823,6847046.593612878,39,19.724512500000024
3,5,933436.0728134823,6847046.593612878,40,21.916125000000008
3,5,933436.0728134823,6847046.593612878,41,24.107737500000006
3,5,933436.0728134823,6847046.593612878,42,25.712109200503054
3,5,933436.0728134823,6847046.593612878,43,26.299350000000025
3,5,933436.0728134823,6847046.593612878,44,25.712109200503054
3,5,933436.0728134823,6847046.593612878,45,24.107737500000006
3,5,933436.0728134823,6847046.593612878,46,21.916125000000008
3,5,933436.0728134823,6847046.593612878,47,19.724512500000024
3,5,933436.0728134823,6847046.593612878,48,18.12014079949696
3,42,934990.5998205657,6847039.104435317,1,337.9068000000039
3,42,934990.5998205657,6847039.104435317,2,349.2245317721231
3,42,934990.5998205657,6847039.104435317,3,380.14515000000057
3,42,934990.5998205657,6847039.104435317,4,422.38350000000014
3,42,934990.5998205657,6847039.104435317,5,464.6218500000003
3,42,934990.5998205657,6847039.104435317,6,495.542468227877
3,42,934990.5998205657,6847039.104435317,7,506.8601999999998
3,42,934990.5998205657,6847039.104435317,8,495.542468227877
3,42,934990.5998205657,6847039.104435317,9,464.6218500000003
3,42,934990.5998205657,6847039.104435317,10,422.38350000000014
3,42,934990.5998205657,6847039.104435317,11,380.14515000000057
3,42,934990.5998205657,6847039.104435317,12,349.2245317721231
3,42,934990.5998205657,6847039.104435317,13,337.90680000000026
3,42,934990.5998205657,6847039.104435317,14,349.2245317721231
3,42,934990.5998205657,6847039.104435317,15,380.14515000000057
3,42,934990.5998205657,6847039.104435317,16,422.38350000000014
3,42,934990.5998205657,6847039.104435317,17,464.6218500000003
3,42,934990.5998205657,6847039.104435317,18,495.542468227877
3,42,934990.5998205657,6847039.104435317,19,506.8601999999998
3,42,934990.5998205657,6847039.104435317,20,495.542468227877
3,42,934990.5998205657,6847039.104435317,21,464.6218500000003
3,42,934990.5998205657,6847039.104435317,22,422.38350000000014
3,42,934990.5998205657,6847039.104435317,23,380.14515000000057
3,42,934990.5998205657,6847039.104435317,24,349.2245317721231
3,42,934990.5998205657,6847039.104435317,25,337.90680000000026
3,42,934990.5998205657,6847039.104435317,26,349.2245317721231
3,42,934990.5998205657,6847039.104435317,27,380.14515000000057
3,42,934990.5998205657,6847039.104435317,28,422.38350000000014
3,42,934990.5998205657,6847039.104435317,29,464.6218500000003
3,42,934990.5998205657,6847039.104435317,30,495.542468227877
3,42,934990.5998205657,6847039.104435317,31,506.8601999999998
3,42,934990.5998205657,6847039.104435317,32,495.542468227877
3,42,934990.5998205657,6847039.104435317,33,464.6218500000003
3,42,934990.5998205657,6847039.104435317,34,422.38350000000014
3,42,934990.5998205657,6847039.104435317,35,380.14515000000057
3,42,934990.5998205657,6847039.104435317,36,349.2245317721231
3,42,934990.5998205657,6847039.104435317,37,337.90680000000026
3,42,934990.5998205657,6847039.104435317,38,349.2245317721231
3,42,934990.5998205657,6847039.104435317,39,380.14515000000057
3,42,934990.5998205657,6847039.104435317,40,422.38350000000014
3,42,934990.5998205657,6847039.104435317,41,464.6218500000003
3,42,934990.5998205657,6847039.104435317,42,495.542468227877
3,42,934990.5998205657,6847039.104435317,43,506.8601999999998
3,42,934990.5998205657,6847039.104435317,44,495.542468227877
3,42,934990.5998205657,6847039.104435317,45,464.6218500000003
3,42,934990.5998205657,6847039.104435317,46,422.38350000000014
3,42,934990.5998205657,6847039.104435317,47,380.14515000000057
3,42,934990.5998205657,6847039.104435317,48,349.2245317721231
3,79,934635.7998208292,6847723.804434974,1,84.47670000000002
3,79,934635.7998208292,6847723.804434974,2,87.30613294303082
3,79,934635.7998208292,6847723.804434974,3,95.03628750000003
3,79,934635.7998208292,6847723.804434974,4,105.59587500000008
3,79,934635.7998208292,6847723.804434974,5,46.02386250000003
3,79,934635.7998208292,6847723.804434974,6,49.086753928233115
3,79,934635.7998208292,6847723.804434974,7,50.20785000000002
3,79,934635.7998208292,6847723.804434974,8,49.086753928233115
3,79,934635.7998208292,6847723.804434974,9,46.02386250000003
3,79,934635.7998208292,6847723.804434974,10,41.83987500000002
3,79,934635.7998208292,6847723.804434974,11,37.65588750000002
3,79,934635.7998208292,6847723.804434974,12,34.59299607176693
3,79,934635.7998208292,6847723.804434974,13,33.47190000000001
3,79,934635.7998208292,6847723.804434974,14,34.59299607176693
3,79,934635.7998208292,6847723.804434974,15,37.65588750000002
3,79,934635.7998208292,6847723.804434974,16,41.83987500000002
3,79,934635.7998208292,6847723.804434974,17,46.02386250000003
3,79,934635.7998208292,6847723.804434974,18,49.086753928233115
3,79,934635.7998208292,6847723.804434974,19,50.20785000000002
3,79,934635.7998208292,6847723.804434974,20,49.086753928233115
3,79,934635.7998208292,6847723.804434974,21,46.02386250000003
3,79,934635.7998208292,6847723.804434974,22,41.83987500000002
3,79,934635.7998208292,6847723.804434974,23,37.65588750000002
3,79,934635.7998208292,6847723.804434974,24,34.59299607176693
3,79,934635.7998208292,6847723.804434974,25,33.47190000000001
3,79,934635.7998208292,6847723.804434974,26,34.59299607176693
3,79,934635.7998208292,6847723.804434974,27,37.65588750000002
3,79,934635.7998208292,6847723.804434974,28,41.83987500000002
3,79,934635.7998208292,6847723.804434974,29,46.02386250000003
3,79,934635.7998208292,6847723.804434974,30,49.086753928233115
3,79,934635.7998208292,6847723.804434974,31,50.20785000000002
3,79,934635.7998208292,6847723.804434974,32,49.086753928233115
3,79,934635.7998208292,6847723.804434974,33,46.02386250000003
3,79,934635.7998208292,6847723.804434974,34,41.83987500000002
3,79,934635.7998208292,6847723.804434974,35,37.65588750000002
3,79,934635.7998208292,6847723.804434974,36,34.59299607176693
3,79,934635.7998208292,6847723.804434974,37,33.47190000000001
3,79,934635.7998208292,6847723.804434974,38,34.59299607176693
3,79,934635.7998208292,6847723.804434974,39,37.65588750000002
3,79,934635.7998208292,6847723.804434974,40,41.83987500000002
3,79,934635.7998208292,6847723.804434974,41,46.02386250000003
3,79,934635.7998208292,6847723.804434974,42,49.086753928233115
3,79,934635.7998208292,6847723.804434974,43,50.20785000000002
3,79,934635.7998208292,6847723.804434974,44,49.086753928233115
3,79,934635.7998208292,6847723.804434974,45,46.02386250000003
3,79,934635.7998208292,6847723.804434974,46,41.83987500000002
3,79,934635.7998208292,6847723.804434974,47,37.65588750000002
3,79,934635.7998208292,6847723.804434974,48,34.59299607176693
3,30,933207.9998219206,6847554.204435076,1,503.67240000000027
3,30,933207.9998219206,6847554.204435076,2,520.5422266037305
3,30,933207.9998219206,6847554.204435076,3,566.6314500000004
3,30,933207.9998219206,6847554.204435076,4,629.5905
3,30,933207.9998219206,6847554.204435076,5,692.5495499999994
3,30,933207.9998219206,6847554.204435076,6,733.7137499999999
3,30,933207.9998219206,6847554.204435076,7,733.7137499999999
3,30,933207.9998219206,6847554.204435076,8,733.7137499999999
3,30,933207.9998219206,6847554.204435076,9,692.5495499999994
3,30,933207.9998219206,6847554.204435076,10,629.5905
3,30,933207.9998219206,6847554.204435076,11,566.6314500000004
3,30,933207.9998219206,6847554.204435076,12,520.5422266037305
3,30,933207.9998219206,6847554.204435076,13,503.67240000000027
3,30,933207.9998219206,6847554.204435076,14,520.5422266037305
3,30,933207.9998219206,6847554.204435076,15,566.6314500000004
3,30,933207.9998219206,6847554.204435076,16,629.5905
3,30,933207.9998219206,6847554.204435076,17,692.5495499999994
3,30,933207.9998219206,6847554.204435076,18,733.7137499999999
3,30,933207.9998219206,6847554.204435076,19,733.7137499999999
3,30,933207.9998219206,6847554.204435076,20,733.7137499999999
3,30,933207.9998219206,6847554.204435076,21,692.5495499999994
3,30,933207.9998219206,6847554.204435076,22,629.5905
3,30,933207.9998219206,6847554.204435076,23,566.6314500000004
3,30,933207.9998219206,6847554.204435076,24,520.5422266037305
3,30,933207.9998219206,6847554.204435076,25,503.67240000000027
3,30,933207.9998219206,6847554.204435076,26,520.5422266037305
3,30,933207.9998219206,6847554.204435076,27,566.6314500000004
3,30,933207.9998219206,6847554.204435076,28,629.5905
3,30,933207.9998219206,6847554.204435076,29,692.5495499999994
3,30,933207.9998219206,6847554.204435076,30,733.7137499999999
3,30,933207.9998219206,6847554.204435076,31,733.7137499999999
3,30,933207.9998219206,6847554.204435076,32,733.7137499999999
3,30,933207.9998219206,6847554.204435076,33,692.5495499999994
3,30,933207.9998219206,6847554.204435076,34,629.5905
3,30,933207.9998219206,6847554.204435076,35,566.6314500000004
3,30,933207.9998219206,6847554.204435076,36,520.5422266037305
3,30,933207.9998219206,6847554.204435076,37,503.67240000000027
3,30,933207.9998219206,6847554.204435076,38,520.5422266037305
3,30,933207.9998219206,6847554.204435076,39,566.6314500000004
3,30,933207.9998219206,6847554.204435076,40,629.5905
3,30,933207.9998219206,6847554.204435076,41,692.5495499999994
3,30,933207.9998219206,6847554.204435076,42,733.7137499999999
3,30,933207.9998219206,6847554.204435076,43,733.7137499999999
3,30,933207.9998219206,6847554.204435076,44,733.7137499999999
3,30,933207.9998219206,6847554.204435076,45,692.5495499999994
3,30,933207.9998219206,6847554.204435076,46,629.5905
3,30,933207.9998219206,6847554.204435076,47,566.6314500000004
3,30,933207.9998219206,6847554.204435076,48,520.5422266037305
3,25,933734.0998215002,6849385.604434141,1,14.345100000000038
3,25,933734.0998215002,6849385.604434141,2,14.825569745042968
3,25,933734.0998215002,6849385.604434141,3,16.13823750000001
3,25,933734.0998215002,6849385.604434141,4,17.931375000000013
3,25,933734.0998215002,6849385.604434141,5,19.72451250000001
3,25,933734.0998215002,6849385.604434141,6,21.037180254957047
3,25,933734.0998215002,6849385.604434141,7,21.517650000000003
3,25,933734.0998215002,6849385.604434141,8,21.037180254957047
3,25,933734.0998215002,6849385.604434141,9,19.72451250000001
3,25,933734.0998215002,6849385.604434141,10,17.931375000000013
3,25,933734.0998215002,6849385.604434141,11,16.13823750000001
3,25,933734.0998215002,6849385.604434141,12,14.825569745042968
3,25,933734.0998215002,6849385.604434141,13,14.34510000000001
3,25,933734.0998215002,6849385.604434141,14,14.825569745042968
3,25,933734.0998215002,6849385.604434141,15,16.13823750000001
3,25,933734.0998215002,6849385.604434141,16,17.931375000000013
3,25,933734.0998215002,6849385.604434141,17,19.72451250000001
3,25,933734.0998215002,6849385.604434141,18,21.037180254957047
3,25,933734.0998215002,6849385.604434141,19,21.517650000000003
3,25,933734.0998215002,6849385.604434141,20,21.037180254957047
3,25,933734.0998215002,6849385.604434141,21,19.72451250000001
3,25,933734.0998215002,6849385.604434141,22,17.931375000000013
3,25,933734.0998215002,6849385.604434141,23,16.13823750000001
3,25,933734.0998215002,6849385.604434141,24,14.825569745042968
3,25,933734.0998215002,6849385.604434141,25,14.34510000000001
3,25,933734.0998215002,6849385.604434141,26,14.825569745042968
3,25,933734.0998215002,6849385.604434141,27,16.13823750000001
3,25,933734.0998215002,6849385.604434141,28,17.931375000000013
3,25,933734.0998215002,6849385.604434141,29,19.72451250000001
3,25,933734.0998215002,6849385.604434141,30,21.037180254957047
3,25,933734.0998215002,6849385.604434141,31,21.517650000000003
3,25,933734.0998215002,6849385.604434141,32,21.037180254957047
3,25,933734.0998215002,6849385.604434141,33,19.72451250000001
3,25,933734.0998215002,6849385.604434141,34,17.931375000000013
3,25,933734.0998215002,6849385.604434141,35,16.13823750000001
3,25,933734.0998215002,6849385.604434141,36,14.825569745042968
3,25,933734.0998215002,6849385.604434141,37,14.34510000000001
3,25,933734.0998215002,6849385.604434141,38,14.825569745042968
3,25,933734.0998215002,6849385.604434141,39,16.13823750000001
3,25,933734.0998215002,6849385.604434141,40,17.931375000000013
3,25,933734.0998215002,6849385.604434141,41,19.72451250000001
3,25,933734.0998215002,6849385.604434141,42,21.037180254957047
3,25,933734.0998215002,6849385.604434141,43,21.517650000000003
3,25,933734.0998215002,6849385.604434141,44,21.037180254957047
3,25,933734.0998215002,6849385.604434141,45,19.72451250000001
3,25,933734.0998215002,6849385.604434141,46,17.931375000000013
3,25,933734.0998215002,6849385.604434141,47,16.13823750000001
3,25,933734.0998215002,6849385.604434141,48,14.825569745042968
3,21,934045.0998212856,6847194.404435249,2,33.46138253567186
3,21,934045.0998212856,6847194.404435249,5,53.55157500000004
3,21,934045.0998212856,6847194.404435249,12,26.91521309269153
3,21,934045.0998212856,6847194.404435249,14,49.47586270471345
3,21,934045.0998212856,6847194.404435249,17,68.11150500000005
3,21,934045.0998212856,6847194.404435249,22,54.816300000000034
3,21,934045.0998212856,6847194.404435249,28,72.86895000000004
3,21,934045.0998212856,6847194.404435249,29,58.96390500000005
3,21,934045.0998212856,6847194.404435249,30,65.10346701123424
3,21,934045.0998212856,6847194.404435249,31,84.86478000000002
3,21,934045.0998212856,6847194.404435249,32,55.02188111127413
3,21,934045.0998212856,6847194.404435249,33,65.11947750000004
3,21,934045.0998212856,6847194.404435249,35,44.734882500000005
3,21,934045.0998212856,6847194.404435249,36,41.196462402650795
3,21,934045.0998212856,6847194.404435249,37,26.860680000000016
3,21,934045.0998212856,6847194.404435249,38,48.27262805873896
3,21,934045.0998212856,6847194.404435249,39,25.49373750000001
3,21,934045.0998212856,6847194.404435249,41,75.58204500000006
3,21,934045.0998212856,6847194.404435249,42,76.38427381461699
3,21,934045.0998212856,6847194.404435249,43,71.08101000000003
3,21,934045.0998212856,6847194.404435249,44,64.69695145075195
3,21,934045.0998212856,6847194.404435249,45,64.58586750000005
3,21,934045.0998212856,6847194.404435249,46,47.74770000000002
3,21,934045.0998212856,6847194.404435249,47,55.634040000000034
3,21,934045.0998212856,6847194.404435249,48,55.43473904668242
3,21,934045.0998212856,6847194.404435249,1,44.39358000000001
3,21,934045.0998212856,6847194.404435249,3,51.08103000000001
3,21,934045.0998212856,6847194.404435249,4,74.93062500000005
3,21,934045.0998212856,6847194.404435249,7,61.60077000000003
3,21,934045.0998212856,6847194.404435249,8,54.18852421228551
3,21,934045.0998212856,6847194.404435249,10,58.88767500000002
3,21,934045.0998212856,6847194.404435249,11,46.12261500000001
3,21,934045.0998212856,6847194.404435249,15,56.13300000000001
3,21,934045.0998212856,6847194.404435249,16,54.50445000000002
3,21,934045.0998212856,6847194.404435249,21,68.24490750000004
3,21,934045.0998212856,6847194.404435249,24,32.47301121933565
3,21,934045.0998212856,6847194.404435249,25,46.22310000000002
3,21,934045.0998212856,6847194.404435249,9,60.355102500000044
3,21,934045.0998212856,6847194.404435249,13,46.167660000000005
3,21,934045.0998212856,6847194.404435249,19,51.081030000000005
3,21,934045.0998212856,6847194.404435249,23,40.97709000000002
3,21,934045.0998212856,6847194.404435249,40,54.03667500000003
3,21,934045.0998212856,6847194.404435249,6,57.84716425662587
3,21,934045.0998212856,6847194.404435249,18,70.08328262714194
3,21,934045.0998212856,6847194.404435249,20,89.61635530831462
3,21,934045.0998212856,6847194.404435249,26,45.39345944158566
3,21,934045.0998212856,6847194.404435249,27,50.098702500000016
3,21,934045.0998212856,6847194.404435249,34,52.702650000000034
3,58,934045.0998212856,6847194.404435249,1,43.27092000000002
3,58,934045.0998212856,6847194.404435249,3,47.54153250000002
3,58,934045.0998212856,6847194.404435249,4,34.65000000000003
3,58,934045.0998212856,6847194.404435249,6,70.71338174588945
3,58,934045.0998212856,6847194.404435249,7,69.89598000000001
3,58,934045.0998212856,6847194.404435249,8,74.37202179022981
3,58,934045.0998212856,6847194.404435249,9,60.18358500000004
3,58,934045.0998212856,6847194.404435249,10,50.69295000000003
3,58,934045.0998212856,6847194.404435249,11,52.49994750000002
3,58,934045.0998212856,6847194.404435249,13,41.49684000000001
3,58,934045.0998212856,6847194.404435249,15,42.48956250000001
3,58,934045.0998212856,6847194.404435249,16,55.07617500000003
3,58,934045.0998212856,6847194.404435249,18,58.477263375373354
3,58,934045.0998212856,6847194.404435249,19,80.41572000000004
3,58,934045.0998212856,6847194.404435249,20,38.944190694200685
3,58,934045.0998212856,6847194.404435249,21,52.293780000000034
3,58,934045.0998212856,6847194.404435249,23,57.64547250000002
3,58,934045.0998212856,6847194.404435249,24,58.12769277814916
3,58,934045.0998212856,6847194.404435249,25,41.441400000000016
3,58,934045.0998212856,6847194.404435249,26,45.20724455589913
3,58,934045.0998212856,6847194.404435249,27,48.52386000000001
3,58,934045.0998212856,6847194.404435249,34,56.87797500000002
3,58,934045.0998212856,6847194.404435249,40,55.543950000000024
3,58,934045.0998212856,6847194.404435249,2,57.13932146181296
3,58,934045.0998212856,6847194.404435249,12,63.685490904793305
3,58,934045.0998212856,6847194.404435249,29,61.57478250000004
3,58,934045.0998212856,6847194.404435249,33,55.41921000000004
3,58,934045.0998212856,6847194.404435249,35,53.88768000000001
3,58,934045.0998212856,6847194.404435249,37,60.803820000000016
3,58,934045.0998212856,6847194.404435249,39,73.12882499999999
3,58,934045.0998212856,6847194.404435249,41,44.95664250000002
3,58,934045.0998212856,6847194.404435249,43,60.415740000000014
3,58,934045.0998212856,6847194.404435249,44,63.863594551763335
3,58,934045.0998212856,6847194.404435249,46,61.83292500000003
3,58,934045.0998212856,6847194.404435249,47,42.98852250000001
3,58,934045.0998212856,6847194.404435249,48,35.165964950802405
3,58,934045.0998212856,6847194.404435249,14,41.12484129277136
3,58,934045.0998212856,6847194.404435249,22,54.764325000000014
3,58,934045.0998212856,6847194.404435249,31,46.63197000000002
3,58,934045.0998212856,6847194.404435249,36,49.40424159483401
3,58,934045.0998212856,6847194.404435249,5,66.98711250000004
3,58,934045.0998212856,6847194.404435249,28,36.711675000000014
3,58,934045.0998212856,6847194.404435249,30,63.45707899128106
3,58,934045.0998212856,6847194.404435249,32,73.53866489124117
3,58,934045.0998212856,6847194.404435249,42,52.1762721878983
3,58,934045.0998212856,6847194.404435249,45,55.95282000000003
3,58,934045.0998212856,6847194.404435249,38,42.32807593874587
3,58,934045.0998212856,6847194.404435249,17,52.42718250000003
3,10,933074.0319191051,6846600.749738233,1,41.23350000000002
3,10,933074.0319191051,6846600.749738233,2,42.61456037826362
3,10,933074.0319191051,6846600.749738233,3,62.29203750000003
3,10,933074.0319191051,6846600.749738233,4,60.37762500000004
3,10,933074.0319191051,6846600.749738233,5,75.56298750000008
3,10,933074.0319191051,6846600.749738233,6,71.44510975475754
3,10,933074.0319191051,6846600.749738233,7,83.67975000000035
3,10,933074.0319191051,6846600.749738233,8,74.49397645837449
3,10,933074.0319191051,6846600.749738233,9,76.13471250000008
3,10,933074.0319191051,6846600.749738233,10,62.45662500000004
3,10,933074.0319191051,6846600.749738233,11,62.29203750000003
3,10,933074.0319191051,6846600.749738233,12,42.61456037826362
3,10,933074.0319191051,6846600.749738233,13,41.233500000000035
3,10,933074.0319191051,6846600.749738233,14,42.61456037826362
3,10,933074.0319191051,6846600.749738233,15,59.01761250000003
3,10,933074.0319191051,6846600.749738233,16,60.897375000000025
3,10,933074.0319191051,6846600.749738233,17,72.70436250000007
3,10,933074.0319191051,6846600.749738233,18,76.93306982126808
3,10,933074.0319191051,6846600.749738233,19,78.69015000000006
3,10,933074.0319191051,6846600.749738233,20,77.4094605611273
3,10,933074.0319191051,6846600.749738233,21,75.56298750000008
3,10,933074.0319191051,6846600.749738233,22,68.17387500000002
3,10,933074.0319191051,6846600.749738233,23,62.29203750000003
3,10,933074.0319191051,6846600.749738233,24,42.61456037826362
3,10,933074.0319191051,6846600.749738233,25,41.233500000000035
3,10,933074.0319191051,6846600.749738233,26,57.654993452945114
3,10,933074.0319191051,6846600.749738233,27,62.7598125000003
3,10,933074.0319191051,6846600.749738233,28,69.73312500000033
3,10,933074.0319191051,6846600.749738233,29,76.70643750000036
3,10,933074.0319191051,6846600.749738233,30,81.8112565470555
3,10,933074.0319191051,6846600.749738233,31,83.67975000000034
3,10,933074.0319191051,6846600.749738233,32,81.81125654705552
3,10,933074.0319191051,6846600.749738233,33,76.70643750000035
3,10,933074.0319191051,6846600.749738233,34,69.73312500000033
3,10,933074.0319191051,6846600.749738233,35,62.7598125000003
3,10,933074.0319191051,6846600.749738233,36,57.65499345294512
3,10,933074.0319191051,6846600.749738233,37,55.786500000000245
3,10,933074.0319191051,6846600.749738233,38,57.65499345294489
3,10,933074.0319191051,6846600.749738233,39,62.759812500000315
3,10,933074.0319191051,6846600.749738233,40,69.73312500000033
3,10,933074.0319191051,6846600.749738233,41,76.70643750000035
3,10,933074.0319191051,6846600.749738233,42,81.8112565470555
3,10,933074.0319191051,6846600.749738233,43,83.67975000000034
3,10,933074.0319191051,6846600.749738233,44,81.8112565470555
3,10,933074.0319191051,6846600.749738233,45,76.70643750000036
3,10,933074.0319191051,6846600.749738233,46,69.73312500000033
3,10,933074.0319191051,6846600.749738233,47,62.7598125000003
3,10,933074.0319191051,6846600.749738233,48,57.65499345294512
3,28,933302.5998218316,6849201.904434238,1,49.410900000000034
3,28,933302.5998218316,6849201.904434238,2,51.0658513440369
3,28,933302.5998218316,6849201.904434238,3,55.58726250000004
3,28,933302.5998218316,6849201.904434238,4,61.76362500000004
3,28,933302.5998218316,6849201.904434238,5,67.93998750000006
3,28,933302.5998218316,6849201.904434238,6,72.46139865596317
3,28,933302.5998218316,6849201.904434238,7,74.11635000000004
3,28,933302.5998218316,6849201.904434238,8,72.46139865596317
3,28,933302.5998218316,6849201.904434238,9,67.93998750000006
3,28,933302.5998218316,6849201.904434238,10,61.76362500000004
3,28,933302.5998218316,6849201.904434238,11,55.58726250000004
3,28,933302.5998218316,6849201.904434238,12,51.0658513440369
3,28,933302.5998218316,6849201.904434238,13,49.410900000000034
3,28,933302.5998218316,6849201.904434238,14,51.0658513440369
3,28,933302.5998218316,6849201.904434238,15,55.58726250000004
3,28,933302.5998218316,6849201.904434238,16,61.76362500000004
3,28,933302.5998218316,6849201.904434238,17,67.93998750000006
3,28,933302.5998218316,6849201.904434238,18,72.46139865596317
3,28,933302.5998218316,6849201.904434238,19,74.11635000000004
3,28,933302.5998218316,6849201.904434238,20,72.46139865596317
3,28,933302.5998218316,6849201.904434238,21,67.93998750000006
3,28,933302.5998218316,6849201.904434238,22,61.76362500000004
3,28,933302.5998218316,6849201.904434238,23,55.58726250000004
3,28,933302.5998218316,6849201.904434238,24,51.0658513440369
3,28,933302.5998218316,6849201.904434238,25,49.410900000000034
3,28,933302.5998218316,6849201.904434238,26,51.0658513440369
3,28,933302.5998218316,6849201.904434238,27,55.58726250000004
3,28,933302.5998218316,6849201.904434238,28,61.76362500000004
3,28,933302.5998218316,6849201.904434238,29,67.93998750000006
3,28,933302.5998218316,6849201.904434238,30,72.46139865596317
3,28,933302.5998218316,6849201.904434238,31,74.11635000000004
3,28,933302.5998218316,6849201.904434238,32,72.46139865596317
3,28,933302.5998218316,6849201.904434238,33,67.93998750000006
3,28,933302.5998218316,6849201.904434238,34,61.76362500000004
3,28,933302.5998218316,6849201.904434238,35,55.58726250000004
3,28,933302.5998218316,6849201.904434238,36,51.0658513440369
3,28,933302.5998218316,6849201.904434238,37,49.410900000000034
3,28,933302.5998218316,6849201.904434238,38,51.0658513440369
3,28,933302.5998218316,6849201.904434238,39,55.58726250000004
3,28,933302.5998218316,6849201.904434238,40,61.76362500000004
3,28,933302.5998218316,6849201.904434238,41,67.93998750000006
3,28,933302.5998218316,6849201.904434238,42,72.46139865596317
3,28,933302.5998218316,6849201.904434238,43,74.11635000000004
3,28,933302.5998218316,6849201.904434238,44,72.46139865596317
3,28,933302.5998218316,6849201.904434238,45,67.93998750000006
3,28,933302.5998218316,6849201.904434238,46,61.76362500000004
3,28,933302.5998218316,6849201.904434238,47,55.58726250000004
3,28,933302.5998218316,6849201.904434238,48,51.0658513440369
3,69,934334.8998210647,6847164.004435261,1,7.969500000000004
3,69,934334.8998210647,6847164.004435261,2,8.236427636134982
3,69,934334.8998210647,6847164.004435261,3,8.965687500000003
3,69,934334.8998210647,6847164.004435261,4,9.961875000000003
3,69,934334.8998210647,6847164.004435261,5,10.958062500000006
3,69,934334.8998210647,6847164.004435261,6,11.687322363865027
3,69,934334.8998210647,6847164.004435261,7,11.954250000000004
3,69,934334.8998210647,6847164.004435261,8,11.687322363865027
3,69,934334.8998210647,6847164.004435261,9,10.958062500000006
3,69,934334.8998210647,6847164.004435261,10,9.961875000000003
3,69,934334.8998210647,6847164.004435261,11,8.965687500000003
3,69,934334.8998210647,6847164.004435261,12,8.236427636134982
3,69,934334.8998210647,6847164.004435261,13,7.969500000000004
3,69,934334.8998210647,6847164.004435261,14,8.236427636134982
3,69,934334.8998210647,6847164.004435261,15,8.965687500000003
3,69,934334.8998210647,6847164.004435261,16,9.961875000000003
3,69,934334.8998210647,6847164.004435261,17,10.958062500000006
3,69,934334.8998210647,6847164.004435261,18,11.687322363865027
3,69,934334.8998210647,6847164.004435261,19,11.954250000000004
3,69,934334.8998210647,6847164.004435261,20,11.687322363865027
3,69,934334.8998210647,6847164.004435261,21,10.958062500000006
3,69,934334.8998210647,6847164.004435261,22,9.961875000000003
3,69,934334.8998210647,6847164.004435261,23,8.965687500000003
3,69,934334.8998210647,6847164.004435261,24,8.236427636134982
3,69,934334.8998210647,6847164.004435261,25,7.969500000000004
3,69,934334.8998210647,6847164.004435261,26,8.236427636134982
3,69,934334.8998210647,6847164.004435261,27,8.965687500000003
3,69,934334.8998210647,6847164.004435261,28,9.961875000000003
3,69,934334.8998210647,6847164.004435261,29,10.958062500000006
3,69,934334.8998210647,6847164.004435261,30,11.687322363865027
3,69,934334.8998210647,6847164.004435261,31,11.954250000000004
3,69,934334.8998210647,6847164.004435261,32,11.687322363865027
3,69,934334.8998210647,6847164.004435261,33,10.958062500000006
3,69,934334.8998210647,6847164.004435261,34,9.961875000000003
3,69,934334.8998210647,6847164.004435261,35,8.965687500000003
3,69,934334.8998210647,6847164.004435261,36,8.236427636134982
3,69,934334.8998210647,6847164.004435261,37,7.969500000000004
3,69,934334.8998210647,6847164.004435261,38,8.236427636134982
3,69,934334.8998210647,6847164.004435261,39,8.965687500000003
3,69,934334.8998210647,6847164.004435261,40,9.961875000000003
3,69,934334.8998210647,6847164.004435261,41,10.958062500000006
3,69,934334.8998210647,6847164.004435261,42,11.687322363865027
3,69,934334.8998210647,6847164.004435261,43,11.954250000000004
3,69,934334.8998210647,6847164.004435261,44,11.687322363865027
3,69,934334.8998210647,6847164.004435261,45,10.958062500000006
3,69,934334.8998210647,6847164.004435261,46,9.961875000000003
3,69,934334.8998210647,6847164.004435261,47,8.965687500000003
3,69,934334.8998210647,6847164.004435261,48,8.236427636134982
3,35,933588.4998216212,6848428.004434628,1,28.690200000000015
3,35,933588.4998216212,6848428.004434628,2,29.65113949008594
3,35,933588.4998216212,6848428.004434628,3,32.27647500000001
3,35,933588.4998216212,6848428.004434628,4,35.86275000000002
3,35,933588.4998216212,6848428.004434628,5,39.44902500000002
3,35,933588.4998216212,6848428.004434628,6,42.0743605099141
3,35,933588.4998216212,6848428.004434628,7,43.035300000000014
3,35,933588.4998216212,6848428.004434628,8,42.0743605099141
3,35,933588.4998216212,6848428.004434628,9,39.44902500000002
3,35,933588.4998216212,6848428.004434628,10,35.86275000000002
3,35,933588.4998216212,6848428.004434628,11,32.27647500000001
3,35,933588.4998216212,6848428.004434628,12,29.65113949008594
3,35,933588.4998216212,6848428.004434628,13,28.690200000000015
3,35,933588.4998216212,6848428.004434628,14,29.65113949008594
3,35,933588.4998216212,6848428.004434628,15,32.27647500000001
3,35,933588.4998216212,6848428.004434628,16,35.86275000000002
3,35,933588.4998216212,6848428.004434628,17,39.44902500000002
3,35,933588.4998216212,6848428.004434628,18,42.0743605099141
3,35,933588.4998216212,6848428.004434628,19,43.035300000000014
3,35,933588.4998216212,6848428.004434628,20,42.0743605099141
3,35,933588.4998216212,6848428.004434628,21,39.44902500000002
3,35,933588.4998216212,6848428.004434628,22,35.86275000000002
3,35,933588.4998216212,6848428.004434628,23,32.27647500000001
3,35,933588.4998216212,6848428.004434628,24,29.65113949008594
3,35,933588.4998216212,6848428.004434628,25,28.690200000000015
3,35,933588.4998216212,6848428.004434628,26,29.65113949008594
3,35,933588.4998216212,6848428.004434628,27,32.27647500000001
3,35,933588.4998216212,6848428.004434628,28,35.86275000000002
3,35,933588.4998216212,6848428.004434628,29,39.44902500000002
3,35,933588.4998216212,6848428.004434628,30,42.0743605099141
3,35,933588.4998216212,6848428.004434628,31,43.035300000000014
3,35,933588.4998216212,6848428.004434628,32,42.0743605099141
3,35,933588.4998216212,6848428.004434628,33,39.44902500000002
3,35,933588.4998216212,6848428.004434628,34,35.86275000000002
3,35,933588.4998216212,6848428.004434628,35,32.27647500000001
3,35,933588.4998216212,6848428.004434628,36,29.65113949008594
3,35,933588.4998216212,6848428.004434628,37,28.690200000000015
3,35,933588.4998216212,6848428.004434628,38,29.65113949008594
3,35,933588.4998216212,6848428.004434628,39,32.27647500000001
3,35,933588.4998216212,6848428.004434628,40,35.86275000000002
3,35,933588.4998216212,6848428.004434628,41,39.44902500000002
3,35,933588.4998216212,6848428.004434628,42,42.0743605099141
3,35,933588.4998216212,6848428.004434628,43,43.035300000000014
3,35,933588.4998216212,6848428.004434628,44,42.0743605099141
3,35,933588.4998216212,6848428.004434628,45,39.44902500000002
3,35,933588.4998216212,6848428.004434628,46,35.86275000000002
3,35,933588.4998216212,6848428.004434628,47,32.27647500000001
3,35,933588.4998216212,6848428.004434628,48,29.65113949008594
3,12,933061.759090488,6845988.289810399,1,31.87800000000014
3,12,933061.759090488,6845988.289810399,2,32.94571054454007
3,12,933061.759090488,6845988.289810399,3,35.862750000000176
3,12,933061.759090488,6845988.289810399,4,39.84750000000018
3,12,933061.759090488,6845988.289810399,5,43.832250000000215
3,12,933061.759090488,6845988.289810399,6,46.749289455460286
3,12,933061.759090488,6845988.289810399,7,47.8170000000002
3,12,933061.759090488,6845988.289810399,8,46.749289455460286
3,12,933061.759090488,6845988.289810399,9,43.832250000000215
3,12,933061.759090488,6845988.289810399,10,39.84750000000018
3,12,933061.759090488,6845988.289810399,11,35.862750000000176
3,12,933061.759090488,6845988.289810399,12,32.94571054454007
3,12,933061.759090488,6845988.289810399,13,31.87800000000014
3,12,933061.759090488,6845988.289810399,14,32.94571054454007
3,12,933061.759090488,6845988.289810399,15,35.862750000000176
3,12,933061.759090488,6845988.289810399,16,39.84750000000018
3,12,933061.759090488,6845988.289810399,17,43.832250000000215
3,12,933061.759090488,6845988.289810399,18,46.749289455460286
3,12,933061.759090488,6845988.289810399,19,47.8170000000002
3,12,933061.759090488,6845988.289810399,20,46.749289455460286
3,12,933061.759090488,6845988.289810399,21,43.832250000000215
3,12,933061.759090488,6845988.289810399,22,39.84750000000018
3,12,933061.759090488,6845988.289810399,23,35.862750000000176
3,12,933061.759090488,6845988.289810399,24,32.94571054454007
3,12,933061.759090488,6845988.289810399,25,31.87800000000014
3,12,933061.759090488,6845988.289810399,26,32.94571054454006
3,12,933061.759090488,6845988.289810399,27,35.862750000000176
3,12,933061.759090488,6845988.289810399,28,39.84750000000018
3,12,933061.759090488,6845988.289810399,29,43.832250000000215
3,12,933061.759090488,6845988.289810399,30,46.749289455460286
3,12,933061.759090488,6845988.289810399,31,47.8170000000002
3,12,933061.759090488,6845988.289810399,32,46.749289455460286
3,12,933061.759090488,6845988.289810399,33,43.832250000000215
3,12,933061.759090488,6845988.289810399,34,39.84750000000018
3,12,933061.759090488,6845988.289810399,35,35.862750000000176
3,12,933061.759090488,6845988.289810399,36,32.94571054454007
3,12,933061.759090488,6845988.289810399,37,31.87800000000014
3,12,933061.759090488,6845988.289810399,38,32.94571054454007
3,12,933061.759090488,6845988.289810399,39,35.862750000000176
3,12,933061.759090488,6845988.289810399,40,39.84750000000018
3,12,933061.759090488,6845988.289810399,41,43.832250000000215
3,12,933061.759090488,6845988.289810399,42,46.749289455460286
3,12,933061.759090488,6845988.289810399,43,47.8170000000002
3,12,933061.759090488,6845988.289810399,44,46.749289455460286
3,12,933061.759090488,6845988.289810399,45,43.832250000000215
3,12,933061.759090488,6845988.289810399,46,39.84750000000018
3,12,933061.759090488,6845988.289810399,47,35.862750000000176
3,12,933061.759090488,6845988.289810399,48,32.94571054454007
3,32,934724.7998207612,6847726.104434972,1,46.22310000000001
3,32,934724.7998207612,6847726.104434972,2,47.77128028958289
3,32,934724.7998207612,6847726.104434972,3,52.000987500000015
3,32,934724.7998207612,6847726.104434972,4,57.77887500000003
3,32,934724.7998207612,6847726.104434972,5,133.6883625000001
3,32,934724.7998207612,6847726.104434972,6,142.58533283915335
3,32,934724.7998207612,6847726.104434972,7,145.84185000000005
3,32,934724.7998207612,6847726.104434972,8,142.58533283915335
3,32,934724.7998207612,6847726.104434972,9,133.6883625000001
3,32,934724.7998207612,6847726.104434972,10,121.53487500000008
3,32,934724.7998207612,6847726.104434972,11,109.38138750000003
3,32,934724.7998207612,6847726.104434972,12,100.48441716084676
3,32,934724.7998207612,6847726.104434972,13,97.2279
3,32,934724.7998207612,6847726.104434972,14,100.48441716084676
3,32,934724.7998207612,6847726.104434972,15,109.38138750000003
3,32,934724.7998207612,6847726.104434972,16,121.53487500000008
3,32,934724.7998207612,6847726.104434972,17,133.6883625000001
3,32,934724.7998207612,6847726.104434972,18,142.58533283915335
3,32,934724.7998207612,6847726.104434972,19,145.84185000000005
3,32,934724.7998207612,6847726.104434972,20,142.58533283915335
3,32,934724.7998207612,6847726.104434972,21,133.6883625000001
3,32,934724.7998207612,6847726.104434972,22,121.53487500000008
3,32,934724.7998207612,6847726.104434972,23,109.38138750000003
3,32,934724.7998207612,6847726.104434972,24,100.48441716084676
3,32,934724.7998207612,6847726.104434972,25,97.22790000000005
3,32,934724.7998207612,6847726.104434972,26,100.4844171608468
3,32,934724.7998207612,6847726.104434972,27,109.38138750000006
3,32,934724.7998207612,6847726.104434972,28,121.5348750000001
3,32,934724.7998207612,6847726.104434972,29,133.68836250000012
3,32,934724.7998207612,6847726.104434972,30,142.58533283915335
3,32,934724.7998207612,6847726.104434972,31,145.84185000000005
3,32,934724.7998207612,6847726.104434972,32,142.5853328391534
3,32,934724.7998207612,6847726.104434972,33,133.6883625000001
3,32,934724.7998207612,6847726.104434972,34,121.53487500000011
3,32,934724.7998207612,6847726.104434972,35,109.38138750000003
3,32,934724.7998207612,6847726.104434972,36,100.4844171608468
3,32,934724.7998207612,6847726.104434972,37,97.22790000000005
3,32,934724.7998207612,6847726.104434972,38,100.48441716084676
3,32,934724.7998207612,6847726.104434972,39,109.38138750000006
3,32,934724.7998207612,6847726.104434972,40,121.53487500000011
3,32,934724.7998207612,6847726.104434972,41,133.68836250000012
3,32,934724.7998207612,6847726.104434972,42,142.5853328391534
3,32,934724.7998207612,6847726.104434972,43,145.84185000000008
3,32,934724.7998207612,6847726.104434972,44,142.58533283915335
3,32,934724.7998207612,6847726.104434972,45,133.68836250000012
3,32,934724.7998207612,6847726.104434972,46,121.53487500000008
3,32,934724.7998207612,6847726.104434972,47,109.38138750000006
3,32,934724.7998207612,6847726.104434972,48,100.48441716084676
3,77,934467.3998209637,6847130.604435277,1,87.66450000000006
3,77,934467.3998209637,6847130.604435277,2,90.60070399748479
3,77,934467.3998209637,6847130.604435277,3,98.62256250000004
3,77,934467.3998209637,6847130.604435277,4,109.58062500000005
3,77,934467.3998209637,6847130.604435277,5,120.5386875000001
3,77,934467.3998209637,6847130.604435277,6,128.56054600251528
3,77,934467.3998209637,6847130.604435277,7,131.49675000000005
3,77,934467.3998209637,6847130.604435277,8,128.56054600251528
3,77,934467.3998209637,6847130.604435277,9,120.5386875000001
3,77,934467.3998209637,6847130.604435277,10,109.58062500000005
3,77,934467.3998209637,6847130.604435277,11,98.62256250000004
3,77,934467.3998209637,6847130.604435277,12,90.60070399748479
3,77,934467.3998209637,6847130.604435277,13,87.66450000000006
3,77,934467.3998209637,6847130.604435277,14,90.60070399748479
3,77,934467.3998209637,6847130.604435277,15,98.62256250000004
3,77,934467.3998209637,6847130.604435277,16,109.58062500000005
3,77,934467.3998209637,6847130.604435277,17,120.5386875000001
3,77,934467.3998209637,6847130.604435277,18,128.56054600251528
3,77,934467.3998209637,6847130.604435277,19,131.49675000000005
3,77,934467.3998209637,6847130.604435277,20,128.56054600251528
3,77,934467.3998209637,6847130.604435277,21,120.5386875000001
3,77,934467.3998209637,6847130.604435277,22,109.58062500000005
3,77,934467.3998209637,6847130.604435277,23,98.62256250000004
3,77,934467.3998209637,6847130.604435277,24,90.60070399748479
3,77,934467.3998209637,6847130.604435277,25,87.66450000000006
3,77,934467.3998209637,6847130.604435277,26,90.60070399748479
3,77,934467.3998209637,6847130.604435277,27,98.62256250000004
3,77,934467.3998209637,6847130.604435277,28,109.58062500000005
3,77,934467.3998209637,6847130.604435277,29,120.5386875000001
3,77,934467.3998209637,6847130.604435277,30,128.56054600251528
3,77,934467.3998209637,6847130.604435277,31,131.49675000000005
3,77,934467.3998209637,6847130.604435277,32,128.56054600251528
3,77,934467.3998209637,6847130.604435277,33,120.5386875000001
3,77,934467.3998209637,6847130.604435277,34,109.58062500000005
3,77,934467.3998209637,6847130.604435277,35,98.62256250000004
3,77,934467.3998209637,6847130.604435277,36,90.60070399748479
3,77,934467.3998209637,6847130.604435277,37,87.66450000000006
3,77,934467.3998209637,6847130.604435277,38,90.60070399748479
3,77,934467.3998209637,6847130.604435277,39,98.62256250000004
3,77,934467.3998209637,6847130.604435277,40,109.58062500000005
3,77,934467.3998209637,6847130.604435277,41,120.5386875000001
3,77,934467.3998209637,6847130.604435277,42,128.56054600251528
3,77,934467.3998209637,6847130.604435277,43,131.49675000000005
3,77,934467.3998209637,6847130.604435277,44,128.56054600251528
3,77,934467.3998209637,6847130.604435277,45,120.5386875000001
3,77,934467.3998209637,6847130.604435277,46,109.58062500000005
3,77,934467.3998209637,6847130.604435277,47,98.62256250000004
3,77,934467.3998209637,6847130.604435277,48,90.60070399748479
3,67,933792.4998214621,6848760.204434457,1,369.78480000000013
3,67,933792.4998214621,6848760.204434457,2,382.17024231666306
3,67,933792.4998214621,6848760.204434457,3,416.0079000000003
3,67,933792.4998214621,6848760.204434457,4,462.2310000000001
3,67,933792.4998214621,6848760.204434457,5,447.08895000000024
3,67,933792.4998214621,6848760.204434457,6,476.84275244569307
3,67,933792.4998214621,6848760.204434457,7,487.7334000000002
3,67,933792.4998214621,6848760.204434457,8,476.84275244569307
3,67,933792.4998214621,6848760.204434457,9,447.08895000000024
3,67,933792.4998214621,6848760.204434457,10,406.4445000000002
3,67,933792.4998214621,6848760.204434457,11,365.80005000000017
3,67,933792.4998214621,6848760.204434457,12,336.04624755430723
3,67,933792.4998214621,6848760.204434457,13,325.15560000000016
3,67,933792.4998214621,6848760.204434457,14,336.04624755430723
3,67,933792.4998214621,6848760.204434457,15,365.80005000000017
3,67,933792.4998214621,6848760.204434457,16,406.4445000000002
3,67,933792.4998214621,6848760.204434457,17,447.08895000000024
3,67,933792.4998214621,6848760.204434457,18,476.84275244569307
3,67,933792.4998214621,6848760.204434457,19,487.7334000000002
3,67,933792.4998214621,6848760.204434457,20,476.84275244569307
3,67,933792.4998214621,6848760.204434457,21,447.08895000000024
3,67,933792.4998214621,6848760.204434457,22,406.4445000000002
3,67,933792.4998214621,6848760.204434457,23,365.80005000000017
3,67,933792.4998214621,6848760.204434457,24,336.04624755430723
3,67,933792.4998214621,6848760.204434457,25,325.15560000000016
3,67,933792.4998214621,6848760.204434457,26,336.04624755430723
3,67,933792.4998214621,6848760.204434457,27,365.80005000000017
3,67,933792.4998214621,6848760.204434457,28,406.4445000000002
3,67,933792.4998214621,6848760.204434457,29,447.08895000000024
3,67,933792.4998214621,6848760.204434457,30,476.84275244569307
3,67,933792.4998214621,6848760.204434457,31,487.7334000000002
3,67,933792.4998214621,6848760.204434457,32,476.84275244569307
3,67,933792.4998214621,6848760.204434457,33,447.08895000000024
3,67,933792.4998214621,6848760.204434457,34,406.4445000000002
3,67,933792.4998214621,6848760.204434457,35,365.80005000000017
3,67,933792.4998214621,6848760.204434457,36,336.04624755430723
3,67,933792.4998214621,6848760.204434457,37,325.15560000000016
3,67,933792.4998214621,6848760.204434457,38,336.04624755430723
3,67,933792.4998214621,6848760.204434457,39,365.80005000000017
3,67,933792.4998214621,6848760.204434457,40,406.4445000000002
3,67,933792.4998214621,6848760.204434457,41,447.08895000000024
3,67,933792.4998214621,6848760.204434457,42,476.84275244569307
3,67,933792.4998214621,6848760.204434457,43,487.7334000000002
3,67,933792.4998214621,6848760.204434457,44,476.84275244569307
3,67,933792.4998214621,6848760.204434457,45,447.08895000000024
3,67,933792.4998214621,6848760.204434457,46,406.4445000000002
3,67,933792.4998214621,6848760.204434457,47,365.80005000000017
3,67,933792.4998214621,6848760.204434457,48,336.04624755430723
3,15,934147.6454661533,6847934.640032243,1,6.375600000000009
3,15,934147.6454661533,6847934.640032243,2,6.5891421089079945
3,15,934147.6454661533,6847934.640032243,3,7.172550000000013
3,15,934147.6454661533,6847934.640032243,4,7.969500000000014
3,15,934147.6454661533,6847934.640032243,5,8.766450000000004
3,15,934147.6454661533,6847934.640032243,6,9.349857891092022
3,15,934147.6454661533,6847934.640032243,7,9.563400000000003
3,15,934147.6454661533,6847934.640032243,8,9.349857891092022
3,15,934147.6454661533,6847934.640032243,9,8.766450000000004
3,15,934147.6454661533,6847934.640032243,10,7.969500000000003
3,15,934147.6454661533,6847934.640032243,11,7.172550000000003
3,15,934147.6454661533,6847934.640032243,12,6.589142108907986
3,15,934147.6454661533,6847934.640032243,13,6.375600000000003
3,15,934147.6454661533,6847934.640032243,14,6.589142108907986
3,15,934147.6454661533,6847934.640032243,15,7.172550000000003
3,15,934147.6454661533,6847934.640032243,16,7.969500000000003
3,15,934147.6454661533,6847934.640032243,17,8.766450000000004
3,15,934147.6454661533,6847934.640032243,18,9.349857891092022
3,15,934147.6454661533,6847934.640032243,19,9.563400000000003
3,15,934147.6454661533,6847934.640032243,20,9.349857891092022
3,15,934147.6454661533,6847934.640032243,21,8.766450000000004
3,15,934147.6454661533,6847934.640032243,22,7.969500000000003
3,15,934147.6454661533,6847934.640032243,23,7.172550000000003
3,15,934147.6454661533,6847934.640032243,24,6.589142108907986
3,15,934147.6454661533,6847934.640032243,25,6.375600000000003
3,15,934147.6454661533,6847934.640032243,26,6.589142108907986
3,15,934147.6454661533,6847934.640032243,27,7.172550000000003
3,15,934147.6454661533,6847934.640032243,28,7.969500000000003
3,15,934147.6454661533,6847934.640032243,29,8.766450000000004
3,15,934147.6454661533,6847934.640032243,30,9.349857891092022
3,15,934147.6454661533,6847934.640032243,31,9.563400000000003
3,15,934147.6454661533,6847934.640032243,32,9.349857891092022
3,15,934147.6454661533,6847934.640032243,33,8.766450000000004
3,15,934147.6454661533,6847934.640032243,34,7.969500000000003
3,15,934147.6454661533,6847934.640032243,35,7.172550000000003
3,15,934147.6454661533,6847934.640032243,36,6.589142108907986
3,15,934147.6454661533,6847934.640032243,37,6.375600000000003
3,15,934147.6454661533,6847934.640032243,38,6.589142108907986
3,15,934147.6454661533,6847934.640032243,39,7.172550000000003
3,15,934147.6454661533,6847934.640032243,40,7.969500000000003
3,15,934147.6454661533,6847934.640032243,41,8.766450000000004
3,15,934147.6454661533,6847934.640032243,42,9.349857891092022
3,15,934147.6454661533,6847934.640032243,43,9.563400000000003
3,15,934147.6454661533,6847934.640032243,44,9.349857891092022
3,15,934147.6454661533,6847934.640032243,45,8.766450000000004
3,15,934147.6454661533,6847934.640032243,46,7.969500000000003
3,15,934147.6454661533,6847934.640032243,47,7.172550000000003
3,15,934147.6454661533,6847934.640032243,48,6.589142108907986
3,33,933229.2998218873,6849228.104434224,1,204.01920000000086
3,33,933229.2998218873,6849228.104434224,2,210.8525474850555
3,33,933229.2998218873,6849228.104434224,3,229.5216000000001
3,33,933229.2998218873,6849228.104434224,4,255.02400000000006
3,33,933229.2998218873,6849228.104434224,5,280.5264000000002
3,33,933229.2998218873,6849228.104434224,6,299.1954525149447
3,33,933229.2998218873,6849228.104434224,7,306.0288000000001
3,33,933229.2998218873,6849228.104434224,8,299.1954525149447
3,33,933229.2998218873,6849228.104434224,9,280.52640000000014
3,33,933229.2998218873,6849228.104434224,10,255.02400000000006
3,33,933229.2998218873,6849228.104434224,11,229.5216000000001
3,33,933229.2998218873,6849228.104434224,12,210.8525474850555
3,33,933229.2998218873,6849228.104434224,13,204.01920000000018
3,33,933229.2998218873,6849228.104434224,14,210.8525474850555
3,33,933229.2998218873,6849228.104434224,15,229.5216000000001
3,33,933229.2998218873,6849228.104434224,16,255.02400000000006
3,33,933229.2998218873,6849228.104434224,17,280.52640000000014
3,33,933229.2998218873,6849228.104434224,18,299.19545251494475
3,33,933229.2998218873,6849228.104434224,19,306.02880000000016
3,33,933229.2998218873,6849228.104434224,20,299.1954525149447
3,33,933229.2998218873,6849228.104434224,21,280.52640000000014
3,33,933229.2998218873,6849228.104434224,22,255.02400000000006
3,33,933229.2998218873,6849228.104434224,23,229.5216000000001
3,33,933229.2998218873,6849228.104434224,24,210.8525474850555
3,33,933229.2998218873,6849228.104434224,25,204.01920000000013
3,33,933229.2998218873,6849228.104434224,26,210.8525474850555
3,33,933229.2998218873,6849228.104434224,27,229.5216000000001
3,33,933229.2998218873,6849228.104434224,28,255.02400000000006
3,33,933229.2998218873,6849228.104434224,29,280.5264000000002
3,33,933229.2998218873,6849228.104434224,30,299.19545251494475
3,33,933229.2998218873,6849228.104434224,31,306.0288000000001
3,33,933229.2998218873,6849228.104434224,32,299.1954525149447
3,33,933229.2998218873,6849228.104434224,33,280.52640000000014
3,33,933229.2998218873,6849228.104434224,34,255.02400000000006
3,33,933229.2998218873,6849228.104434224,35,229.52160000000018
3,33,933229.2998218873,6849228.104434224,36,210.85254748505557
3,33,933229.2998218873,6849228.104434224,37,204.01920000000018
3,33,933229.2998218873,6849228.104434224,38,210.8525474850555
3,33,933229.2998218873,6849228.104434224,39,229.5216000000001
3,33,933229.2998218873,6849228.104434224,40,255.02400000000006
3,33,933229.2998218873,6849228.104434224,41,280.5264000000002
3,33,933229.2998218873,6849228.104434224,42,299.1954525149447
3,33,933229.2998218873,6849228.104434224,43,306.0288000000001
3,33,933229.2998218873,6849228.104434224,44,299.19545251494475
3,33,933229.2998218873,6849228.104434224,45,280.52640000000014
3,33,933229.2998218873,6849228.104434224,46,255.02400000000011
3,33,933229.2998218873,6849228.104434224,47,229.5216000000001
3,33,933229.2998218873,6849228.104434224,48,210.8525474850555
3,55,934305.7998210939,6846479.404435608,1,33.47190000000001
3,55,934305.7998210939,6846479.404435608,2,34.592996071767026
3,55,934305.7998210939,6846479.404435608,3,37.65588750000002
3,55,934305.7998210939,6846479.404435608,4,41.83987500000012
3,55,934305.7998210939,6846479.404435608,5,46.02386250000004
3,55,934305.7998210939,6846479.404435608,6,49.08675392823312
3,55,934305.7998210939,6846479.404435608,7,50.20785000000002
3,55,934305.7998210939,6846479.404435608,8,49.08675392823312
3,55,934305.7998210939,6846479.404435608,9,46.02386250000004
3,55,934305.7998210939,6846479.404435608,10,41.83987500000003
3,55,934305.7998210939,6846479.404435608,11,37.65588750000002
3,55,934305.7998210939,6846479.404435608,12,34.59299607176694
3,55,934305.7998210939,6846479.404435608,13,33.47190000000001
3,55,934305.7998210939,6846479.404435608,14,34.59299607176694
3,55,934305.7998210939,6846479.404435608,15,37.65588750000002
3,55,934305.7998210939,6846479.404435608,16,41.83987500000003
3,55,934305.7998210939,6846479.404435608,17,46.02386250000004
3,55,934305.7998210939,6846479.404435608,18,49.08675392823312
3,55,934305.7998210939,6846479.404435608,19,50.20785000000002
3,55,934305.7998210939,6846479.404435608,20,49.08675392823312
3,55,934305.7998210939,6846479.404435608,21,46.02386250000004
3,55,934305.7998210939,6846479.404435608,22,41.83987500000003
3,55,934305.7998210939,6846479.404435608,23,37.65588750000002
3,55,934305.7998210939,6846479.404435608,24,34.59299607176694
3,55,934305.7998210939,6846479.404435608,25,33.47190000000001
3,55,934305.7998210939,6846479.404435608,26,34.59299607176694
3,55,934305.7998210939,6846479.404435608,27,37.65588750000002
3,55,934305.7998210939,6846479.404435608,28,41.83987500000003
3,55,934305.7998210939,6846479.404435608,29,46.02386250000004
3,55,934305.7998210939,6846479.404435608,30,49.08675392823312
3,55,934305.7998210939,6846479.404435608,31,50.20785000000002
3,55,934305.7998210939,6846479.404435608,32,49.08675392823312
3,55,934305.7998210939,6846479.404435608,33,46.02386250000004
3,55,934305.7998210939,6846479.404435608,34,41.83987500000003
3,55,934305.7998210939,6846479.404435608,35,37.65588750000002
3,55,934305.7998210939,6846479.404435608,36,34.59299607176694
3,55,934305.7998210939,6846479.404435608,37,33.47190000000001
3,55,934305.7998210939,6846479.404435608,38,34.59299607176694
3,55,934305.7998210939,6846479.404435608,39,37.65588750000002
3,55,934305.7998210939,6846479.404435608,40,41.83987500000003
3,55,934305.7998210939,6846479.404435608,41,46.02386250000004
3,55,934305.7998210939,6846479.404435608,42,49.08675392823312
3,55,934305.7998210939,6846479.404435608,43,50.20785000000002
3,55,934305.7998210939,6846479.404435608,44,49.08675392823312
3,55,934305.7998210939,6846479.404435608,45,46.02386250000004
3,55,934305.7998210939,6846479.404435608,46,41.83987500000003
3,55,934305.7998210939,6846479.404435608,47,37.65588750000002
3,55,934305.7998210939,6846479.404435608,48,34.59299607176694
3,50,933472.5998217161,6847811.904434941,1,10.533600000000007
3,50,933472.5998217161,6847811.904434941,2,11.774510464179052
3,50,933472.5998217161,6847811.904434941,7,21.081060000000004
3,50,933472.5998217161,6847811.904434941,8,13.21175571567351
3,50,933472.5998217161,6847811.904434941,12,8.895341847025781
3,50,933472.5998217161,6847811.904434941,13,9.452520000000005
3,50,933472.5998217161,6847811.904434941,14,15.097729962584816
3,50,933472.5998217161,6847811.904434941,16,20.027700000000017
3,50,933472.5998217161,6847811.904434941,17,14.76956250000001
3,50,933472.5998217161,6847811.904434941,18,12.805240155191248
3,50,933472.5998217161,6847811.904434941,19,18.191250000000004
3,50,933472.5998217161,6847811.904434941,20,20.26480069004075
3,50,933472.5998217161,6847811.904434941,22,15.748425000000008
3,50,933472.5998217161,6847811.904434941,23,15.530130000000007
3,50,933472.5998217161,6847811.904434941,25,12.34926000000001
3,50,933472.5998217161,6847811.904434941,26,6.746708550642744
3,50,933472.5998217161,6847811.904434941,27,16.075867500000008
3,50,933472.5998217161,6847811.904434941,28,12.595275000000004
3,50,933472.5998217161,6847811.904434941,29,17.818762500000016
3,50,933472.5998217161,6847811.904434941,33,11.625075000000008
3,50,933472.5998217161,6847811.904434941,34,10.343025000000004
3,50,933472.5998217161,6847811.904434941,37,14.20650000000001
3,50,933472.5998217161,6847811.904434941,40,13.738725000000006
3,50,933472.5998217161,6847811.904434941,41,17.189865000000008
3,50,933472.5998217161,6847811.904434941,43,12.474000000000004
3,50,933472.5998217161,6847811.904434941,46,20.235600000000016
3,50,933472.5998217161,6847811.904434941,47,12.817035000000006
3,50,933472.5998217161,6847811.904434941,48,16.20069505472811
3,50,933472.5998217161,6847811.904434941,5,7.565827500000005
3,50,933472.5998217161,6847811.904434941,10,11.036025000000008
3,50,933472.5998217161,6847811.904434941,15,11.756745000000006
3,50,933472.5998217161,6847811.904434941,21,15.093540000000008
3,50,933472.5998217161,6847811.904434941,42,13.638597054179884
3,50,933472.5998217161,6847811.904434941,44,15.264659296108931
3,50,933472.5998217161,6847811.904434941,45,16.370392500000012
3,50,933472.5998217161,6847811.904434941,9,8.004150000000003
3,50,933472.5998217161,6847811.904434941,11,11.787930000000005
3,50,933472.5998217161,6847811.904434941,24,9.78344360953077
3,50,933472.5998217161,6847811.904434941,32,9.085622776778552
3,50,933472.5998217161,6847811.904434941,36,4.23996970486253
3,50,933472.5998217161,6847811.904434941,38,7.534540759316526
3,50,933472.5998217161,6847811.904434941,30,9.288880557019684
3,50,933472.5998217161,6847811.904434941,35,10.899157500000006
3,50,933472.5998217161,6847811.904434941,4,7.051275000000004
3,50,933472.5998217161,6847811.904434941,39,7.967767500000005
3,50,933472.5998217161,6847811.904434941,6,7.256302754608372
3,50,933472.5998217161,6847811.904434941,3,3.664237500000002
3,50,933472.5998217161,6847811.904434941,31,2.1829500000000004
3,76,933472.5998217161,6847811.904434941,3,19.646550000000012
3,76,933472.5998217161,6847811.904434941,4,18.849600000000013
3,76,933472.5998217161,6847811.904434941,5,20.92513500000001
3,76,933472.5998217161,6847811.904434941,6,23.1307353914407
3,76,933472.5998217161,6847811.904434941,9,20.486812500000017
3,76,933472.5998217161,6847811.904434941,10,14.864850000000008
3,76,933472.5998217161,6847811.904434941,11,11.522857500000006
3,76,933472.5998217161,6847811.904434941,15,11.554042500000007
3,76,933472.5998217161,6847811.904434941,21,13.39742250000001
3,76,933472.5998217161,6847811.904434941,24,11.631268244420182
3,76,933472.5998217161,6847811.904434941,30,21.098157589029395
3,76,933472.5998217161,6847811.904434941,31,28.898100000000007
3,76,933472.5998217161,6847811.904434941,32,21.301415369270522
3,76,933472.5998217161,6847811.904434941,35,12.411630000000004
3,76,933472.5998217161,6847811.904434941,36,17.174742149088424
3,76,933472.5998217161,6847811.904434941,38,13.880171094634427
3,76,933472.5998217161,6847811.904434941,39,15.343020000000006
3,76,933472.5998217161,6847811.904434941,42,16.74844109186919
3,76,933472.5998217161,6847811.904434941,44,15.122378849940139
3,76,933472.5998217161,6847811.904434941,45,12.12057000000001
3,76,933472.5998217161,6847811.904434941,1,10.187100000000006
3,76,933472.5998217161,6847811.904434941,2,9.640201389771901
3,76,933472.5998217161,6847811.904434941,8,17.175282430375564
3,76,933472.5998217161,6847811.904434941,12,12.519370006925172
3,76,933472.5998217161,6847811.904434941,14,6.316981891366136
3,76,933472.5998217161,6847811.904434941,17,13.72140000000001
3,76,933472.5998217161,6847811.904434941,18,17.581797990857826
3,76,933472.5998217161,6847811.904434941,25,8.371440000000005
3,76,933472.5998217161,6847811.904434941,27,7.234920000000006
3,76,933472.5998217161,6847811.904434941,33,16.86588750000001
3,76,933472.5998217161,6847811.904434941,40,12.162150000000008
3,76,933472.5998217161,6847811.904434941,48,5.214016799222841
3,76,933472.5998217161,6847811.904434941,13,11.26818000000001
3,76,933472.5998217161,6847811.904434941,26,14.668003303308208
3,76,933472.5998217161,6847811.904434941,28,13.305600000000009
3,76,933472.5998217161,6847811.904434941,34,15.557850000000009
3,76,933472.5998217161,6847811.904434941,37,6.514200000000004
3,76,933472.5998217161,6847811.904434941,41,11.301097500000008
3,76,933472.5998217161,6847811.904434941,43,18.607050000000005
3,76,933472.5998217161,6847811.904434941,46,5.665275000000003
3,76,933472.5998217161,6847811.904434941,19,12.889800000000003
3,76,933472.5998217161,6847811.904434941,23,7.7806575000000056
3,76,933472.5998217161,6847811.904434941,47,10.493752500000005
3,76,933472.5998217161,6847811.904434941,20,10.12223745600832
3,76,933472.5998217161,6847811.904434941,22,10.152450000000005
3,76,933472.5998217161,6847811.904434941,29,10.672200000000005
3,76,933472.5998217161,6847811.904434941,7,9.999990000000004
3,76,933472.5998217161,6847811.904434941,16,5.873175000000003
3,60,933867.5998214042,6848816.004434429,5,67.93998750000006
3,60,933867.5998214042,6848816.004434429,6,72.46139865596318
3,60,933867.5998214042,6848816.004434429,7,74.11635000000005
3,60,933867.5998214042,6848816.004434429,8,72.46139865596318
3,60,933867.5998214042,6848816.004434429,9,67.93998750000006
3,60,933867.5998214042,6848816.004434429,10,61.76362500000003
3,60,933867.5998214042,6848816.004434429,11,55.58726250000002
3,60,933867.5998214042,6848816.004434429,12,51.065851344036915
3,60,933867.5998214042,6848816.004434429,13,49.41090000000002
3,60,933867.5998214042,6848816.004434429,14,51.065851344036915
3,60,933867.5998214042,6848816.004434429,15,55.58726250000002
3,60,933867.5998214042,6848816.004434429,16,61.76362500000003
3,60,933867.5998214042,6848816.004434429,17,67.93998750000006
3,60,933867.5998214042,6848816.004434429,18,72.46139865596318
3,60,933867.5998214042,6848816.004434429,19,74.11635000000005
3,60,933867.5998214042,6848816.004434429,20,72.46139865596318
3,60,933867.5998214042,6848816.004434429,21,67.93998750000006
3,60,933867.5998214042,6848816.004434429,22,61.76362500000003
3,60,933867.5998214042,6848816.004434429,23,55.58726250000002
3,60,933867.5998214042,6848816.004434429,24,51.065851344036915
3,60,933867.5998214042,6848816.004434429,25,49.41090000000002
3,60,933867.5998214042,6848816.004434429,26,51.065851344036915
3,60,933867.5998214042,6848816.004434429,27,55.58726250000004
3,60,933867.5998214042,6848816.004434429,28,61.76362500000003
3,60,933867.5998214042,6848816.004434429,29,67.93998750000006
3,60,933867.5998214042,6848816.004434429,30,72.46139865596318
3,60,933867.5998214042,6848816.004434429,31,74.11635000000005
3,60,933867.5998214042,6848816.004434429,32,72.46139865596318
3,60,933867.5998214042,6848816.004434429,33,67.93998750000006
3,60,933867.5998214042,6848816.004434429,34,61.76362500000003
3,60,933867.5998214042,6848816.004434429,35,55.58726250000002
3,60,933867.5998214042,6848816.004434429,36,51.065851344036915
3,60,933867.5998214042,6848816.004434429,37,49.41090000000002
3,60,933867.5998214042,6848816.004434429,38,51.065851344036915
3,60,933867.5998214042,6848816.004434429,39,55.58726250000002
3,60,933867.5998214042,6848816.004434429,40,61.76362500000003
3,60,933867.5998214042,6848816.004434429,41,67.93998750000006
3,60,933867.5998214042,6848816.004434429,42,72.46139865596318
3,60,933867.5998214042,6848816.004434429,43,74.11635000000005
3,60,933867.5998214042,6848816.004434429,44,72.46139865596318
3,60,933867.5998214042,6848816.004434429,45,67.93998750000006
3,60,933867.5998214042,6848816.004434429,46,61.76362500000003
3,60,933867.5998214042,6848816.004434429,47,55.58726250000002
3,60,933867.5998214042,6848816.004434429,48,51.065851344036915
3,60,933867.5998214042,6848816.004434429,1,4.781700000000002
3,60,933867.5998214042,6848816.004434429,2,4.941856581680989
3,60,933867.5998214042,6848816.004434429,3,5.379412500000003
3,60,933867.5998214042,6848816.004434429,4,5.977125000000003
3,49,935012.7998205305,6848802.404434423,5,52.59870000000006
3,49,935012.7998205305,6848802.404434423,6,56.09914734655214
3,49,935012.7998205305,6848802.404434423,7,57.38040000000005
3,49,935012.7998205305,6848802.404434423,8,56.09914734655214
3,49,935012.7998205305,6848802.404434423,9,52.59870000000006
3,49,935012.7998205305,6848802.404434423,10,47.81700000000002
3,49,935012.7998205305,6848802.404434423,11,43.03530000000003
3,49,935012.7998205305,6848802.404434423,12,39.534852653447935
3,49,935012.7998205305,6848802.404434423,13,38.25360000000001
3,49,935012.7998205305,6848802.404434423,14,39.534852653447935
3,49,935012.7998205305,6848802.404434423,15,43.03530000000003
3,49,935012.7998205305,6848802.404434423,16,47.81700000000002
3,49,935012.7998205305,6848802.404434423,17,52.59870000000006
3,49,935012.7998205305,6848802.404434423,18,56.09914734655214
3,49,935012.7998205305,6848802.404434423,19,57.38040000000005
3,49,935012.7998205305,6848802.404434423,20,56.09914734655214
3,49,935012.7998205305,6848802.404434423,21,52.59870000000006
3,49,935012.7998205305,6848802.404434423,22,47.81700000000002
3,49,935012.7998205305,6848802.404434423,23,43.03530000000003
3,49,935012.7998205305,6848802.404434423,24,39.534852653447935
3,49,935012.7998205305,6848802.404434423,25,38.25360000000001
3,49,935012.7998205305,6848802.404434423,26,39.534852653447935
3,49,935012.7998205305,6848802.404434423,27,43.03530000000003
3,49,935012.7998205305,6848802.404434423,28,47.81700000000002
3,49,935012.7998205305,6848802.404434423,29,52.59870000000006
3,49,935012.7998205305,6848802.404434423,30,56.09914734655214
3,49,935012.7998205305,6848802.404434423,31,57.38040000000005
3,49,935012.7998205305,6848802.404434423,32,56.09914734655214
3,49,935012.7998205305,6848802.404434423,33,52.59870000000006
3,49,935012.7998205305,6848802.404434423,34,47.81700000000002
3,49,935012.7998205305,6848802.404434423,35,43.03530000000003
3,49,935012.7998205305,6848802.404434423,36,39.534852653447935
3,49,935012.7998205305,6848802.404434423,37,38.25360000000001
3,49,935012.7998205305,6848802.404434423,38,39.534852653447935
3,49,935012.7998205305,6848802.404434423,39,43.03530000000003
3,49,935012.7998205305,6848802.404434423,40,47.81700000000002
3,49,935012.7998205305,6848802.404434423,41,52.59870000000006
3,49,935012.7998205305,6848802.404434423,42,56.09914734655214
3,49,935012.7998205305,6848802.404434423,43,57.38040000000005
3,49,935012.7998205305,6848802.404434423,44,56.09914734655214
3,49,935012.7998205305,6848802.404434423,45,52.59870000000006
3,49,935012.7998205305,6848802.404434423,46,47.81700000000002
3,49,935012.7998205305,6848802.404434423,47,43.03530000000003
3,49,935012.7998205305,6848802.404434423,48,39.534852653447935
3,40,932737.3998222824,6847314.2044352,1,15.93900000000001
3,40,932737.3998222824,6847314.2044352,2,16.472855272269967
3,40,932737.3998222824,6847314.2044352,3,17.93137500000002
3,40,932737.3998222824,6847314.2044352,4,19.92375000000001
3,40,932737.3998222824,6847314.2044352,5,21.916125000000015
3,40,932737.3998222824,6847314.2044352,6,23.374644727730058
3,40,932737.3998222824,6847314.2044352,7,23.908500000000014
3,40,932737.3998222824,6847314.2044352,8,23.374644727730058
3,40,932737.3998222824,6847314.2044352,9,21.916125000000015
3,40,932737.3998222824,6847314.2044352,10,19.92375000000001
3,40,932737.3998222824,6847314.2044352,11,17.93137500000001
3,40,932737.3998222824,6847314.2044352,12,16.472855272269967
3,40,932737.3998222824,6847314.2044352,13,15.93900000000001
3,40,932737.3998222824,6847314.2044352,14,16.472855272269967
3,40,932737.3998222824,6847314.2044352,15,17.93137500000001
3,40,932737.3998222824,6847314.2044352,16,19.92375000000001
3,40,932737.3998222824,6847314.2044352,17,21.916125000000015
3,40,932737.3998222824,6847314.2044352,18,23.374644727730058
3,40,932737.3998222824,6847314.2044352,19,23.908500000000014
3,40,932737.3998222824,6847314.2044352,20,23.374644727730058
3,40,932737.3998222824,6847314.2044352,21,21.916125000000015
3,40,932737.3998222824,6847314.2044352,22,19.92375000000001
3,40,932737.3998222824,6847314.2044352,23,17.93137500000001
3,40,932737.3998222824,6847314.2044352,24,16.472855272269967
3,40,932737.3998222824,6847314.2044352,25,15.93900000000001
3,40,932737.3998222824,6847314.2044352,26,16.472855272269967
3,40,932737.3998222824,6847314.2044352,27,17.93137500000001
3,40,932737.3998222824,6847314.2044352,28,19.92375000000001
3,40,932737.3998222824,6847314.2044352,29,21.916125000000015
3,40,932737.3998222824,6847314.2044352,30,23.374644727730058
3,40,932737.3998222824,6847314.2044352,31,23.908500000000014
3,40,932737.3998222824,6847314.2044352,32,23.374644727730058
3,40,932737.3998222824,6847314.2044352,33,21.916125000000015
3,40,932737.3998222824,6847314.2044352,34,19.92375000000001
3,40,932737.3998222824,6847314.2044352,35,17.93137500000001
3,40,932737.3998222824,6847314.2044352,36,16.472855272269967
3,40,932737.3998222824,6847314.2044352,37,15.93900000000001
3,40,932737.3998222824,6847314.2044352,38,16.472855272269967
3,40,932737.3998222824,6847314.2044352,39,17.93137500000001
3,40,932737.3998222824,6847314.2044352,40,19.92375000000001
3,40,932737.3998222824,6847314.2044352,41,21.916125000000015
3,40,932737.3998222824,6847314.2044352,42,23.374644727730058
3,40,932737.3998222824,6847314.2044352,43,23.908500000000014
3,40,932737.3998222824,6847314.2044352,44,23.374644727730058
3,40,932737.3998222824,6847314.2044352,45,21.916125000000015
3,40,932737.3998222824,6847314.2044352,46,19.92375000000001
3,40,932737.3998222824,6847314.2044352,47,17.93137500000001
3,40,932737.3998222824,6847314.2044352,48,16.472855272269967
3,1,933761.3998214833,6849018.604434323,1,14.345100000000008
3,1,933761.3998214833,6849018.604434323,2,14.82556974504297
3,1,933761.3998214833,6849018.604434323,3,16.13823750000002
3,1,933761.3998214833,6849018.604434323,4,17.931375000000035
3,1,933761.3998214833,6849018.604434323,5,19.724512500000014
3,1,933761.3998214833,6849018.604434323,6,21.03718025495705
3,1,933761.3998214833,6849018.604434323,7,21.51765000000001
3,1,933761.3998214833,6849018.604434323,8,21.03718025495705
3,1,933761.3998214833,6849018.604434323,9,19.724512500000014
3,1,933761.3998214833,6849018.604434323,10,17.931375000000013
3,1,933761.3998214833,6849018.604434323,11,16.13823750000001
3,1,933761.3998214833,6849018.604434323,12,14.82556974504297
3,1,933761.3998214833,6849018.604434323,13,14.345100000000008
3,1,933761.3998214833,6849018.604434323,14,14.82556974504297
3,1,933761.3998214833,6849018.604434323,15,16.13823750000001
3,1,933761.3998214833,6849018.604434323,16,17.931375000000013
3,1,933761.3998214833,6849018.604434323,17,19.724512500000014
3,1,933761.3998214833,6849018.604434323,18,21.03718025495705
3,1,933761.3998214833,6849018.604434323,19,21.51765000000001
3,1,933761.3998214833,6849018.604434323,20,21.03718025495705
3,1,933761.3998214833,6849018.604434323,21,19.724512500000014
3,1,933761.3998214833,6849018.604434323,22,17.931375000000013
3,1,933761.3998214833,6849018.604434323,23,16.13823750000001
3,1,933761.3998214833,6849018.604434323,24,14.82556974504297
3,1,933761.3998214833,6849018.604434323,25,14.345100000000008
3,1,933761.3998214833,6849018.604434323,26,14.82556974504297
3,1,933761.3998214833,6849018.604434323,27,16.13823750000001
3,1,933761.3998214833,6849018.604434323,28,17.931375000000013
3,1,933761.3998214833,6849018.604434323,29,19.724512500000014
3,1,933761.3998214833,6849018.604434323,30,21.03718025495705
3,1,933761.3998214833,6849018.604434323,31,21.51765000000001
3,1,933761.3998214833,6849018.604434323,32,21.03718025495705
3,1,933761.3998214833,6849018.604434323,33,19.724512500000014
3,1,933761.3998214833,6849018.604434323,34,17.931375000000013
3,1,933761.3998214833,6849018.604434323,35,16.13823750000001
3,1,933761.3998214833,6849018.604434323,36,14.82556974504297
3,1,933761.3998214833,6849018.604434323,37,14.345100000000008
3,1,933761.3998214833,6849018.604434323,38,14.82556974504297
3,1,933761.3998214833,6849018.604434323,39,16.13823750000001
3,1,933761.3998214833,6849018.604434323,40,17.931375000000013
3,1,933761.3998214833,6849018.604434323,41,19.724512500000014
3,1,933761.3998214833,6849018.604434323,42,21.03718025495705
3,1,933761.3998214833,6849018.604434323,43,21.51765000000001
3,1,933761.3998214833,6849018.604434323,44,21.03718025495705
3,1,933761.3998214833,6849018.604434323,45,19.724512500000014
3,1,933761.3998214833,6849018.604434323,46,17.931375000000013
3,1,933761.3998214833,6849018.604434323,47,16.13823750000001
3,1,933761.3998214833,6849018.604434323,48,14.82556974504297
3,80,934194.8998211797,6846378.104435661,1,38.25360000000001
3,80,934194.8998211797,6846378.104435661,2,39.53485265344792
3,80,934194.8998211797,6846378.104435661,3,43.035300000000014
3,80,934194.8998211797,6846378.104435661,4,47.81700000000002
3,80,934194.8998211797,6846378.104435661,5,52.598700000000036
3,80,934194.8998211797,6846378.104435661,6,56.09914734655212
3,80,934194.8998211797,6846378.104435661,7,57.38040000000003
3,80,934194.8998211797,6846378.104435661,8,56.09914734655213
3,80,934194.8998211797,6846378.104435661,9,52.598700000000036
3,80,934194.8998211797,6846378.104435661,10,47.81700000000002
3,80,934194.8998211797,6846378.104435661,11,43.035300000000014
3,80,934194.8998211797,6846378.104435661,12,39.53485265344792
3,80,934194.8998211797,6846378.104435661,13,38.25360000000001
3,80,934194.8998211797,6846378.104435661,14,39.53485265344792
3,80,934194.8998211797,6846378.104435661,15,43.035300000000014
3,80,934194.8998211797,6846378.104435661,16,47.81700000000002
3,80,934194.8998211797,6846378.104435661,17,52.598700000000036
3,80,934194.8998211797,6846378.104435661,18,56.09914734655213
3,80,934194.8998211797,6846378.104435661,19,57.38040000000003
3,80,934194.8998211797,6846378.104435661,20,56.09914734655213
3,80,934194.8998211797,6846378.104435661,21,52.598700000000036
3,80,934194.8998211797,6846378.104435661,22,47.81700000000002
3,80,934194.8998211797,6846378.104435661,23,43.035300000000014
3,80,934194.8998211797,6846378.104435661,24,39.53485265344792
3,80,934194.8998211797,6846378.104435661,25,38.25360000000001
3,80,934194.8998211797,6846378.104435661,26,39.53485265344792
3,80,934194.8998211797,6846378.104435661,27,43.035300000000014
3,80,934194.8998211797,6846378.104435661,28,47.81700000000002
3,80,934194.8998211797,6846378.104435661,29,52.598700000000036
3,80,934194.8998211797,6846378.104435661,30,56.09914734655213
3,80,934194.8998211797,6846378.104435661,31,57.38040000000003
3,80,934194.8998211797,6846378.104435661,32,56.09914734655213
3,80,934194.8998211797,6846378.104435661,33,52.598700000000036
3,80,934194.8998211797,6846378.104435661,34,47.81700000000002
3,80,934194.8998211797,6846378.104435661,35,43.035300000000014
3,80,934194.8998211797,6846378.104435661,36,39.53485265344792
3,80,934194.8998211797,6846378.104435661,37,38.25360000000001
3,80,934194.8998211797,6846378.104435661,38,39.53485265344792
3,80,934194.8998211797,6846378.104435661,39,43.035300000000014
3,80,934194.8998211797,6846378.104435661,40,47.81700000000002
3,80,934194.8998211797,6846378.104435661,41,52.598700000000036
3,80,934194.8998211797,6846378.104435661,42,56.09914734655213
3,80,934194.8998211797,6846378.104435661,43,57.38040000000003
3,80,934194.8998211797,6846378.104435661,44,56.09914734655213
3,80,934194.8998211797,6846378.104435661,45,52.598700000000036
3,80,934194.8998211797,6846378.104435661,46,47.81700000000002
3,80,934194.8998211797,6846378.104435661,47,43.035300000000014
3,80,934194.8998211797,6846378.104435661,48,39.53485265344792
3,17,934313.499821071,6848126.304434771,1,35.06580000000001
3,17,934313.499821071,6848126.304434771,2,36.24028159899393
3,17,934313.499821071,6848126.304434771,3,39.44902500000001
3,17,934313.499821071,6848126.304434771,4,43.832250000000016
3,17,934313.499821071,6848126.304434771,5,48.21547500000003
3,17,934313.499821071,6848126.304434771,6,51.424218401006115
3,17,934313.499821071,6848126.304434771,7,52.59870000000001
3,17,934313.499821071,6848126.304434771,8,51.424218401006115
3,17,934313.499821071,6848126.304434771,9,48.21547500000003
3,17,934313.499821071,6848126.304434771,10,43.832250000000016
3,17,934313.499821071,6848126.304434771,11,39.44902500000001
3,17,934313.499821071,6848126.304434771,12,36.24028159899393
3,17,934313.499821071,6848126.304434771,13,35.06580000000001
3,17,934313.499821071,6848126.304434771,14,36.24028159899393
3,17,934313.499821071,6848126.304434771,15,39.44902500000001
3,17,934313.499821071,6848126.304434771,16,43.832250000000016
3,17,934313.499821071,6848126.304434771,17,48.21547500000003
3,17,934313.499821071,6848126.304434771,18,51.424218401006115
3,17,934313.499821071,6848126.304434771,19,52.59870000000001
3,17,934313.499821071,6848126.304434771,20,51.424218401006115
3,17,934313.499821071,6848126.304434771,21,48.21547500000003
3,17,934313.499821071,6848126.304434771,22,43.832250000000016
3,17,934313.499821071,6848126.304434771,23,39.44902500000001
3,17,934313.499821071,6848126.304434771,24,36.24028159899393
3,17,934313.499821071,6848126.304434771,25,35.06580000000001
3,17,934313.499821071,6848126.304434771,26,36.24028159899393
3,17,934313.499821071,6848126.304434771,27,39.44902500000001
3,17,934313.499821071,6848126.304434771,28,43.832250000000016
3,17,934313.499821071,6848126.304434771,29,48.21547500000003
3,17,934313.499821071,6848126.304434771,30,51.424218401006115
3,17,934313.499821071,6848126.304434771,31,52.59870000000001
3,17,934313.499821071,6848126.304434771,32,51.424218401006115
3,17,934313.499821071,6848126.304434771,33,48.21547500000003
3,17,934313.499821071,6848126.304434771,34,43.832250000000016
3,17,934313.499821071,6848126.304434771,35,39.44902500000001
3,17,934313.499821071,6848126.304434771,36,36.24028159899393
3,17,934313.499821071,6848126.304434771,37,35.06580000000001
3,17,934313.499821071,6848126.304434771,38,36.24028159899393
3,17,934313.499821071,6848126.304434771,39,39.44902500000001
3,17,934313.499821071,6848126.304434771,40,43.832250000000016
3,17,934313.499821071,6848126.304434771,41,48.21547500000003
3,17,934313.499821071,6848126.304434771,42,51.424218401006115
3,17,934313.499821071,6848126.304434771,43,52.59870000000001
3,17,934313.499821071,6848126.304434771,44,51.424218401006115
3,17,934313.499821071,6848126.304434771,45,48.21547500000003
3,17,934313.499821071,6848126.304434771,46,43.832250000000016
3,17,934313.499821071,6848126.304434771,47,39.44902500000001
3,17,934313.499821071,6848126.304434771,48,36.24028159899393
3,41,934604.5998208483,6848166.104434751,1,25.502400000000016
3,41,934604.5998208483,6848166.104434751,2,26.356568435631942
3,41,934604.5998208483,6848166.104434751,3,28.690200000000083
3,41,934604.5998208483,6848166.104434751,4,31.878000000000014
3,41,934604.5998208483,6848166.104434751,5,35.065800000000024
3,41,934604.5998208483,6848166.104434751,6,37.39943156436808
3,41,934604.5998208483,6848166.104434751,7,38.25360000000001
3,41,934604.5998208483,6848166.104434751,8,37.39943156436808
3,41,934604.5998208483,6848166.104434751,9,35.065800000000024
3,41,934604.5998208483,6848166.104434751,10,31.878000000000014
3,41,934604.5998208483,6848166.104434751,11,28.69020000000001
3,41,934604.5998208483,6848166.104434751,12,26.356568435631942
3,41,934604.5998208483,6848166.104434751,13,25.502400000000016
3,41,934604.5998208483,6848166.104434751,14,26.356568435631942
3,41,934604.5998208483,6848166.104434751,15,28.69020000000001
3,41,934604.5998208483,6848166.104434751,16,31.878000000000014
3,41,934604.5998208483,6848166.104434751,17,35.065800000000024
3,41,934604.5998208483,6848166.104434751,18,37.39943156436808
3,41,934604.5998208483,6848166.104434751,19,38.25360000000001
3,41,934604.5998208483,6848166.104434751,20,37.39943156436808
3,41,934604.5998208483,6848166.104434751,21,35.065800000000024
3,41,934604.5998208483,6848166.104434751,22,31.878000000000014
3,41,934604.5998208483,6848166.104434751,23,28.69020000000001
3,41,934604.5998208483,6848166.104434751,24,26.356568435631942
3,41,934604.5998208483,6848166.104434751,25,25.502400000000016
3,41,934604.5998208483,6848166.104434751,26,26.356568435631942
3,41,934604.5998208483,6848166.104434751,27,28.69020000000001
3,41,934604.5998208483,6848166.104434751,28,31.878000000000014
3,41,934604.5998208483,6848166.104434751,29,35.065800000000024
3,41,934604.5998208483,6848166.104434751,30,37.39943156436808
3,41,934604.5998208483,6848166.104434751,31,38.25360000000001
3,41,934604.5998208483,6848166.104434751,32,37.39943156436808
3,41,934604.5998208483,6848166.104434751,33,35.065800000000024
3,41,934604.5998208483,6848166.104434751,34,31.878000000000014
3,41,934604.5998208483,6848166.104434751,35,28.69020000000001
3,41,934604.5998208483,6848166.104434751,36,26.356568435631942
3,41,934604.5998208483,6848166.104434751,37,25.502400000000016
3,41,934604.5998208483,6848166.104434751,38,26.356568435631942
3,41,934604.5998208483,6848166.104434751,39,28.69020000000001
3,41,934604.5998208483,6848166.104434751,40,31.878000000000014
3,41,934604.5998208483,6848166.104434751,41,35.065800000000024
3,41,934604.5998208483,6848166.104434751,42,37.39943156436808
3,41,934604.5998208483,6848166.104434751,43,38.25360000000001
3,41,934604.5998208483,6848166.104434751,44,37.39943156436808
3,41,934604.5998208483,6848166.104434751,45,35.065800000000024
3,41,934604.5998208483,6848166.104434751,46,31.878000000000014
3,41,934604.5998208483,6848166.104434751,47,28.69020000000001
3,41,934604.5998208483,6848166.104434751,48,26.356568435631942
3,38,933906.9998213904,6847232.504435231,1,109.9791000000001
3,38,933906.9998213904,6847232.504435231,2,113.6627013786627
3,38,933906.9998213904,6847232.504435231,3,123.72648750000006
3,38,933906.9998213904,6847232.504435231,4,137.47387499999996
3,38,933906.9998213904,6847232.504435231,5,151.22126250000005
3,38,933906.9998213904,6847232.504435231,6,161.28504862133735
3,38,933906.9998213904,6847232.504435231,7,164.96865000000008
3,38,933906.9998213904,6847232.504435231,8,161.28504862133735
3,38,933906.9998213904,6847232.504435231,9,151.22126250000005
3,38,933906.9998213904,6847232.504435231,10,137.47387499999996
3,38,933906.9998213904,6847232.504435231,11,123.72648750000006
3,38,933906.9998213904,6847232.504435231,12,113.6627013786627
3,38,933906.9998213904,6847232.504435231,13,109.9791000000001
3,38,933906.9998213904,6847232.504435231,14,113.6627013786627
3,38,933906.9998213904,6847232.504435231,15,123.72648750000006
3,38,933906.9998213904,6847232.504435231,16,137.47387499999996
3,38,933906.9998213904,6847232.504435231,17,151.22126250000005
3,38,933906.9998213904,6847232.504435231,18,161.28504862133735
3,38,933906.9998213904,6847232.504435231,19,164.96865000000008
3,38,933906.9998213904,6847232.504435231,20,161.28504862133735
3,38,933906.9998213904,6847232.504435231,21,151.22126250000005
3,38,933906.9998213904,6847232.504435231,22,137.47387499999996
3,38,933906.9998213904,6847232.504435231,23,123.72648750000006
3,38,933906.9998213904,6847232.504435231,24,113.6627013786627
3,38,933906.9998213904,6847232.504435231,25,109.9791000000001
3,38,933906.9998213904,6847232.504435231,26,113.6627013786627
3,38,933906.9998213904,6847232.504435231,27,123.72648750000006
3,38,933906.9998213904,6847232.504435231,28,137.47387499999996
3,38,933906.9998213904,6847232.504435231,29,151.22126250000005
3,38,933906.9998213904,6847232.504435231,30,161.28504862133735
3,38,933906.9998213904,6847232.504435231,31,164.96865000000008
3,38,933906.9998213904,6847232.504435231,32,161.28504862133735
3,38,933906.9998213904,6847232.504435231,33,151.22126250000005
3,38,933906.9998213904,6847232.504435231,34,137.47387499999996
3,38,933906.9998213904,6847232.504435231,35,123.72648750000006
3,38,933906.9998213904,6847232.504435231,36,113.6627013786627
3,38,933906.9998213904,6847232.504435231,37,109.9791000000001
3,38,933906.9998213904,6847232.504435231,38,113.6627013786627
3,38,933906.9998213904,6847232.504435231,39,123.72648750000006
3,38,933906.9998213904,6847232.504435231,40,137.47387499999996
3,38,933906.9998213904,6847232.504435231,41,151.22126250000005
3,38,933906.9998213904,6847232.504435231,42,161.28504862133735
3,38,933906.9998213904,6847232.504435231,43,164.96865000000008
3,38,933906.9998213904,6847232.504435231,44,161.28504862133735
3,38,933906.9998213904,6847232.504435231,45,151.22126250000005
3,38,933906.9998213904,6847232.504435231,46,137.47387499999996
3,38,933906.9998213904,6847232.504435231,47,123.72648750000006
3,38,933906.9998213904,6847232.504435231,48,113.6627013786627
3,7,933780.291513979,6846818.296141294,1,3.1878000000000015
3,7,933780.291513979,6846818.296141294,2,3.2945710544539923
3,7,933780.291513979,6846818.296141294,3,3.586275000000002
3,7,933780.291513979,6846818.296141294,4,3.984750000000002
3,7,933780.291513979,6846818.296141294,5,4.383225000000001
3,7,933780.291513979,6846818.296141294,6,4.67492894554601
3,7,933780.291513979,6846818.296141294,7,4.781700000000002
3,7,933780.291513979,6846818.296141294,8,4.67492894554601
3,7,933780.291513979,6846818.296141294,9,4.383225000000001
3,7,933780.291513979,6846818.296141294,10,3.984750000000002
3,7,933780.291513979,6846818.296141294,11,3.586275000000002
3,7,933780.291513979,6846818.296141294,12,3.2945710544539923
3,7,933780.291513979,6846818.296141294,13,3.1878000000000015
3,7,933780.291513979,6846818.296141294,14,3.2945710544539923
3,7,933780.291513979,6846818.296141294,15,3.586275000000002
3,7,933780.291513979,6846818.296141294,16,3.984750000000002
3,7,933780.291513979,6846818.296141294,17,4.383225000000001
3,7,933780.291513979,6846818.296141294,18,4.67492894554601
3,7,933780.291513979,6846818.296141294,19,4.781700000000002
3,7,933780.291513979,6846818.296141294,20,4.67492894554601
3,7,933780.291513979,6846818.296141294,21,4.383225000000001
3,7,933780.291513979,6846818.296141294,22,3.984750000000002
3,7,933780.291513979,6846818.296141294,23,3.586275000000002
3,7,933780.291513979,6846818.296141294,24,3.2945710544539923
3,7,933780.291513979,6846818.296141294,25,3.1878000000000015
3,7,933780.291513979,6846818.296141294,26,3.2945710544539923
3,7,933780.291513979,6846818.296141294,27,3.586275000000002
3,7,933780.291513979,6846818.296141294,28,3.984750000000002
3,7,933780.291513979,6846818.296141294,29,4.383225000000001
3,7,933780.291513979,6846818.296141294,30,4.67492894554601
3,7,933780.291513979,6846818.296141294,31,4.781700000000002
3,7,933780.291513979,6846818.296141294,32,4.67492894554601
3,7,933780.291513979,6846818.296141294,33,4.383225000000001
3,7,933780.291513979,6846818.296141294,34,3.984750000000002
3,7,933780.291513979,6846818.296141294,35,3.586275000000002
3,7,933780.291513979,6846818.296141294,36,3.2945710544539923
3,7,933780.291513979,6846818.296141294,37,3.1878000000000015
3,7,933780.291513979,6846818.296141294,38,3.2945710544539923
3,7,933780.291513979,6846818.296141294,39,3.586275000000002
3,7,933780.291513979,6846818.296141294,40,3.984750000000002
3,7,933780.291513979,6846818.296141294,41,4.383225000000001
3,7,933780.291513979,6846818.296141294,42,4.67492894554601
3,7,933780.291513979,6846818.296141294,43,4.781700000000002
3,7,933780.291513979,6846818.296141294,44,4.67492894554601
3,7,933780.291513979,6846818.296141294,45,4.383225000000001
3,7,933780.291513979,6846818.296141294,46,3.984750000000002
3,7,933780.291513979,6846818.296141294,47,3.586275000000002
3,7,933780.291513979,6846818.296141294,48,3.2945710544539923
3,9,935423.408715666,6848507.683366759,5,35.06580000000002
3,9,935423.408715666,6848507.683366759,6,37.399431564368086
3,9,935423.408715666,6848507.683366759,7,38.25360000000002
3,9,935423.408715666,6848507.683366759,8,37.399431564368086
3,9,935423.408715666,6848507.683366759,9,35.06580000000002
3,9,935423.408715666,6848507.683366759,10,31.878000000000014
3,9,935423.408715666,6848507.683366759,11,28.690200000000022
3,9,935423.408715666,6848507.683366759,12,26.356568435631942
3,9,935423.408715666,6848507.683366759,13,25.50240000000002
3,9,935423.408715666,6848507.683366759,14,26.356568435631942
3,9,935423.408715666,6848507.683366759,15,28.690200000000022
3,9,935423.408715666,6848507.683366759,16,31.878000000000014
3,9,935423.408715666,6848507.683366759,17,35.06580000000002
3,9,935423.408715666,6848507.683366759,18,37.399431564368086
3,9,935423.408715666,6848507.683366759,19,38.25360000000002
3,9,935423.408715666,6848507.683366759,20,37.399431564368086
3,9,935423.408715666,6848507.683366759,21,35.06580000000002
3,9,935423.408715666,6848507.683366759,22,31.878000000000014
3,9,935423.408715666,6848507.683366759,23,28.690200000000022
3,9,935423.408715666,6848507.683366759,24,26.356568435631942
3,9,935423.408715666,6848507.683366759,25,25.50240000000002
3,9,935423.408715666,6848507.683366759,26,26.356568435631942
3,9,935423.408715666,6848507.683366759,27,28.690200000000022
3,9,935423.408715666,6848507.683366759,28,31.878000000000014
3,9,935423.408715666,6848507.683366759,29,35.06580000000002
3,9,935423.408715666,6848507.683366759,30,37.399431564368086
3,9,935423.408715666,6848507.683366759,31,38.25360000000002
3,9,935423.408715666,6848507.683366759,32,37.399431564368086
3,9,935423.408715666,6848507.683366759,33,35.06580000000002
3,9,935423.408715666,6848507.683366759,34,31.878000000000014
3,9,935423.408715666,6848507.683366759,35,28.690200000000022
3,9,935423.408715666,6848507.683366759,36,26.356568435631942
3,9,935423.408715666,6848507.683366759,37,25.50240000000002
3,9,935423.408715666,6848507.683366759,38,26.356568435631942
3,9,935423.408715666,6848507.683366759,39,28.690200000000022
3,9,935423.408715666,6848507.683366759,40,31.878000000000014
3,9,935423.408715666,6848507.683366759,41,35.06580000000002
3,9,935423.408715666,6848507.683366759,42,37.399431564368086
3,9,935423.408715666,6848507.683366759,43,38.25360000000002
3,9,935423.408715666,6848507.683366759,44,37.399431564368086
3,9,935423.408715666,6848507.683366759,45,35.06580000000002
3,9,935423.408715666,6848507.683366759,46,31.878000000000014
3,9,935423.408715666,6848507.683366759,47,28.690200000000022
3,9,935423.408715666,6848507.683366759,48,26.356568435631942
3,8,932794.3604016128,6848981.7958182,1,140.26320000000092
3,8,932794.3604016128,6848981.7958182,2,144.96112639597638
3,8,932794.3604016128,6848981.7958182,3,157.7961000000008
3,8,932794.3604016128,6848981.7958182,4,175.329000000001
3,8,932794.3604016128,6848981.7958182,5,192.86190000000116
3,8,932794.3604016128,6848981.7958182,6,205.6968736040257
3,8,932794.3604016128,6848981.7958182,7,210.3948
3,8,932794.3604016128,6848981.7958182,8,205.69687360402582
3,8,932794.3604016128,6848981.7958182,9,192.86190000000116
3,8,932794.3604016128,6848981.7958182,10,175.329000000001
3,8,932794.3604016128,6848981.7958182,11,157.79610000000076
3,8,932794.3604016128,6848981.7958182,12,144.96112639597638
3,8,932794.3604016128,6848981.7958182,13,140.26320000000084
3,8,932794.3604016128,6848981.7958182,14,144.96112639597638
3,8,932794.3604016128,6848981.7958182,15,157.79610000000076
3,8,932794.3604016128,6848981.7958182,16,175.329000000001
3,8,932794.3604016128,6848981.7958182,17,192.86190000000116
3,8,932794.3604016128,6848981.7958182,18,205.6968736040257
3,8,932794.3604016128,6848981.7958182,19,210.39480000000128
3,8,932794.3604016128,6848981.7958182,20,205.6968736040257
3,8,932794.3604016128,6848981.7958182,21,192.86190000000116
3,8,932794.3604016128,6848981.7958182,22,175.329000000001
3,8,932794.3604016128,6848981.7958182,23,157.7961000000008
3,8,932794.3604016128,6848981.7958182,24,144.96112639597638
3,8,932794.3604016128,6848981.7958182,25,140.26320000000084
3,8,932794.3604016128,6848981.7958182,26,144.96112639597638
3,8,932794.3604016128,6848981.7958182,27,157.7961000000008
3,8,932794.3604016128,6848981.7958182,28,175.329000000001
3,8,932794.3604016128,6848981.7958182,29,192.86190000000116
3,8,932794.3604016128,6848981.7958182,30,205.69687360402452
3,8,932794.3604016128,6848981.7958182,31,210.3948000000013
3,8,932794.3604016128,6848981.7958182,32,205.6968736040257
3,8,932794.3604016128,6848981.7958182,33,192.86190000000116
3,8,932794.3604016128,6848981.7958182,34,175.329000000001
3,8,932794.3604016128,6848981.7958182,35,157.7961000000008
3,8,932794.3604016128,6848981.7958182,36,144.96112639597638
3,8,932794.3604016128,6848981.7958182,37,140.26320000000084
3,8,932794.3604016128,6848981.7958182,38,144.96112639597638
3,8,932794.3604016128,6848981.7958182,39,157.7961000000008
3,8,932794.3604016128,6848981.7958182,40,175.329000000001
3,8,932794.3604016128,6848981.7958182,41,192.86190000000116
3,8,932794.3604016128,6848981.7958182,42,205.6968736040257
3,8,932794.3604016128,6848981.7958182,43,210.39480000000128
3,8,932794.3604016128,6848981.7958182,44,205.6968736040257
3,8,932794.3604016128,6848981.7958182,45,192.86190000000116
3,8,932794.3604016128,6848981.7958182,46,175.329000000001
3,8,932794.3604016128,6848981.7958182,47,157.7961000000008
3,8,932794.3604016128,6848981.7958182,48,144.9611263959763
3,14,934219.8512487066,6847970.932334671,1,22.314600000000038
3,14,934219.8512487066,6847970.932334671,2,23.06199738117797
3,14,934219.8512487066,6847970.932334671,3,25.10392500000005
3,14,934219.8512487066,6847970.932334671,4,27.893250000000062
3,14,934219.8512487066,6847970.932334671,5,30.68257500000002
3,14,934219.8512487066,6847970.932334671,6,32.72450261882207
3,14,934219.8512487066,6847970.932334671,7,33.471900000000005
3,14,934219.8512487066,6847970.932334671,8,32.72450261882207
3,14,934219.8512487066,6847970.932334671,9,30.68257500000002
3,14,934219.8512487066,6847970.932334671,10,27.893250000000013
3,14,934219.8512487066,6847970.932334671,11,25.10392500000001
3,14,934219.8512487066,6847970.932334671,12,23.061997381177946
3,14,934219.8512487066,6847970.932334671,13,22.314600000000013
3,14,934219.8512487066,6847970.932334671,14,23.061997381177946
3,14,934219.8512487066,6847970.932334671,15,25.10392500000001
3,14,934219.8512487066,6847970.932334671,16,27.893250000000013
3,14,934219.8512487066,6847970.932334671,17,30.68257500000002
3,14,934219.8512487066,6847970.932334671,18,32.72450261882207
3,14,934219.8512487066,6847970.932334671,19,33.471900000000005
3,14,934219.8512487066,6847970.932334671,20,32.72450261882207
3,14,934219.8512487066,6847970.932334671,21,30.68257500000002
3,14,934219.8512487066,6847970.932334671,22,27.893250000000013
3,14,934219.8512487066,6847970.932334671,23,25.10392500000001
3,14,934219.8512487066,6847970.932334671,24,23.061997381177946
3,14,934219.8512487066,6847970.932334671,25,22.314600000000013
3,14,934219.8512487066,6847970.932334671,26,23.061997381177946
3,14,934219.8512487066,6847970.932334671,27,25.10392500000001
3,14,934219.8512487066,6847970.932334671,28,27.893250000000013
3,14,934219.8512487066,6847970.932334671,29,30.68257500000002
3,14,934219.8512487066,6847970.932334671,30,32.72450261882207
3,14,934219.8512487066,6847970.932334671,31,33.471900000000005
3,14,934219.8512487066,6847970.932334671,32,32.72450261882207
3,14,934219.8512487066,6847970.932334671,33,30.68257500000002
3,14,934219.8512487066,6847970.932334671,34,27.893250000000013
3,14,934219.8512487066,6847970.932334671,35,25.10392500000001
3,14,934219.8512487066,6847970.932334671,36,23.061997381177946
3,14,934219.8512487066,6847970.932334671,37,22.314600000000013
3,14,934219.8512487066,6847970.932334671,38,23.061997381177946
3,14,934219.8512487066,6847970.932334671,39,25.10392500000001
3,14,934219.8512487066,6847970.932334671,40,27.893250000000013
3,14,934219.8512487066,6847970.932334671,41,30.68257500000002
3,14,934219.8512487066,6847970.932334671,42,32.72450261882207
3,14,934219.8512487066,6847970.932334671,43,33.471900000000005
3,14,934219.8512487066,6847970.932334671,44,32.72450261882207
3,14,934219.8512487066,6847970.932334671,45,30.68257500000002
3,14,934219.8512487066,6847970.932334671,46,27.893250000000013
3,14,934219.8512487066,6847970.932334671,47,25.10392500000001
3,14,934219.8512487066,6847970.932334671,48,23.061997381177946
3,71,933466.5998217198,6847887.004434904,1,23.90850000000003
3,71,933466.5998217198,6847887.004434904,2,24.70928290840497
3,71,933466.5998217198,6847887.004434904,3,26.89706250000004
3,71,933466.5998217198,6847887.004434904,4,29.885625000000015
3,71,933466.5998217198,6847887.004434904,5,32.87418750000001
3,71,933466.5998217198,6847887.004434904,6,35.06196709159508
3,71,933466.5998217198,6847887.004434904,7,35.86275000000001
3,71,933466.5998217198,6847887.004434904,8,35.06196709159508
3,71,933466.5998217198,6847887.004434904,9,32.87418750000001
3,71,933466.5998217198,6847887.004434904,10,29.885625000000015
3,71,933466.5998217198,6847887.004434904,11,26.89706250000004
3,71,933466.5998217198,6847887.004434904,12,24.709282908404948
3,71,933466.5998217198,6847887.004434904,13,23.90850000000003
3,71,933466.5998217198,6847887.004434904,14,24.709282908404948
3,71,933466.5998217198,6847887.004434904,15,26.89706250000004
3,71,933466.5998217198,6847887.004434904,16,29.885625000000015
3,71,933466.5998217198,6847887.004434904,17,32.87418750000001
3,71,933466.5998217198,6847887.004434904,18,35.06196709159508
3,71,933466.5998217198,6847887.004434904,19,35.86275000000001
3,71,933466.5998217198,6847887.004434904,20,35.06196709159508
3,71,933466.5998217198,6847887.004434904,21,32.87418750000004
3,71,933466.5998217198,6847887.004434904,22,29.885625000000047
3,71,933466.5998217198,6847887.004434904,23,26.89706250000004
3,71,933466.5998217198,6847887.004434904,24,24.709282908404948
3,71,933466.5998217198,6847887.004434904,25,23.90850000000003
3,71,933466.5998217198,6847887.004434904,26,24.709282908404948
3,71,933466.5998217198,6847887.004434904,27,26.89706250000004
3,71,933466.5998217198,6847887.004434904,28,29.885625000000047
3,71,933466.5998217198,6847887.004434904,29,32.87418750000001
3,71,933466.5998217198,6847887.004434904,30,35.06196709159508
3,71,933466.5998217198,6847887.004434904,31,35.86275000000001
3,71,933466.5998217198,6847887.004434904,32,35.06196709159508
3,71,933466.5998217198,6847887.004434904,33,32.87418750000001
3,71,933466.5998217198,6847887.004434904,34,29.885625000000015
3,71,933466.5998217198,6847887.004434904,35,26.89706250000004
3,71,933466.5998217198,6847887.004434904,36,24.709282908404973
3,71,933466.5998217198,6847887.004434904,37,23.90850000000003
3,71,933466.5998217198,6847887.004434904,38,24.709282908404973
3,71,933466.5998217198,6847887.004434904,39,26.89706250000004
3,71,933466.5998217198,6847887.004434904,40,29.885625000000015
3,71,933466.5998217198,6847887.004434904,41,32.87418750000004
3,71,933466.5998217198,6847887.004434904,42,35.06196709159508
3,71,933466.5998217198,6847887.004434904,43,35.86275000000001
3,71,933466.5998217198,6847887.004434904,44,35.06196709159508
3,71,933466.5998217198,6847887.004434904,45,32.87418750000004
3,71,933466.5998217198,6847887.004434904,46,29.885625000000015
3,71,933466.5998217198,6847887.004434904,47,26.89706250000001
3,71,933466.5998217198,6847887.004434904,48,24.709282908404948
3,47,934432.7998209777,6848335.404434666,1,74.91330000000004
3,47,934432.7998209777,6848335.404434666,2,77.42241977966881
3,47,934432.7998209777,6848335.404434666,3,84.27746250000003
3,47,934432.7998209777,6848335.404434666,4,93.64162500000015
3,47,934432.7998209777,6848335.404434666,5,103.00578750000004
3,47,934432.7998209777,6848335.404434666,6,109.86083022033125
3,47,934432.7998209777,6848335.404434666,7,112.36995000000003
3,47,934432.7998209777,6848335.404434666,8,109.86083022033125
3,47,934432.7998209777,6848335.404434666,9,103.00578750000004
3,47,934432.7998209777,6848335.404434666,10,93.64162500000005
3,47,934432.7998209777,6848335.404434666,11,84.27746250000003
3,47,934432.7998209777,6848335.404434666,12,77.42241977966881
3,47,934432.7998209777,6848335.404434666,13,74.91330000000004
3,47,934432.7998209777,6848335.404434666,14,77.42241977966881
3,47,934432.7998209777,6848335.404434666,15,84.27746250000003
3,47,934432.7998209777,6848335.404434666,16,93.64162500000005
3,47,934432.7998209777,6848335.404434666,17,103.00578750000004
3,47,934432.7998209777,6848335.404434666,18,109.86083022033125
3,47,934432.7998209777,6848335.404434666,19,112.36995000000003
3,47,934432.7998209777,6848335.404434666,20,109.86083022033125
3,47,934432.7998209777,6848335.404434666,21,103.00578750000004
3,47,934432.7998209777,6848335.404434666,22,93.64162500000005
3,47,934432.7998209777,6848335.404434666,23,84.27746250000003
3,47,934432.7998209777,6848335.404434666,24,77.42241977966881
3,47,934432.7998209777,6848335.404434666,25,74.91330000000004
3,47,934432.7998209777,6848335.404434666,26,77.42241977966881
3,47,934432.7998209777,6848335.404434666,27,84.27746250000003
3,47,934432.7998209777,6848335.404434666,28,93.64162500000005
3,47,934432.7998209777,6848335.404434666,29,103.00578750000004
3,47,934432.7998209777,6848335.404434666,30,109.86083022033125
3,47,934432.7998209777,6848335.404434666,31,112.36995000000003
3,47,934432.7998209777,6848335.404434666,32,109.86083022033125
3,47,934432.7998209777,6848335.404434666,33,103.00578750000004
3,47,934432.7998209777,6848335.404434666,34,93.64162500000005
3,47,934432.7998209777,6848335.404434666,35,84.27746250000003
3,47,934432.7998209777,6848335.404434666,36,77.42241977966881
3,47,934432.7998209777,6848335.404434666,37,74.91330000000004
3,47,934432.7998209777,6848335.404434666,38,77.42241977966881
3,47,934432.7998209777,6848335.404434666,39,84.27746250000003
3,47,934432.7998209777,6848335.404434666,40,93.64162500000005
3,47,934432.7998209777,6848335.404434666,41,103.00578750000004
3,47,934432.7998209777,6848335.404434666,42,109.86083022033125
3,47,934432.7998209777,6848335.404434666,43,112.36995000000003
3,47,934432.7998209777,6848335.404434666,44,109.86083022033125
3,47,934432.7998209777,6848335.404434666,45,103.00578750000004
3,47,934432.7998209777,6848335.404434666,46,93.64162500000005
3,47,934432.7998209777,6848335.404434666,47,84.27746250000003
3,47,934432.7998209777,6848335.404434666,48,77.42241977966881
3,56,934204.3998211591,6847660.904435011,1,12.751200000000017
3,56,934204.3998211591,6847660.904435011,2,13.178284217815982
3,56,934204.3998211591,6847660.904435011,3,14.345100000000022
3,56,934204.3998211591,6847660.904435011,4,15.939000000000027
3,56,934204.3998211591,6847660.904435011,5,17.532900000000012
3,56,934204.3998211591,6847660.904435011,6,18.699715782184043
3,56,934204.3998211591,6847660.904435011,7,19.12680000000001
3,56,934204.3998211591,6847660.904435011,8,18.699715782184043
3,56,934204.3998211591,6847660.904435011,9,17.532900000000012
3,56,934204.3998211591,6847660.904435011,10,15.939000000000009
3,56,934204.3998211591,6847660.904435011,11,14.345100000000008
3,56,934204.3998211591,6847660.904435011,12,13.178284217815973
3,56,934204.3998211591,6847660.904435011,13,12.751200000000008
3,56,934204.3998211591,6847660.904435011,14,13.178284217815973
3,56,934204.3998211591,6847660.904435011,15,14.345100000000008
3,56,934204.3998211591,6847660.904435011,16,15.939000000000009
3,56,934204.3998211591,6847660.904435011,17,17.532900000000012
3,56,934204.3998211591,6847660.904435011,18,18.699715782184043
3,56,934204.3998211591,6847660.904435011,19,19.12680000000001
3,56,934204.3998211591,6847660.904435011,20,18.699715782184043
3,56,934204.3998211591,6847660.904435011,21,17.532900000000012
3,56,934204.3998211591,6847660.904435011,22,15.939000000000009
3,56,934204.3998211591,6847660.904435011,23,14.345100000000008
3,56,934204.3998211591,6847660.904435011,24,13.178284217815973
3,56,934204.3998211591,6847660.904435011,25,12.751200000000008
3,56,934204.3998211591,6847660.904435011,26,13.178284217815973
3,56,934204.3998211591,6847660.904435011,27,14.345100000000008
3,56,934204.3998211591,6847660.904435011,28,15.939000000000009
3,56,934204.3998211591,6847660.904435011,29,17.532900000000012
3,56,934204.3998211591,6847660.904435011,30,18.699715782184043
3,56,934204.3998211591,6847660.904435011,31,19.12680000000001
3,56,934204.3998211591,6847660.904435011,32,18.699715782184043
3,56,934204.3998211591,6847660.904435011,33,17.532900000000012
3,56,934204.3998211591,6847660.904435011,34,15.939000000000009
3,56,934204.3998211591,6847660.904435011,35,14.345100000000008
3,56,934204.3998211591,6847660.904435011,36,13.178284217815973
3,56,934204.3998211591,6847660.904435011,37,12.751200000000008
3,56,934204.3998211591,6847660.904435011,38,13.178284217815973
3,56,934204.3998211591,6847660.904435011,39,14.345100000000008
3,56,934204.3998211591,6847660.904435011,40,15.939000000000009
3,56,934204.3998211591,6847660.904435011,41,17.532900000000012
3,56,934204.3998211591,6847660.904435011,42,18.699715782184043
3,56,934204.3998211591,6847660.904435011,43,19.12680000000001
3,56,934204.3998211591,6847660.904435011,44,18.699715782184043
3,56,934204.3998211591,6847660.904435011,45,17.532900000000012
3,56,934204.3998211591,6847660.904435011,46,15.939000000000009
3,56,934204.3998211591,6847660.904435011,47,14.345100000000008
3,56,934204.3998211591,6847660.904435011,48,13.178284217815973
3,46,934906.099820619,6848106.204434778,1,35.06580000000001
3,46,934906.099820619,6848106.204434778,2,36.24028159899392
3,46,934906.099820619,6848106.204434778,3,39.449025000000084
3,46,934906.099820619,6848106.204434778,4,43.832250000000066
3,46,934906.099820619,6848106.204434778,5,48.215475000000026
3,46,934906.099820619,6848106.204434778,6,51.42421840100611
3,46,934906.099820619,6848106.204434778,7,52.59870000000001
3,46,934906.099820619,6848106.204434778,8,51.42421840100611
3,46,934906.099820619,6848106.204434778,9,48.215475000000026
3,46,934906.099820619,6848106.204434778,10,43.83225000000001
3,46,934906.099820619,6848106.204434778,11,39.44902500000001
3,46,934906.099820619,6848106.204434778,12,36.24028159899392
3,46,934906.099820619,6848106.204434778,13,35.06580000000001
3,46,934906.099820619,6848106.204434778,14,36.24028159899392
3,46,934906.099820619,6848106.204434778,15,39.44902500000001
3,46,934906.099820619,6848106.204434778,16,43.83225000000001
3,46,934906.099820619,6848106.204434778,17,48.215475000000026
3,46,934906.099820619,6848106.204434778,18,51.42421840100611
3,46,934906.099820619,6848106.204434778,19,52.59870000000001
3,46,934906.099820619,6848106.204434778,20,51.42421840100611
3,46,934906.099820619,6848106.204434778,21,48.215475000000026
3,46,934906.099820619,6848106.204434778,22,43.83225000000001
3,46,934906.099820619,6848106.204434778,23,39.44902500000001
3,46,934906.099820619,6848106.204434778,24,36.24028159899392
3,46,934906.099820619,6848106.204434778,25,35.06580000000001
3,46,934906.099820619,6848106.204434778,26,36.24028159899392
3,46,934906.099820619,6848106.204434778,27,39.44902500000001
3,46,934906.099820619,6848106.204434778,28,43.83225000000001
3,46,934906.099820619,6848106.204434778,29,48.215475000000026
3,46,934906.099820619,6848106.204434778,30,51.42421840100611
3,46,934906.099820619,6848106.204434778,31,52.59870000000001
3,46,934906.099820619,6848106.204434778,32,51.42421840100611
3,46,934906.099820619,6848106.204434778,33,48.215475000000026
3,46,934906.099820619,6848106.204434778,34,43.83225000000001
3,46,934906.099820619,6848106.204434778,35,39.44902500000001
3,46,934906.099820619,6848106.204434778,36,36.24028159899392
3,46,934906.099820619,6848106.204434778,37,35.06580000000001
3,46,934906.099820619,6848106.204434778,38,36.24028159899392
3,46,934906.099820619,6848106.204434778,39,39.44902500000001
3,46,934906.099820619,6848106.204434778,40,43.83225000000001
3,46,934906.099820619,6848106.204434778,41,48.215475000000026
3,46,934906.099820619,6848106.204434778,42,51.42421840100611
3,46,934906.099820619,6848106.204434778,43,52.59870000000001
3,46,934906.099820619,6848106.204434778,44,51.42421840100611
3,46,934906.099820619,6848106.204434778,45,48.215475000000026
3,46,934906.099820619,6848106.204434778,46,43.83225000000001
3,46,934906.099820619,6848106.204434778,47,39.44902500000001
3,46,934906.099820619,6848106.204434778,48,36.24028159899392
3,43,934084.1998212618,6846602.604435545,1,4.781700000000002
3,43,934084.1998212618,6846602.604435545,2,4.941856581680989
3,43,934084.1998212618,6846602.604435545,3,5.379412500000003
3,43,934084.1998212618,6846602.604435545,4,5.977125000000003
3,43,934084.1998212618,6846602.604435545,5,6.574837500000003
3,43,934084.1998212618,6846602.604435545,6,7.012393418319015
3,43,934084.1998212618,6846602.604435545,7,7.172550000000003
3,43,934084.1998212618,6846602.604435545,8,7.012393418319015
3,43,934084.1998212618,6846602.604435545,9,6.574837500000003
3,43,934084.1998212618,6846602.604435545,10,5.977125000000003
3,43,934084.1998212618,6846602.604435545,11,5.3794125000000035
3,43,934084.1998212618,6846602.604435545,12,4.941856581680989
3,43,934084.1998212618,6846602.604435545,13,4.781700000000002
3,43,934084.1998212618,6846602.604435545,14,4.941856581680989
3,43,934084.1998212618,6846602.604435545,15,5.3794125000000035
3,43,934084.1998212618,6846602.604435545,16,5.977125000000003
3,43,934084.1998212618,6846602.604435545,17,6.574837500000003
3,43,934084.1998212618,6846602.604435545,18,7.012393418319015
3,43,934084.1998212618,6846602.604435545,19,7.172550000000003
3,43,934084.1998212618,6846602.604435545,20,7.012393418319014
3,43,934084.1998212618,6846602.604435545,21,6.574837500000003
3,43,934084.1998212618,6846602.604435545,22,5.977125000000003
3,43,934084.1998212618,6846602.604435545,23,5.379412500000003
3,43,934084.1998212618,6846602.604435545,24,4.941856581680989
3,43,934084.1998212618,6846602.604435545,25,4.781700000000002
3,43,934084.1998212618,6846602.604435545,26,4.941856581680989
3,43,934084.1998212618,6846602.604435545,27,5.379412500000003
3,43,934084.1998212618,6846602.604435545,28,5.977125000000003
3,43,934084.1998212618,6846602.604435545,29,6.574837500000003
3,43,934084.1998212618,6846602.604435545,30,7.012393418319014
3,43,934084.1998212618,6846602.604435545,31,7.172550000000003
3,43,934084.1998212618,6846602.604435545,32,7.012393418319014
3,43,934084.1998212618,6846602.604435545,33,6.574837500000003
3,43,934084.1998212618,6846602.604435545,34,5.977125000000003
3,43,934084.1998212618,6846602.604435545,35,5.379412500000003
3,43,934084.1998212618,6846602.604435545,36,4.941856581680989
3,43,934084.1998212618,6846602.604435545,37,4.781700000000002
3,43,934084.1998212618,6846602.604435545,38,4.941856581680989
3,43,934084.1998212618,6846602.604435545,39,5.379412500000003
3,43,934084.1998212618,6846602.604435545,40,5.977125000000003
3,43,934084.1998212618,6846602.604435545,41,6.574837500000003
3,43,934084.1998212618,6846602.604435545,42,7.012393418319015
3,43,934084.1998212618,6846602.604435545,43,7.172550000000003
3,43,934084.1998212618,6846602.604435545,44,7.012393418319015
3,43,934084.1998212618,6846602.604435545,45,6.574837500000003
3,43,934084.1998212618,6846602.604435545,46,5.977125000000003
3,43,934084.1998212618,6846602.604435545,47,5.3794125000000035
3,43,934084.1998212618,6846602.604435545,48,4.941856581680989
3,63,934417.9998210015,6847132.404435275,1,79.69500000000006
3,63,934417.9998210015,6847132.404435275,2,82.36427636134978
3,63,934417.9998210015,6847132.404435275,3,89.65687500000003
3,63,934417.9998210015,6847132.404435275,4,99.61875000000005
3,63,934417.9998210015,6847132.404435275,5,109.58062500000007
3,63,934417.9998210015,6847132.404435275,6,116.87322363865026
3,63,934417.9998210015,6847132.404435275,7,119.54250000000003
3,63,934417.9998210015,6847132.404435275,8,116.87322363865026
3,63,934417.9998210015,6847132.404435275,9,109.58062500000007
3,63,934417.9998210015,6847132.404435275,10,99.61875000000005
3,63,934417.9998210015,6847132.404435275,11,89.65687500000003
3,63,934417.9998210015,6847132.404435275,12,82.36427636134978
3,63,934417.9998210015,6847132.404435275,13,79.69500000000006
3,63,934417.9998210015,6847132.404435275,14,82.36427636134978
3,63,934417.9998210015,6847132.404435275,15,89.65687500000003
3,63,934417.9998210015,6847132.404435275,16,99.61875000000005
3,63,934417.9998210015,6847132.404435275,17,109.58062500000007
3,63,934417.9998210015,6847132.404435275,18,116.87322363865026
3,63,934417.9998210015,6847132.404435275,19,119.54250000000003
3,63,934417.9998210015,6847132.404435275,20,116.87322363865026
3,63,934417.9998210015,6847132.404435275,21,109.58062500000007
3,63,934417.9998210015,6847132.404435275,22,99.61875000000005
3,63,934417.9998210015,6847132.404435275,23,89.65687500000003
3,63,934417.9998210015,6847132.404435275,24,82.36427636134978
3,63,934417.9998210015,6847132.404435275,25,79.69500000000006
3,63,934417.9998210015,6847132.404435275,26,82.36427636134978
3,63,934417.9998210015,6847132.404435275,27,89.65687500000003
3,63,934417.9998210015,6847132.404435275,28,99.61875000000005
3,63,934417.9998210015,6847132.404435275,29,109.58062500000007
3,63,934417.9998210015,6847132.404435275,30,116.87322363865026
3,63,934417.9998210015,6847132.404435275,31,119.54250000000003
3,63,934417.9998210015,6847132.404435275,32,116.87322363865026
3,63,934417.9998210015,6847132.404435275,33,109.58062500000007
3,63,934417.9998210015,6847132.404435275,34,99.61875000000005
3,63,934417.9998210015,6847132.404435275,35,89.65687500000003
3,63,934417.9998210015,6847132.404435275,36,82.36427636134978
3,63,934417.9998210015,6847132.404435275,37,79.69500000000006
3,63,934417.9998210015,6847132.404435275,38,82.36427636134978
3,63,934417.9998210015,6847132.404435275,39,89.65687500000003
3,63,934417.9998210015,6847132.404435275,40,99.61875000000005
3,63,934417.9998210015,6847132.404435275,41,109.58062500000007
3,63,934417.9998210015,6847132.404435275,42,116.87322363865026
3,63,934417.9998210015,6847132.404435275,43,119.54250000000003
3,63,934417.9998210015,6847132.404435275,44,116.87322363865026
3,63,934417.9998210015,6847132.404435275,45,109.58062500000007
3,63,934417.9998210015,6847132.404435275,46,99.61875000000005
3,63,934417.9998210015,6847132.404435275,47,89.65687500000003
3,63,934417.9998210015,6847132.404435275,48,82.36427636134978
3,62,933921.19982138,6847190.704435252,1,17.53290000000001
3,62,933921.19982138,6847190.704435252,2,18.12014079949695
3,62,933921.19982138,6847190.704435252,3,19.724512500000007
3,62,933921.19982138,6847190.704435252,4,21.91612500000002
3,62,933921.19982138,6847190.704435252,5,24.107737500000017
3,62,933921.19982138,6847190.704435252,6,25.712109200503065
3,62,933921.19982138,6847190.704435252,7,26.29934999999999
3,62,933921.19982138,6847190.704435252,8,25.712109200503065
3,62,933921.19982138,6847190.704435252,9,24.107737500000017
3,62,933921.19982138,6847190.704435252,10,21.91612500000002
3,62,933921.19982138,6847190.704435252,11,19.724512500000007
3,62,933921.19982138,6847190.704435252,12,18.12014079949695
3,62,933921.19982138,6847190.704435252,13,17.53290000000001
3,62,933921.19982138,6847190.704435252,14,18.12014079949695
3,62,933921.19982138,6847190.704435252,15,19.724512500000007
3,62,933921.19982138,6847190.704435252,16,21.91612500000002
3,62,933921.19982138,6847190.704435252,17,24.107737500000017
3,62,933921.19982138,6847190.704435252,18,25.712109200503065
3,62,933921.19982138,6847190.704435252,19,26.29934999999999
3,62,933921.19982138,6847190.704435252,20,25.712109200503065
3,62,933921.19982138,6847190.704435252,21,24.107737500000017
3,62,933921.19982138,6847190.704435252,22,21.91612500000002
3,62,933921.19982138,6847190.704435252,23,19.724512500000007
3,62,933921.19982138,6847190.704435252,24,18.12014079949695
3,62,933921.19982138,6847190.704435252,25,17.53290000000001
3,62,933921.19982138,6847190.704435252,26,18.12014079949695
3,62,933921.19982138,6847190.704435252,27,19.724512500000007
3,62,933921.19982138,6847190.704435252,28,21.91612500000002
3,62,933921.19982138,6847190.704435252,29,24.107737500000017
3,62,933921.19982138,6847190.704435252,30,25.712109200503065
3,62,933921.19982138,6847190.704435252,31,26.29934999999999
3,62,933921.19982138,6847190.704435252,32,25.712109200503065
3,62,933921.19982138,6847190.704435252,33,24.107737500000017
3,62,933921.19982138,6847190.704435252,34,21.91612500000002
3,62,933921.19982138,6847190.704435252,35,19.724512500000007
3,62,933921.19982138,6847190.704435252,36,18.12014079949695
3,62,933921.19982138,6847190.704435252,37,17.53290000000001
3,62,933921.19982138,6847190.704435252,38,18.12014079949695
3,62,933921.19982138,6847190.704435252,39,19.724512500000007
3,62,933921.19982138,6847190.704435252,40,21.91612500000002
3,62,933921.19982138,6847190.704435252,41,24.107737500000017
3,62,933921.19982138,6847190.704435252,42,25.712109200503065
3,62,933921.19982138,6847190.704435252,43,26.29934999999999
3,62,933921.19982138,6847190.704435252,44,25.712109200503065
3,62,933921.19982138,6847190.704435252,45,24.107737500000017
3,62,933921.19982138,6847190.704435252,46,21.91612500000002
3,62,933921.19982138,6847190.704435252,47,19.724512500000007
3,62,933921.19982138,6847190.704435252,48,18.12014079949695
3,54,934764.0998207259,6848247.404434707,1,36.65970000000001
3,54,934764.0998207259,6848247.404434707,2,37.88756712622094
3,54,934764.0998207259,6848247.404434707,3,41.24216250000002
3,54,934764.0998207259,6848247.404434707,4,45.824625000000026
3,54,934764.0998207259,6848247.404434707,5,50.40708750000004
3,54,934764.0998207259,6848247.404434707,6,53.76168287377912
3,54,934764.0998207259,6848247.404434707,7,54.98955000000003
3,54,934764.0998207259,6848247.404434707,8,53.76168287377912
3,54,934764.0998207259,6848247.404434707,9,50.40708750000004
3,54,934764.0998207259,6848247.404434707,10,45.824625000000026
3,54,934764.0998207259,6848247.404434707,11,41.24216250000002
3,54,934764.0998207259,6848247.404434707,12,37.88756712622094
3,54,934764.0998207259,6848247.404434707,13,36.65970000000001
3,54,934764.0998207259,6848247.404434707,14,37.88756712622094
3,54,934764.0998207259,6848247.404434707,15,41.24216250000002
3,54,934764.0998207259,6848247.404434707,16,45.824625000000026
3,54,934764.0998207259,6848247.404434707,17,50.40708750000004
3,54,934764.0998207259,6848247.404434707,18,53.76168287377912
3,54,934764.0998207259,6848247.404434707,19,54.98955000000003
3,54,934764.0998207259,6848247.404434707,20,53.76168287377912
3,54,934764.0998207259,6848247.404434707,21,50.40708750000004
3,54,934764.0998207259,6848247.404434707,22,45.824625000000026
3,54,934764.0998207259,6848247.404434707,23,41.24216250000002
3,54,934764.0998207259,6848247.404434707,24,37.88756712622094
3,54,934764.0998207259,6848247.404434707,25,36.65970000000001
3,54,934764.0998207259,6848247.404434707,26,37.88756712622094
3,54,934764.0998207259,6848247.404434707,27,41.24216250000002
3,54,934764.0998207259,6848247.404434707,28,45.824625000000026
3,54,934764.0998207259,6848247.404434707,29,50.40708750000004
3,54,934764.0998207259,6848247.404434707,30,53.76168287377912
3,54,934764.0998207259,6848247.404434707,31,54.98955000000003
3,54,934764.0998207259,6848247.404434707,32,53.76168287377912
3,54,934764.0998207259,6848247.404434707,33,50.40708750000004
3,54,934764.0998207259,6848247.404434707,34,45.824625000000026
3,54,934764.0998207259,6848247.404434707,35,41.24216250000002
3,54,934764.0998207259,6848247.404434707,36,37.88756712622094
3,54,934764.0998207259,6848247.404434707,37,36.65970000000001
3,54,934764.0998207259,6848247.404434707,38,37.88756712622094
3,54,934764.0998207259,6848247.404434707,39,41.24216250000002
3,54,934764.0998207259,6848247.404434707,40,45.824625000000026
3,54,934764.0998207259,6848247.404434707,41,50.40708750000004
3,54,934764.0998207259,6848247.404434707,42,53.76168287377912
3,54,934764.0998207259,6848247.404434707,43,54.98955000000003
3,54,934764.0998207259,6848247.404434707,44,53.76168287377912
3,54,934764.0998207259,6848247.404434707,45,50.40708750000004
3,54,934764.0998207259,6848247.404434707,46,45.824625000000026
3,54,934764.0998207259,6848247.404434707,47,41.24216250000002
3,54,934764.0998207259,6848247.404434707,48,37.88756712622094
3,13,933807.2281635706,6848521.778365977,1,31.87800000000002
3,13,933807.2281635706,6848521.778365977,2,32.945710544539935
3,13,933807.2281635706,6848521.778365977,3,35.86275000000002
3,13,933807.2281635706,6848521.778365977,4,39.84750000000002
3,13,933807.2281635706,6848521.778365977,5,43.83225000000004
3,13,933807.2281635706,6848521.778365977,6,46.74928945546017
3,13,933807.2281635706,6848521.778365977,7,47.81700000000002
3,13,933807.2281635706,6848521.778365977,8,46.74928945546017
3,13,933807.2281635706,6848521.778365977,9,43.83225000000007
3,13,933807.2281635706,6848521.778365977,10,39.84750000000002
3,13,933807.2281635706,6848521.778365977,11,35.862750000000055
3,13,933807.2281635706,6848521.778365977,12,32.94571054453997
3,13,933807.2281635706,6848521.778365977,13,31.87800000000002
3,13,933807.2281635706,6848521.778365977,14,32.94571054453997
3,13,933807.2281635706,6848521.778365977,15,35.86275000000002
3,13,933807.2281635706,6848521.778365977,16,39.84750000000006
3,13,933807.2281635706,6848521.778365977,17,43.83225000000007
3,13,933807.2281635706,6848521.778365977,18,46.74928945546017
3,13,933807.2281635706,6848521.778365977,19,47.81700000000002
3,13,933807.2281635706,6848521.778365977,20,46.74928945546017
3,13,933807.2281635706,6848521.778365977,21,43.83225000000007
3,13,933807.2281635706,6848521.778365977,22,39.84750000000006
3,13,933807.2281635706,6848521.778365977,23,35.862750000000055
3,13,933807.2281635706,6848521.778365977,24,32.945710544539935
3,13,933807.2281635706,6848521.778365977,25,31.87800000000002
3,13,933807.2281635706,6848521.778365977,26,32.945710544539935
3,13,933807.2281635706,6848521.778365977,27,35.862750000000055
3,13,933807.2281635706,6848521.778365977,28,39.84750000000002
3,13,933807.2281635706,6848521.778365977,29,43.83225000000007
3,13,933807.2281635706,6848521.778365977,30,46.74928945546017
3,13,933807.2281635706,6848521.778365977,31,47.81700000000006
3,13,933807.2281635706,6848521.778365977,32,46.749289455460115
3,13,933807.2281635706,6848521.778365977,33,43.83225000000007
3,13,933807.2281635706,6848521.778365977,34,39.84750000000006
3,13,933807.2281635706,6848521.778365977,35,35.862750000000055
3,13,933807.2281635706,6848521.778365977,36,32.945710544539935
3,13,933807.2281635706,6848521.778365977,37,31.87800000000002
3,13,933807.2281635706,6848521.778365977,38,32.945710544539935
3,13,933807.2281635706,6848521.778365977,39,35.862750000000055
3,13,933807.2281635706,6848521.778365977,40,39.84750000000006
3,13,933807.2281635706,6848521.778365977,41,43.83225000000007
3,13,933807.2281635706,6848521.778365977,42,46.749289455460115
3,13,933807.2281635706,6848521.778365977,43,47.81700000000002
3,13,933807.2281635706,6848521.778365977,44,46.749289455460115
3,13,933807.2281635706,6848521.778365977,45,43.83225000000004
3,13,933807.2281635706,6848521.778365977,46,39.84750000000002
3,13,933807.2281635706,6848521.778365977,47,35.862750000000055
3,13,933807.2281635706,6848521.778365977,48,32.945710544539935
3,23,933186.3998219331,6847949.604434876,1,11.157300000000006
3,23,933186.3998219331,6847949.604434876,2,11.530998690588977
3,23,933186.3998219331,6847949.604434876,3,12.551962500000009
3,23,933186.3998219331,6847949.604434876,4,13.946625000000008
3,23,933186.3998219331,6847949.604434876,5,15.34128750000001
3,23,933186.3998219331,6847949.604434876,6,16.362251309411036
3,23,933186.3998219331,6847949.604434876,7,16.73595000000001
3,23,933186.3998219331,6847949.604434876,8,16.362251309411036
3,23,933186.3998219331,6847949.604434876,9,15.34128750000001
3,23,933186.3998219331,6847949.604434876,10,13.946625000000008
3,23,933186.3998219331,6847949.604434876,11,12.551962500000009
3,23,933186.3998219331,6847949.604434876,12,11.530998690588977
3,23,933186.3998219331,6847949.604434876,13,11.157300000000006
3,23,933186.3998219331,6847949.604434876,14,11.530998690588977
3,23,933186.3998219331,6847949.604434876,15,12.551962500000009
3,23,933186.3998219331,6847949.604434876,16,13.946625000000008
3,23,933186.3998219331,6847949.604434876,17,15.34128750000001
3,23,933186.3998219331,6847949.604434876,18,16.362251309411036
3,23,933186.3998219331,6847949.604434876,19,16.73595000000001
3,23,933186.3998219331,6847949.604434876,20,16.362251309411036
3,23,933186.3998219331,6847949.604434876,21,15.34128750000001
3,23,933186.3998219331,6847949.604434876,22,13.946625000000008
3,23,933186.3998219331,6847949.604434876,23,12.551962500000009
3,23,933186.3998219331,6847949.604434876,24,11.530998690588977
3,23,933186.3998219331,6847949.604434876,25,11.157300000000006
3,23,933186.3998219331,6847949.604434876,26,11.530998690588977
3,23,933186.3998219331,6847949.604434876,27,12.551962500000009
3,23,933186.3998219331,6847949.604434876,28,13.946625000000008
3,23,933186.3998219331,6847949.604434876,29,15.34128750000001
3,23,933186.3998219331,6847949.604434876,30,16.362251309411036
3,23,933186.3998219331,6847949.604434876,31,16.73595000000001
3,23,933186.3998219331,6847949.604434876,32,16.362251309411036
3,23,933186.3998219331,6847949.604434876,33,15.34128750000001
3,23,933186.3998219331,6847949.604434876,34,13.946625000000008
3,23,933186.3998219331,6847949.604434876,35,12.551962500000009
3,23,933186.3998219331,6847949.604434876,36,11.530998690588977
3,23,933186.3998219331,6847949.604434876,37,11.157300000000006
3,23,933186.3998219331,6847949.604434876,38,11.530998690588977
3,23,933186.3998219331,6847949.604434876,39,12.551962500000009
3,23,933186.3998219331,6847949.604434876,40,13.946625000000008
3,23,933186.3998219331,6847949.604434876,41,15.34128750000001
3,23,933186.3998219331,6847949.604434876,42,16.362251309411036
3,23,933186.3998219331,6847949.604434876,43,16.73595000000001
3,23,933186.3998219331,6847949.604434876,44,16.362251309411036
3,23,933186.3998219331,6847949.604434876,45,15.34128750000001
3,23,933186.3998219331,6847949.604434876,46,13.946625000000008
3,23,933186.3998219331,6847949.604434876,47,12.551962500000009
3,23,933186.3998219331,6847949.604434876,48,11.530998690588977
3,27,932730.0998222866,6847424.704435145,1,184.85775000000012
3,27,932730.0998222866,6847424.704435145,2,184.8577500000001
3,27,932730.0998222866,6847424.704435145,3,184.85775000000007
3,27,932730.0998222866,6847424.704435145,4,184.85775000000007
3,27,932730.0998222866,6847424.704435145,5,184.8577500000001
3,27,932730.0998222866,6847424.704435145,6,184.85775000000007
3,27,932730.0998222866,6847424.704435145,7,184.8577500000001
3,27,932730.0998222866,6847424.704435145,8,184.85775000000007
3,27,932730.0998222866,6847424.704435145,9,184.8577500000001
3,27,932730.0998222866,6847424.704435145,10,184.85775000000007
3,27,932730.0998222866,6847424.704435145,11,184.8577500000001
3,27,932730.0998222866,6847424.704435145,12,184.85775000000012
3,27,932730.0998222866,6847424.704435145,13,184.8577500000001
3,27,932730.0998222866,6847424.704435145,14,184.8577500000001
3,27,932730.0998222866,6847424.704435145,15,184.8577500000001
3,27,932730.0998222866,6847424.704435145,16,184.85775000000007
3,27,932730.0998222866,6847424.704435145,17,184.8577500000001
3,27,932730.0998222866,6847424.704435145,18,184.85775000000007
3,27,932730.0998222866,6847424.704435145,19,184.8577500000001
3,27,932730.0998222866,6847424.704435145,20,184.85775000000007
3,27,932730.0998222866,6847424.704435145,21,184.8577500000001
3,27,932730.0998222866,6847424.704435145,22,184.85775000000007
3,27,932730.0998222866,6847424.704435145,23,184.8577500000001
3,27,932730.0998222866,6847424.704435145,24,184.85775000000012
3,27,932730.0998222866,6847424.704435145,25,184.8577500000001
3,27,932730.0998222866,6847424.704435145,26,184.8577500000001
3,27,932730.0998222866,6847424.704435145,27,184.85775000000007
3,27,932730.0998222866,6847424.704435145,28,184.85775000000007
3,27,932730.0998222866,6847424.704435145,29,184.8577500000001
3,27,932730.0998222866,6847424.704435145,30,184.85775000000007
3,27,932730.0998222866,6847424.704435145,31,184.8577500000001
3,27,932730.0998222866,6847424.704435145,32,184.85775000000007
3,27,932730.0998222866,6847424.704435145,33,184.8577500000001
3,27,932730.0998222866,6847424.704435145,34,184.8577500000001
3,27,932730.0998222866,6847424.704435145,35,184.8577500000001
3,27,932730.0998222866,6847424.704435145,36,184.8577500000001
3,27,932730.0998222866,6847424.704435145,37,184.8577500000001
3,27,932730.0998222866,6847424.704435145,38,184.8577500000001
3,27,932730.0998222866,6847424.704435145,39,184.8577500000001
3,27,932730.0998222866,6847424.704435145,40,184.85775000000007
3,27,932730.0998222866,6847424.704435145,41,184.8577500000001
3,27,932730.0998222866,6847424.704435145,42,184.8577500000001
3,27,932730.0998222866,6847424.704435145,43,184.8577500000001
3,27,932730.0998222866,6847424.704435145,44,184.8577500000001
3,27,932730.0998222866,6847424.704435145,45,184.8577500000001
3,27,932730.0998222866,6847424.704435145,46,184.8577500000001
3,27,932730.0998222866,6847424.704435145,47,184.8577500000001
3,27,932730.0998222866,6847424.704435145,48,184.8577500000001
3,16,934880.899820648,6847145.104435267,1,4.781700000000004
3,16,934880.899820648,6847145.104435267,2,4.94185658168099
3,16,934880.899820648,6847145.104435267,3,5.3794125000000035
3,16,934880.899820648,6847145.104435267,4,5.977125000000005
3,16,934880.899820648,6847145.104435267,5,6.5748375000000046
3,16,934880.899820648,6847145.104435267,6,7.012393418319016
3,16,934880.899820648,6847145.104435267,7,7.172550000000003
3,16,934880.899820648,6847145.104435267,8,7.012393418319016
3,16,934880.899820648,6847145.104435267,9,6.5748375000000046
3,16,934880.899820648,6847145.104435267,10,5.977125000000003
3,16,934880.899820648,6847145.104435267,11,5.379412500000003
3,16,934880.899820648,6847145.104435267,12,4.941856581680989
3,16,934880.899820648,6847145.104435267,13,4.7817000000000025
3,16,934880.899820648,6847145.104435267,14,4.941856581680989
3,16,934880.899820648,6847145.104435267,15,5.379412500000003
3,16,934880.899820648,6847145.104435267,16,5.977125000000003
3,16,934880.899820648,6847145.104435267,17,6.5748375000000046
3,16,934880.899820648,6847145.104435267,18,7.012393418319016
3,16,934880.899820648,6847145.104435267,19,7.172550000000003
3,16,934880.899820648,6847145.104435267,20,7.012393418319016
3,16,934880.899820648,6847145.104435267,21,6.5748375000000046
3,16,934880.899820648,6847145.104435267,22,5.977125000000003
3,16,934880.899820648,6847145.104435267,23,5.379412500000003
3,16,934880.899820648,6847145.104435267,24,4.941856581680989
3,16,934880.899820648,6847145.104435267,25,4.7817000000000025
3,16,934880.899820648,6847145.104435267,26,4.941856581680989
3,16,934880.899820648,6847145.104435267,27,5.379412500000003
3,16,934880.899820648,6847145.104435267,28,5.977125000000003
3,16,934880.899820648,6847145.104435267,29,6.5748375000000046
3,16,934880.899820648,6847145.104435267,30,7.012393418319016
3,16,934880.899820648,6847145.104435267,31,7.172550000000003
3,16,934880.899820648,6847145.104435267,32,7.012393418319016
3,16,934880.899820648,6847145.104435267,33,6.5748375000000046
3,16,934880.899820648,6847145.104435267,34,5.977125000000003
3,16,934880.899820648,6847145.104435267,35,5.379412500000003
3,16,934880.899820648,6847145.104435267,36,4.941856581680989
3,16,934880.899820648,6847145.104435267,37,4.7817000000000025
3,16,934880.899820648,6847145.104435267,38,4.941856581680989
3,16,934880.899820648,6847145.104435267,39,5.379412500000003
3,16,934880.899820648,6847145.104435267,40,5.977125000000003
3,16,934880.899820648,6847145.104435267,41,6.5748375000000046
3,16,934880.899820648,6847145.104435267,42,7.012393418319016
3,16,934880.899820648,6847145.104435267,43,7.172550000000003
3,16,934880.899820648,6847145.104435267,44,7.012393418319016
3,16,934880.899820648,6847145.104435267,45,6.5748375000000046
3,16,934880.899820648,6847145.104435267,46,5.977125000000003
3,16,934880.899820648,6847145.104435267,47,5.379412500000003
3,16,934880.899820648,6847145.104435267,48,4.941856581680989
3,18,933999.1998213149,6847743.404434972,1,9.56340000000001
3,18,933999.1998213149,6847743.404434972,2,9.883713163361984
3,18,933999.1998213149,6847743.404434972,3,10.75882500000001
3,18,933999.1998213149,6847743.404434972,4,11.954250000000012
3,18,933999.1998213149,6847743.404434972,5,13.149675000000016
3,18,933999.1998213149,6847743.404434972,6,14.024786836638036
3,18,933999.1998213149,6847743.404434972,7,14.345100000000013
3,18,933999.1998213149,6847743.404434972,8,14.024786836638036
3,18,933999.1998213149,6847743.404434972,9,13.149675000000016
3,18,933999.1998213149,6847743.404434972,10,11.954250000000012
3,18,933999.1998213149,6847743.404434972,11,10.75882500000001
3,18,933999.1998213149,6847743.404434972,12,9.883713163361984
3,18,933999.1998213149,6847743.404434972,13,9.56340000000001
3,18,933999.1998213149,6847743.404434972,14,9.883713163361984
3,18,933999.1998213149,6847743.404434972,15,10.75882500000001
3,18,933999.1998213149,6847743.404434972,16,11.954250000000012
3,18,933999.1998213149,6847743.404434972,17,13.149675000000016
3,18,933999.1998213149,6847743.404434972,18,14.024786836638036
3,18,933999.1998213149,6847743.404434972,19,14.345100000000013
3,18,933999.1998213149,6847743.404434972,20,14.024786836638036
3,18,933999.1998213149,6847743.404434972,21,13.149675000000016
3,18,933999.1998213149,6847743.404434972,22,11.954250000000012
3,18,933999.1998213149,6847743.404434972,23,10.75882500000001
3,18,933999.1998213149,6847743.404434972,24,9.883713163361984
3,18,933999.1998213149,6847743.404434972,25,9.56340000000001
3,18,933999.1998213149,6847743.404434972,26,9.883713163361984
3,18,933999.1998213149,6847743.404434972,27,10.75882500000001
3,18,933999.1998213149,6847743.404434972,28,11.954250000000012
3,18,933999.1998213149,6847743.404434972,29,13.149675000000016
3,18,933999.1998213149,6847743.404434972,30,14.024786836638036
3,18,933999.1998213149,6847743.404434972,31,14.345100000000013
3,18,933999.1998213149,6847743.404434972,32,14.024786836638036
3,18,933999.1998213149,6847743.404434972,33,13.149675000000016
3,18,933999.1998213149,6847743.404434972,34,11.954250000000012
3,18,933999.1998213149,6847743.404434972,35,10.75882500000001
3,18,933999.1998213149,6847743.404434972,36,9.883713163361984
3,18,933999.1998213149,6847743.404434972,37,9.56340000000001
3,18,933999.1998213149,6847743.404434972,38,9.883713163361984
3,18,933999.1998213149,6847743.404434972,39,10.75882500000001
3,18,933999.1998213149,6847743.404434972,40,11.954250000000012
3,18,933999.1998213149,6847743.404434972,41,13.149675000000016
3,18,933999.1998213149,6847743.404434972,42,14.024786836638036
3,18,933999.1998213149,6847743.404434972,43,14.345100000000013
3,18,933999.1998213149,6847743.404434972,44,14.024786836638036
3,18,933999.1998213149,6847743.404434972,45,13.149675000000016
3,18,933999.1998213149,6847743.404434972,46,11.954250000000012
3,18,933999.1998213149,6847743.404434972,47,10.75882500000001
3,18,933999.1998213149,6847743.404434972,48,9.883713163361984
3,53,934203.1998211733,6846356.304435672,1,1.5939000000000008
3,53,934203.1998211733,6846356.304435672,2,1.6472855272269964
3,53,934203.1998211733,6846356.304435672,3,1.793137500000001
3,53,934203.1998211733,6846356.304435672,4,1.992375000000001
3,53,934203.1998211733,6846356.304435672,5,2.191612500000001
3,53,934203.1998211733,6846356.304435672,6,2.3374644727730054
3,53,934203.1998211733,6846356.304435672,7,2.390850000000001
3,53,934203.1998211733,6846356.304435672,8,2.3374644727730045
3,53,934203.1998211733,6846356.304435672,9,2.191612500000001
3,53,934203.1998211733,6846356.304435672,10,1.992375000000001
3,53,934203.1998211733,6846356.304435672,11,1.793137500000001
3,53,934203.1998211733,6846356.304435672,12,1.6472855272269964
3,53,934203.1998211733,6846356.304435672,13,1.5939000000000008
3,53,934203.1998211733,6846356.304435672,14,1.6472855272269964
3,53,934203.1998211733,6846356.304435672,15,1.793137500000001
3,53,934203.1998211733,6846356.304435672,16,1.992375000000001
3,53,934203.1998211733,6846356.304435672,17,2.191612500000001
3,53,934203.1998211733,6846356.304435672,18,2.3374644727730054
3,53,934203.1998211733,6846356.304435672,19,2.390850000000001
3,53,934203.1998211733,6846356.304435672,20,2.3374644727730054
3,53,934203.1998211733,6846356.304435672,21,2.191612500000001
3,53,934203.1998211733,6846356.304435672,22,1.992375000000001
3,53,934203.1998211733,6846356.304435672,23,1.793137500000001
3,53,934203.1998211733,6846356.304435672,24,1.6472855272269964
3,53,934203.1998211733,6846356.304435672,25,1.5939000000000008
3,53,934203.1998211733,6846356.304435672,26,1.6472855272269964
3,53,934203.1998211733,6846356.304435672,27,1.793137500000001
3,53,934203.1998211733,6846356.304435672,28,1.992375000000001
3,53,934203.1998211733,6846356.304435672,29,2.191612500000001
3,53,934203.1998211733,6846356.304435672,30,2.3374644727730054
3,53,934203.1998211733,6846356.304435672,31,2.390850000000001
3,53,934203.1998211733,6846356.304435672,32,2.3374644727730054
3,53,934203.1998211733,6846356.304435672,33,2.191612500000001
3,53,934203.1998211733,6846356.304435672,34,1.992375000000001
3,53,934203.1998211733,6846356.304435672,35,1.793137500000001
3,53,934203.1998211733,6846356.304435672,36,1.6472855272269964
3,53,934203.1998211733,6846356.304435672,37,1.5939000000000008
3,53,934203.1998211733,6846356.304435672,38,1.6472855272269964
3,53,934203.1998211733,6846356.304435672,39,1.7931375000000003
3,53,934203.1998211733,6846356.304435672,40,1.992375000000001
3,53,934203.1998211733,6846356.304435672,41,2.191612500000001
3,53,934203.1998211733,6846356.304435672,42,2.3374644727730054
3,53,934203.1998211733,6846356.304435672,43,2.390850000000001
3,53,934203.1998211733,6846356.304435672,44,2.3374644727730054
3,53,934203.1998211733,6846356.304435672,45,2.191612500000001
3,53,934203.1998211733,6846356.304435672,46,1.9923750000000002
3,53,934203.1998211733,6846356.304435672,47,1.793137500000001
3,53,934203.1998211733,6846356.304435672,48,1.6472855272269964
3,81,934977.2998205577,6848768.304434442,5,6.5748375000000046
3,81,934977.2998205577,6848768.304434442,6,7.012393418319019
3,81,934977.2998205577,6848768.304434442,7,7.172550000000006
3,81,934977.2998205577,6848768.304434442,8,7.012393418319019
3,81,934977.2998205577,6848768.304434442,9,6.574837500000007
3,81,934977.2998205577,6848768.304434442,10,5.977125000000005
3,81,934977.2998205577,6848768.304434442,11,5.3794125000000035
3,81,934977.2998205577,6848768.304434442,12,4.94185658168099
3,81,934977.2998205577,6848768.304434442,13,4.781700000000004
3,81,934977.2998205577,6848768.304434442,14,4.94185658168099
3,81,934977.2998205577,6848768.304434442,15,5.3794125000000035
3,81,934977.2998205577,6848768.304434442,16,5.977125000000005
3,81,934977.2998205577,6848768.304434442,17,6.574837500000007
3,81,934977.2998205577,6848768.304434442,18,7.012393418319019
3,81,934977.2998205577,6848768.304434442,19,7.172550000000006
3,81,934977.2998205577,6848768.304434442,20,7.012393418319019
3,81,934977.2998205577,6848768.304434442,21,6.574837500000007
3,81,934977.2998205577,6848768.304434442,22,5.977125000000005
3,81,934977.2998205577,6848768.304434442,23,5.3794125000000035
3,81,934977.2998205577,6848768.304434442,24,4.94185658168099
3,81,934977.2998205577,6848768.304434442,25,4.781700000000004
3,81,934977.2998205577,6848768.304434442,26,4.94185658168099
3,81,934977.2998205577,6848768.304434442,27,5.3794125000000035
3,81,934977.2998205577,6848768.304434442,28,5.977125000000005
3,81,934977.2998205577,6848768.304434442,29,6.574837500000007
3,81,934977.2998205577,6848768.304434442,30,7.012393418319019
3,81,934977.2998205577,6848768.304434442,31,7.172550000000006
3,81,934977.2998205577,6848768.304434442,32,7.012393418319019
3,81,934977.2998205577,6848768.304434442,33,6.574837500000007
3,81,934977.2998205577,6848768.304434442,34,5.977125000000005
3,81,934977.2998205577,6848768.304434442,35,5.3794125000000035
3,81,934977.2998205577,6848768.304434442,36,4.94185658168099
3,81,934977.2998205577,6848768.304434442,37,4.781700000000004
3,81,934977.2998205577,6848768.304434442,38,4.94185658168099
3,81,934977.2998205577,6848768.304434442,39,5.3794125000000035
3,81,934977.2998205577,6848768.304434442,40,5.977125000000005
3,81,934977.2998205577,6848768.304434442,41,6.574837500000007
3,81,934977.2998205577,6848768.304434442,42,7.012393418319019
3,81,934977.2998205577,6848768.304434442,43,7.172550000000006
3,81,934977.2998205577,6848768.304434442,44,7.012393418319019
3,81,934977.2998205577,6848768.304434442,45,6.574837500000007
3,81,934977.2998205577,6848768.304434442,46,5.977125000000005
3,81,934977.2998205577,6848768.304434442,47,5.3794125000000035
3,81,934977.2998205577,6848768.304434442,48,4.94185658168099
