sol,k,t,abierta,q_PET_kg,q_HDPE_kg,q_PP_kg,produccion_kg,ingreso_EUR,transporte_EUR,procesamiento_EUR,margen_EUR,emisiones_kgCO2e
1,8,1,1,411.01552800000053,442.1007360000007,323.8042500000002,1176.9205140000015,922.2376779000011,0.2798793529661925,485.1019404000007,436.85585814703427,-166.84281488820625
1,8,2,1,424.7819378505321,456.90830289805115,334.64963591165827,1216.3398766602413,953.1267830278584,0.289253533791872,501.34977454711935,451.4877549469472,-172.4309895772351
1,8,3,1,462.3924690000007,497.3633280000007,364.2797812500002,1324.0355782500017,1037.5173876375013,0.3148642720869664,545.7396829500007,491.4628404154138,-187.6981667492323
1,8,4,1,513.7694100000008,552.6259200000006,404.7553125000001,1471.1506425000016,1152.7970973750014,0.34984919120774055,606.3774255000006,546.069822683793,-208.55351861025792
1,8,5,1,565.1463510000009,607.8885120000009,445.2308437500003,1618.265706750002,1268.0768071125017,0.38483411032851467,667.0151680500006,600.6768049521726,-229.40887047128444
1,8,6,1,602.7568821494694,648.3435371019498,474.8609890883421,1725.9614083397614,1352.4674117221439,0.410444848623609,711.4050764528816,640.6518904206386,-244.6760476432812
1,8,7,1,616.5232920000009,663.1511040000005,485.7063750000001,1765.3807710000015,1383.3565168500013,0.4198190294492883,727.6529106000005,655.2837872205514,-250.26422233230983
1,8,8,1,602.7568821494696,648.3435371019499,474.8609890883421,1725.9614083397614,1352.4674117221443,0.410444848623609,711.4050764528816,640.651890420639,-244.6760476432819
1,8,9,1,565.1463510000008,607.8885120000009,445.23084375000025,1618.265706750002,1268.0768071125017,0.38483411032851467,667.0151680500006,600.6768049521726,-229.40887047128422
1,8,10,1,513.7694100000008,552.6259200000006,404.7553125000001,1471.1506425000016,1152.7970973750014,0.34984919120774055,606.3774255000005,546.0698226837931,-208.55351861025792
1,8,11,1,462.3924690000007,497.36332800000065,364.27978125000016,1324.0355782500014,1037.5173876375013,0.3148642720869664,545.7396829500007,491.4628404154138,-187.6981667492323
1,8,12,1,424.7819378505321,456.9083028980512,334.64963591165827,1216.3398766602415,953.1267830278584,0.289253533791872,501.34977454711935,451.4877549469472,-172.43098957723532
1,8,13,1,411.01552800000053,442.1007360000007,323.8042500000003,1176.9205140000015,922.2376779000012,0.27987935296619254,485.1019404000007,436.8558581470344,-166.84281488820648
1,8,14,1,424.7819378505321,456.9083028980512,334.64963591165827,1216.3398766602415,953.1267830278584,0.289253533791872,501.34977454711935,451.4877549469472,-172.43098957723532
1,8,15,1,462.39246900000063,497.36332800000065,364.27978125000016,1324.0355782500014,1037.517387637501,0.31486427208696643,545.7396829500007,491.46284041541355,-187.69816674923186
1,8,16,1,513.7694100000008,552.6259200000007,404.7553125000001,1471.1506425000018,1152.7970973750014,0.34984919120774055,606.3774255000008,546.0698226837928,-208.55351861025815
1,8,17,1,565.1463510000009,607.888512000001,445.2308437500003,1618.2657067500022,1268.0768071125017,0.38483411032851467,667.0151680500007,600.6768049521725,-229.40887047128444
1,8,18,1,602.7568821494694,648.3435371019497,474.860989088342,1725.9614083397612,1352.4674117221439,0.4104448486236089,711.4050764528816,640.6518904206386,-244.6760476432812
1,8,19,1,616.5232920000008,663.1511040000004,485.7063750000002,1765.3807710000015,1383.356516850001,0.4198190294492883,727.6529106000005,655.2837872205512,-250.26422233230983
1,8,20,1,602.7568821494694,648.3435371019498,474.860989088342,1725.9614083397612,1352.4674117221439,0.4104448486236089,711.4050764528816,640.6518904206386,-244.6760476432812
1,8,21,1,565.1463510000009,607.888512000001,445.23084375000036,1618.2657067500022,1268.076807112502,0.3848341103285147,667.0151680500007,600.6768049521727,-229.40887047128444
1,8,22,1,513.7694100000008,552.6259200000006,404.7553125000001,1471.1506425000016,1152.7970973750014,0.34984919120774055,606.3774255000005,546.0698226837931,-208.55351861025792
1,8,23,1,462.39246900000074,497.3633280000007,364.2797812500002,1324.0355782500017,1037.5173876375015,0.31486427208696643,545.7396829500007,491.462840415414,-187.6981667492323
1,8,24,1,424.781937850532,456.9083028980512,334.6496359116582,1216.3398766602413,953.1267830278584,0.289253533791872,501.34977454711935,451.4877549469472,-172.43098957723487
1,8,25,1,411.0155280000005,442.1007360000007,323.80425000000025,1176.9205140000013,922.2376779000012,0.2798793529661925,485.1019404000007,436.8558581470344,-166.84281488820625
1,8,26,1,424.7819378505321,456.9083028980512,334.64963591165827,1216.3398766602415,953.1267830278584,0.289253533791872,501.34977454711935,451.4877549469472,-172.43098957723532
1,8,27,1,462.39246900000063,497.36332800000065,364.2797812500002,1324.0355782500014,1037.517387637501,0.3148642720869664,545.7396829500007,491.46284041541355,-187.6981667492321
1,8,28,1,513.7694100000008,552.6259200000006,404.7553125000002,1471.1506425000016,1152.7970973750014,0.3498491912077405,606.3774255000008,546.0698226837928,-208.55351861025792
1,8,29,1,565.1463510000008,607.8885120000009,445.2308437500003,1618.265706750002,1268.0768071125017,0.38483411032851467,667.0151680500006,600.6768049521726,-229.40887047128422
1,8,30,1,602.7568821494694,648.3435371019497,474.8609890883421,1725.9614083397614,1352.4674117221439,0.4104448486236089,711.4050764528816,640.6518904206386,-244.6760476432812
1,8,31,1,616.5232920000007,663.1511040000003,485.7063750000001,1765.380771000001,1383.3565168500008,0.41981902944928834,727.6529106000005,655.283787220551,-250.26422233230937
1,8,32,1,602.7568821494694,648.3435371019498,474.8609890883421,1725.9614083397614,1352.4674117221439,0.410444848623609,711.4050764528816,640.6518904206386,-244.67604764328144
1,8,33,1,565.1463510000009,607.8885120000009,445.23084375000025,1618.265706750002,1268.0768071125017,0.3848341103285147,667.0151680500006,600.6768049521726,-229.40887047128444
1,8,34,1,513.7694100000008,552.6259200000006,404.7553125000001,1471.1506425000016,1152.7970973750014,0.3498491912077405,606.3774255000008,546.0698226837928,-208.55351861025792
1,8,35,1,462.3924690000007,497.36332800000065,364.27978125000016,1324.0355782500014,1037.5173876375013,0.31486427208696643,545.7396829500007,491.4628404154138,-187.6981667492323
1,8,36,1,424.781937850532,456.9083028980512,334.6496359116583,1216.3398766602415,953.1267830278584,0.289253533791872,501.34977454711935,451.4877549469472,-172.43098957723532
1,8,37,1,411.01552800000053,442.1007360000007,323.8042500000002,1176.9205140000015,922.2376779000011,0.27987935296619254,485.1019404000007,436.85585814703427,-166.84281488820625
1,8,38,1,424.7819378505316,456.9083028980512,334.64963591165827,1216.339876660241,953.126783027858,0.28925353379187196,501.3497745471192,451.4877549469469,-172.43098957723487
1,8,39,1,462.3924690000006,497.3633280000006,364.27978125000016,1324.0355782500014,1037.517387637501,0.31486427208696643,545.7396829500007,491.46284041541355,-187.69816674923186
1,8,40,1,513.7694100000008,552.6259200000006,404.75531250000006,1471.1506425000016,1152.7970973750014,0.34984919120774055,606.3774255000006,546.069822683793,-208.55351861025792
1,8,41,1,565.1463510000005,607.8885120000009,445.2308437500003,1618.2657067500018,1268.0768071125015,0.38483411032851456,667.0151680500005,600.6768049521725,-229.40887047128444
1,8,42,1,602.7568821494689,648.3435371019503,474.8609890883421,1725.9614083397614,1352.4674117221439,0.4104448486236089,711.4050764528816,640.6518904206386,-244.67604764328075
1,8,43,1,616.5232920000008,663.1511040000004,485.70637500000004,1765.3807710000012,1383.356516850001,0.41981902944928834,727.6529106000005,655.2837872205512,-250.2642223323096
1,8,44,1,602.7568821494694,648.3435371019499,474.8609890883421,1725.9614083397614,1352.467411722144,0.4104448486236089,711.4050764528818,640.6518904206387,-244.67604764328098
1,8,45,1,565.1463510000009,607.8885120000004,445.2308437500002,1618.2657067500013,1268.0768071125012,0.38483411032851456,667.0151680500004,600.6768049521723,-229.40887047128422
1,8,46,1,513.7694100000008,552.6259200000006,404.7553125000001,1471.1506425000016,1152.7970973750014,0.34984919120774055,606.3774255000008,546.0698226837928,-208.55351861025792
1,8,47,1,462.39246900000063,497.36332800000025,364.27978125000027,1324.0355782500012,1037.517387637501,0.3148642720869663,545.7396829500004,491.4628404154138,-187.6981667492323
1,8,48,1,424.7819378505321,456.90830289805075,334.64963591165827,1216.339876660241,953.1267830278582,0.28925353379187196,501.3497745471192,451.4877549469471,-172.4309895772351
2,1,1,1,18.142739999999883,19.514879999999867,0.0,37.65761999999975,32.84750699999978,0.010003579201192428,14.361731999999904,18.475771420798687,-8.70141815759855
2,1,2,1,18.750406566435824,20.168504542048616,0.0,38.91891110848444,33.94768987175293,0.010338635572239945,14.842758811413905,19.094592424766784,-8.992860403640293
2,1,3,1,20.410582499999798,21.954239999999846,0.0,42.36482249999965,36.95344537499968,0.011254026601341458,16.156948499999864,20.785242848398475,-9.789095427298342
2,1,4,1,22.678424999999855,24.393599999999708,0.0,47.07202499999956,41.059383749999625,0.012504474001490498,17.952164999999837,23.0947142759983,-10.876772696998188
2,1,5,1,24.94626749999992,26.8329599999997,0.0,51.77922749999962,45.16532212499968,0.013754921401639576,19.747381499999857,25.404185703598184,-11.96444996669804
2,1,6,1,26.6064434335638,28.61869545795114,0.0,55.225138891514945,48.17107762824652,0.014670312430741125,21.06157118858586,27.094836127229925,-12.760684990356069
2,1,7,1,27.214109999999767,29.27231999999981,0.0,56.48642999999957,49.27126049999963,0.015005368801788628,21.542597999999842,27.713657131197998,-13.052127236397808
2,1,8,1,26.6064434335638,28.61869545795114,0.0,55.225138891514945,48.17107762824652,0.014670312430741125,21.06157118858586,27.094836127229925,-12.760684990356069
2,1,9,1,24.94626749999992,26.8329599999997,0.0,51.77922749999962,45.16532212499968,0.013754921401639576,19.747381499999857,25.404185703598184,-11.96444996669804
2,1,10,1,22.678424999999855,24.393599999999708,0.0,47.07202499999956,41.059383749999625,0.012504474001490498,17.952164999999837,23.0947142759983,-10.876772696998188
2,1,11,1,20.410582499999798,21.954239999999846,0.0,42.36482249999965,36.95344537499968,0.011254026601341458,16.156948499999864,20.785242848398475,-9.789095427298342
2,1,12,1,18.750406566435824,20.168504542048616,0.0,38.91891110848444,33.94768987175293,0.010338635572239945,14.842758811413905,19.094592424766784,-8.992860403640293
2,1,13,1,18.142739999999883,19.514879999999867,0.0,37.65761999999975,32.84750699999978,0.010003579201192428,14.361731999999904,18.475771420798687,-8.70141815759855
2,1,14,1,18.750406566435824,20.168504542048616,0.0,38.91891110848444,33.94768987175293,0.010338635572239945,14.842758811413905,19.094592424766784,-8.992860403640293
2,1,15,1,20.410582499999798,21.954239999999846,0.0,42.36482249999965,36.95344537499968,0.011254026601341458,16.156948499999864,20.785242848398475,-9.789095427298342
2,1,16,1,22.678424999999855,24.393599999999708,0.0,47.07202499999956,41.059383749999625,0.012504474001490498,17.952164999999837,23.0947142759983,-10.876772696998188
2,1,17,1,24.94626749999992,26.8329599999997,0.0,51.77922749999962,45.16532212499968,0.013754921401639576,19.747381499999857,25.404185703598184,-11.96444996669804
2,1,18,1,26.6064434335638,28.61869545795114,0.0,55.225138891514945,48.17107762824652,0.014670312430741125,21.06157118858586,27.094836127229925,-12.760684990356069
2,1,19,1,27.214109999999767,29.27231999999981,0.0,56.48642999999957,49.27126049999963,0.015005368801788628,21.542597999999842,27.713657131197998,-13.052127236397808
2,1,20,1,26.6064434335638,28.61869545795114,0.0,55.225138891514945,48.17107762824652,0.014670312430741125,21.06157118858586,27.094836127229925,-12.760684990356069
2,1,21,1,24.94626749999992,26.8329599999997,0.0,51.77922749999962,45.16532212499968,0.013754921401639576,19.747381499999857,25.404185703598184,-11.96444996669804
2,1,22,1,22.678424999999855,24.393599999999708,0.0,47.07202499999956,41.059383749999625,0.012504474001490498,17.952164999999837,23.0947142759983,-10.876772696998188
2,1,23,1,20.410582499999798,21.954239999999846,0.0,42.36482249999965,36.95344537499968,0.011254026601341458,16.156948499999864,20.785242848398475,-9.789095427298342
2,1,24,1,18.750406566435824,20.168504542048616,0.0,38.91891110848444,33.94768987175293,0.010338635572239945,14.842758811413905,19.094592424766784,-8.992860403640293
2,1,25,1,18.142739999999883,19.514879999999867,0.0,37.65761999999975,32.84750699999978,0.010003579201192428,14.361731999999904,18.475771420798687,-8.70141815759855
2,1,26,1,18.750406566435824,20.168504542048616,0.0,38.91891110848444,33.94768987175293,0.010338635572239945,14.842758811413905,19.094592424766784,-8.992860403640293
2,1,27,1,20.410582499999798,21.954239999999846,0.0,42.36482249999965,36.95344537499968,0.011254026601341458,16.156948499999864,20.785242848398475,-9.789095427298342
2,1,28,1,22.678424999999855,24.393599999999708,0.0,47.07202499999956,41.059383749999625,0.012504474001490498,17.952164999999837,23.0947142759983,-10.876772696998188
2,1,29,1,24.94626749999992,26.8329599999997,0.0,51.77922749999962,45.16532212499968,0.013754921401639576,19.747381499999857,25.404185703598184,-11.96444996669804
2,1,30,1,26.6064434335638,28.61869545795114,0.0,55.225138891514945,48.17107762824652,0.014670312430741125,21.06157118858586,27.094836127229925,-12.760684990356069
2,1,31,1,27.214109999999767,29.27231999999981,0.0,56.48642999999957,49.27126049999963,0.015005368801788628,21.542597999999842,27.713657131197998,-13.052127236397808
2,1,32,1,26.6064434335638,28.61869545795114,0.0,55.225138891514945,48.17107762824652,0.014670312430741125,21.06157118858586,27.094836127229925,-12.760684990356069
2,1,33,1,24.94626749999992,26.8329599999997,0.0,51.77922749999962,45.16532212499968,0.013754921401639576,19.747381499999857,25.404185703598184,-11.96444996669804
2,1,34,1,22.678424999999855,24.393599999999708,0.0,47.07202499999956,41.059383749999625,0.012504474001490498,17.952164999999837,23.0947142759983,-10.876772696998188
2,1,35,1,20.410582499999798,21.954239999999846,0.0,42.36482249999965,36.95344537499968,0.011254026601341458,16.156948499999864,20.785242848398475,-9.789095427298342
2,1,36,1,18.750406566435824,20.168504542048616,0.0,38.91891110848444,33.94768987175293,0.010338635572239945,14.842758811413905,19.094592424766784,-8.992860403640293
2,1,37,1,18.142739999999883,19.514879999999867,0.0,37.65761999999975,32.84750699999978,0.010003579201192428,14.361731999999904,18.475771420798687,-8.70141815759855
2,1,38,1,18.750406566435824,20.168504542048616,0.0,38.91891110848444,33.94768987175293,0.010338635572239945,14.842758811413905,19.094592424766784,-8.992860403640293
2,1,39,1,20.410582499999798,21.954239999999846,0.0,42.36482249999965,36.95344537499968,0.011254026601341458,16.156948499999864,20.785242848398475,-9.789095427298342
2,1,40,1,22.678424999999855,24.393599999999708,0.0,47.07202499999956,41.059383749999625,0.012504474001490498,17.952164999999837,23.0947142759983,-10.876772696998188
2,1,41,1,24.94626749999992,26.8329599999997,0.0,51.77922749999962,45.16532212499968,0.013754921401639576,19.747381499999857,25.404185703598184,-11.96444996669804
2,1,42,1,26.6064434335638,28.61869545795114,0.0,55.225138891514945,48.17107762824652,0.014670312430741125,21.06157118858586,27.094836127229925,-12.760684990356069
2,1,43,1,27.214109999999767,29.27231999999981,0.0,56.48642999999957,49.27126049999963,0.015005368801788628,21.542597999999842,27.713657131197998,-13.052127236397808
2,1,44,1,26.6064434335638,28.61869545795114,0.0,55.225138891514945,48.17107762824652,0.014670312430741125,21.06157118858586,27.094836127229925,-12.760684990356069
2,1,45,1,24.94626749999992,26.8329599999997,0.0,51.77922749999962,45.16532212499968,0.013754921401639576,19.747381499999857,25.404185703598184,-11.96444996669804
2,1,46,1,22.678424999999855,24.393599999999708,0.0,47.07202499999956,41.059383749999625,0.012504474001490498,17.952164999999837,23.0947142759983,-10.876772696998188
2,1,47,1,20.410582499999798,21.954239999999846,0.0,42.36482249999965,36.95344537499968,0.011254026601341458,16.156948499999864,20.785242848398475,-9.789095427298342
2,1,48,1,18.750406566435824,20.168504542048616,0.0,38.91891110848444,33.94768987175293,0.010338635572239945,14.842758811413905,19.094592424766784,-8.992860403640293
2,4,1,1,208.4765760000003,224.2437120000004,0.0,432.72028800000066,377.4477168000006,0.09492888122304727,165.02935680000024,212.3234311187773,-100.0105632385733
2,4,2,1,215.45921727250098,231.7544521922699,0.0,447.2136694647709,390.0898181626918,0.09810839585581044,170.55679216024865,219.43491760658733,-103.36028194536794
2,4,3,1,234.5361480000003,252.27417600000027,0.0,486.8103240000006,424.6286814000005,0.10679499137592814,185.6580264000002,238.86386000862439,-112.51188364339492
2,4,4,1,260.59572000000037,280.30464000000023,0.0,540.9003600000005,471.8096460000005,0.11866110152880904,206.28669600000026,265.40428889847146,-125.01320404821655
2,4,5,1,189.1380645,203.442624,0.0,392.5806885,342.435260475,0.08859739794374943,149.72105610000003,192.6256069770562,-90.7305891940656
2,4,6,1,201.72521657811302,216.9817455630118,0.0,418.7069621411248,365.2243521996168,0.09449356128131521,159.6850033752792,205.44485526305633,-96.76871656594909
2,4,7,1,206.33243400000035,221.9374080000003,0.0,428.2698420000006,373.56573870000057,0.09665170684772681,163.33206120000025,210.13702579315256,-98.9788245753445
2,4,8,1,201.72521657811347,216.9817455630119,0.0,418.70696214112536,365.22435219961733,0.09449356128131514,159.68500337527905,205.44485526305698,-96.76871656595
2,4,9,1,189.13806450000055,203.44262400000036,0.0,392.5806885000009,342.4352604750008,0.08859739794374966,149.72105610000034,192.6256069770567,-90.73058919406589
2,4,10,1,171.9436950000001,184.94784,0.0,356.8915350000001,311.30478225000013,0.08054308903977224,136.110051,175.11418816096034,-82.48235381278704
2,4,11,1,154.74932550000017,166.45305599999998,0.0,321.2023815000001,280.17430402500014,0.07248878013579503,122.49904590000003,157.6027693448643,-74.2341184315083
2,4,12,1,142.1621734218874,152.9139344369881,0.0,295.0761078588755,257.3852123003835,0.0665926167982293,112.53509862472092,144.78352105886435,-68.19599105962502
2,4,13,1,137.55495600000012,147.9582720000001,0.0,285.51322800000025,249.0438258000002,0.06443447123181781,108.88804080000011,140.0913505287683,-65.9858830502296
2,4,14,1,142.1621734218874,152.9139344369881,0.0,295.0761078588755,257.3852123003835,0.0665926167982293,112.53509862472092,144.78352105886435,-68.19599105962502
2,4,15,1,154.74932550000017,166.45305599999998,0.0,321.2023815000001,280.17430402500014,0.07248878013579503,122.49904590000006,157.60276934486427,-74.2341184315083
2,4,16,1,171.94369500000008,184.9478399999999,0.0,356.891535,311.30478225,0.08054308903977223,136.110051,175.11418816096023,-82.48235381278693
2,4,17,1,189.1380645000003,203.442624,0.0,392.5806885000003,342.4352604750003,0.08859739794374952,149.72105610000014,192.62560697705638,-90.73058919406571
2,4,18,1,201.7252165781134,216.98174556301183,0.0,418.70696214112525,365.2243521996172,0.09449356128131516,159.68500337527908,205.44485526305684,-96.76871656594977
2,4,19,1,206.3324340000003,221.93740799999978,0.0,428.26984200000004,373.5657387000001,0.09665170684772667,163.3320612,210.13702579315236,-98.9788245753445
2,4,20,1,201.72521657811288,216.98174556301225,0.0,418.70696214112513,365.224352199617,0.0944935612813153,159.6850033752793,205.44485526305638,-96.76871656594898
2,4,21,1,189.13806450000084,203.442624,0.0,392.58068850000086,342.4352604750008,0.08859739794374945,149.72105610000006,192.62560697705698,-90.73058919406657
2,4,22,1,171.94369500000002,184.9478400000003,0.0,356.8915350000003,311.30478225000024,0.08054308903977228,136.1100510000001,175.11418816096034,-82.48235381278704
2,4,23,1,154.74932550000017,166.45305599999998,0.0,321.2023815000001,280.17430402500014,0.07248878013579502,122.49904590000006,157.60276934486427,-74.2341184315083
2,4,24,1,142.16217342188742,152.91393443698817,0.0,295.0761078588756,257.38521230038356,0.06659261679822931,112.53509862472094,144.78352105886438,-68.19599105962507
2,4,25,1,137.55495600000012,147.9582720000001,0.0,285.51322800000025,249.0438258000002,0.06443447123181781,108.88804080000008,140.09135052876832,-65.98588305022963
2,4,26,1,142.1621734218874,152.9139344369881,0.0,295.0761078588755,257.3852123003835,0.06659261679822928,112.53509862472092,144.78352105886435,-68.19599105962502
2,4,27,1,154.7493255000001,166.45305600000026,0.0,321.20238150000034,280.1743040250003,0.0724887801357951,122.49904590000011,157.60276934486438,-74.23411843150836
2,4,28,1,171.94369500000002,184.94784000000035,0.0,356.8915350000004,311.3047822500003,0.0805430890397723,136.1100510000001,175.1141881609604,-82.48235381278698
2,4,29,1,189.13806450000027,203.442624,0.0,392.5806885000003,342.4352604750003,0.0885973979437495,149.7210561000001,192.6256069770564,-90.73058919406571
2,4,30,1,201.72521657811293,216.9817455630118,0.0,418.70696214112473,365.22435219961676,0.09449356128131518,159.68500337527917,205.4448552630563,-96.76871656594898
2,4,31,1,206.3324340000008,221.93740799999978,0.0,428.2698420000006,373.56573870000057,0.09665170684772663,163.33206119999994,210.13702579315287,-98.9788245753453
2,4,32,1,201.72521657811333,216.98174556301234,0.0,418.7069621411257,365.22435219961756,0.09449356128131538,159.6850033752795,205.44485526305675,-96.7687165659492
2,4,33,1,189.13806450000024,203.44262400000002,0.0,392.5806885000003,342.4352604750003,0.08859739794374949,149.7210561000001,192.6256069770564,-90.73058919406571
2,4,34,1,171.9436950000001,184.94784,0.0,356.8915350000001,311.30478225000013,0.08054308903977224,136.110051,175.11418816096034,-82.48235381278704
2,4,35,1,154.74932550000017,166.45305599999998,0.0,321.2023815000001,280.17430402500014,0.07248878013579503,122.49904590000003,157.6027693448643,-74.2341184315083
2,4,36,1,142.1621734218874,152.9139344369881,0.0,295.0761078588755,257.3852123003835,0.06659261679822928,112.53509862472092,144.78352105886435,-68.19599105962502
2,4,37,1,137.55495600000012,147.9582720000001,0.0,285.51322800000025,249.0438258000002,0.06443447123181781,108.88804080000008,140.09135052876832,-65.98588305022963
2,4,38,1,142.16217342188742,152.91393443698814,0.0,295.07610785887556,257.38521230038356,0.06659261679822931,112.53509862472094,144.78352105886438,-68.19599105962502
2,4,39,1,154.74932550000017,166.45305599999998,0.0,321.2023815000001,280.17430402500014,0.07248878013579502,122.49904590000003,157.6027693448643,-74.2341184315083
2,4,40,1,171.9436950000001,184.94784000000016,0.0,356.89153500000026,311.30478225000024,0.08054308903977231,136.1100510000001,175.11418816096034,-82.48235381278698
2,4,41,1,189.13806450000024,203.44262400000034,0.0,392.5806885000006,342.4352604750005,0.0885973979437496,149.72105610000023,192.62560697705652,-90.73058919406577
2,4,42,1,201.72521657811342,216.98174556301228,0.0,418.7069621411257,365.22435219961756,0.09449356128131524,159.6850033752792,205.44485526305706,-96.76871656594989
2,4,43,1,206.33243400000035,221.93740799999978,0.0,428.26984200000015,373.56573870000017,0.09665170684772668,163.33206120000006,210.13702579315236,-98.9788245753445
2,4,44,1,201.7252165781129,216.9817455630118,0.0,418.7069621411247,365.2243521996167,0.09449356128131518,159.68500337527914,205.44485526305627,-96.76871656594898
2,4,45,1,189.13806450000027,203.44262400000042,0.0,392.5806885000007,342.43526047500063,0.0885973979437496,149.72105610000025,192.6256069770566,-90.73058919406571
2,4,46,1,171.94369500000002,184.9478399999999,0.0,356.8915349999999,311.30478224999996,0.08054308903977218,136.110051,175.11418816096017,-82.48235381278698
2,4,47,1,154.74932550000017,166.45305599999998,0.0,321.2023815000001,280.17430402500014,0.07248878013579503,122.49904590000006,157.60276934486427,-74.2341184315083
2,4,48,1,142.1621734218874,152.9139344369881,0.0,295.0761078588755,257.3852123003835,0.0665926167982293,112.53509862472092,144.78352105886435,-68.19599105962502
2,7,1,1,65.64373199999906,70.60838399999905,0.0,136.25211599999813,118.84825259999835,0.02244796619519974,51.96335760000007,66.86244703380308,-31.49935090610343
2,7,2,1,67.8423801221947,72.9733164339574,0.0,140.8156965561521,122.82891426325088,0.023199830496915354,53.703800063116276,69.10191436963768,-32.55437911077789
2,7,3,1,73.84919849999899,79.43443199999871,0.0,153.28363049999768,133.704284174998,0.02525396196959971,58.45877730000008,75.22025291302832,-35.43676976936624
2,7,4,1,82.05466499999875,88.26047999999875,0.0,170.3151449999975,148.5603157499978,0.028059957743999678,64.95419700000008,83.57805879225373,-39.37418863262914
2,7,5,1,90.2601314999988,97.08652799999876,0.0,187.34665949999757,163.41634732499787,0.03086595351839964,71.44961670000009,91.93586467147938,-43.31160749589239
2,7,6,1,96.26694987780314,103.54764356604016,0.0,199.8145934438433,174.29171723674511,0.032920084991083995,76.2045939368839,98.05420321487014,-46.19399815448082
2,7,7,1,98.46559799999878,105.91257599999844,0.0,204.37817399999722,178.2723788999976,0.033671949292799604,77.94503640000009,100.2936705507047,-47.249026359155266
2,7,8,1,96.26694987780314,103.54764356604016,0.0,199.8145934438433,174.29171723674511,0.032920084991083995,76.2045939368839,98.05420321487014,-46.19399815448082
2,7,9,1,90.2601314999988,97.08652799999876,0.0,187.34665949999757,163.41634732499787,0.03086595351839964,71.44961670000009,91.93586467147938,-43.31160749589239
2,7,10,1,82.05466499999875,88.26047999999875,0.0,170.3151449999975,148.5603157499978,0.028059957743999678,64.95419700000008,83.57805879225373,-39.37418863262914
2,7,11,1,73.84919849999899,79.43443199999871,0.0,153.28363049999768,133.704284174998,0.02525396196959971,58.45877730000008,75.22025291302832,-35.43676976936624
2,7,12,1,67.8423801221947,72.9733164339574,0.0,140.8156965561521,122.82891426325088,0.023199830496915354,53.703800063116276,69.10191436963768,-32.55437911077789
2,7,13,1,65.64373199999906,70.60838399999905,0.0,136.25211599999813,118.84825259999835,0.02244796619519974,51.96335760000007,66.86244703380308,-31.49935090610343
2,7,14,1,67.8423801221947,72.9733164339574,0.0,140.8156965561521,122.82891426325088,0.023199830496915354,53.703800063116276,69.10191436963768,-32.55437911077789
2,7,15,1,73.84919849999899,79.43443199999871,0.0,153.28363049999768,133.704284174998,0.02525396196959971,58.45877730000008,75.22025291302832,-35.43676976936624
2,7,16,1,82.05466499999875,88.26047999999875,0.0,170.3151449999975,148.5603157499978,0.028059957743999678,64.95419700000008,83.57805879225373,-39.37418863262914
2,7,17,1,90.2601314999988,97.08652799999876,0.0,187.34665949999757,163.41634732499787,0.03086595351839964,71.44961670000009,91.93586467147938,-43.31160749589239
2,7,18,1,96.26694987780314,103.54764356604016,0.0,199.8145934438433,174.29171723674511,0.032920084991083995,76.2045939368839,98.05420321487014,-46.19399815448082
2,7,19,1,98.46559799999878,105.9125759999995,0.0,204.3781739999983,178.27237889999844,0.03367194929279944,77.94503639999986,100.29367055070578,-47.249026359156744
2,7,20,1,96.26694987780314,103.54764356604016,0.0,199.8145934438433,174.29171723674511,0.032920084991083995,76.2045939368839,98.05420321487014,-46.19399815448082
2,7,21,1,90.2601314999988,97.08652799999876,0.0,187.34665949999757,163.41634732499787,0.03086595351839964,71.44961670000009,91.93586467147938,-43.31160749589239
2,7,22,1,82.05466499999875,88.26047999999875,0.0,170.3151449999975,148.5603157499978,0.028059957743999678,64.95419700000008,83.57805879225373,-39.37418863262914
2,7,23,1,73.84919849999899,79.43443199999871,0.0,153.28363049999768,133.704284174998,0.02525396196959971,58.45877730000008,75.22025291302832,-35.43676976936624
2,7,24,1,67.8423801221947,72.9733164339574,0.0,140.8156965561521,122.82891426325088,0.023199830496915354,53.703800063116276,69.10191436963768,-32.55437911077789
2,7,25,1,65.64373199999906,70.60838399999905,0.0,136.25211599999813,118.84825259999835,0.02244796619519974,51.96335760000007,66.86244703380308,-31.49935090610343
2,7,26,1,67.8423801221947,72.9733164339574,0.0,140.8156965561521,122.82891426325088,0.023199830496915354,53.703800063116276,69.10191436963768,-32.55437911077789
2,7,27,1,73.84919849999899,79.43443199999871,0.0,153.28363049999768,133.704284174998,0.02525396196959971,58.45877730000008,75.22025291302832,-35.43676976936624
2,7,28,1,82.05466499999875,88.26047999999875,0.0,170.3151449999975,148.5603157499978,0.028059957743999678,64.95419700000008,83.57805879225373,-39.37418863262914
2,7,29,1,90.2601314999988,97.08652799999876,0.0,187.34665949999757,163.41634732499787,0.03086595351839964,71.44961670000009,91.93586467147938,-43.31160749589239
2,7,30,1,96.26694987780314,103.54764356604016,0.0,199.8145934438433,174.29171723674511,0.032920084991083995,76.2045939368839,98.05420321487014,-46.19399815448082
2,7,31,1,98.46559799999878,105.9125759999995,0.0,204.3781739999983,178.27237889999844,0.03367194929279944,77.94503639999986,100.29367055070578,-47.249026359156744
2,7,32,1,96.26694987780314,103.54764356604016,0.0,199.8145934438433,174.29171723674511,0.032920084991083995,76.2045939368839,98.05420321487014,-46.19399815448082
2,7,33,1,90.2601314999988,97.08652799999876,0.0,187.34665949999757,163.41634732499787,0.03086595351839964,71.44961670000009,91.93586467147938,-43.31160749589239
2,7,34,1,82.05466499999875,88.26047999999875,0.0,170.3151449999975,148.5603157499978,0.028059957743999678,64.95419700000008,83.57805879225373,-39.37418863262914
2,7,35,1,73.84919849999899,79.43443199999871,0.0,153.28363049999768,133.704284174998,0.02525396196959971,58.45877730000008,75.22025291302832,-35.43676976936624
2,7,36,1,67.8423801221947,72.9733164339574,0.0,140.8156965561521,122.82891426325088,0.023199830496915354,53.703800063116276,69.10191436963768,-32.55437911077789
2,7,37,1,65.64373199999906,70.60838399999905,0.0,136.25211599999813,118.84825259999835,0.02244796619519974,51.96335760000007,66.86244703380308,-31.49935090610343
2,7,38,1,67.8423801221947,72.9733164339574,0.0,140.8156965561521,122.82891426325088,0.023199830496915354,53.703800063116276,69.10191436963768,-32.55437911077789
2,7,39,1,73.84919849999899,79.43443199999871,0.0,153.28363049999768,133.704284174998,0.02525396196959971,58.45877730000008,75.22025291302832,-35.43676976936624
2,7,40,1,82.05466499999875,88.26047999999875,0.0,170.3151449999975,148.5603157499978,0.028059957743999678,64.95419700000008,83.57805879225373,-39.37418863262914
2,7,41,1,90.2601314999988,97.08652799999876,0.0,187.34665949999757,163.41634732499787,0.03086595351839964,71.44961670000009,91.93586467147938,-43.31160749589239
2,7,42,1,96.26694987780314,103.54764356604016,0.0,199.8145934438433,174.29171723674511,0.032920084991083995,76.2045939368839,98.05420321487014,-46.19399815448082
2,7,43,1,98.46559799999878,105.9125759999995,0.0,204.3781739999983,178.27237889999844,0.03367194929279944,77.94503639999986,100.29367055070578,-47.249026359156744
2,7,44,1,96.26694987780314,103.54764356604016,0.0,199.8145934438433,174.29171723674511,0.032920084991083995,76.2045939368839,98.05420321487014,-46.19399815448082
2,7,45,1,90.2601314999988,97.08652799999876,0.0,187.34665949999757,163.41634732499787,0.03086595351839964,71.44961670000009,91.93586467147938,-43.31160749589239
2,7,46,1,82.05466499999875,88.26047999999875,0.0,170.3151449999975,148.5603157499978,0.028059957743999678,64.95419700000008,83.57805879225373,-39.37418863262914
2,7,47,1,73.84919849999899,79.43443199999871,0.0,153.28363049999768,133.704284174998,0.02525396196959971,58.45877730000008,75.22025291302832,-35.43676976936624
2,7,48,1,67.8423801221947,72.9733164339574,0.0,140.8156965561521,122.82891426325088,0.023199830496915354,53.703800063116276,69.10191436963768,-32.55437911077789
2,8,1,1,371.7612360000005,399.8776320000007,2.598750000000001,774.2376180000011,674.504592300001,0.17831305757032367,295.56699480000054,378.75928444243016,-178.08853269950123
2,8,2,1,384.21287637042514,413.2709930707093,2.685791620478798,800.1696610616132,697.0962123997348,0.1842854125423102,305.46661199574476,391.44531499144773,-184.05336751426103
2,8,3,1,418.23139050000077,449.8623360000006,2.9235937500000015,871.0173202500014,758.8176663375011,0.200602189766614,332.5128691500005,426.104194997734,-200.34959928693934
2,8,4,1,464.7015450000007,499.8470400000008,3.2484375000000014,967.7970225000015,843.1307403750013,0.22289132196290445,369.45874350000054,473.44910555303784,-222.61066587437665
2,8,5,1,290.28384000000085,312.2380800000008,3.573281250000001,606.0952012500018,527.5254166875014,0.11844889367210021,231.55053075000052,295.85643704382886,-138.93772737404987
2,8,6,1,309.60225086329064,333.0175471470689,3.8110833795212047,646.4308813898807,562.632271896518,0.12633167624194558,246.9602355707766,315.5457046494994,-148.18404333095418
2,8,7,1,316.6732800000002,340.6233600000002,3.8981250000000016,661.1947650000005,575.4822727500003,0.1292169749150182,252.60057900000024,322.75247677508503,-151.56842986259926
2,8,8,1,309.6022508632906,333.01754714706897,3.8110833795212047,646.4308813898807,562.6322718965179,0.12633167624194558,246.9602355707766,315.54570464949927,-148.18404333095418
2,8,9,1,290.2838400000003,312.23808000000014,3.573281250000001,606.0952012500004,527.5254166875003,0.11844889367210001,231.55053075000018,295.85643704382807,-138.9377273740493
2,8,10,1,263.8944000000005,283.85280000000046,3.2484375000000014,550.995637500001,479.5685606250008,0.10768081242918195,210.50048250000034,268.96039731257133,-126.30702488549957
2,8,11,1,237.50496000000058,255.46752000000052,2.9235937500000015,495.8960737500011,431.611704562501,0.09691273118626377,189.4504342500004,242.06435758131437,-113.67632239694967
2,8,12,1,218.1865491367101,234.68805285293195,2.685791620478798,455.5603936101209,396.5048493534835,0.08902994861641828,174.0407294292241,222.375089975643,-104.43000644004451
2,8,13,1,211.11552000000052,227.08224000000052,2.598750000000001,440.79651000000104,383.6548485000009,0.08614464994334566,168.40038600000045,215.16831785005715,-101.0456199083996
2,8,14,1,218.18654913671017,234.68805285293195,2.685791620478798,455.5603936101209,396.50484935348356,0.08902994861641828,174.0407294292241,222.37508997564305,-104.43000644004451
2,8,15,1,237.5049600000006,255.46752000000015,2.9235937500000015,495.89607375000077,431.61170456250073,0.09691273118626377,189.45043425000037,242.0643575813141,-113.6763223969495
2,8,16,1,263.8944000000005,283.85280000000057,3.2484375000000014,550.9956375000011,479.56856062500094,0.10768081242918195,210.5004825000004,268.96039731257133,-126.30702488549957
2,8,17,1,290.2838400000002,312.2380800000002,3.573281250000001,606.0952012500004,527.5254166875003,0.11844889367210006,231.55053075000026,295.856437043828,-138.93772737404908
2,8,18,1,309.60225086329064,333.0175471470689,3.8110833795212047,646.4308813898807,562.632271896518,0.1263316762419455,246.96023557077655,315.54570464949944,-148.1840433309544
2,8,19,1,316.67328000000026,340.6233600000001,3.8981250000000016,661.1947650000004,575.4822727500003,0.12921697491501824,252.60057900000024,322.75247677508503,-151.56842986259915
2,8,20,1,309.60225086329064,333.01754714706897,3.8110833795212047,646.4308813898807,562.632271896518,0.12633167624194555,246.96023557077652,315.5457046494995,-148.18404333095452
2,8,21,1,290.2838400000002,312.23808000000025,3.573281250000001,606.0952012500005,527.5254166875003,0.11844889367210006,231.55053075000023,295.856437043828,-138.9377273740492
2,8,22,1,263.89440000000087,283.85280000000006,3.2484375000000014,550.995637500001,479.56856062500094,0.10768081242918189,210.50048250000037,268.9603973125714,-126.30702488549963
2,8,23,1,237.5049600000006,255.46752000000018,2.9235937500000015,495.8960737500008,431.61170456250073,0.09691273118626377,189.4504342500004,242.06435758131408,-113.67632239694944
2,8,24,1,218.18654913671014,234.6880528529319,2.685791620478798,455.56039361012085,396.50484935348345,0.08902994861641828,174.04072942922406,222.37508997564296,-104.43000644004456
2,8,25,1,211.11552000000052,227.08224000000052,2.598750000000001,440.79651000000104,383.6548485000009,0.08614464994334564,168.40038600000045,215.16831785005715,-101.0456199083996
2,8,26,1,218.18654913671017,234.68805285293192,2.685791620478798,455.5603936101209,396.50484935348356,0.08902994861641829,174.0407294292241,222.37508997564305,-104.43000644004451
2,8,27,1,237.50496000000064,255.46752000000015,2.9235937500000015,495.8960737500008,431.61170456250073,0.09691273118626373,189.45043425000028,242.0643575813142,-113.67632239694967
2,8,28,1,263.8944000000004,283.85280000000006,3.2484375000000014,550.9956375000005,479.5685606250005,0.10768081242918186,210.5004825000003,268.960397312571,-126.30702488549923
2,8,29,1,290.2838400000003,312.2380800000002,3.573281250000001,606.0952012500005,527.5254166875003,0.11844889367210006,231.5505307500003,295.85643704382795,-138.93772737404913
2,8,30,1,309.6022508632906,333.01754714706897,3.8110833795212047,646.4308813898807,562.6322718965179,0.12633167624194552,246.96023557077655,315.5457046494993,-148.1840433309543
2,8,31,1,316.67328000000026,340.62336000000016,3.8981250000000016,661.1947650000005,575.4822727500003,0.1292169749150182,252.60057900000024,322.75247677508503,-151.56842986259926
2,8,32,1,309.6022508632905,333.0175471470689,3.8110833795212047,646.4308813898806,562.6322718965179,0.1263316762419455,246.9602355707765,315.5457046494994,-148.1840433309544
2,8,33,1,290.2838400000003,312.23808000000014,3.573281250000001,606.0952012500004,527.5254166875003,0.1184488936721001,231.55053075000035,295.8564370438279,-138.93772737404896
2,8,34,1,263.8944000000004,283.8528000000001,3.2484375000000014,550.9956375000005,479.5685606250005,0.10768081242918189,210.50048250000037,268.96039731257093,-126.30702488549912
2,8,35,1,237.50496000000066,255.46752000000015,2.9235937500000015,495.8960737500008,431.61170456250073,0.09691273118626378,189.45043425000037,242.0643575813141,-113.67632239694962
2,8,36,1,218.18654913671017,234.68805285293192,2.685791620478798,455.5603936101209,396.50484935348356,0.0890299486164183,174.0407294292241,222.37508997564305,-104.43000644004451
2,8,37,1,211.11552000000052,227.08224000000055,2.598750000000001,440.79651000000104,383.6548485000009,0.08614464994334564,168.40038600000045,215.16831785005715,-101.0456199083996
2,8,38,1,218.18654913671017,234.68805285293186,2.685791620478798,455.56039361012085,396.50484935348345,0.08902994861641828,174.0407294292241,222.37508997564294,-104.43000644004451
2,8,39,1,237.50496000000064,255.46752000000018,2.9235937500000015,495.8960737500008,431.61170456250073,0.09691273118626377,189.4504342500004,242.06435758131408,-113.67632239694944
2,8,40,1,263.8944000000005,283.8528000000002,3.2484375000000014,550.9956375000007,479.5685606250006,0.10768081242918187,210.5004825000003,268.9603973125711,-126.30702488549946
2,8,41,1,290.2838400000003,312.23808000000014,3.573281250000001,606.0952012500004,527.5254166875003,0.11844889367210006,231.5505307500002,295.856437043828,-138.9377273740492
2,8,42,1,309.6022508632906,333.01754714706897,3.8110833795212047,646.4308813898807,562.6322718965179,0.12633167624194547,246.9602355707765,315.5457046494994,-148.1840433309544
2,8,43,1,316.6732800000002,340.62336000000016,3.8981250000000016,661.1947650000004,575.4822727500003,0.1292169749150182,252.60057900000018,322.75247677508514,-151.56842986259915
2,8,44,1,309.6022508632906,333.0175471470689,3.8110833795212047,646.4308813898807,562.6322718965179,0.12633167624194558,246.9602355707765,315.5457046494994,-148.1840433309544
2,8,45,1,290.2838400000003,312.23808000000014,3.573281250000001,606.0952012500004,527.5254166875003,0.11844889367210006,231.55053075000023,295.856437043828,-138.9377273740492
2,8,46,1,263.8944000000008,283.8528000000001,3.2484375000000014,550.995637500001,479.5685606250009,0.107680812429182,210.50048250000054,268.96039731257116,-126.30702488549923
2,8,47,1,237.50496000000064,255.46752000000015,2.9235937500000015,495.8960737500008,431.61170456250073,0.09691273118626378,189.45043425000037,242.0643575813141,-113.6763223969495
2,8,48,1,218.18654913671017,234.6880528529319,2.685791620478798,455.5603936101209,396.5048493534835,0.08902994861641826,174.04072942922406,222.37508997564302,-104.43000644004456
2,12,1,0,0.0,0.0,0.0,0.0,0.0,0.0,0.0,0.0,0.0
2,12,2,0,0.0,0.0,0.0,0.0,0.0,0.0,0.0,0.0,0.0
2,12,3,0,0.0,0.0,0.0,0.0,0.0,0.0,0.0,0.0,0.0
2,12,4,0,0.0,0.0,0.0,0.0,0.0,0.0,0.0,0.0,0.0
2,12,5,1,385.5332250000006,414.69120000000055,8.575875000000014,808.8003000000011,702.726255000001,0.17406351012037005,309.4175700000004,393.13462148988015,-184.14965215485984
2,12,6,1,411.19048942780785,442.2889298047019,0.0,853.4794192325098,744.462108800179,0.18448422067385026,325.4970092781473,418.7806153013578,-197.25986480248514
2,12,7,1,420.5817000000002,452.39040000000074,0.0,872.9721000000009,761.4649350000008,0.1886976696911314,332.9310600000004,428.34517733030924,-201.7650977186937
2,12,8,1,411.19048942780785,442.2889298047014,0.0,853.4794192325093,744.4621088001786,0.18448422067385029,325.4970092781473,418.78061530135744,-197.25986480248469
2,12,9,1,385.5332250000002,414.69120000000066,0.0,800.2244250000008,698.0095237500007,0.17297286388353716,305.18680500000045,392.6497458861167,-184.9513395754691
2,12,10,1,350.48475000000013,376.9920000000006,0.0,727.4767500000007,634.5541125000007,0.15724805807594294,277.44255000000044,356.9543144419242,-168.13758143224436
2,12,11,1,315.43627500000014,339.29280000000045,0.0,654.7290750000006,571.0987012500004,0.14152325226834858,249.69829500000026,321.2588829977318,-151.3238232890203
2,12,12,1,289.77901057219253,311.6950701952996,0.0,601.4740807674921,524.6461161998226,0.13001189547803532,229.38809072185336,295.12801358249123,-139.01529806200494
2,12,13,1,280.38780000000014,301.5936000000005,5.385342060429286,587.3667420604298,510.6052281332366,0.1264833331985233,224.61080874981207,285.86793605022604,-134.0066341856283
2,12,14,1,289.77901057219253,311.6950701952996,0.0,601.4740807674921,524.6461161998226,0.13001189547803532,229.38809072185336,295.12801358249123,-139.01529806200494
2,12,15,1,315.43627500000014,339.29280000000045,0.0,654.7290750000006,571.0987012500004,0.14152325226834858,249.6982950000003,321.2588829977318,-151.3238232890203
2,12,16,1,350.48475000000013,376.9920000000006,0.0,727.4767500000007,634.5541125000007,0.15724805807594294,277.44255000000044,356.9543144419242,-168.13758143224436
2,12,17,1,385.5332250000002,414.69120000000066,0.0,800.2244250000008,698.0095237500007,0.17297286388353714,305.1868050000004,392.64974588611676,-184.95133957546932
2,12,18,1,411.19048942780785,442.2889298047019,9.146600110850903,862.6260193433608,749.4927388611469,0.18564744949781467,330.0093319995004,419.29775941214876,-196.40482502517784
2,12,19,1,420.5817000000002,452.3904000000013,0.0,872.9721000000015,761.4649350000012,0.18869766969113133,332.93106000000034,428.34517733030975,-201.7650977186944
2,12,20,1,411.19048942780785,442.2889298047014,0.0,853.4794192325093,744.4621088001786,0.18448422067385029,325.4970092781473,418.78061530135744,-197.25986480248469
2,12,21,1,385.5332250000002,414.69120000000066,0.0,800.2244250000008,698.0095237500007,0.17297286388353714,305.1868050000004,392.64974588611676,-184.95133957546932
2,12,22,1,350.48475000000013,376.9920000000007,0.0,727.4767500000008,634.5541125000007,0.1572480580759429,277.4425500000003,356.95431444192434,-168.13758143224482
2,12,23,1,315.43627500000014,339.29280000000045,0.0,654.7290750000006,571.0987012500004,0.14152325226834858,249.6982950000003,321.2588829977318,-151.3238232890203
2,12,24,1,289.77901057219253,311.6950701952996,6.445899889149123,607.9199806566412,528.1913611388546,0.13083165981194905,232.56806800050026,295.4924614785424,-138.41272434729484
2,12,25,1,280.38780000000014,301.5936000000005,0.0,581.9814000000006,507.6432900000005,0.12579844646075425,221.95404000000028,285.5634515535395,-134.5100651457958
2,12,26,1,289.77901057219253,311.6950701952996,0.0,601.4740807674921,524.6461161998226,0.13001189547803532,229.38809072185336,295.12801358249123,-139.01529806200494
2,12,27,1,315.43627500000014,339.29280000000045,0.0,654.7290750000006,571.0987012500004,0.14152325226834858,249.6982950000003,321.2588829977318,-151.3238232890203
2,12,28,1,350.48475000000013,376.9920000000007,0.0,727.4767500000008,634.5541125000007,0.15724805807594294,277.44255000000044,356.9543144419242,-168.1375814322446
2,12,29,1,385.5332250000002,414.69120000000066,8.575875000000014,808.8003000000008,702.7262550000006,0.17406351012037005,309.4175700000004,393.1346214898798,-184.1496521548596
2,12,30,1,411.19048942780785,442.28892980470187,0.0,853.4794192325097,744.462108800179,0.18448422067385029,325.4970092781473,418.7806153013578,-197.25986480248503
2,12,31,1,420.5817000000002,452.3904000000013,9.355500000000015,882.3276000000016,766.6104600000012,0.18988746558585815,337.54644000000036,428.87413253441497,-200.89052962348387
2,12,32,1,411.19048942780785,442.2889298047014,0.0,853.4794192325093,744.4621088001786,0.18448422067385034,325.4970092781473,418.78061530135744,-197.25986480248446
2,12,33,1,385.5332250000002,414.69120000000066,0.0,800.2244250000008,698.0095237500007,0.17297286388353714,305.1868050000004,392.64974588611676,-184.95133957546932
2,12,34,1,350.48475000000013,376.9920000000007,0.0,727.4767500000008,634.5541125000007,0.15724805807594294,277.44255000000044,356.9543144419242,-168.1375814322446
2,12,35,1,315.43627500000014,339.29280000000045,0.0,654.7290750000006,571.0987012500004,0.14152325226834858,249.6982950000003,321.2588829977318,-151.3238232890203
2,12,36,1,289.77901057219253,311.6950701952996,0.0,601.4740807674921,524.6461161998226,0.13001189547803532,229.38809072185336,295.12801358249123,-139.01529806200494
2,12,37,1,280.38780000000014,301.5936000000005,0.0,581.9814000000006,507.6432900000005,0.12579844646075425,221.95404000000028,285.5634515535395,-134.5100651457958
2,12,38,1,289.77901057219253,311.6950701952996,0.0,601.4740807674921,524.6461161998226,0.13001189547803532,229.38809072185336,295.12801358249123,-139.01529806200494
2,12,39,1,315.43627500000014,339.29280000000045,0.0,654.7290750000006,571.0987012500004,0.14152325226834858,249.6982950000003,321.2588829977318,-151.3238232890203
2,12,40,1,350.48475000000013,376.9920000000007,0.0,727.4767500000008,634.5541125000007,0.15724805807594294,277.44255000000044,356.9543144419242,-168.1375814322446
2,12,41,1,385.5332250000002,414.69120000000066,0.0,800.2244250000008,698.0095237500007,0.17297286388353714,305.1868050000004,392.64974588611676,-184.95133957546932
2,12,42,1,411.19048942780785,442.2889298047014,0.0,853.4794192325093,744.4621088001786,0.18448422067385029,325.4970092781473,418.78061530135744,-197.25986480248469
2,12,43,1,420.5817000000002,452.3904000000013,0.0,872.9721000000015,761.4649350000012,0.18869766969113133,332.93106000000034,428.34517733030975,-201.7650977186944
2,12,44,1,411.19048942780785,442.2889298047019,0.0,853.4794192325098,744.462108800179,0.18448422067385029,325.4970092781473,418.7806153013578,-197.25986480248514
2,12,45,1,385.5332250000002,414.69120000000066,0.0,800.2244250000008,698.0095237500007,0.17297286388353714,305.1868050000004,392.64974588611676,-184.95133957546932
2,12,46,1,350.48475000000013,376.9920000000007,0.0,727.4767500000008,634.5541125000007,0.1572480580759429,277.4425500000003,356.95431444192434,-168.13758143224482
2,12,47,1,315.43627500000014,339.29280000000045,0.0,654.7290750000006,571.0987012500004,0.14152325226834858,249.6982950000003,321.2588829977318,-151.3238232890203
2,12,48,1,289.77901057219253,311.6950701952995,0.0,601.4740807674921,524.6461161998225,0.13001189547803532,229.38809072185336,295.1280135824911,-139.01529806200483
2,14,1,1,122.71089600000009,131.99155200000007,0.0,254.70244800000017,222.16859280000014,0.06167467682696632,97.13753280000009,124.9693853231731,-58.860211810368554
2,14,2,1,126.82093168571251,136.4124307207664,0.0,263.23336240647893,229.60982967804,0.06374038680812082,100.39102323356401,129.15506605766785,-60.83165508798271
2,14,3,1,138.04975800000008,148.49049600000012,0.0,286.54025400000023,249.9396669000002,0.06938401143033711,109.27972440000008,140.59055848856977,-66.21773828666466
2,14,4,1,153.38862000000012,164.98944000000014,0.0,318.37806000000023,277.7107410000002,0.07709334603370789,121.4219160000001,156.21173165396638,-73.57526476296073
2,14,5,1,121.10278950000013,130.26182400000013,0.0,251.36461350000025,219.25710922500022,0.06058940561566171,95.86456110000009,123.33195871938446,-58.08918143511514
2,14,6,1,129.1621890320291,138.93075795041784,0.0,268.09294698244696,233.84868594076192,0.06462163500757656,102.24435467913563,131.53970962661873,-61.95502072425978
2,14,7,1,132.11213400000062,142.10380800000013,0.0,274.2159420000007,239.1895737000007,0.06609753339890377,104.57952120000027,134.54395496660152,-63.370016111034886
2,14,8,1,129.1621890320291,138.93075795041784,0.0,268.09294698244696,233.84868594076192,0.06462163500757656,102.24435467913563,131.53970962661873,-61.95502072425978
2,14,9,1,121.10278950000009,130.26182400000013,0.0,251.36461350000022,219.2571092250002,0.0605894056156617,95.86456110000009,123.33195871938443,-58.08918143511514
2,14,10,1,110.09344500000009,118.41984000000005,0.0,228.51328500000014,199.32464475000012,0.05508127783241975,87.1496010000001,112.1199624721676,-52.808346759195445
2,14,11,1,99.08410050000006,106.57785600000005,0.0,205.66195650000012,179.3921802750001,0.049573150049177755,78.43464090000006,100.90796622495085,-47.52751208327595
2,14,12,1,91.02470096797113,97.90892204958234,0.0,188.9336230175535,164.80060355923843,0.045540920657262896,72.05484732086452,92.70021531771664,-43.66167279413136
2,14,13,1,88.07475600000008,94.73587200000007,0.0,182.81062800000015,159.45971580000014,0.04406502226593578,69.71968080000006,89.69596997773415,-42.24667740735643
2,14,14,1,91.02470096797113,97.90892204958234,0.0,188.9336230175535,164.80060355923843,0.045540920657262896,72.05484732086452,92.70021531771664,-43.66167279413136
2,14,15,1,99.0841005000001,106.57785600000005,0.0,205.66195650000014,179.39218027500016,0.04957315004917776,78.43464090000009,100.90796622495088,-47.52751208327598
2,14,16,1,110.09344500000009,118.41984000000005,0.0,228.51328500000014,199.32464475000012,0.05508127783241975,87.1496010000001,112.1199624721676,-52.808346759195445
2,14,17,1,121.1027895000007,130.26182400000013,0.0,251.36461350000081,219.25710922500076,0.060589405615661826,95.86456110000032,123.33195871938477,-58.08918143511542
2,14,18,1,129.1621890320291,138.93075795041784,0.0,268.09294698244696,233.84868594076192,0.06462163500757656,102.24435467913563,131.53970962661873,-61.95502072425978
2,14,19,1,132.11213400000068,142.10380800000013,0.0,274.21594200000084,239.18957370000075,0.06609753339890378,104.5795212000003,134.54395496660155,-63.37001611103494
2,14,20,1,129.16218903202963,138.93075795041784,0.0,268.0929469824475,233.84868594076244,0.06462163500757669,102.24435467913585,131.53970962661901,-61.955020724259924
2,14,21,1,121.10278950000014,130.26182400000013,0.0,251.36461350000027,219.25710922500025,0.06058940561566171,95.86456110000009,123.33195871938449,-58.089181435115194
2,14,22,1,110.09344500000005,118.41984000000005,0.0,228.5132850000001,199.32464475000006,0.05508127783241975,87.1496010000001,112.11996247216754,-52.80834675919539
2,14,23,1,99.0841005000001,106.57785600000005,0.0,205.66195650000014,179.39218027500016,0.04957315004917776,78.43464090000009,100.90796622495088,-47.52751208327598
2,14,24,1,91.02470096797113,97.90892204958232,0.0,188.93362301755343,164.80060355923843,0.045540920657262916,72.05484732086454,92.70021531771663,-43.661672794131306
2,14,25,1,88.07475600000012,94.73587200000007,0.0,182.81062800000018,159.45971580000017,0.04406502226593579,69.71968080000008,89.69596997773417,-42.24667740735646
2,14,26,1,91.0247009679711,97.90892204958234,0.0,188.93362301755343,164.80060355923843,0.045540920657262896,72.05484732086451,92.70021531771665,-43.66167279413136
2,14,27,1,99.0841005000001,106.57785600000005,0.0,205.66195650000014,179.39218027500016,0.04957315004917776,78.43464090000009,100.90796622495088,-47.52751208327598
2,14,28,1,110.09344500000016,118.41984000000005,0.0,228.51328500000022,199.32464475000018,0.055081277832419756,87.14960100000013,112.11996247216763,-52.8083467591955
2,14,29,1,121.1027895000007,130.26182400000013,0.0,251.36461350000081,219.25710922500076,0.060589405615661826,95.86456110000032,123.33195871938477,-58.08918143511542
2,14,30,1,129.16218903202963,138.93075795041784,0.0,268.0929469824475,233.84868594076244,0.06462163500757669,102.24435467913585,131.53970962661901,-61.955020724259924
2,14,31,1,132.1121340000001,142.10380800000013,0.0,274.21594200000027,239.1895737000002,0.06609753339890366,104.57952120000007,134.54395496660123,-63.370016111034715
2,14,32,1,129.16218903202903,138.93075795041784,0.0,268.09294698244685,233.84868594076187,0.06462163500757656,102.24435467913563,131.53970962661867,-61.95502072425967
2,14,33,1,121.1027895000007,130.26182400000013,0.0,251.36461350000081,219.25710922500076,0.060589405615661826,95.86456110000032,123.33195871938477,-58.08918143511542
2,14,34,1,110.09344500000016,118.41984000000005,0.0,228.51328500000022,199.32464475000018,0.055081277832419756,87.14960100000013,112.11996247216763,-52.8083467591955
2,14,35,1,99.0841005000001,106.57785600000005,0.0,205.66195650000014,179.39218027500016,0.04957315004917776,78.43464090000009,100.90796622495088,-47.52751208327598
2,14,36,1,91.02470096797113,97.90892204958234,0.0,188.9336230175535,164.80060355923843,0.045540920657262896,72.05484732086452,92.70021531771664,-43.66167279413136
2,14,37,1,88.07475600000008,94.73587200000007,0.0,182.81062800000015,159.45971580000014,0.04406502226593578,69.71968080000006,89.69596997773415,-42.24667740735643
2,14,38,1,91.0247009679711,97.90892204958234,0.0,188.93362301755343,164.80060355923843,0.045540920657262896,72.05484732086451,92.70021531771665,-43.66167279413136
2,14,39,1,99.08410050000008,106.57785600000005,0.0,205.66195650000014,179.3921802750001,0.049573150049177755,78.43464090000008,100.90796622495084,-47.52751208327595
2,14,40,1,110.09344500000009,118.41984000000005,0.0,228.51328500000014,199.32464475000012,0.05508127783241975,87.1496010000001,112.1199624721676,-52.808346759195445
2,14,41,1,121.1027895000007,130.26182400000013,0.0,251.36461350000081,219.25710922500076,0.060589405615661826,95.86456110000032,123.33195871938477,-58.08918143511542
2,14,42,1,129.16218903202915,138.93075795041784,0.0,268.09294698244696,233.84868594076198,0.06462163500757656,102.24435467913565,131.53970962661876,-61.95502072425978
2,14,43,1,132.11213400000068,142.10380800000013,0.0,274.21594200000084,239.18957370000075,0.06609753339890378,104.5795212000003,134.54395496660155,-63.37001611103494
2,14,44,1,129.16218903202963,138.93075795041784,0.0,268.0929469824475,233.84868594076244,0.06462163500757669,102.24435467913585,131.53970962661901,-61.955020724259924
2,14,45,1,121.1027895000007,130.26182400000013,0.0,251.36461350000081,219.25710922500076,0.060589405615661826,95.86456110000032,123.33195871938477,-58.08918143511542
2,14,46,1,110.09344500000005,118.41984000000005,0.0,228.5132850000001,199.32464475000006,0.05508127783241975,87.1496010000001,112.11996247216754,-52.80834675919539
2,14,47,1,99.08410050000006,106.57785600000005,0.0,205.66195650000012,179.3921802750001,0.049573150049177755,78.43464090000006,100.90796622495085,-47.52751208327595
2,14,48,1,91.0247009679711,97.90892204958234,0.0,188.93362301755343,164.80060355923843,0.045540920657262896,72.05484732086451,92.70021531771665,-43.66167279413136
3,1,1,1,18.14274000000001,19.514880000000012,14.29312500000001,56.940345000000114,41.45716575000004,0.015354676447771835,24.90572700000007,16.536084073552196,-1.5399502108108436
3,1,2,1,18.750406566435988,20.168504542048787,14.771853912633393,58.84748493243754,42.845717510399496,0.015868960592049546,25.73991067957007,17.089937870237375,-1.5915287627322101
3,1,3,1,20.41058250000001,21.95424000000002,16.079765625000007,73.60049812500014,48.07070296875005,0.021447468891176272,34.69876987500008,13.350485624858791,9.405470047039827
3,1,4,1,22.67842500000001,24.393600000000028,17.866406250000008,76.47688125000015,52.61667468750006,0.02151193327495533,34.84317375000009,17.75198900422501,4.262792255487554
3,1,5,1,24.94626750000002,26.83296000000003,19.65304687500001,89.61312937500016,58.701626156250065,0.02606354682528812,42.1694831250001,16.506079484424674,11.095191971296302
3,1,6,1,26.60644343356404,28.61869545795124,20.96095858736662,90.08892964737535,61.785029676572485,0.02539791993788667,41.13429327629894,20.625338480335657,5.428157549798769
3,1,7,1,27.214110000000012,29.272320000000025,21.439687500000005,98.50821750000033,64.15040362500008,0.028760290203428553,46.52698050000022,17.594662834796438,12.97740767190433
3,1,8,1,26.60644343356404,28.61869545795124,20.96095858736662,91.91824966954553,62.059427679898015,0.026197972551916283,42.41481729181807,19.618412415528027,7.563297637047015
3,1,9,1,24.94626750000002,26.83296000000003,19.65304687500001,89.95616437500016,58.75308140625007,0.026213573089215448,42.409607625000106,16.317260208160747,11.49557450193754
3,1,10,1,22.67842500000001,24.393600000000028,17.866406250000008,77.72428125000015,52.80378468750006,0.02205748332560016,35.716353750000096,17.06537345417437,5.718728730546658
3,1,11,1,20.41058250000001,21.95424000000002,16.079765625000007,73.60049812500014,48.07070296875005,0.021447468891176272,34.69876987500008,13.350485624858791,9.405470047039827
3,1,12,1,18.750406566435988,20.168504542048787,14.771853912633393,58.84748493243754,42.845717510399496,0.015868960592049546,25.73991067957007,17.089937870237375,-1.5915287627322101
3,1,13,1,18.14274000000001,19.51488000000002,14.293125000000005,56.940345000000114,41.45716575000004,0.015354676447771843,24.905727000000073,16.536084073552193,-1.5399502108108294
3,1,14,1,18.750406566435988,20.168504542048787,14.771853912633393,58.84748493243754,42.845717510399496,0.015868960592049546,25.73991067957007,17.089937870237375,-1.5915287627322101
3,1,15,1,20.41058250000001,21.95424000000002,16.079765625000007,71.63584312500014,47.776004718750045,0.020588227561410665,33.32351137500008,14.431905116188553,7.112370098821771
3,1,16,1,22.67842500000001,24.393600000000013,17.866406250000008,76.78873125000014,52.66345218750005,0.021648320787616537,35.06146875000009,17.58033511671234,4.62677637425233
3,1,17,1,24.94626750000002,26.83296000000003,19.65304687500001,87.89795437500015,58.44434990625007,0.025313415505651478,40.968860625000104,17.450175865744313,9.09327931809004
3,1,18,1,26.60644343356404,28.61869545795124,20.96095858736662,93.38170568728167,62.278946082558434,0.026838014643139972,43.439236504233364,18.81287156368193,9.271409706845603
3,1,19,1,27.214110000000012,29.272320000000025,21.439687500000005,95.51445750000015,63.701339625000045,0.027450970081880882,44.43134850000009,19.242540154918075,9.483160131762304
3,1,20,1,26.60644343356404,28.61869545795124,20.96095858736662,93.66754013119721,62.32182124914576,0.026963024259425178,43.639320614974245,18.655537609912095,9.605029069299405
3,1,21,1,24.94626750000002,26.83296000000003,19.65304687500001,89.61312937500016,58.701626156250065,0.02606354682528812,42.1694831250001,16.506079484424674,11.095191971296302
3,1,22,1,22.67842500000001,24.393600000000013,17.866406250000008,81.15463125000014,53.31833718750005,0.023557745964873436,38.117598750000084,15.177180691535092,9.722554036959139
3,1,23,1,20.41058250000001,21.95424000000002,16.079765625000007,73.60049812500013,48.07070296875005,0.021447468891176272,34.69876987500008,13.350485624858791,9.405470047039827
3,1,24,1,18.750406566435988,20.168504542048787,14.771853912633393,58.84748493243754,42.845717510399496,0.015868960592049546,25.73991067957007,17.089937870237375,-1.5915287627322101
3,1,25,1,18.14274000000001,19.51488000000002,14.293125000000005,56.940345000000114,41.45716575000004,0.015354676447771843,24.905727000000073,16.536084073552193,-1.5399502108108294
3,1,26,1,18.750406566435988,20.168504542048787,14.771853912633393,67.87174477724643,44.19935648712082,0.019815718180126826,32.05689257093629,12.122648198004406,8.941378940064247
3,1,27,1,20.41058250000001,21.95424000000002,16.079765625000007,73.8811631250003,48.112802718750075,0.021570217652571434,34.8952353750002,13.195997126097303,9.733055753928298
3,1,28,1,22.67842500000001,24.393600000000013,17.866406250000008,82.09018125000031,53.45866968750008,0.023966908502857143,38.77248375000021,14.662219028997008,10.814506393253666
3,1,29,1,24.94626750000002,26.83296000000003,19.65304687500001,90.29919937500033,58.80453665625009,0.026363599353142853,42.64973212500022,16.128440931896733,11.895957032578991
3,1,30,1,26.60644343356404,28.61869545795124,20.96095858736662,96.30861772275412,62.7179828878793,0.028118098825587433,45.488074929064084,17.20178985998963,12.687633846442978
3,1,31,1,27.214110000000012,29.272320000000025,21.439687500000005,98.50821750000031,64.15040362500008,0.028760290203428546,46.526980500000214,17.594662834796445,12.977407671904317
3,1,32,1,26.60644343356404,28.61869545795124,20.96095858736662,96.30861772275414,62.7179828878793,0.028118098825587433,45.4880749290641,17.201789859989617,12.687633846442992
3,1,33,1,24.94626750000002,26.83296000000003,19.65304687500001,90.29919937500033,58.80453665625009,0.026363599353142846,42.64973212500022,16.128440931896733,11.895957032578991
3,1,34,1,22.67842500000001,24.393600000000013,17.866406250000008,82.09018125000031,53.45866968750008,0.023966908502857143,38.77248375000021,14.662219028997008,10.814506393253666
3,1,35,1,20.41058250000001,21.95424000000002,16.079765625000007,73.8811631250003,48.112802718750075,0.021570217652571434,34.8952353750002,13.195997126097303,9.733055753928298
3,1,36,1,18.750406566435988,20.168504542048787,14.771853912633393,67.87174477724645,44.19935648712083,0.019815718180126826,32.0568925709363,12.122648198004406,8.941378940064261
3,1,37,1,18.14274000000001,19.51488000000002,14.293125000000005,65.67214500000024,42.76693575000006,0.01917352680228571,31.01798700000016,11.729775223197613,8.651605114602923
3,1,38,1,18.750406566435988,20.168504542048787,14.771853912633393,67.8717447772463,44.19935648712081,0.019815718180126764,32.0568925709362,12.122648198004484,8.941378940064098
3,1,39,1,20.41058250000001,21.95424000000002,16.079765625000007,73.8811631250003,48.112802718750075,0.021570217652571434,34.8952353750002,13.195997126097303,9.733055753928298
3,1,40,1,22.67842500000001,24.393600000000013,17.866406250000008,82.09018125000031,53.45866968750008,0.023966908502857143,38.77248375000021,14.662219028997008,10.814506393253666
3,1,41,1,24.94626750000002,26.83296000000003,19.65304687500001,90.29919937500033,58.80453665625009,0.026363599353142846,42.64973212500022,16.128440931896733,11.895957032578991
3,1,42,1,26.60644343356404,28.61869545795124,20.96095858736662,96.30861772275412,62.7179828878793,0.028118098825587433,45.488074929064084,17.20178985998963,12.687633846442978
3,1,43,1,27.214110000000012,29.272320000000025,21.439687500000005,98.50821750000033,64.15040362500008,0.028760290203428546,46.52698050000022,17.594662834796438,12.97740767190433
3,1,44,1,26.60644343356404,28.61869545795124,20.96095858736662,96.30861772275414,62.7179828878793,0.028118098825587433,45.4880749290641,17.201789859989617,12.687633846442992
3,1,45,1,24.94626750000002,26.83296000000003,19.65304687500001,90.29919937500033,58.80453665625009,0.026363599353142853,42.64973212500022,16.128440931896733,11.895957032578991
3,1,46,1,22.67842500000001,24.393600000000013,17.866406250000008,82.09018125000031,53.45866968750008,0.023966908502857143,38.77248375000021,14.662219028997008,10.814506393253666
3,1,47,1,20.41058250000001,21.95424000000002,16.079765625000007,73.8811631250003,48.112802718750075,0.021570217652571434,34.8952353750002,13.195997126097303,9.733055753928298
3,1,48,1,18.750406566435988,20.1685045420488,14.771853912633393,67.87174477724645,44.19935648712083,0.019815718180126826,32.05689257093629,12.122648198004413,8.941378940064247
3,4,1,1,208.47657600000036,224.2437120000005,164.24100000000024,754.6326480000034,491.43097080000126,0.18194702234417456,356.4248688000021,134.82415497765498,99.37003792607095
3,4,2,1,215.45921727250098,231.75445219227015,169.7420304142602,779.9080490767211,507.89078727018864,0.1880410920569701,368.36283826966667,139.33990790846502,102.69830310283578
3,4,3,1,234.53614800000048,252.2741760000005,184.77112500000024,848.9617290000014,552.859842150001,0.20469040013719572,400.9779774000006,151.67717434986315,111.79129266682662
3,4,4,1,260.5957200000006,280.30464000000063,205.3012500000003,943.2908100000018,614.2887135000013,0.2274337779302175,445.5310860000008,168.53019372207035,124.21254740758513
3,4,5,1,189.13806450000035,203.44262400000042,149.00582812500005,684.632111625001,445.84530519375073,0.1698116793921866,323.36251447500047,122.31297903935808,90.15789892595785
3,4,6,1,201.72521657811276,216.98174556301225,158.9221769260342,730.1944289161522,475.5163429862847,0.1811126591225209,344.8823135530846,130.4529167740776,96.15791371845421
3,4,7,1,206.33243400000035,221.9374080000003,162.55181250000004,746.8713945000009,486.3766965750006,0.18524910479147624,352.75910670000036,133.43234077020878,98.35407155559005
3,4,8,1,201.72521657811276,216.98174556301225,158.9221769260342,730.1944289161522,475.5163429862847,0.1811126591225209,344.8823135530846,130.4529167740776,96.15791371845421
3,4,9,1,189.13806450000033,203.44262400000045,149.00582812500005,684.632111625001,445.84530519375073,0.16981167939218664,323.36251447500047,122.31297903935808,90.15789892595785
3,4,10,1,171.94369500000033,184.94784000000024,135.4598437500001,622.3928287500008,405.3139138125006,0.15437425399289698,293.9659222500004,111.19361730850727,81.96172629632497
3,4,11,1,154.7493255000003,166.45305600000023,121.91385937500006,560.1535458750009,364.7825224312505,0.13893682859360723,264.56933002500034,100.07425557765657,73.76555366669254
3,4,12,1,142.16217342188753,152.9139344369883,111.99751057396588,514.5912285838491,335.11148463871615,0.12763584886327292,243.04953094691606,91.93431784293679,67.76553887419612
3,4,13,1,137.55495600000023,147.95827200000025,108.36787500000003,497.9142630000007,324.2511310500005,0.12349940319431756,235.17273780000033,88.95489384680582,65.56938103706017
3,4,14,1,142.16217342188753,152.91393443698828,111.99751057396588,514.5912285838491,335.11148463871615,0.12763584886327292,243.04953094691606,91.93431784293679,67.76553887419618
3,4,15,1,154.7493255000001,166.45305600000023,121.91385937500006,560.1535458750006,364.78252243125036,0.13893682859360718,264.5693300250003,100.07425557765646,73.76555366669265
3,4,16,1,171.9436950000003,184.94784000000024,135.4598437500001,622.3928287500008,405.3139138125006,0.15437425399289698,293.9659222500004,111.19361730850727,81.96172629632508
3,4,17,1,189.13806450000033,203.44262400000042,149.00582812500005,684.632111625001,445.8453051937507,0.1698116793921866,323.36251447500047,122.31297903935803,90.15789892595785
3,4,18,1,201.725216578113,216.98174556301225,158.9221769260342,730.1944289161524,475.5163429862849,0.18111265912252092,344.88231355308466,130.45291677407772,96.15791371845398
3,4,19,1,206.33243400000038,221.9374080000003,162.55181250000004,746.8713945000007,486.3766965750006,0.18524910479147622,352.75910670000025,133.4323407702089,98.35407155558994
3,4,20,1,201.72521657811276,216.98174556301225,158.9221769260342,730.1944289161522,475.5163429862847,0.1811126591225209,344.8823135530846,130.4529167740776,96.15791371845421
3,4,21,1,189.13806450000033,203.44262400000042,149.00582812500008,684.632111625001,445.84530519375073,0.16981167939218664,323.36251447500047,122.31297903935808,90.15789892595774
3,4,22,1,171.9436950000003,184.94784000000024,135.4598437500001,622.3928287500008,405.3139138125006,0.15437425399289698,293.9659222500004,111.19361730850727,81.96172629632508
3,4,23,1,154.7493255000003,166.45305600000023,121.91385937500006,560.1535458750009,364.7825224312505,0.13893682859360723,264.56933002500034,100.07425557765657,73.76555366669254
3,4,24,1,142.16217342188753,152.91393443698828,111.99751057396587,514.5912285838491,335.11148463871615,0.12763584886327292,243.04953094691606,91.93431784293679,67.76553887419618
3,4,25,1,137.55495600000026,147.95827200000025,108.36787500000003,497.9142630000007,324.25113105000054,0.12349940319431756,235.17273780000033,88.95489384680587,65.56938103706011
3,4,26,1,142.16217342188753,152.91393443698828,111.99751057396588,514.5912285838491,335.11148463871615,0.12763584886327292,243.04953094691606,91.93431784293679,67.76553887419618
3,4,27,1,154.74932550000008,166.45305600000023,121.91385937500006,560.1535458750006,364.78252243125036,0.13893682859360718,264.5693300250003,100.07425557765646,73.76555366669265
3,4,28,1,171.9436950000001,184.94784000000024,135.4598437500001,622.3928287500006,405.31391381250035,0.15437425399289695,293.9659222500003,111.19361730850716,81.96172629632508
3,4,29,1,189.13806450000033,203.44262400000045,149.00582812500005,684.632111625001,445.84530519375073,0.16981167939218664,323.36251447500047,122.31297903935808,90.15789892595785
3,4,30,1,201.72521657811276,216.98174556301225,158.9221769260342,730.1944289161522,475.5163429862847,0.1811126591225209,344.8823135530846,130.4529167740776,96.15791371845421
3,4,31,1,206.3324340000001,221.9374080000003,162.55181250000004,746.8713945000006,486.3766965750004,0.18524910479147616,352.7591067000003,133.4323407702086,98.35407155559028
3,4,32,1,201.72521657811276,216.98174556301225,158.9221769260342,730.1944289161522,475.5163429862847,0.1811126591225209,344.8823135530846,130.4529167740776,96.15791371845421
3,4,33,1,189.13806450000033,203.44262400000045,149.00582812500005,684.632111625001,445.84530519375073,0.1698116793921866,323.36251447500047,122.31297903935808,90.15789892595785
3,4,34,1,171.9436950000003,184.94784000000027,135.45984375000006,622.3928287500008,405.3139138125006,0.15437425399289698,293.9659222500004,111.19361730850727,81.96172629632497
3,4,35,1,154.74932550000028,166.45305600000023,121.91385937500006,560.1535458750008,364.78252243125047,0.13893682859360723,264.56933002500034,100.07425557765652,73.76555366669265
3,4,36,1,142.1621734218874,152.91393443698828,111.99751057396588,514.591228583849,335.111484638716,0.1276358488632729,243.049530946916,91.93431784293668,67.76553887419618
3,4,37,1,137.5549560000001,147.95827200000025,108.36787500000003,497.9142630000006,324.2511310500003,0.12349940319431751,235.17273780000028,88.9548938468057,65.56938103706023
3,4,38,1,142.1621734218874,152.91393443698828,111.99751057396588,514.591228583849,335.111484638716,0.1276358488632729,243.049530946916,91.93431784293668,67.76553887419618
3,4,39,1,154.74932550000008,166.45305600000023,121.91385937500006,560.1535458750006,364.78252243125036,0.13893682859360718,264.5693300250003,100.07425557765646,73.76555366669265
3,4,40,1,171.9436950000001,184.94784000000024,135.4598437500001,622.3928287500006,405.31391381250035,0.15437425399289692,293.9659222500003,111.19361730850716,81.96172629632508
3,4,41,1,189.1380645000001,203.44262400000042,149.00582812500005,684.6321116250008,445.84530519375045,0.16981167939218658,323.36251447500035,122.31297903935791,90.15789892595785
3,4,42,1,201.72521657811276,216.98174556301223,158.9221769260342,730.1944289161522,475.5163429862847,0.1811126591225209,344.8823135530846,130.4529167740776,96.15791371845421
3,4,43,1,206.3324340000001,221.93740800000006,162.55181250000004,746.8713945000004,486.37669657500015,0.18524910479147613,352.7591067000002,133.4323407702085,98.35407155559017
3,4,44,1,201.72521657811276,216.98174556301223,158.9221769260342,730.1944289161522,475.5163429862847,0.1811126591225209,344.8823135530846,130.4529167740776,96.15791371845421
3,4,45,1,189.1380645000001,203.44262400000045,149.00582812500008,684.6321116250008,445.84530519375056,0.16981167939218658,323.36251447500035,122.31297903935803,90.15789892595774
3,4,46,1,171.9436950000001,184.94784000000027,135.4598437500001,622.3928287500006,405.3139138125004,0.15437425399289695,293.9659222500003,111.19361730850721,81.96172629632497
3,4,47,1,154.74932550000028,166.45305600000026,121.91385937500006,560.1535458750009,364.78252243125047,0.13893682859360723,264.56933002500034,100.07425557765652,73.76555366669254
3,4,48,1,142.16217342188742,152.91393443698828,111.99751057396588,514.5912285838489,335.111484638716,0.12763584886327284,243.04953094691592,91.93431784293676,67.76553887419601
3,7,1,1,65.64373200000004,70.60838400000003,51.715125000000015,225.1605510000001,152.8705678500001,0.040068891068387597,103.51146960000005,49.31902935893166,16.740146839579836
3,7,2,1,67.84238012219568,72.97331643395836,53.447253247528074,228.9870631139396,157.43352054593166,0.04052902290131974,104.37799098241034,53.015000540619994,12.965714112094787
3,7,3,1,73.84919850000004,79.43443200000004,58.17951562500001,239.4412886250001,169.89973914375008,0.04178612644707014,106.74537142500004,63.11258159230296,2.6537721308548896
3,7,4,1,82.05466500000006,88.26048000000003,60.81075000000003,252.95539500000012,185.2806532500001,0.04350336182575269,110.23481700000005,75.00233288817432,-8.212751327869995
3,7,5,1,90.26013150000006,97.08652800000007,53.027493750000005,264.3866032500001,196.18333638750013,0.04522059720443525,114.41856195000005,81.71955384029565,-10.331102661594798
3,7,6,1,96.26694987780444,103.54764356604173,47.32975472667199,272.75482848090064,204.16465438297456,0.04647770075018565,117.48127581930979,86.63690086291459,-11.881843466162678
3,7,7,1,98.46559800000006,105.91257600000003,45.24423750000001,275.8178115000001,207.0860195250001,0.046937832583117796,118.60230690000006,88.43677479241691,-12.449453995319686
3,7,8,1,96.26694987780444,103.54764356604173,47.32975472667199,272.75482848090064,204.16465438297456,0.04647770075018565,117.48127581930979,86.63690086291459,-11.881843466162678
3,7,9,1,90.26013150000006,97.08652800000007,53.027493750000005,264.3866032500001,196.18333638750013,0.04522059720443525,114.41856195000005,81.71955384029565,-10.331102661594798
3,7,10,1,82.05466500000006,88.26048000000003,60.81075000000003,252.95539500000012,185.2806532500001,0.04350336182575269,110.23481700000005,75.00233288817432,-8.212751327869995
3,7,11,1,73.84919850000004,79.43443200000004,58.17951562500001,239.4412886250001,169.89973914375008,0.04178612644707014,106.74537142500004,63.11258159230296,2.6537721308548896
3,7,12,1,67.84238012219568,72.97331643395836,53.447253247528074,228.9870631139396,157.43352054593166,0.04052902290131974,104.37799098241035,53.01500054061998,12.965714112094815
3,7,13,1,65.64373200000004,70.60838400000003,51.715125000000015,225.16055100000008,152.8705678500001,0.04006889106838759,103.51146960000005,49.31902935893166,16.740146839579836
3,7,14,1,67.84238012219568,72.97331643395836,53.447253247528074,228.98706311394,157.4335205459317,0.040529022901319815,104.37799098241064,53.01500054061975,12.96571411209527
3,7,15,1,73.84919850000004,79.43443200000004,58.17951562500001,239.4412886250001,169.89973914375008,0.04178612644707014,106.74537142500004,63.11258159230296,2.6537721308548896
3,7,16,1,82.05466500000006,88.26048000000003,60.81075000000003,252.95539500000012,185.2806532500001,0.04350336182575269,110.23481700000005,75.00233288817432,-8.212751327869995
3,7,17,1,90.26013150000006,97.08652800000007,53.027493750000005,264.3866032500001,196.18333638750013,0.04522059720443525,114.41856195000005,81.71955384029565,-10.331102661594798
3,7,18,1,96.26694987780444,103.54764356604173,47.32975472667199,272.75482848090064,204.16465438297456,0.04647770075018565,117.48127581930979,86.63690086291459,-11.881843466162678
3,7,19,1,98.46559800000006,105.91257600000003,45.24423750000001,275.8178115000001,207.0860195250001,0.046937832583117796,118.60230690000006,88.43677479241691,-12.449453995319686
3,7,20,1,96.26694987780444,103.54764356604173,47.32975472667199,272.75482848090064,204.16465438297456,0.04647770075018565,117.48127581930979,86.63690086291459,-11.881843466162678
3,7,21,1,90.26013150000006,97.08652800000007,53.027493750000005,264.3866032500001,196.18333638750013,0.04522059720443525,114.41856195000005,81.71955384029565,-10.331102661594798
3,7,22,1,82.05466500000006,88.26048000000003,60.81075000000003,252.95539500000012,185.2806532500001,0.04350336182575269,110.23481700000005,75.00233288817432,-8.212751327869995
3,7,23,1,73.84919850000004,79.43443200000004,58.17951562500001,239.44128862500008,169.89973914375008,0.04178612644707014,106.74537142500003,63.11258159230297,2.653772130854861
3,7,24,1,67.84238012219568,72.97331643395836,53.447253247528074,228.9870631139396,157.43352054593166,0.04052902290131974,104.37799098241035,53.01500054061998,12.965714112094815
3,7,25,1,65.64373200000004,70.60838400000003,51.715125000000015,225.16055100000008,152.8705678500001,0.04006889106838759,103.51146960000005,49.31902935893166,16.740146839579836
3,7,26,1,67.84238012219568,72.97331643395836,53.447253247528074,228.9870631139396,157.43352054593166,0.04052902290131974,104.37799098241034,53.015000540619994,12.965714112094787
3,7,27,1,73.84919850000004,79.43443200000004,58.17951562500001,239.44128862500008,169.89973914375008,0.04178612644707014,106.74537142500003,63.11258159230297,2.653772130854861
3,7,28,1,82.05466500000006,88.26048000000003,60.81075000000003,252.95539500000012,185.2806532500001,0.04350336182575269,110.23481700000005,75.00233288817432,-8.212751327869995
3,7,29,1,90.26013150000006,97.08652800000007,53.027493750000005,264.3866032500001,196.18333638750013,0.04522059720443525,114.41856195000005,81.71955384029565,-10.331102661594798
3,7,30,1,96.26694987780444,103.54764356604173,47.32975472667199,272.75482848090064,204.16465438297456,0.04647770075018565,117.48127581930979,86.63690086291459,-11.881843466162678
3,7,31,1,98.46559800000006,105.91257600000003,45.24423750000001,275.8178115000001,207.0860195250001,0.046937832583117796,118.60230690000006,88.43677479241691,-12.449453995319686
3,7,32,1,96.26694987780444,103.54764356604173,47.32975472667199,272.75482848090064,204.16465438297456,0.04647770075018565,117.48127581930979,86.63690086291459,-11.881843466162678
3,7,33,1,90.26013150000006,97.08652800000007,53.027493750000005,264.3866032500001,196.18333638750013,0.04522059720443525,114.41856195000005,81.71955384029565,-10.331102661594798
3,7,34,1,82.05466500000006,88.26048000000003,60.81075000000005,252.95539500000012,185.2806532500001,0.04350336182575269,110.23481700000006,75.00233288817431,-8.212751327869938
3,7,35,1,73.84919850000004,79.43443200000004,58.17951562500001,239.4412886250001,169.89973914375008,0.04178612644707014,106.74537142500004,63.11258159230296,2.6537721308548896
3,7,36,1,67.84238012219568,72.97331643395836,53.447253247528074,228.9870631139396,157.43352054593166,0.04052902290131974,104.37799098241034,53.015000540619994,12.965714112094787
3,7,37,1,65.64373200000004,70.60838400000003,51.715125000000015,225.16055100000008,152.8705678500001,0.04006889106838759,103.51146960000005,49.31902935893166,16.740146839579836
3,7,38,1,67.84238012219568,72.97331643395836,53.447253247528074,228.9870631139396,157.43352054593166,0.04052902290131974,104.37799098241034,53.015000540619994,12.965714112094787
3,7,39,1,73.84919850000004,79.43443200000004,58.17951562500001,239.4412886250001,169.89973914375008,0.04178612644707014,106.74537142500004,63.11258159230296,2.6537721308548896
3,7,40,1,82.05466500000006,88.26048000000003,60.81075000000003,252.95539500000012,185.2806532500001,0.04350336182575269,110.23481700000005,75.00233288817432,-8.212751327869995
3,7,41,1,90.26013150000006,97.08652800000007,53.027493750000005,264.3866032500001,196.18333638750013,0.04522059720443525,114.41856195000005,81.71955384029565,-10.331102661594798
3,7,42,1,96.26694987780444,103.54764356604173,47.32975472667201,272.75482848090064,204.1646543829746,0.04647770075018565,117.4812758193098,86.6369008629146,-11.881843466162678
3,7,43,1,98.46559800000006,105.91257600000003,45.244237500000004,275.81781150000006,207.0860195250001,0.046937832583117796,118.60230690000006,88.43677479241691,-12.449453995319686
3,7,44,1,96.26694987780444,103.54764356604173,47.32975472667201,272.75482848090064,204.1646543829746,0.04647770075018565,117.4812758193098,86.6369008629146,-11.881843466162678
3,7,45,1,90.26013150000006,97.08652800000007,53.027493750000005,264.3866032500001,196.18333638750013,0.04522059720443525,114.41856195000005,81.71955384029565,-10.331102661594798
3,7,46,1,82.05466500000006,88.26048000000003,60.81075000000005,252.95539500000012,185.2806532500001,0.04350336182575269,110.23481700000006,75.00233288817431,-8.212751327869938
3,7,47,1,73.84919850000004,79.43443200000004,58.17951562500001,239.4412886250001,169.89973914375008,0.04178612644707014,106.74537142500004,63.11258159230296,2.6537721308548896
3,7,48,1,67.84238012219568,72.97331643395836,53.447253247528074,228.9870631139396,157.43352054593166,0.04052902290131974,104.37799098241034,53.015000540619994,12.965714112094787
3,8,1,1,371.76123600000017,399.87763200000035,292.8791250000002,1345.6819530000007,876.3333925500007,0.341291199520077,635.5867518000006,240.40534955047997,177.21906346610717
3,8,2,1,384.2128763704247,413.270993070709,302.6887156279605,1390.753752071936,905.6849956542753,0.3527222871819834,656.8748714080915,248.4574019590018,183.15477658349937
3,8,3,1,418.23139050000026,449.8623360000002,329.4890156250002,1513.8921971250008,985.8750666187507,0.3839525994600865,715.0350957750005,270.45601824429014,199.37144639937014
3,8,4,1,464.70154500000024,499.8470400000001,366.09890625000014,1682.1024412500008,1095.4167406875006,0.42661399940009614,794.4834397500005,300.50668693809996,221.52382933263357
3,8,5,1,290.2838400000003,312.2380800000002,228.69000000000014,1050.7543200000007,684.2709720000005,0.22637324173984064,496.2877920000002,187.7568067582605,138.33187811536288
3,8,6,1,309.6022508632906,333.01754714706897,243.90933628935704,1117.727083099738,729.3660033169308,0.24056609806098278,527.2472711663105,201.87816605255932,144.08934069944416
3,8,7,1,316.67328000000026,340.6233600000002,249.48000000000013,1133.2005299999998,744.5158875000004,0.24309241471787751,532.2510269999997,212.02176808528282,135.64660481717
3,8,8,1,309.6022508632907,333.0175471470689,243.90933628935704,1117.727083099738,729.366003316931,0.2405660980609827,527.2472711663105,201.87816605255955,144.08934069944394
3,8,9,1,290.28384000000017,312.23808000000014,228.69000000000017,1050.7543200000005,684.2709720000004,0.22637324173984066,496.2877920000003,187.75680675826027,138.33187811536322
3,8,10,1,263.8944000000001,283.8528000000001,207.9000000000001,955.2312000000004,622.0645200000001,0.20579385612712786,451.1707200000001,170.68800614387294,125.75625283214822
3,8,11,1,237.50496000000015,255.46752000000015,187.1100000000001,859.7080800000005,559.8580680000003,0.18521447051441509,406.05364800000024,153.61920552948567,113.18062754893356
3,8,12,1,218.18654913670966,234.68805285293143,171.89066371064303,789.7803028625015,514.3197845774056,0.1701493146573574,373.02565900725693,141.1239762554913,103.9746309046725
3,8,13,1,211.11552000000012,227.08224000000013,166.32000000000005,764.1849600000004,497.65161600000033,0.16463508490170234,360.93657600000023,136.5504049150984,100.60500226571878
3,8,14,1,218.18654913670966,234.68805285293143,171.89066371064305,789.7803028625015,514.3197845774056,0.1701493146573574,373.025659007257,141.12397625549124,103.97463090467261
3,8,15,1,237.50496000000012,255.46752000000015,187.1100000000001,859.7080800000005,559.8580680000003,0.18521447051441514,406.05364800000024,153.61920552948567,113.18062754893344
3,8,16,1,263.8944000000001,283.85280000000006,207.90000000000006,955.2312000000003,622.0645200000001,0.20579385612712778,451.1707200000002,170.68800614387283,125.75625283214833
3,8,17,1,290.28384000000017,312.23808000000014,228.69000000000017,1050.7543200000005,684.2709720000004,0.22637324173984066,496.2877920000003,187.75680675826027,138.33187811536322
3,8,18,1,309.6022508632907,333.01754714706897,243.9093362893571,1117.7270830997381,729.366003316931,0.24056609806098284,527.2472711663105,201.87816605255955,144.0893406994437
3,8,19,1,316.6732800000002,340.62336000000016,249.4800000000001,1133.2005299999998,744.5158875000003,0.24309241471787735,532.2510269999998,212.0217680852826,135.6466048171701
3,8,20,1,309.60225086329064,333.01754714706897,243.90933628935707,1117.727083099738,729.3660033169309,0.24056609806098278,527.2472711663105,201.87816605255944,144.08934069944394
3,8,21,1,290.2838400000002,312.23808000000014,228.6900000000001,1050.7543200000005,684.2709720000005,0.22637324173984058,496.2877920000003,187.75680675826038,138.33187811536322
3,8,22,1,263.89440000000013,283.8528000000001,207.90000000000006,955.2312000000004,622.0645200000002,0.2057938561271279,451.1707200000002,170.68800614387294,125.7562528321481
3,8,23,1,237.50496000000012,255.46752000000018,187.11000000000013,859.7080800000006,559.8580680000003,0.18521447051441514,406.05364800000024,153.61920552948567,113.18062754893356
3,8,24,1,218.18654913670966,234.68805285293143,171.89066371064305,789.7803028625015,514.3197845774056,0.17014931465735733,373.02565900725693,141.1239762554913,103.9746309046725
3,8,25,1,211.11552000000012,227.08224000000013,166.32000000000005,764.1849600000007,497.6516160000004,0.16463508490170242,360.93657600000046,136.55040491509823,100.60500226571935
3,8,26,1,218.18654913670963,234.6880528529314,171.89066371064305,789.7803028625015,514.3197845774056,0.17014931465735736,373.02565900725693,141.1239762554913,103.9746309046725
3,8,27,1,237.50496000000012,255.46752000000015,187.11000000000013,859.7080800000005,559.8580680000003,0.18521447051441509,406.05364800000024,153.61920552948567,113.18062754893344
3,8,28,1,263.89440000000013,283.8528000000001,207.90000000000006,955.2312000000004,622.0645200000002,0.20579385612712778,451.1707200000002,170.68800614387294,125.7562528321481
3,8,29,1,290.2838400000002,312.2380800000002,228.6900000000001,1050.7543200000005,684.2709720000005,0.22637324173984066,496.2877920000003,187.75680675826038,138.33187811536322
3,8,30,1,309.6022508632906,333.01754714706897,243.90933628935707,1117.727083099738,729.3660033169308,0.24056609806098275,527.2472711663105,201.87816605255932,144.08934069944416
3,8,31,1,316.6732800000002,340.62336000000016,249.4800000000001,1133.2005299999998,744.5158875000003,0.24309241471787743,532.2510269999997,212.0217680852827,135.64660481716987
3,8,32,1,309.6022508632906,333.0175471470689,243.90933628935707,1117.727083099738,729.3660033169308,0.2405660980609827,527.2472711663105,201.87816605255932,144.08934069944394
3,8,33,1,290.2838400000002,312.23808000000014,228.69000000000017,1050.7543200000005,684.2709720000005,0.22637324173984075,496.2877920000003,187.75680675826038,138.33187811536322
3,8,34,1,263.8944000000001,283.85280000000006,207.9000000000001,955.2312000000003,622.0645200000001,0.20579385612712783,451.1707200000002,170.68800614387283,125.75625283214822
3,8,35,1,237.50496000000012,255.46752000000015,187.1100000000001,859.7080800000005,559.8580680000003,0.18521447051441509,406.05364800000024,153.61920552948567,113.18062754893344
3,8,36,1,218.18654913670966,234.6880528529314,171.89066371064303,789.7803028625015,514.3197845774056,0.17014931465735736,373.025659007257,141.12397625549124,103.97463090467261
3,8,37,1,211.11552000000012,227.0822400000001,166.32000000000008,764.1849600000004,497.6516160000003,0.16463508490170234,360.9365760000002,136.5504049150984,100.60500226571878
3,8,38,1,218.1865491367097,234.68805285293143,171.89066371064305,789.7803028625017,514.3197845774056,0.17014931465735736,373.02565900725693,141.1239762554913,103.97463090467238
3,8,39,1,237.50496000000012,255.46752000000018,187.11000000000013,859.7080800000006,559.8580680000003,0.18521447051441509,406.0536480000002,153.61920552948573,113.18062754893344
3,8,40,1,263.8944000000001,283.85280000000006,207.9000000000001,955.2312000000003,622.0645200000001,0.20579385612712783,451.17072000000013,170.68800614387288,125.75625283214833
3,8,41,1,290.2838400000003,312.23808000000014,228.69000000000014,1050.7543200000007,684.2709720000005,0.22637324173984075,496.2877920000003,187.75680675826038,138.3318781153631
3,8,42,1,309.6022508632906,333.01754714706897,243.9093362893571,1117.727083099738,729.3660033169308,0.24056609806098275,527.2472711663105,201.87816605255932,144.08934069944394
3,8,43,1,316.67328000000026,340.62336000000016,249.48000000000013,1133.20053,744.5158875000003,0.24309241471787735,532.2510269999997,212.0217680852827,135.64660481716942
3,8,44,1,309.60225086329064,333.01754714706897,243.90933628935707,1117.727083099738,729.3660033169308,0.24056609806098278,527.2472711663105,201.87816605255932,144.08934069944394
3,8,45,1,290.2838400000003,312.23808000000014,228.6900000000001,1050.7543200000005,684.2709720000005,0.22637324173984064,496.2877920000003,187.75680675826038,138.33187811536322
3,8,46,1,263.89440000000013,283.85280000000006,207.90000000000006,955.2312000000004,622.0645200000002,0.20579385612712783,451.1707200000001,170.68800614387305,125.7562528321481
3,8,47,1,237.50496000000012,255.46752000000018,187.1100000000001,859.7080800000005,559.8580680000003,0.18521447051441514,406.0536480000002,153.61920552948573,113.18062754893344
3,8,48,1,218.18654913670971,234.6880528529314,171.89066371064305,789.7803028625016,514.3197845774057,0.17014931465735736,373.02565900725693,141.1239762554914,103.9746309046725
3,12,1,0,0.0,0.0,0.0,0.0,0.0,0.0,0.0,0.0,0.0
3,12,2,0,0.0,0.0,0.0,0.0,0.0,0.0,0.0,0.0,0.0
3,12,3,0,0.0,0.0,0.0,0.0,0.0,0.0,0.0,0.0,0.0
3,12,4,0,0.0,0.0,0.0,0.0,0.0,0.0,0.0,0.0,0.0
3,12,5,1,385.5332250000006,414.6912000000005,303.72890625000036,1395.5330812500017,908.7973846875011,0.33153132244344624,659.1322237500008,249.3336296150569,183.7580515428508
3,12,6,1,411.1904894278082,442.28892980470124,323.94208725930264,1488.4059102607425,969.2779173581349,0.3535947562915464,702.997521630988,265.9268009708554,195.98716336368966
3,12,7,1,420.5817000000005,452.39040000000045,331.3406250000004,1522.3997250000016,991.4153287500012,0.36167053357466855,719.053335000001,272.0003232164256,200.4633289558376
3,12,8,1,411.1904894278082,442.28892980470124,323.94208725930264,1488.4059102607425,969.2779173581349,0.3535947562915464,702.997521630988,265.9268009708554,195.98716336368966
3,12,9,1,385.5332250000005,414.69120000000055,303.72890625000036,1395.5330812500017,908.7973846875012,0.33153132244344624,659.1322237500008,249.33362961505702,183.7580515428508
3,12,10,1,350.48475000000053,376.99200000000053,276.1171875000004,1268.6664375000018,826.1794406250011,0.3013921113122239,599.2111125000007,226.6669360136882,167.05277412986402
3,12,11,1,315.4362750000003,339.29280000000045,248.50546875000032,1141.7997937500013,743.5614965625009,0.27125290018100134,539.2900012500006,204.00024241231927,150.34749671687803
3,12,12,1,289.77901057219265,311.69507019529965,228.29228774069807,1048.9269647392605,683.0809638918671,0.2491894663329011,495.42470336901346,187.4070710565207,138.1183848960393
3,12,13,1,280.3878000000003,301.5936000000004,220.89375000000024,1014.9331500000012,660.9435525000007,0.24111368904977895,479.36889000000065,181.33354881095022,133.6422193038918
3,12,14,1,289.77901057219265,311.69507019529965,228.29228774069807,1048.9269647392605,683.0809638918671,0.2491894663329011,495.42470336901346,187.4070710565207,138.1183848960393
3,12,15,1,315.4362750000003,339.29280000000045,248.50546875000032,1141.7997937500013,743.5614965625009,0.2712529001810014,539.2900012500006,204.00024241231927,150.34749671687803
3,12,16,1,350.48475000000053,376.99200000000053,276.1171875000004,1268.6664375000018,826.1794406250011,0.3013921113122239,599.2111125000007,226.6669360136882,167.05277412986402
3,12,17,1,385.5332250000005,414.69120000000066,303.72890625000036,1395.533081250002,908.7973846875013,0.33153132244344624,659.1322237500008,249.33362961505713,183.7580515428508
3,12,18,1,411.1904894278082,442.2889298047013,323.94208725930264,1488.4059102607425,969.2779173581349,0.3535947562915464,702.997521630988,265.9268009708554,195.98716336368966
3,12,19,1,420.5817000000001,452.39040000000045,331.3406250000004,1522.3997250000011,991.4153287500006,0.3616705335746684,719.0533350000005,272.0003232164255,200.46332895583737
3,12,20,1,411.1904894278082,442.28892980470124,323.94208725930264,1488.4059102607425,969.2779173581349,0.3535947562915464,702.997521630988,265.9268009708554,195.98716336368966
3,12,21,1,385.5332250000005,414.69120000000066,303.72890625000036,1395.533081250002,908.7973846875013,0.33153132244344624,659.1322237500008,249.33362961505713,183.7580515428508
3,12,22,1,350.48475000000053,376.99200000000053,276.1171875000004,1268.6664375000018,826.1794406250011,0.3013921113122239,599.2111125000007,226.6669360136882,167.05277412986402
3,12,23,1,315.4362750000003,339.29280000000045,248.50546875000032,1141.7997937500013,743.5614965625009,0.2712529001810014,539.2900012500006,204.00024241231927,150.34749671687803
3,12,24,1,289.77901057219265,311.6950701952997,228.29228774069807,1048.9269647392605,683.0809638918673,0.2491894663329011,495.42470336901346,187.40707105652092,138.1183848960393
3,12,25,1,280.3878000000003,301.5936000000004,220.89375000000024,1014.9331500000012,660.9435525000007,0.24111368904977895,479.36889000000065,181.33354881095022,133.6422193038918
3,12,26,1,289.77901057219265,311.69507019529965,228.29228774069807,1048.9269647392605,683.0809638918671,0.2491894663329011,495.42470336901346,187.4070710565207,138.1183848960393
3,12,27,1,315.4362750000003,339.2928000000005,248.50546875000032,1141.7997937500015,743.5614965625009,0.2712529001810014,539.2900012500006,204.00024241231927,150.34749671687803
3,12,28,1,350.48475000000053,376.99200000000053,276.1171875000004,1268.6664375000018,826.1794406250011,0.3013921113122239,599.2111125000007,226.6669360136882,167.05277412986402
3,12,29,1,385.5332250000005,414.6912000000006,303.72890625000036,1395.533081250002,908.7973846875012,0.33153132244344624,659.1322237500008,249.33362961505702,183.7580515428508
3,12,30,1,411.19048942780825,442.28892980470124,323.94208725930264,1488.4059102607425,969.2779173581349,0.3535947562915464,702.997521630988,265.9268009708554,195.98716336368966
3,12,31,1,420.5817000000005,452.39040000000045,331.34062500000005,1522.3997250000016,991.415328750001,0.36167053357466844,719.0533350000007,272.0003232164256,200.46332895583737
3,12,32,1,411.1904894278082,442.28892980470124,323.94208725930264,1488.4059102607425,969.2779173581349,0.3535947562915464,702.997521630988,265.9268009708554,195.9871633636899
3,12,33,1,385.5332250000005,414.6912000000006,303.72890625000036,1395.533081250002,908.7973846875012,0.33153132244344624,659.1322237500008,249.33362961505702,183.7580515428508
3,12,34,1,350.48475000000053,376.99200000000053,276.1171875000004,1268.6664375000018,826.1794406250011,0.3013921113122239,599.2111125000007,226.6669360136882,167.05277412986402
3,12,35,1,315.4362750000003,339.29280000000045,248.50546875000032,1141.7997937500013,743.5614965625009,0.2712529001810014,539.2900012500006,204.00024241231927,150.34749671687803
3,12,36,1,289.77901057219265,311.6950701952997,228.29228774069807,1048.9269647392605,683.0809638918673,0.2491894663329011,495.42470336901346,187.40707105652092,138.1183848960393
3,12,37,1,280.3878000000003,301.5936000000004,220.89375000000024,1014.9331500000012,660.9435525000007,0.24111368904977895,479.36889000000065,181.33354881095022,133.6422193038918
3,12,38,1,289.77901057219276,311.69507019529965,228.29228774069807,1048.9269647392605,683.0809638918673,0.2491894663329011,495.42470336901346,187.40707105652092,138.11838489603906
3,12,39,1,315.4362750000003,339.29280000000045,248.50546875000032,1141.7997937500013,743.5614965625009,0.27125290018100134,539.2900012500006,204.00024241231927,150.34749671687803
3,12,40,1,350.48475000000053,376.99200000000053,276.1171875000004,1268.6664375000018,826.1794406250011,0.3013921113122239,599.2111125000008,226.6669360136881,167.05277412986425
3,12,41,1,385.5332250000006,414.69120000000066,303.72890625000036,1395.533081250002,908.7973846875013,0.33153132244344624,659.1322237500009,249.33362961505702,183.7580515428508
3,12,42,1,411.1904894278082,442.28892980470124,323.94208725930264,1488.4059102607425,969.2779173581349,0.3535947562915464,702.997521630988,265.9268009708554,195.9871633636899
3,12,43,1,420.5817000000005,452.39040000000045,331.3406250000004,1522.3997250000016,991.4153287500012,0.36167053357466855,719.053335000001,272.0003232164256,200.4633289558376
3,12,44,1,411.19048942780825,442.28892980470124,323.94208725930264,1488.4059102607425,969.2779173581349,0.3535947562915464,702.997521630988,265.9268009708554,195.9871633636899
3,12,45,1,385.53322500000047,414.69120000000066,303.72890625000036,1395.533081250002,908.7973846875012,0.33153132244344624,659.1322237500009,249.3336296150569,183.7580515428508
3,12,46,1,350.48475000000053,376.99200000000053,276.1171875000004,1268.6664375000018,826.1794406250011,0.3013921113122238,599.2111125000007,226.6669360136882,167.05277412986402
3,12,47,1,315.4362750000003,339.29280000000045,248.50546875000032,1141.7997937500013,743.5614965625009,0.27125290018100134,539.2900012500006,204.00024241231927,150.34749671687803
3,12,48,1,289.7790105721927,311.69507019529965,228.29228774069801,1048.9269647392605,683.0809638918672,0.2491894663329011,495.42470336901346,187.4070710565208,138.11838489603906
3,14,1,1,122.71089600000009,131.99155200000004,96.67350000000059,444.1825080000012,289.2600018000005,0.1182097972516857,209.79438480000076,79.34740720274809,58.50292583012771
3,14,2,1,126.8209316857125,136.41243072076637,99.91144828181129,459.05980103882945,298.94837478561703,0.12216907471556501,216.82116429796847,82.00504141293302,60.46240229650766
3,14,3,1,138.04975800000005,148.49049600000006,108.75768750000005,499.70532150000065,325.4175020250002,0.13298602190814623,236.0186829000004,89.26583310309164,65.81579155889341
3,14,4,1,153.38862000000006,164.9894400000001,120.84187500000004,555.2281350000009,361.57500225000024,0.14776224656460696,262.24298100000055,99.1842590034351,73.1286572876594
3,14,5,1,121.10278950000006,130.2618240000001,95.40660937500004,438.3615678750009,285.46929613125025,0.11612969409668511,207.0450632250006,78.30810321215296,57.735634943113666
3,14,6,1,129.16218903202906,138.93075795041779,101.75592623321613,467.5345623995512,304.46729874661395,0.12385813376452194,220.82392738291065,83.51951322993875,61.57794568725984
3,14,7,1,132.11213400000005,142.10380800000004,104.0799375,478.2126195000001,311.42105032500007,0.12668693901456532,225.86734170000005,85.42702168598544,62.984329028850254
3,14,8,1,129.16218903202903,138.93075795041779,101.75592623321613,467.53456239955125,304.46729874661395,0.12385813376452195,220.82392738291065,83.51951322993875,61.5779456872599
3,14,9,1,121.10278950000006,130.26182400000008,95.40660937500004,438.36156787500084,285.46929613125025,0.11612969409668508,207.04506322500058,78.30810321215299,57.73563494311361
3,14,10,1,110.09344500000005,118.41984000000005,86.73328125000003,398.5105162500007,259.51754193750014,0.10557244917880462,188.22278475000047,71.18918473832088,52.486940857375885
3,14,11,1,99.08410050000006,106.57785600000005,78.05995312500002,358.65946462500057,233.56578774375018,0.09501520426092412,169.4005062750004,64.07026626448885,47.23824677163833
3,14,12,1,91.02470096797106,97.90892204958232,71.71063626678391,329.48647010045033,214.56778512838648,0.08728676459308735,155.62164211709035,58.858856246703056,43.39593602749221
3,14,13,1,88.07475600000004,94.73587200000006,69.38662500000002,318.8084130000006,207.6140335500002,0.08445795934304372,150.5782278000004,56.95134779065674,41.98955268590072
3,14,14,1,91.02470096797106,97.90892204958232,71.71063626678391,329.48647010045033,214.56778512838648,0.08728676459308733,155.62164211709035,58.858856246703056,43.39593602749221
3,14,15,1,99.08410050000006,106.57785600000005,78.05995312500002,358.6594646250006,233.56578774375018,0.09501520426092415,169.40050627500037,64.07026626448888,47.23824677163827
3,14,16,1,110.09344500000005,118.41984000000005,86.73328125000003,398.5105162500007,259.51754193750014,0.10557244917880462,188.22278475000047,71.18918473832088,52.486940857375885
3,14,17,1,121.10278950000006,130.26182400000008,95.40660937500004,438.3615678750008,285.46929613125025,0.11612969409668508,207.04506322500055,78.30810321215301,57.73563494311355
3,14,18,1,129.16218903202906,138.93075795041779,101.75592623321613,467.53456239955125,304.46729874661395,0.12385813376452195,220.82392738291065,83.51951322993875,61.57794568725984
3,14,19,1,132.11213400000005,142.10380800000004,104.0799375,478.21261950000087,311.4210503250002,0.1266869390145656,225.86734170000065,85.42702168598495,62.98432902885128
3,14,20,1,129.16218903202906,138.93075795041779,101.75592623321614,467.5345623995512,304.467298746614,0.12385813376452194,220.82392738291068,83.51951322993878,61.57794568725984
3,14,21,1,121.10278950000006,130.2618240000001,95.40660937500004,438.3615678750009,285.46929613125025,0.11612969409668508,207.04506322500055,78.30810321215301,57.73563494311355
3,14,22,1,110.09344500000005,118.41984000000005,86.73328125000003,398.51051625000076,259.51754193750014,0.10557244917880462,188.22278475000047,71.18918473832088,52.486940857375885
3,14,23,1,99.08410050000003,106.57785600000005,78.05995312500002,358.65946462500057,233.56578774375018,0.09501520426092415,169.4005062750004,64.07026626448885,47.23824677163833
3,14,24,1,91.02470096797106,97.90892204958232,71.71063626678391,329.48647010045033,214.56778512838648,0.08728676459308733,155.62164211709035,58.858856246703056,43.39593602749221
3,14,25,1,88.07475600000004,94.73587200000006,69.38662500000004,318.8084130000006,207.6140335500002,0.0844579593430437,150.57822780000038,56.95134779065677,41.989552685900776
3,14,26,1,91.02470096797106,97.90892204958232,71.71063626678391,329.48647010045033,214.56778512838648,0.08728676459308735,155.62164211709037,58.85885624670303,43.39593602749221
3,14,27,1,99.08410050000003,106.57785600000005,78.05995312500002,358.65946462500057,233.56578774375018,0.09501520426092415,169.4005062750004,64.07026626448885,47.23824677163833
3,14,28,1,110.09344500000005,118.41984000000005,86.73328125000003,398.51051625000076,259.51754193750014,0.10557244917880462,188.22278475000047,71.18918473832088,52.48694085737594
3,14,29,1,121.10278950000006,130.2618240000001,95.40660937500004,438.36156787500096,285.46929613125025,0.11612969409668511,207.0450632250006,78.30810321215296,57.735634943113666
3,14,30,1,129.16218903202906,138.93075795041779,101.75592623321613,467.5345623995505,304.46729874661384,0.12385813376452172,220.82392738291017,83.51951322993912,61.577945687259046
3,14,31,1,132.1121340000001,142.10380800000004,104.07993750000001,478.2126195000009,311.4210503250003,0.12668693901456557,225.8673417000006,85.42702168598512,62.98432902885111
3,14,32,1,129.16218903202906,138.93075795041779,101.75592623321613,467.53456239955125,304.46729874661395,0.12385813376452194,220.82392738291065,83.51951322993875,61.57794568725984
3,14,33,1,121.10278950000006,130.2618240000001,95.40660937500004,438.3615678750009,285.46929613125025,0.11612969409668508,207.04506322500058,78.30810321215299,57.73563494311361
3,14,34,1,110.09344500000005,118.41984000000005,86.73328125000003,398.5105162500007,259.51754193750014,0.10557244917880462,188.22278475000047,71.18918473832088,52.486940857375885
3,14,35,1,99.08410050000003,106.57785600000005,78.05995312500002,358.6594646250006,233.56578774375018,0.09501520426092415,169.40050627500042,64.07026626448882,47.23824677163839
3,14,36,1,91.02470096797106,97.90892204958232,71.71063626678391,329.4864701004504,214.5677851283865,0.08728676459308736,155.62164211709037,58.858856246703056,43.395936027492326
3,14,37,1,88.07475600000004,94.73587200000006,69.38662500000002,318.8084130000006,207.6140335500002,0.08445795934304372,150.5782278000004,56.95134779065674,41.98955268590072
3,14,38,1,91.02470096797106,97.90892204958232,71.71063626678391,329.48647010045033,214.5677851283865,0.08728676459308735,155.62164211709035,58.858856246703084,43.39593602749221
3,14,39,1,99.08410050000003,106.57785600000005,78.05995312500002,358.65946462500057,233.56578774375018,0.09501520426092415,169.4005062750004,64.07026626448885,47.23824677163833
3,14,40,1,110.09344500000005,118.41984000000005,86.73328125000003,398.51051625000076,259.51754193750014,0.10557244917880462,188.22278475000047,71.18918473832088,52.48694085737594
3,14,41,1,121.10278950000006,130.2618240000001,95.40660937500003,438.36156787500096,285.46929613125025,0.11612969409668511,207.0450632250006,78.30810321215296,57.735634943113666
3,14,42,1,129.16218903202903,138.93075795041779,101.75592623321614,467.53456239955125,304.46729874661395,0.12385813376452194,220.8239273829107,83.5195132299387,61.5779456872599
3,14,43,1,132.1121340000001,142.10380800000004,104.0799375,478.212619500001,311.42105032500024,0.12668693901456557,225.86734170000062,85.42702168598504,62.98432902885111
3,14,44,1,129.16218903202903,138.93075795041779,101.75592623321614,467.53456239955125,304.46729874661395,0.12385813376452195,220.8239273829107,83.5195132299387,61.5779456872599
3,14,45,1,121.10278950000006,130.26182400000008,95.40660937500003,438.36156787500084,285.46929613125025,0.11612969409668508,207.04506322500058,78.30810321215299,57.73563494311361
3,14,46,1,110.09344500000005,118.41984000000005,86.73328125000003,398.5105162500008,259.5175419375002,0.10557244917880464,188.2227847500005,71.1891847383209,52.486940857376
3,14,47,1,99.08410050000003,106.57785600000005,78.05995312500002,358.65946462500057,233.56578774375018,0.09501520426092415,169.4005062750004,64.07026626448885,47.23824677163833
3,14,48,1,91.02470096797106,97.90892204958232,71.71063626678392,329.48647010045033,214.56778512838648,0.08728676459308733,155.62164211709032,58.858856246703084,43.395936027492155
