sol,k,t,abierta,q_PET_kg,q_HDPE_kg,q_PP_kg,produccion_kg,ingreso_EUR,transporte_EUR,procesamiento_EUR,margen_EUR,emisiones_kgCO2e
1,1,1,1,764.5869,0.0,0.0,764.5869,726.3575549999999,0.17621824935589664,296.83962,429.341716750644,-325.8682370424182
1,1,2,1,764.5869,0.0,0.0,764.5869,726.3575549999999,0.17621824935589664,296.83962,429.341716750644,-325.8682370424182
1,1,3,1,764.5869,0.0,0.0,764.5869,726.3575549999999,0.17621824935589664,296.83962,429.341716750644,-325.8682370424182
1,1,4,1,764.5869000000603,0.0,0.0,764.5869000000603,726.3575550000572,0.17621824935590677,296.83962000002344,429.3417167506779,-325.86823704244364
1,1,5,1,764.5869,0.0,0.0,764.5869,726.3575549999999,0.17621824935589664,296.83962,429.341716750644,-325.8682370424182
1,1,6,1,764.5868999999457,0.0,0.0,764.5868999999457,726.3575549999483,0.17621824935588168,296.83961999997894,429.3417167506135,-325.86823704239487
1,1,7,1,764.5868999999482,0.0,0.0,764.5868999999482,726.3575549999507,0.17621824935588237,296.83961999997996,429.34171675061486,-325.8682370423959
1,1,8,1,764.5868999999459,0.0,0.0,764.5868999999459,726.3575549999485,0.17621824935588173,296.839619999979,429.34171675061367,-325.868237042395
1,1,9,1,764.5869000000623,0.0,0.0,764.5869000000623,726.3575550000592,0.17621824935590708,296.83962000002424,429.34171675067904,-325.86823704244455
1,1,10,1,764.5869000000603,0.0,0.0,764.5869000000603,726.3575550000572,0.17621824935590677,296.83962000002344,429.3417167506779,-325.86823704244364
1,1,11,1,764.5869000000514,0.0,0.0,764.5869000000514,726.3575550000488,0.17621824935590524,296.8396200000199,429.341716750673,-325.86823704244
1,1,12,1,764.586900000046,0.0,0.0,764.586900000046,726.3575550000436,0.17621824935590436,296.8396200000178,429.3417167506699,-325.8682370424376
1,1,13,1,764.586900000042,0.0,0.0,764.586900000042,726.3575550000398,0.1762182493559037,296.83962000001634,429.3417167506676,-325.8682370424359
1,1,14,1,764.586900000046,0.0,0.0,764.586900000046,726.3575550000436,0.17621824935590436,296.8396200000178,429.3417167506699,-325.8682370424376
1,1,15,1,764.5869000000514,0.0,0.0,764.5869000000514,726.3575550000488,0.17621824935590524,296.8396200000199,429.341716750673,-325.86823704244
1,1,16,1,764.5869000000603,0.0,0.0,764.5869000000603,726.3575550000572,0.17621824935590677,296.83962000002344,429.3417167506779,-325.86823704244364
1,1,17,1,764.5869000000623,0.0,0.0,764.5869000000623,726.3575550000592,0.17621824935590708,296.83962000002424,429.34171675067904,-325.86823704244455
1,1,18,1,764.5869,0.0,0.0,764.5869,726.3575549999999,0.17621824935589664,296.83962,429.341716750644,-325.8682370424182
1,1,19,1,764.5868999999482,0.0,0.0,764.5868999999482,726.3575549999507,0.17621824935588237,296.83961999997996,429.34171675061486,-325.8682370423959
1,1,20,1,764.5869,0.0,0.0,764.5869,726.3575549999999,0.17621824935589664,296.83962,429.341716750644,-325.8682370424182
1,1,21,1,764.5869000000623,0.0,0.0,764.5869000000623,726.3575550000592,0.17621824935590708,296.83962000002424,429.34171675067904,-325.86823704244455
1,1,22,1,764.5869000000603,0.0,0.0,764.5869000000603,726.3575550000572,0.17621824935590677,296.83962000002344,429.3417167506779,-325.86823704244364
1,1,23,1,764.5869000000514,0.0,0.0,764.5869000000514,726.3575550000488,0.17621824935590524,296.8396200000199,429.341716750673,-325.86823704244
1,1,24,1,764.586900000046,0.0,0.0,764.586900000046,726.3575550000436,0.17621824935590436,296.8396200000178,429.3417167506699,-325.8682370424376
1,1,25,1,764.586900000042,0.0,0.0,764.586900000042,726.3575550000398,0.1762182493559037,296.83962000001634,429.3417167506676,-325.8682370424359
1,1,26,1,764.586900000046,0.0,0.0,764.586900000046,726.3575550000436,0.17621824935590436,296.8396200000178,429.3417167506699,-325.8682370424376
1,1,27,1,764.5869,0.0,0.0,764.5869,726.3575549999999,0.17621824935589664,296.83962,429.341716750644,-325.8682370424182
1,1,28,1,764.5869,0.0,0.0,764.5869,726.3575549999999,0.17621824935589664,296.83962,429.341716750644,-325.8682370424182
1,1,29,1,764.5869,0.0,0.0,764.5869,726.3575549999999,0.17621824935589664,296.83962,429.341716750644,-325.8682370424182
1,1,30,1,764.5868999999458,0.0,0.0,764.5868999999458,726.3575549999484,0.17621824935588173,296.839619999979,429.34171675061356,-325.86823704239487
1,1,31,1,764.5868999999482,0.0,0.0,764.5868999999482,726.3575549999507,0.1762182493558824,296.83961999997996,429.34171675061486,-325.8682370423959
1,1,32,1,764.5868999999458,0.0,0.0,764.5868999999458,726.3575549999484,0.17621824935588173,296.839619999979,429.34171675061356,-325.86823704239487
1,1,33,1,764.5869,0.0,0.0,764.5869,726.3575549999999,0.17621824935589664,296.83962,429.341716750644,-325.8682370424182
1,1,34,1,764.5869,0.0,0.0,764.5869,726.3575549999999,0.17621824935589664,296.83962,429.341716750644,-325.8682370424182
1,1,35,1,764.5869,0.0,0.0,764.5869,726.3575549999999,0.17621824935589664,296.83962,429.341716750644,-325.8682370424182
1,1,36,1,764.5869,0.0,0.0,764.5869,726.3575549999999,0.17621824935589664,296.83962,429.341716750644,-325.8682370424182
1,1,37,1,764.5869,0.0,0.0,764.5869,726.3575549999999,0.17621824935589664,296.83962,429.341716750644,-325.8682370424182
1,1,38,1,764.5869,0.0,0.0,764.5869,726.3575549999999,0.17621824935589664,296.83962,429.341716750644,-325.8682370424182
1,1,39,1,764.5869,0.0,0.0,764.5869,726.3575549999999,0.17621824935589664,296.83962,429.341716750644,-325.8682370424182
1,1,40,1,764.5869,0.0,0.0,764.5869,726.3575549999999,0.17621824935589664,296.83962,429.341716750644,-325.8682370424182
1,1,41,1,764.5868999999506,0.0,0.0,764.5868999999506,726.357554999953,0.17621824935588304,296.83961999998087,429.34171675061623,-325.8682370423969
1,1,42,1,764.5869,0.0,0.0,764.5869,726.3575549999999,0.17621824935589664,296.83962,429.341716750644,-325.8682370424182
1,1,43,1,764.5868999999482,0.0,0.0,764.5868999999482,726.3575549999507,0.1762182493558824,296.83961999997996,429.34171675061486,-325.8682370423959
1,1,44,1,764.5869,0.0,0.0,764.5869,726.3575549999999,0.17621824935589664,296.8396200000001,429.34171675064397,-325.86823704241806
1,1,45,1,764.5869000000623,0.0,0.0,764.5869000000623,726.3575550000592,0.17621824935590708,296.83962000002424,429.34171675067904,-325.86823704244455
1,1,46,1,764.5869000000603,0.0,0.0,764.5869000000603,726.3575550000572,0.17621824935590677,296.83962000002344,429.3417167506779,-325.86823704244364
1,1,47,1,764.5869,0.0,0.0,764.5869,726.3575549999999,0.17621824935589664,296.83962,429.341716750644,-325.8682370424182
1,1,48,1,764.5869,0.0,0.0,764.5869,726.3575549999999,0.17621824935589664,296.83962,429.341716750644,-325.8682370424182
1,4,1,1,4086.4401270000003,2794.985424000008,933.2630999999988,7814.688651000008,6631.401164850006,1.810049035964906,3095.0296146000023,3534.5615012140393,-1793.2795160747082
1,4,2,1,4230.608438168753,2812.6913976597934,884.9567414666774,7928.256577295224,6755.957342194823,1.8430959595311536,3133.80944453503,3620.304801700262,-1860.1183979456728
1,4,3,1,4549.792747500007,2728.2023999999974,943.443703125001,8221.438850625005,7023.759066843754,1.9333818337479909,3254.898252375002,3766.927432635004,-1986.4525516106323
1,4,4,1,4946.252850000003,2623.4207999999994,1011.693375000008,8581.36702500001,7354.108203750007,2.0440573893006544,3403.194795000004,3948.8693513607022,-2143.7929538791504
1,4,5,1,5261.718577500003,2594.8692,760.1083875000111,8616.696165000014,7492.587621750008,2.044057389300656,3390.8476140000066,4099.6959503607,-2300.3834937541505
1,4,6,1,5476.484973269296,2589.187314451971,575.9353942284224,8641.607681949688,7590.77504299304,2.044057389300667,3381.2381250669246,4207.492860536815,-2408.8804299856656
1,4,7,1,5557.568940000052,2584.779120000006,508.52339999999873,8650.871460000057,7627.201659000054,2.0440573893006655,3377.8081260000217,4247.349475610731,-2449.53173337917
1,4,8,1,5477.936233820218,2587.8214221687513,575.9353942284217,8641.693050217391,7591.061026689839,2.0440573893006664,3381.289346027545,4207.727623272993,-2409.4310553123405
1,4,9,1,5263.079283000005,2593.5885359999984,760.1083875000145,8616.776206500017,7492.855760775011,2.0440573893006566,3390.8956389000077,4099.916064485702,-2300.899761429153
1,4,10,1,4946.25285,2623.4208,1011.6933750000082,8581.367025000009,7354.108203750005,2.044057389300654,3403.194795000004,3948.8693513606995,-2143.7929538791486
1,4,11,1,4549.792747500006,2728.2023999999974,943.4437031250013,8221.438850625005,7023.759066843754,1.9333818337479916,3254.8982523750024,3766.9274326350037,-1986.4525516106296
1,4,12,1,4229.585688719676,2813.653985376573,884.9567414666775,7928.196415562926,6755.755800391623,1.843095959531154,3133.7733474956503,3620.139356936442,-1859.7303547723468
1,4,13,1,4089.962645999998,2791.6701120000093,933.2630999999982,7814.895858000005,6632.095308300005,1.8100490359649053,3095.153938800002,3535.1313204640383,-1794.6160012247074
1,4,14,1,4231.290271134807,2812.049672515275,884.9567414666781,7928.29668511676,6756.091703396959,1.843095959531154,3133.8335092279494,3620.415098209479,-1860.3770933945598
1,4,15,1,4549.792747500007,2728.202399999998,943.4437031250015,8221.438850625007,7023.759066843755,1.933381833747991,3254.8982523750024,3766.9274326350046,-1986.4525516106314
1,4,16,1,4946.252849999999,2623.420799999999,1011.6933750000081,8581.367025000007,7354.108203750003,2.044057389300654,3403.194795000004,3948.8693513606977,-2143.792953879147
1,4,17,1,5261.718577500002,2594.869200000001,760.1083875000123,8616.696165000016,7492.587621750009,2.0440573893006566,3390.8476140000066,4099.695950360701,-2300.3834937541515
1,4,18,1,5496.837046672245,2570.0324218373803,575.9353942284212,8642.804862738047,7594.785598634169,2.044057389300653,3381.956433539949,4210.785107704919,-2416.6022460709037
1,4,19,1,5577.361020000053,2566.1512800000023,508.5233999999997,8652.035700000055,7631.101863000052,2.044057389300665,3378.506670000021,4250.551135610729,-2457.041081379174
1,4,20,1,5483.741276023849,2582.357853035869,575.9353942284215,8642.034523288141,7592.204961476984,2.044057389300653,3381.494229870006,4208.666674217677,-2411.63355661901
1,4,21,1,5261.718577500002,2594.869200000001,760.108387500011,8616.696165000014,7492.587621750008,2.044057389300656,3390.847614000006,4099.695950360701,-2300.3834937541505
1,4,22,1,4946.252850000002,2623.420799999998,1011.693375000008,8581.367025000007,7354.1082037500055,2.0440573893006544,3403.194795000004,3948.8693513607004,-2143.792953879147
1,4,23,1,4549.792747500006,2728.2023999999974,943.4437031250013,8221.438850625005,7023.759066843754,1.9333818337479916,3254.898252375002,3766.927432635004,-1986.4525516106296
1,4,24,1,4223.108275542179,2819.7503742495114,884.9567414666776,7927.815391258369,6754.4793689713515,1.8430959595311533,3133.5447329129156,3619.091540098905,-1857.2727480079438
1,4,25,1,4092.7076189999975,2789.0866080000073,933.2630999999997,7815.057327000004,6632.636229450003,1.8100490359649053,3095.2508202000013,3535.575360214037,-1795.6574762747086
1,4,26,1,4231.290271134806,2812.0496725152757,884.9567414666775,7928.296685116759,6756.091703396958,1.843095959531154,3133.8335092279494,3620.415098209478,-1860.3770933945598
1,4,27,1,4543.484022000006,2734.140023999996,943.4437031250011,8221.067749125004,7022.515876818753,1.9333818337479902,3254.6755914750015,3765.9069035100033,-1984.0589469356291
1,4,28,1,4946.252850000002,2623.420799999998,1011.6933750000079,8581.367025000007,7354.1082037500055,2.0440573893006535,3403.1947950000044,3948.8693513607,-2143.792953879147
1,4,29,1,5263.079283000003,2593.588536000001,760.1083875000124,8616.776206500017,7492.855760775011,2.0440573893006575,3390.895638900008,4099.916064485702,-2300.8997614291493
1,4,30,1,5476.484973269295,2589.187314451972,575.9353942284229,8641.60768194969,7590.775042993039,2.044057389300667,3381.238125066924,4207.492860536814,-2408.8804299856674
1,4,31,1,5573.685348000053,2569.6107360000055,508.5233999999995,8651.819484000058,7630.377539400055,2.0440573893006655,3378.3769404000222,4249.956541610732,-2455.6464881791735
1,4,32,1,5496.819619097732,2570.0488242605006,575.9353942284226,8642.803837586656,7594.782164376878,2.044057389300667,3381.955818449104,4210.782288538474,-2416.595633844103
1,4,33,1,5261.718577500002,2594.869200000001,760.1083875000094,8616.696165000012,7492.587621750007,2.044057389300655,3390.8476140000066,4099.6959503606995,-2300.3834937541487
1,4,34,1,4946.25285,2623.4207999999994,1011.6933750000081,8581.367025000007,7354.108203750004,2.0440573893006544,3403.194795000004,3948.8693513606986,-2143.7929538791486
1,4,35,1,4546.823935500007,2730.996575999997,943.4437031250009,8221.264214625004,7023.174036243755,1.933381833747991,3254.7934707750023,3766.4471836350044,-1985.3261494106291
1,4,36,1,4224.471941474287,2818.4669239604723,884.9567414666753,7927.895606901434,6754.748091375622,1.8430959595311536,3133.592862298754,3619.312133117337,-1857.790138905716
1,4,37,1,4084.4609189999996,2796.848208000009,933.2630999999982,7814.572227000007,6631.011144450006,1.810049035964906,3094.959760200002,3534.2413352140393,-1792.528581274708
1,4,38,1,4227.199273338492,2815.900023382393,884.9567414666784,7928.056038187564,6755.285536184156,1.8430959595311536,3133.689121070432,3619.753319154193,-1858.8249207012504
1,4,39,1,4546.823935500005,2730.9965759999973,943.4437031250012,8221.264214625004,7023.174036243753,1.9333818337479902,3254.793470775002,3766.447183635003,-1985.3261494106282
1,4,40,1,4946.252850000002,2623.420799999998,1011.6933750000088,8581.367025000009,7354.1082037500055,2.0440573893006535,3403.1947950000044,3948.8693513607,-2143.792953879147
1,4,41,1,5261.718577500054,2594.8692000000005,760.1083875000108,8616.696165000067,7492.587621750058,2.044057389300669,3390.8476140000266,4099.69595036073,-2300.3834937541724
1,4,42,1,5498.253881533065,2568.6989302036645,575.9353942284213,8642.888205965151,7595.064798444975,2.044057389300653,3382.0064394762135,4211.01430157946,-2417.1398098857426
1,4,43,1,5556.5793360000525,2585.7105120000015,508.52339999999754,8650.813248000051,7627.00664880005,2.0440573893006633,3377.773198800019,4247.18939261073,-2449.1562659791734
1,4,44,1,5492.604052735478,2574.0164161308076,575.9353942284233,8642.555863094709,7593.951449828983,2.0440573893006535,3381.8070337539475,4210.100358685734,-2414.99619837136
1,4,45,1,5261.718577500003,2594.869199999998,760.1083875000095,8616.69616500001,7492.587621750005,2.0440573893006544,3390.8476140000057,4099.695950360699,-2300.3834937541487
1,4,46,1,4946.252850000001,2623.420799999999,1011.6933750000094,8581.367025000009,7354.1082037500055,2.0440573893006544,3403.194795000005,3948.8693513606995,-2143.7929538791477
1,4,47,1,4549.792747500008,2728.202399999996,943.4437031250011,8221.438850625005,7023.759066843754,1.9333818337479909,3254.8982523750024,3766.9274326350037,-1986.4525516106296
1,4,48,1,4225.494690923365,2817.504336243693,884.9567414666755,7927.955768633733,6754.949633178822,1.8430959595311536,3133.6289593381334,3619.477577881158,-1858.1781820790447
1,7,1,1,1121.4333900000063,103.92227999999403,0.0,1225.3556700000004,1148.499544500001,0.20312455403364818,474.35087700000025,673.9455429459672,-483.2174928536298
1,7,2,1,1131.4322671386346,94.51157210481422,0.0,1225.9438392434488,1150.4699114655543,0.20312455403364818,474.7037785460694,675.5630083654514,-487.01118447387387
1,7,3,1,1158.7497075000067,68.80103999999362,0.0,1227.5507475000004,1155.8530541250013,0.20312455403364818,475.66792350000026,679.9820060709675,-497.3757427286298
1,7,4,1,1196.0660250000071,33.67979999999323,0.0,1229.7458250000004,1163.2065637500014,0.20312455403364818,476.9849700000002,686.0184691959676,-511.5339926036303
1,7,5,1,1231.8508124999998,0.0,0.0,1231.8508124999998,1170.2582718749998,0.20304263774970469,478.24796249999997,691.8072667372502,-525.1112575476252
1,7,6,1,1231.8508124999998,0.0,0.0,1231.8508124999998,1170.2582718749998,0.20158152161013138,478.24796249999997,691.8087278533898,-525.1129621831213
1,7,7,1,1231.8508124999998,0.0,0.0,1231.8508124999998,1170.2582718749998,0.20104671598516816,478.24796249999997,691.8092626590147,-525.1135861230172
1,7,8,1,1231.8508124999998,0.0,0.0,1231.8508124999998,1170.2582718749998,0.20158152161013138,478.24796249999997,691.8087278533898,-525.1129621831213
1,7,9,1,1231.8508124999998,0.0,0.0,1231.8508124999998,1170.2582718749998,0.20304263774970469,478.24796249999997,691.8072667372502,-525.1112575476252
1,7,10,1,1196.0660250000071,33.67979999999323,0.0,1229.7458250000004,1163.2065637500014,0.20312455403364818,476.9849700000002,686.0184691959676,-511.5339926036303
1,7,11,1,1158.7497075000067,68.80103999999362,0.0,1227.5507475000004,1155.8530541250013,0.20312455403364818,475.66792350000026,679.9820060709675,-497.3757427286298
1,7,12,1,1131.4322671386346,94.51157210481422,0.0,1225.9438392434488,1150.4699114655543,0.20312455403364818,474.7037785460694,675.5630083654514,-487.01118447387387
1,7,13,1,1121.4333900000063,103.92227999999403,0.0,1225.3556700000004,1148.499544500001,0.20312455403364818,474.35087700000025,673.9455429459672,-483.2174928536298
1,7,14,1,1131.4322671386346,94.51157210481422,0.0,1225.9438392434488,1150.4699114655543,0.20312455403364818,474.7037785460694,675.5630083654514,-487.01118447387387
1,7,15,1,1158.7497075000067,68.80103999999362,0.0,1227.5507475000004,1155.8530541250013,0.20312455403364818,475.66792350000026,679.9820060709675,-497.3757427286298
1,7,16,1,1196.0660250000071,33.67979999999323,0.0,1229.7458250000004,1163.2065637500014,0.20312455403364818,476.9849700000002,686.0184691959676,-511.5339926036303
1,7,17,1,1231.8508124999998,0.0,0.0,1231.8508124999998,1170.2582718749998,0.20304263774970469,478.24796249999997,691.8072667372502,-525.1112575476252
1,7,18,1,1231.8508124999998,0.0,0.0,1231.8508124999998,1170.2582718749998,0.20158152161013138,478.24796249999997,691.8087278533898,-525.1129621831213
1,7,19,1,1231.8508124999998,0.0,0.0,1231.8508124999998,1170.2582718749998,0.20104671598516816,478.24796249999997,691.8092626590147,-525.1135861230172
1,7,20,1,1231.8508124999998,0.0,0.0,1231.8508124999998,1170.2582718749998,0.20158152161013138,478.24796249999997,691.8087278533898,-525.1129621831213
1,7,21,1,1231.8508124999998,0.0,0.0,1231.8508124999998,1170.2582718749998,0.20304263774970469,478.24796249999997,691.8072667372502,-525.1112575476252
1,7,22,1,1196.0660250000071,33.67979999999323,0.0,1229.7458250000004,1163.2065637500014,0.20312455403364818,476.9849700000002,686.0184691959676,-511.5339926036303
1,7,23,1,1158.7497075000067,68.80103999999362,0.0,1227.5507475000004,1155.8530541250013,0.20312455403364818,475.66792350000026,679.9820060709675,-497.3757427286298
1,7,24,1,1131.4322671386346,94.51157210481422,0.0,1225.9438392434488,1150.4699114655543,0.20312455403364818,474.7037785460694,675.5630083654514,-487.01118447387387
1,7,25,1,1121.4333900000063,103.92227999999403,0.0,1225.3556700000004,1148.499544500001,0.20312455403364818,474.35087700000025,673.9455429459672,-483.2174928536298
1,7,26,1,1131.4322671386346,94.51157210481422,0.0,1225.9438392434488,1150.4699114655543,0.20312455403364818,474.7037785460694,675.5630083654514,-487.01118447387387
1,7,27,1,1158.7497075000067,68.80103999999362,0.0,1227.5507475000004,1155.8530541250013,0.20312455403364818,475.66792350000026,679.9820060709675,-497.3757427286298
1,7,28,1,1196.0660250000071,33.67979999999323,0.0,1229.7458250000004,1163.2065637500014,0.20312455403364818,476.9849700000002,686.0184691959676,-511.5339926036303
1,7,29,1,1231.8508124999998,0.0,0.0,1231.8508124999998,1170.2582718749998,0.20304263774970469,478.24796249999997,691.8072667372502,-525.1112575476252
1,7,30,1,1231.8508124999998,0.0,0.0,1231.8508124999998,1170.2582718749998,0.20158152161013138,478.24796249999997,691.8087278533898,-525.1129621831213
1,7,31,1,1231.8508124999998,0.0,0.0,1231.8508124999998,1170.2582718749998,0.20104671598516816,478.24796249999997,691.8092626590147,-525.1135861230172
1,7,32,1,1231.8508124999998,0.0,0.0,1231.8508124999998,1170.2582718749998,0.20158152161013138,478.24796249999997,691.8087278533898,-525.1129621831213
1,7,33,1,1231.8508124999998,0.0,0.0,1231.8508124999998,1170.2582718749998,0.20304263774970469,478.24796249999997,691.8072667372502,-525.1112575476252
1,7,34,1,1196.0660250000071,33.67979999999323,0.0,1229.7458250000004,1163.2065637500014,0.20312455403364818,476.9849700000002,686.0184691959676,-511.5339926036303
1,7,35,1,1158.7497075000067,68.80103999999362,0.0,1227.5507475000004,1155.8530541250013,0.20312455403364818,475.66792350000026,679.9820060709675,-497.3757427286298
1,7,36,1,1131.4322671386346,94.51157210481422,0.0,1225.9438392434488,1150.4699114655543,0.20312455403364818,474.7037785460694,675.5630083654514,-487.01118447387387
1,7,37,1,1121.4333900000063,103.92227999999403,0.0,1225.3556700000004,1148.499544500001,0.20312455403364818,474.35087700000025,673.9455429459672,-483.2174928536298
1,7,38,1,1131.4322671386346,94.51157210481422,0.0,1225.9438392434488,1150.4699114655543,0.20312455403364818,474.7037785460694,675.5630083654514,-487.01118447387387
1,7,39,1,1158.7497075000067,68.80103999999362,0.0,1227.5507475000004,1155.8530541250013,0.20312455403364818,475.66792350000026,679.9820060709675,-497.3757427286298
1,7,40,1,1196.0660250000071,33.67979999999323,0.0,1229.7458250000004,1163.2065637500014,0.20312455403364818,476.9849700000002,686.0184691959676,-511.5339926036303
1,7,41,1,1231.8508124999998,0.0,0.0,1231.8508124999998,1170.2582718749998,0.20304263774970469,478.24796249999997,691.8072667372502,-525.1112575476252
1,7,42,1,1231.8508124999998,0.0,0.0,1231.8508124999998,1170.2582718749998,0.20158152161013138,478.24796249999997,691.8087278533898,-525.1129621831213
1,7,43,1,1231.8508124999998,0.0,0.0,1231.8508124999998,1170.2582718749998,0.20104671598516816,478.24796249999997,691.8092626590147,-525.1135861230172
1,7,44,1,1231.8508124999998,0.0,0.0,1231.8508124999998,1170.2582718749998,0.20158152161013138,478.24796249999997,691.8087278533898,-525.1129621831213
1,7,45,1,1231.8508124999998,0.0,0.0,1231.8508124999998,1170.2582718749998,0.20304263774970469,478.24796249999997,691.8072667372502,-525.1112575476252
1,7,46,1,1196.0660250000071,33.67979999999323,0.0,1229.7458250000004,1163.2065637500014,0.20312455403364818,476.9849700000002,686.0184691959676,-511.5339926036303
1,7,47,1,1158.7497075000067,68.80103999999362,0.0,1227.5507475000004,1155.8530541250013,0.20312455403364818,475.66792350000026,679.9820060709675,-497.3757427286298
1,7,48,1,1131.4322671386346,94.51157210481422,0.0,1225.9438392434488,1150.4699114655543,0.20312455403364818,474.7037785460694,675.5630083654514,-487.01118447387387
1,8,1,1,5295.783339000004,3086.4113280000047,0.0,8382.194667000009,7500.123234450008,1.5549951681425243,3213.414250200003,4285.153989081862,-2411.002241120502
1,8,2,1,5440.678272167963,2950.039626194867,0.0,8390.71789836283,7528.676059515458,1.5548510437150371,3218.5281890176966,4308.593019454047,-2465.9772515558643
1,8,3,1,5802.902374500009,2609.1228240000005,0.0,8412.025198500009,7600.055514975009,1.554798012792151,3231.3125691000037,4367.188147862213,-2603.409399310078
1,8,4,1,6244.077262500005,2193.8994000000034,0.0,8437.976662500008,7686.992919375008,1.556027807957939,3246.883447500004,4438.553444067045,-2770.79490734905
1,8,5,1,6811.756528500004,1659.6130320000048,0.0,8471.369560500008,7798.859127675007,1.559496526121729,3266.9191863000037,4530.380444848881,-2986.175052611192
1,8,6,1,7173.892147400526,1318.7795083289257,0.0,8492.671655729451,7870.22114669364,1.5619589731007453,3279.700443437668,4588.958744282871,-3123.5706939862903
1,8,7,1,7297.304553000002,1202.6266560000063,0.0,8499.931209000008,7894.5406501500065,1.562886557154948,3284.0561754000037,4608.921588192848,-3170.3937303999874
1,8,8,1,7172.440886849605,1320.145400612145,0.0,8492.58628746175,7869.9351629968405,1.5619631148253166,3279.649222477048,4588.723977404967,-3123.020063827603
1,8,9,1,6810.395823000004,1660.8936960000042,0.0,8471.289519000009,7798.590988650007,1.5594965483119643,3266.8711614000035,4530.16033070169,-2985.6587849103043
1,8,10,1,6235.329869999997,2202.1322400000113,0.0,8437.462110000008,7685.269168500005,1.556024827442686,3246.574716000004,4437.1384276725585,-2767.476047201315
1,8,11,1,5834.257506000007,2579.6121120000016,0.0,8413.869618000008,7606.234320300007,1.5547943857698912,3232.419220800005,4372.260305114232,-2615.305909316602
1,8,12,1,5434.833989601803,2955.540127433605,0.0,8390.374117035408,7527.524392068597,1.5548640691427624,3218.3219202212426,4307.647607778212,-2463.759846797665
1,8,13,1,5318.986018500003,3064.573512000005,0.0,8383.559530500008,7504.695527175008,1.5549895831073444,3214.233168300004,4288.907369291896,-2419.8056172113766
1,8,14,1,5425.580542205379,2964.2492543949456,0.0,8389.829796600325,7525.700918611066,1.554853771060915,3217.9953279601928,4306.150736879812,-2460.248992005805
1,8,15,1,5799.456432000007,2612.3660640000016,0.0,8411.822496000008,7599.376461600008,1.55479557838181,3231.1909476000037,4366.630718421622,-2602.101971025222
1,8,16,1,6239.836102500006,2197.8910800000026,0.0,8437.727182500008,7686.1571613750075,1.5560244627325752,3246.733759500003,4437.867377412273,-2769.1857652518165
1,8,17,1,6811.756528500004,1659.6130320000048,0.0,8471.369560500008,7798.859127675007,1.5594946621419277,3266.9191863000033,4530.380446712861,-2986.1750547858355
1,8,18,1,7153.540073997526,1337.934400943514,0.0,8491.47447494104,7866.210591052461,1.5619536716932951,3278.9821349646213,4585.666502416147,-3115.848884086009
1,8,19,1,7277.512473000002,1221.2544960000073,0.0,8498.76696900001,7890.640446150007,1.562891810188934,3283.3576314000034,4605.719922939814,-3162.884376271447
1,8,20,1,7166.635844645918,1325.6089697450268,0.0,8492.244814390944,7868.791228209644,1.561951849334484,3279.4443386345647,4587.784937725745,-3120.817575663983
1,8,21,1,6811.7565285000055,1659.6130320000034,0.0,8471.369560500008,7798.859127675008,1.559494506810277,3266.919186300003,4530.380446868194,-2986.175054967058
1,8,22,1,6237.803879999997,2199.803760000011,0.0,8437.607640000007,7685.756694000005,1.5560239629087569,3246.662034000003,4437.538636037094,-2768.414716709938
1,8,23,1,5837.520843000008,2576.5407360000004,0.0,8414.061579000008,7606.877389650008,1.5547945031363237,3232.534397400004,4372.788197746868,-2616.544057629677
1,8,24,1,5457.602666552842,2934.1107844208636,0.0,8391.713450973704,7532.01116076189,1.554862799516234,3219.125520584221,4311.3307773781535,-2472.3985521809063
1,8,25,1,5307.564339000002,3075.3233280000068,0.0,8382.88766700001,7502.444784450008,1.5549923926871603,3213.830050200004,4287.059741857317,-2415.4720943585326
1,8,26,1,5433.338482369903,2956.947663651864,0.0,8390.286146021768,7527.229689172899,1.5548515139470849,3218.269137613059,4307.405700045893,-2463.192448407405
1,8,27,1,5830.640739000006,2583.0161280000025,0.0,8413.656867000009,7605.5216044500075,1.5548249069391336,3232.2915702000037,4371.675209343065,-2613.9336297585714
1,8,28,1,6240.778582500005,2197.004040000004,0.0,8437.782622500008,7686.342885375007,1.5560216563720146,3246.767023500003,4438.019840218632,-2769.5433565259027
1,8,29,1,6810.395823000005,1660.8936960000035,0.0,8471.289519000009,7798.590988650008,1.5595014967345329,3266.871161400003,4530.16032575327,-2985.658779137144
1,8,30,1,7173.892147400527,1318.7795083289238,0.0,8492.671655729451,7870.221146693641,1.561952677679398,3279.7004434376686,4588.958750578293,-3123.5707013309475
1,8,31,1,7281.188145,1217.7950400000088,0.0,8498.983185000008,7891.364769750006,1.5628904545672604,3283.4873610000036,4606.314518295436,-3164.278971053005
1,8,32,1,7153.557501572087,1337.9179985203966,0.0,8491.475500092483,7866.2140253098005,1.5619496956377075,3278.982750055489,4585.669325558674,-3115.8555009515558
1,8,33,1,6811.756528500005,1659.613032000004,0.0,8471.369560500008,7798.859127675008,1.559496526121729,3266.9191863000033,4530.380444848883,-2986.1750526111928
1,8,34,1,6241.1025599999975,2196.6991200000107,0.0,8437.801680000008,7686.406728000006,1.5560213469564876,3246.778458000003,4438.072248653047,-2769.666277761883
1,8,35,1,5813.081158500007,2599.5427920000016,0.0,8412.623950500009,7602.061334175009,1.5548056824699867,3231.671820300005,4368.834708192533,-2607.2713407621177
1,8,36,1,5445.098910937048,2945.879025000434,0.0,8390.97793593748,7529.547185390542,1.5548626114234143,3218.6842115624877,4309.308111216631,-2467.6544804167106
1,8,37,1,5275.007545500002,3105.9650160000065,0.0,8380.97256150001,7496.029181025007,1.554996351123499,3212.6809869000035,4281.79319777388,-2403.1196592653578
1,8,38,1,5473.225710883957,2919.4067426974607,0.0,8392.632453581416,7535.089819497727,1.5548569686388405,3219.676922148849,4313.858040380239,-2478.3261258033444
1,8,39,1,5849.555134500009,2565.214343999999,0.0,8414.76947850001,7609.248852975008,1.5548433207577477,3232.9591371000038,4374.734872554247,-2621.1099524507863
1,8,40,1,6241.161464999997,2196.6436800000106,0.0,8437.805145000008,7686.418335750006,1.5560233530758185,3246.7805370000033,4438.081775396927,-2769.688624671411
1,8,41,1,6811.7565285000055,1659.6130320000034,0.0,8471.369560500008,7798.859127675008,1.559496681453379,3266.9191863000037,4530.38044469355,-2986.1750524299723
1,8,42,1,7152.123239136702,1339.26789257723,0.0,8491.391131713932,7865.931391241651,1.5619564880660033,3278.932129028357,4585.437305725228,-3115.3113169854005
1,8,43,1,7298.294156999999,1201.6952640000095,0.0,8499.98942100001,7894.735660350007,1.5629014689933598,3284.091102600004,4609.08165628101,-3170.76918040284
1,8,44,1,7157.773067934289,1333.9504066500886,0.0,8491.723474584378,7867.044739857645,1.5619531746863464,3279.1315347506243,4586.351251932335,-3117.454932365389
1,8,45,1,6811.756528500007,1659.6130320000016,0.0,8471.369560500008,7798.8591276750085,1.5594985676234154,3266.919186300003,4530.380442807382,-2986.1750502294426
1,8,46,1,6242.516279999996,2195.368560000012,0.0,8437.884840000008,7686.685314000006,1.5560218168850615,3246.8283540000034,4438.300938183118,-2770.2026592136317
1,8,47,1,5828.743998000006,2584.801296000002,0.0,8413.545294000009,7605.147834900008,1.55480862753318,3232.2246264000037,4371.368399872472,-2613.2140029012135
1,8,48,1,5460.451428183479,2931.429597003793,0.0,8391.881025187271,7532.572534377339,1.5548620001217524,3219.2260651123606,4311.791607264857,-2473.4794067910407
1,14,1,1,2647.2672765000034,1150.7237280000054,0.0,3797.991004500009,3435.4828950750075,0.9231503387115487,1459.2839877000033,1975.2757570362928,-1185.4408102965044
1,14,2,1,2714.0756704342466,1087.8452395913025,0.0,3801.9209100255493,3448.648078585576,0.9231503387115481,1461.6419310153285,1986.0829972315362,-1210.7887009362612
1,14,3,1,2982.136311000002,835.552871999995,0.0,3817.689182999997,3501.471793049998,0.9231503387115463,1471.1028947999994,2029.445747911287,-1312.4940616215026
1,14,4,1,3362.8275449999883,477.25524000001155,0.0,3840.0827849999996,3576.490359749998,0.9231503387115471,1484.5390559999998,2091.0281534112864,-1456.9327945214982
1,14,5,1,3545.1561914999997,305.6518080000012,0.0,3850.8079995000007,3612.4198283250007,0.9231503387115471,1490.9741847000005,2120.522493286289,-1526.1104280465029
1,14,6,1,3639.0014092718297,217.3268971559236,0.0,3856.3283064277534,3630.912856532977,0.9231503387115466,1494.2863688566524,2135.7033373376134,-1561.7164077305197
1,14,7,1,3673.3511430000003,184.99773599999955,0.0,3858.3488789999997,3637.68177465,0.923150338711547,1495.4987124000002,2141.2599119112883,-1574.7491008215034
1,14,8,1,3639.001409271831,217.326897155923,0.0,3856.328306427754,3630.912856532978,0.9231503387115466,1494.2863688566524,2135.7033373376144,-1561.7164077305215
1,14,9,1,3545.156191499999,305.65180800000206,0.0,3850.8079995000007,3612.4198283250007,0.9231503387115471,1490.9741847000005,2120.522493286289,-1526.1104280465029
1,14,10,1,3371.574937499998,469.0224000000026,0.0,3840.597337500001,3578.214110625,0.9231503387115471,1484.8477875000003,2092.4431727862884,-1460.2516581465025
1,14,11,1,2950.781179500004,865.0635839999945,0.0,3815.8447634999984,3495.292987724999,0.9231503387115464,1469.9962430999994,2024.3735942862882,-1300.5975558465043
1,14,12,1,2720.942702449486,1081.3821506357797,0.0,3802.324853085266,3450.0012878356356,0.9231503387115474,1461.8842968511594,1987.1938406457648,-1213.3941336714547
1,14,13,1,2620.542078000004,1175.8768560000026,0.0,3796.4189340000066,3430.216458900006,0.9231503387115482,1458.3407454000023,1970.9525631612921,-1175.3009555715053
1,14,14,1,2728.49156743078,1074.277336535743,0.0,3802.768903966523,3451.4888582878352,0.9231503387115485,1462.1507273799125,1988.4149805692114,-1216.2582618555348
1,14,15,1,2985.5822535000034,832.309631999996,0.0,3817.8918854999993,3502.150846425,0.9231503387115466,1471.2245162999998,2030.003179786289,-1313.8014927465042
1,14,16,1,3367.068704999989,473.2635600000115,0.0,3840.332265000001,3577.326117749999,0.9231503387115473,1484.6887440000005,2091.714223411287,-1458.5419405214984
1,14,17,1,3545.1561914999997,305.6518080000012,0.0,3850.8079995000007,3612.4198283250007,0.923150338711547,1490.9741847000003,2120.5224932862893,-1526.1104280465033
1,14,18,1,3639.0014092718293,217.32689715592446,0.0,3856.328306427754,3630.9128565329775,0.9231503387115466,1494.2863688566529,2135.7033373376134,-1561.7164077305201
1,14,19,1,3673.3511429999994,184.99773600000012,0.0,3858.3488789999997,3637.6817746499996,0.9231503387115466,1495.4987124,2141.2599119112883,-1574.7491008215015
1,14,20,1,3639.00140927183,217.32689715592403,0.0,3856.3283064277543,3630.912856532978,0.9231503387115466,1494.2863688566526,2135.703337337614,-1561.7164077305215
1,14,21,1,3545.1561914999993,305.6518080000014,0.0,3850.8079995000007,3612.4198283250003,0.9231503387115471,1490.9741847000005,2120.5224932862884,-1526.110428046502
1,14,22,1,3369.1009274999983,471.3508800000022,0.0,3840.4518075000005,3577.726585125,0.9231503387115471,1484.7604695000005,2092.042965286288,-1459.312989646502
1,14,23,1,2947.5178425000026,868.1349599999947,0.0,3815.6528024999975,3494.6499183749984,0.9231503387115457,1469.8810664999987,2023.8457015362883,-1299.3594073965041
1,14,24,1,2704.6514386759445,1096.7151047755883,0.0,3801.366543451533,3446.790950562618,0.9231503387115482,1461.3093110709178,1984.5584891529888,-1207.2130365338476
1,14,25,1,2629.2187845000035,1167.7105440000064,0.0,3796.92932850001,3431.9262804750083,0.9231503387115491,1458.6469821000037,1972.3561480362932,-1178.5930000965054
1,14,26,1,2720.733627266255,1081.5789272788245,0.0,3802.3125545450794,3449.960087726002,0.9231503387115482,1461.8769177270465,1987.160019660244,-1213.3148080872293
1,14,27,1,2960.706672000005,855.7219439999928,0.0,3816.4286159999974,3497.248893599999,0.9231503387115461,1470.3465545999995,2025.9791886612882,-1304.363404471504
1,14,28,1,3366.126224999991,474.150600000009,0.0,3840.276825,3577.140393749998,0.923150338711547,1484.65548,2091.561763411287,-1458.1843525214995
1,14,29,1,3545.1561914999993,305.65180800000024,0.0,3850.8079994999994,3612.4198283249993,0.9231503387115466,1490.9741847,2120.522493286288,-1526.1104280465024
1,14,30,1,3639.00140927183,217.32689715592377,0.0,3856.328306427754,3630.9128565329775,0.9231503387115467,1494.2863688566526,2135.7033373376134,-1561.7164077305206
1,14,31,1,3673.351142999999,184.99773599999986,0.0,3858.3488789999988,3637.6817746499987,0.9231503387115467,1495.4987123999997,2141.2599119112874,-1574.7491008215025
1,14,32,1,3639.0014092718293,217.32689715592397,0.0,3856.3283064277534,3630.912856532977,0.9231503387115464,1494.2863688566526,2135.703337337613,-1561.7164077305206
1,14,33,1,3545.156191499999,305.65180800000235,0.0,3850.807999500001,3612.4198283250007,0.9231503387115473,1490.9741847000007,2120.5224932862884,-1526.1104280465024
1,14,34,1,3365.802247499999,474.4555200000017,0.0,3840.2577675000007,3577.076551125,0.923150338711547,1484.6440455000004,2091.509355286288,-1458.0614316465026
1,14,35,1,2974.926339000003,842.3387279999968,0.0,3817.2650669999994,3500.05100445,0.9231503387115464,1470.8484251999998,2028.279428911289,-1309.7585134215046
1,14,36,1,2715.7915283596312,1086.2303144850591,0.0,3802.0218428446906,3448.986203529697,0.9231503387115484,1461.7024907068126,1986.360562484173,-1211.4397176197162
1,14,37,1,2670.0222780000036,1129.3072560000053,0.0,3799.3295340000086,3439.9669689000075,0.9231503387115491,1460.0871054000036,1978.9567131612926,-1194.0743255715047
1,14,38,1,2684.9373965485133,1115.2694973661078,0.0,3800.206893914621,3442.906124613974,0.9231503387115474,1460.6135213487723,1981.3694529264903,-1199.7332970207917
1,14,39,1,2938.4523630000017,876.6671759999967,0.0,3815.1195389999984,3492.863485649999,0.9231503387115464,1469.5611083999995,2022.379226911288,-1295.9198578215032
1,14,40,1,3365.743342499998,474.51096000000246,0.0,3840.2543025000004,3577.064943375,0.9231503387115471,1484.6419665000003,2091.4998265362883,-1458.0390823965026
1,14,41,1,3545.1561914999997,305.6518080000018,0.0,3850.8079995000016,3612.419828325001,0.9231503387115474,1490.9741847000007,2120.5224932862893,-1526.1104280465024
1,14,42,1,3639.00140927183,217.3268971559238,0.0,3856.328306427754,3630.9128565329775,0.9231503387115467,1494.2863688566529,2135.7033373376134,-1561.7164077305201
1,14,43,1,3673.351143000001,184.99773599999838,0.0,3858.348878999999,3637.6817746499996,0.9231503387115466,1495.4987123999997,2141.2599119112883,-1574.7491008215034
1,14,44,1,3639.0014092718297,217.3268971559237,0.0,3856.3283064277534,3630.912856532977,0.9231503387115466,1494.2863688566526,2135.703337337613,-1561.7164077305197
1,14,45,1,3545.1561914999993,305.6518080000013,0.0,3850.8079995000007,3612.4198283250003,0.9231503387115471,1490.9741847000003,2120.5224932862884,-1526.1104280465024
1,14,46,1,3364.3885274999984,475.7860800000028,0.0,3840.174607500001,3576.7979651250007,0.9231503387115471,1484.5941495000002,2091.280665286289,-1457.5250496465032
1,14,47,1,2956.294687500008,859.874399999992,0.0,3816.1690875,3496.379473125001,0.9231503387115467,1470.1908374999998,2025.2654852862897,-1302.689445646506
1,14,48,1,2699.4162616641224,1101.642330198477,0.0,3801.0585918625993,3445.7593127396976,0.9231503387115477,1461.1245401175588,1983.7116222834275,-1205.2267487852437
2,1,1,1,764.5869,0.0,0.0,764.5869,726.3575549999999,0.17621824935589664,296.83962,429.341716750644,-325.8682370424182
2,1,2,1,764.5869,0.0,0.0,764.5869,726.3575549999999,0.17621824935589664,296.83962,429.341716750644,-325.8682370424182
2,1,3,1,764.5869,0.0,0.0,764.5869,726.3575549999999,0.17621824935589664,296.83962,429.341716750644,-325.8682370424182
2,1,4,1,764.5869,0.0,0.0,764.5869,726.3575549999999,0.17621824935589664,296.83961999999997,429.3417167506441,-325.8682370424182
2,1,5,1,764.5869,0.0,0.0,764.5869,726.3575549999999,0.17621824935589664,296.83962,429.341716750644,-325.8682370424182
2,1,6,1,764.5869,0.0,0.0,764.5869,726.3575549999999,0.17621824935589664,296.83962,429.341716750644,-325.8682370424182
2,1,7,1,764.5869,0.0,0.0,764.5869,726.3575549999999,0.17621824935589664,296.83962,429.341716750644,-325.8682370424182
2,1,8,1,764.5869,0.0,0.0,764.5869,726.3575549999999,0.17621824935589664,296.83962,429.341716750644,-325.8682370424182
2,1,9,1,764.5869,0.0,0.0,764.5869,726.3575549999999,0.17621824935589664,296.83962,429.341716750644,-325.8682370424182
2,1,10,1,764.5869,0.0,0.0,764.5869,726.3575549999999,0.17621824935589664,296.83961999999997,429.3417167506441,-325.8682370424182
2,1,11,1,764.5869,0.0,0.0,764.5869,726.3575549999999,0.17621824935589664,296.83962,429.341716750644,-325.8682370424182
2,1,12,1,764.5869,0.0,0.0,764.5869,726.3575549999999,0.17621824935589664,296.83962,429.341716750644,-325.8682370424182
2,1,13,1,764.5869,0.0,0.0,764.5869,726.3575549999999,0.17621824935589664,296.83962,429.341716750644,-325.8682370424182
2,1,14,1,764.5869,0.0,0.0,764.5869,726.3575549999999,0.17621824935589664,296.83962,429.341716750644,-325.8682370424182
2,1,15,1,764.5869,0.0,0.0,764.5869,726.3575549999999,0.17621824935589664,296.83962,429.341716750644,-325.8682370424182
2,1,16,1,764.5869,0.0,0.0,764.5869,726.3575549999999,0.17621824935589664,296.83961999999997,429.3417167506441,-325.8682370424182
2,1,17,1,764.5869,0.0,0.0,764.5869,726.3575549999999,0.17621824935589664,296.83962,429.341716750644,-325.8682370424182
2,1,18,1,764.5869,0.0,0.0,764.5869,726.3575549999999,0.17621824935589664,296.83962,429.341716750644,-325.8682370424182
2,1,19,1,764.5869,0.0,0.0,764.5869,726.3575549999999,0.17621824935589664,296.83962,429.341716750644,-325.8682370424182
2,1,20,1,764.5869,0.0,0.0,764.5869,726.3575549999999,0.17621824935589664,296.83962,429.341716750644,-325.8682370424182
2,1,21,1,764.5869,0.0,0.0,764.5869,726.3575549999999,0.17621824935589664,296.83962,429.341716750644,-325.8682370424182
2,1,22,1,764.5869,0.0,0.0,764.5869,726.3575549999999,0.17621824935589664,296.83961999999997,429.3417167506441,-325.8682370424182
2,1,23,1,764.5869,0.0,0.0,764.5869,726.3575549999999,0.17621824935589664,296.83962,429.341716750644,-325.8682370424182
2,1,24,1,764.5869,0.0,0.0,764.5869,726.3575549999999,0.17621824935589664,296.83962,429.341716750644,-325.8682370424182
2,1,25,1,764.5869,0.0,0.0,764.5869,726.3575549999999,0.17621824935589664,296.83962,429.341716750644,-325.8682370424182
2,1,26,1,764.5869,0.0,0.0,764.5869,726.3575549999999,0.17621824935589664,296.83962,429.341716750644,-325.8682370424182
2,1,27,1,764.5869,0.0,0.0,764.5869,726.3575549999999,0.17621824935589664,296.83962,429.341716750644,-325.8682370424182
2,1,28,1,764.5869,0.0,0.0,764.5869,726.3575549999999,0.17621824935589664,296.83961999999997,429.3417167506441,-325.8682370424182
2,1,29,1,764.5869,0.0,0.0,764.5869,726.3575549999999,0.17621824935589664,296.83962,429.341716750644,-325.8682370424182
2,1,30,1,764.5869,0.0,0.0,764.5869,726.3575549999999,0.17621824935589664,296.83962,429.341716750644,-325.8682370424182
2,1,31,1,764.5869,0.0,0.0,764.5869,726.3575549999999,0.17621824935589664,296.83962,429.341716750644,-325.8682370424182
2,1,32,1,764.5869,0.0,0.0,764.5869,726.3575549999999,0.17621824935589664,296.83962,429.341716750644,-325.8682370424182
2,1,33,1,764.5869,0.0,0.0,764.5869,726.3575549999999,0.17621824935589664,296.83962,429.341716750644,-325.8682370424182
2,1,34,1,764.5869,0.0,0.0,764.5869,726.3575549999999,0.17621824935589664,296.83961999999997,429.3417167506441,-325.8682370424182
2,1,35,1,764.5869,0.0,0.0,764.5869,726.3575549999999,0.17621824935589664,296.8396200000001,429.34171675064397,-325.86823704241806
2,1,36,1,764.5869,0.0,0.0,764.5869,726.3575549999999,0.17621824935589664,296.83962,429.341716750644,-325.8682370424182
2,1,37,1,764.5869,0.0,0.0,764.5869,726.3575549999999,0.17621824935589664,296.83962,429.341716750644,-325.8682370424182
2,1,38,1,764.5869,0.0,0.0,764.5869,726.3575549999999,0.17621824935589664,296.83962,429.341716750644,-325.8682370424182
2,1,39,1,764.5869,0.0,0.0,764.5869,726.3575549999999,0.17621824935589664,296.8396200000001,429.34171675064397,-325.86823704241806
2,1,40,1,764.5869,0.0,0.0,764.5869,726.3575549999999,0.17621824935589664,296.83961999999997,429.3417167506441,-325.8682370424182
2,1,41,1,764.5869,0.0,0.0,764.5869,726.3575549999999,0.17621824935589664,296.83962,429.341716750644,-325.8682370424182
2,1,42,1,764.5869,0.0,0.0,764.5869,726.3575549999999,0.17621824935589664,296.83962,429.341716750644,-325.8682370424182
2,1,43,1,764.5869,0.0,0.0,764.5869,726.3575549999999,0.17621824935589664,296.83962,429.341716750644,-325.8682370424182
2,1,44,1,764.5869,0.0,0.0,764.5869,726.3575549999999,0.17621824935589664,296.83962,429.341716750644,-325.8682370424182
2,1,45,1,764.5869,0.0,0.0,764.5869,726.3575549999999,0.17621824935589664,296.83962,429.341716750644,-325.8682370424182
2,1,46,1,764.5869,0.0,0.0,764.5869,726.3575549999999,0.17621824935589664,296.83961999999997,429.3417167506441,-325.8682370424182
2,1,47,1,764.5869,0.0,0.0,764.5869,726.3575549999999,0.17621824935589664,296.83962,429.341716750644,-325.8682370424182
2,1,48,1,764.5869,0.0,0.0,764.5869,726.3575549999999,0.17621824935589664,296.83962,429.341716750644,-325.8682370424182
2,4,1,1,2841.4829519999985,1721.3011200000067,313.2585224999934,4876.042594499998,4248.741887775001,0.9881760673051482,1903.1927606999989,2344.5609510076965,-1267.4836278214761
2,4,2,1,3048.7864871519973,1912.4408120647345,236.2306334562278,5197.45793267296,4556.22666084711,1.0777466989520077,2017.3522689040449,2537.7966452441133,-1372.534243578073
2,4,3,1,2899.580953500046,2179.9590119999534,627.1108593749998,5706.650824874999,4843.480088081256,1.239363916758268,2252.5789844250003,2589.6617397394975,-1285.6076740304652
2,4,4,1,3723.473407499998,1795.2580799999996,580.6387125000034,6099.370200000001,5292.8574929999995,1.3409426287950539,2405.254005000001,2886.262545371203,-1621.9574188080705
2,4,5,1,3651.167520000005,1852.6939200000013,590.5919250000054,6094.453365000011,5275.589838750009,1.340942628795057,2403.630999000005,2870.617897121209,-1593.0639099330738
2,4,6,1,4038.99070576561,1489.4471847081966,588.938810719349,6117.376701193156,5352.515264139529,1.3409426287950525,2417.1645854784742,2934.0097360322593,-1740.4510459994217
2,4,7,1,3819.2823900000553,1776.752207999943,513.4506300000013,6109.485228,5332.1178834000075,1.3409426287950523,2402.3646108000007,2928.4123299712114,-1668.1627260330943
2,4,8,1,3692.4996967725056,1740.4810759330207,659.3218985723454,6092.302671277872,5262.886616895086,1.340942628795053,2411.5045792430365,2850.0410950232545,-1598.6654279375198
2,4,9,1,3495.08546887505,1969.6057919999591,618.7065018750009,6083.39776275001,5236.304405062515,1.340942628795056,2400.7462479000046,2834.217214533715,-1529.7210722018408
2,4,10,1,3740.2171537499944,1682.1604800000002,671.8938187500065,6094.271452500001,5268.476280374998,1.340942628795054,2414.362104000001,2852.7732337462016,-1614.9261108705696
2,4,11,1,2658.736080000046,1446.374159999996,0.0,4105.110240000042,3682.898604000041,0.7581074163065479,1574.6054940000163,2107.535002583718,-1205.3069893476613
2,4,12,1,2470.2808360071817,1623.743801405007,0.0,4094.024637412189,3645.761835330828,0.7581074163065389,1567.954132447313,2077.0495954672083,-1133.8048526562493
2,4,13,1,2438.054387999998,1654.074576000005,0.0,4092.128964000003,3639.411329400002,0.7581074163065394,1566.8167284000015,2071.836493583694,-1121.5777591476412
2,4,14,1,2472.667251388365,1621.497763399188,0.0,4094.165014787553,3646.232099538297,0.7581074163065391,1568.0383588725313,2077.435633249459,-1134.7102867273456
2,4,15,1,2658.7360800000456,1446.3741599999955,0.0,4105.110240000041,3682.89860400004,0.7581074163065481,1574.6054940000163,2107.535002583717,-1205.3069893476609
2,4,16,1,2921.393475000045,1313.0963999999503,0.0,4234.489874999996,3825.800921250003,0.791666068952461,1626.5992049999988,2198.4100501810517,-1310.619603336239
2,4,17,1,3378.826143000047,1304.0264159999533,0.0,4682.852559000001,4253.1059686500075,0.9158085883754978,1800.789467400001,2451.400692661631,-1505.102850196913
2,4,18,1,3743.777569571739,1525.6297863045702,0.0,5269.407355876309,4777.092520136808,1.0822589852824775,2025.5777556979476,2750.4325054535784,-1671.6298761497583
2,4,19,1,3868.5092985000565,1622.8840319999485,0.0,5491.393330500005,4973.391059175013,1.1458530664303108,2110.473357300003,2861.7718488085793,-1729.6128091475184
2,4,20,1,3761.0552119278223,1509.368475851788,0.0,5270.42368777961,4780.497232012862,1.082258985282478,2026.187554839928,2753.2274181876514,-1678.1852169260364
2,4,21,1,3335.4190485000045,1344.8801519999954,0.0,4680.2992005,4244.552217675,0.9158085883754985,1799.2574522999998,2444.3789567866247,-1488.633687871897
2,4,22,1,2921.393475000045,1313.0963999999494,0.0,4234.489874999994,3825.800921250002,0.791666068952461,1626.5992049999986,2198.410050181051,-1310.6196033362376
2,4,23,1,2658.7360800000465,1446.3741599999967,0.0,4105.110240000044,3682.898604000041,0.7581074163065482,1574.6054940000167,2107.5350025837174,-1205.3069893476622
2,4,24,1,2463.1215898636333,1630.4819154224645,0.0,4093.603505286098,3644.3510427084234,0.7581074163065391,1567.7014531716584,2075.891482120458,-1131.0885504429612
2,4,25,1,2430.7972919999984,1660.904784000005,0.0,4091.702076000003,3637.9812546000026,0.7581074163065395,1566.5605956000009,2070.662551583695,-1118.8243315476425
2,4,26,1,2468.222193297127,1625.6813474850596,0.0,4093.9035407821866,3645.356161620318,0.7581074163065391,1567.8814744693111,2076.7165797346997,-1133.023779392729
2,4,27,1,2658.736080000046,1446.3741599999962,0.0,4105.110240000042,3682.898604000041,0.7581074163065482,1574.6054940000163,2107.535002583718,-1205.3069893476618
2,4,28,1,3042.4432499999916,1199.1672000000003,0.0,4241.610449999992,3849.6548474999922,0.791666068952461,1630.8715499999967,2217.991631431043,-1356.5473120862189
2,4,29,1,3279.9482100000464,1397.0879999999531,0.0,4677.036209999999,4233.621199500007,0.9158085883754978,1797.2996580000006,2435.4057329116304,-1467.587399146913
2,4,30,1,3740.875048469896,1528.361570871011,0.0,5269.236619340907,4776.52055274321,1.0822589852824775,2025.4753137767066,2749.962979981221,-1670.5286254964112
2,4,31,1,3865.7819970000546,1625.4509039999502,0.0,5491.232901000005,4972.853620350012,1.1458530664303104,2110.3770996000026,2861.3306676835787,-1728.5780388725188
2,4,32,1,3743.709192962046,1525.6941407607528,0.0,5269.403333722799,4777.079045922545,1.082258985282478,2025.5753424058412,2750.421444531422,-1671.6039332596101
2,4,33,1,3334.4471159999975,1345.7949120000003,0.0,4680.242027999998,4244.360689799998,0.9158085883754984,1799.2231487999993,2444.221732411623,-1488.2649252468932
2,4,34,1,3042.4432499999925,1199.1672000000003,0.0,4241.610449999993,3849.654847499993,0.7916660689524614,1630.8715499999976,2217.991631431043,-1356.5473120862184
2,4,35,1,2658.7360800000456,1446.3741599999962,0.0,4105.110240000042,3682.8986040000405,0.7581074163065481,1574.6054940000163,2107.5350025837174,-1205.3069893476618
2,4,36,1,2466.274099108406,1627.5148478979725,0.0,4093.7889470063783,3644.972272471364,0.7581074163065391,1567.8127182038268,2076.4014468512305,-1132.2846495387735
2,4,37,1,2420.8187849999963,1670.296320000007,0.0,4091.1151050000035,3636.0149017500016,0.7581074163065394,1566.2084130000012,2069.0483813336937,-1115.0383685976408
2,4,38,1,2467.832574459382,1626.0480475676427,0.0,4093.880622027025,3645.2793837905274,0.7581074163065391,1567.8677232162145,2076.653553158006,-1132.875953421937
2,4,39,1,2658.7360800000456,1446.374159999997,0.0,4105.110240000043,3682.898604000041,0.7581074163065484,1574.6054940000167,2107.5350025837174,-1205.3069893476618
2,4,40,1,2921.3934750000453,1313.0963999999499,0.0,4234.489874999996,3825.800921250003,0.7916660689524612,1626.5992049999988,2198.4100501810517,-1310.619603336239
2,4,41,1,3353.1082199999955,1328.2315200000003,0.0,4681.339739999996,4248.038024999996,0.9158085883754981,1799.8817759999988,2447.240440411622,-1495.3451676468922
2,4,42,1,3755.8714074960853,1514.2473506110687,0.0,5270.118758107154,4779.475717610136,1.0822589852824778,2026.004597036455,2752.3888615883984,-1676.2184205387002
2,4,43,1,3879.2535705000573,1612.7717759999466,0.0,5492.025346500004,4975.508312775011,1.1458530664303102,2110.8525669000023,2863.5098928085786,-1733.6893123475184
2,4,44,1,3756.6499335885865,1513.5146201710693,0.0,5270.164553759656,4779.629133046013,1.0822589852824784,2026.0320744279554,2752.514799632775,-1676.5138024973257
2,4,45,1,3374.744026500044,1307.8684079999575,0.0,4682.612434500002,4252.301551575008,0.9158085883754982,1800.6453927000011,2450.740350286631,-1503.5540471719119
2,4,46,1,3042.4432499999903,1199.1672000000003,0.0,4241.610449999991,3849.654847499991,0.7916660689524607,1630.8715499999967,2217.9916314310417,-1356.547312086217
2,4,47,1,2658.736080000046,1446.3741599999962,0.0,4105.110240000042,3682.898604000041,0.7581074163065481,1574.6054940000163,2107.535002583718,-1205.3069893476618
2,4,48,1,2468.2221932971274,1625.6813474850594,0.0,4093.9035407821866,3645.3561616203183,0.7581074163065391,1567.8814744693113,2076.7165797347,-1133.0237793927295
2,7,1,1,1121.4333900000063,103.92227999999396,0.0,1225.3556700000001,1148.499544500001,0.20312455403364818,474.35087700000025,673.9455429459672,-483.2174928536298
2,7,2,1,1131.4322671386346,94.51157210481433,0.0,1225.943839243449,1150.4699114655543,0.20312455403364818,474.70377854606943,675.5630083654513,-487.011184473874
2,7,3,1,1158.7497075000067,68.80103999999356,0.0,1227.5507475000002,1155.8530541250013,0.20312455403364818,475.66792350000026,679.9820060709675,-497.3757427286299
2,7,4,1,1196.066025000007,33.67979999999334,0.0,1229.7458250000002,1163.2065637500011,0.20312455403364818,476.98497000000026,686.0184691959673,-511.53399260362994
2,7,5,1,1231.8508124999998,0.0,0.0,1231.8508124999998,1170.2582718749998,0.20304263774970469,478.24796249999997,691.8072667372502,-525.1112575476252
2,7,6,1,1231.8508124999998,0.0,0.0,1231.8508124999998,1170.2582718749998,0.20158152161013138,478.24796249999997,691.8087278533898,-525.1129621831213
2,7,7,1,1231.8508124999998,0.0,0.0,1231.8508124999998,1170.2582718749998,0.20104671598516816,478.24796249999997,691.8092626590147,-525.1135861230172
2,7,8,1,1231.8508124999998,0.0,0.0,1231.8508124999998,1170.2582718749998,0.20158152161013138,478.24796249999997,691.8087278533898,-525.1129621831213
2,7,9,1,1231.8508124999998,0.0,0.0,1231.8508124999998,1170.2582718749998,0.20304263774970469,478.24796249999997,691.8072667372502,-525.1112575476252
2,7,10,1,1196.066025000007,33.67979999999334,0.0,1229.7458250000002,1163.2065637500011,0.20312455403364818,476.98497000000026,686.0184691959673,-511.53399260362994
2,7,11,1,1158.7497075000067,68.80103999999356,0.0,1227.5507475000002,1155.8530541250013,0.20312455403364818,475.66792350000026,679.9820060709675,-497.3757427286299
2,7,12,1,1131.4322671386346,94.51157210481433,0.0,1225.943839243449,1150.4699114655543,0.20312455403364818,474.70377854606943,675.5630083654513,-487.011184473874
2,7,13,1,1121.4333900000063,103.92227999999396,0.0,1225.3556700000001,1148.499544500001,0.20312455403364818,474.35087700000025,673.9455429459672,-483.2174928536298
2,7,14,1,1131.4322671386346,94.51157210481433,0.0,1225.943839243449,1150.4699114655543,0.20312455403364818,474.70377854606943,675.5630083654513,-487.011184473874
2,7,15,1,1158.7497075000067,68.80103999999356,0.0,1227.5507475000002,1155.8530541250013,0.20312455403364818,475.66792350000026,679.9820060709675,-497.3757427286299
2,7,16,1,1196.066025000007,33.67979999999334,0.0,1229.7458250000002,1163.2065637500011,0.20312455403364818,476.98497000000026,686.0184691959673,-511.53399260362994
2,7,17,1,1231.8508124999998,0.0,0.0,1231.8508124999998,1170.2582718749998,0.20304263774970469,478.24796249999997,691.8072667372502,-525.1112575476252
2,7,18,1,1231.8508124999998,0.0,0.0,1231.8508124999998,1170.2582718749998,0.20158152161013138,478.24796249999997,691.8087278533898,-525.1129621831213
2,7,19,1,1231.8508124999998,0.0,0.0,1231.8508124999998,1170.2582718749998,0.20104671598516816,478.24796249999997,691.8092626590147,-525.1135861230172
2,7,20,1,1231.8508124999998,0.0,0.0,1231.8508124999998,1170.2582718749998,0.20158152161013138,478.24796249999997,691.8087278533898,-525.1129621831213
2,7,21,1,1231.8508124999998,0.0,0.0,1231.8508124999998,1170.2582718749998,0.20304263774970469,478.24796249999997,691.8072667372502,-525.1112575476252
2,7,22,1,1196.066025000007,33.67979999999334,0.0,1229.7458250000002,1163.2065637500011,0.20312455403364818,476.98497000000026,686.0184691959673,-511.53399260362994
2,7,23,1,1158.7497075000067,68.80103999999356,0.0,1227.5507475000002,1155.8530541250013,0.20312455403364818,475.66792350000026,679.9820060709675,-497.3757427286299
2,7,24,1,1131.4322671386346,94.51157210481433,0.0,1225.943839243449,1150.4699114655543,0.20312455403364818,474.70377854606943,675.5630083654513,-487.011184473874
2,7,25,1,1121.4333900000063,103.92227999999396,0.0,1225.3556700000001,1148.499544500001,0.20312455403364818,474.35087700000025,673.9455429459672,-483.2174928536298
2,7,26,1,1131.4322671386346,94.51157210481433,0.0,1225.943839243449,1150.4699114655543,0.20312455403364818,474.70377854606943,675.5630083654513,-487.011184473874
2,7,27,1,1158.7497075000067,68.80103999999356,0.0,1227.5507475000002,1155.8530541250013,0.20312455403364818,475.66792350000026,679.9820060709675,-497.3757427286299
2,7,28,1,1196.066025000007,33.67979999999334,0.0,1229.7458250000002,1163.2065637500011,0.20312455403364818,476.98497000000026,686.0184691959673,-511.53399260362994
2,7,29,1,1231.8508124999998,0.0,0.0,1231.8508124999998,1170.2582718749998,0.20304263774970469,478.24796249999997,691.8072667372502,-525.1112575476252
2,7,30,1,1231.8508124999998,0.0,0.0,1231.8508124999998,1170.2582718749998,0.20158152161013138,478.24796249999997,691.8087278533898,-525.1129621831213
2,7,31,1,1231.8508124999998,0.0,0.0,1231.8508124999998,1170.2582718749998,0.20104671598516816,478.24796249999997,691.8092626590147,-525.1135861230172
2,7,32,1,1231.8508124999998,0.0,0.0,1231.8508124999998,1170.2582718749998,0.20158152161013138,478.24796249999997,691.8087278533898,-525.1129621831213
2,7,33,1,1231.8508124999998,0.0,0.0,1231.8508124999998,1170.2582718749998,0.20304263774970469,478.24796249999997,691.8072667372502,-525.1112575476252
2,7,34,1,1196.066025000007,33.67979999999334,0.0,1229.7458250000002,1163.2065637500011,0.20312455403364818,476.98497000000026,686.0184691959673,-511.53399260362994
2,7,35,1,1158.7497075000067,68.80103999999356,0.0,1227.5507475000002,1155.8530541250013,0.20312455403364818,475.66792350000026,679.9820060709675,-497.3757427286299
2,7,36,1,1131.4322671386346,94.51157210481433,0.0,1225.943839243449,1150.4699114655543,0.20312455403364818,474.70377854606943,675.5630083654513,-487.011184473874
2,7,37,1,1121.4333900000063,103.92227999999396,0.0,1225.3556700000001,1148.499544500001,0.20312455403364818,474.35087700000025,673.9455429459672,-483.2174928536298
2,7,38,1,1131.4322671386346,94.51157210481433,0.0,1225.943839243449,1150.4699114655543,0.20312455403364818,474.70377854606943,675.5630083654513,-487.011184473874
2,7,39,1,1158.7497075000067,68.80103999999356,0.0,1227.5507475000002,1155.8530541250013,0.20312455403364818,475.66792350000026,679.9820060709675,-497.3757427286299
2,7,40,1,1196.066025000007,33.67979999999334,0.0,1229.7458250000002,1163.2065637500011,0.20312455403364818,476.98497000000026,686.0184691959673,-511.53399260362994
2,7,41,1,1231.8508124999998,0.0,0.0,1231.8508124999998,1170.2582718749998,0.20304263774970469,478.24796249999997,691.8072667372502,-525.1112575476252
2,7,42,1,1231.8508124999998,0.0,0.0,1231.8508124999998,1170.2582718749998,0.20158152161013138,478.24796249999997,691.8087278533898,-525.1129621831213
2,7,43,1,1231.8508124999998,0.0,0.0,1231.8508124999998,1170.2582718749998,0.20104671598516816,478.24796249999997,691.8092626590147,-525.1135861230172
2,7,44,1,1231.8508124999998,0.0,0.0,1231.8508124999998,1170.2582718749998,0.20158152161013138,478.24796249999997,691.8087278533898,-525.1129621831213
2,7,45,1,1231.8508124999998,0.0,0.0,1231.8508124999998,1170.2582718749998,0.20304263774970469,478.24796249999997,691.8072667372502,-525.1112575476252
2,7,46,1,1196.066025000007,33.67979999999334,0.0,1229.7458250000002,1163.2065637500011,0.20312455403364818,476.98497000000026,686.0184691959673,-511.53399260362994
2,7,47,1,1158.7497075000067,68.80103999999356,0.0,1227.5507475000002,1155.8530541250013,0.20312455403364818,475.66792350000026,679.9820060709675,-497.3757427286299
2,7,48,1,1131.4322671386346,94.51157210481433,0.0,1225.943839243449,1150.4699114655543,0.20312455403364818,474.70377854606943,675.5630083654513,-487.011184473874
2,8,1,1,3924.745902000002,2906.5639680000013,1378.345815000005,8209.655685000007,6811.849979550006,1.4493231017525365,3293.6703030000035,3516.73035344825,-1688.7804055479546
2,8,2,1,3827.519207153612,3010.5766372432204,1366.6221977430662,8204.718042139899,6796.246765349194,1.4469909160484455,3289.1445683163465,3505.6552061167986,-1653.6136384274387
2,8,3,1,4735.639495124963,2617.558020000046,933.7945443749979,8286.992059500008,7106.490935775,1.4469714888553027,3280.798624950002,3824.245339336143,-2061.6465712775725
2,8,4,1,4653.023760000001,3059.761320000001,592.1251875000066,8304.910267500009,7193.850481125006,1.446971488855302,3245.993635500004,3946.4098741361463,-2080.4126950963346
2,8,5,1,5316.205702500001,2885.6104200000027,170.23111875000302,8372.047241250008,7452.510868687505,1.446971488855302,3230.023277250003,4221.040619948646,-2393.9095229713375
2,8,6,1,4965.236208709106,3200.8030858203797,184.41695965301375,8350.4562541825,7379.046194739112,1.4469714888553016,3218.960130463233,4158.639092787023,-2258.6669779750946
2,8,7,1,5344.291606499946,2937.432960000061,96.86580749999763,8378.590374000007,7480.299588299996,1.4469714888553011,3224.1671154000005,4254.68550141114,-2415.3258910213162
2,8,8,1,5353.813773678941,2939.654003751957,86.38166676583462,8379.849444196732,7485.356204717769,1.4469714888553016,3223.5246720868163,4260.3845611420975,-2420.4763872488684
2,8,9,1,5203.516019624955,2483.3086740000413,646.8210787500083,8333.645772375005,7285.738751156244,1.4469714888553025,3270.5277239250026,4013.7640557423856,-2281.253870727567
2,8,10,1,4567.68514125001,3066.455699999997,661.1479875000018,8295.288828750008,7156.096837312507,1.4469714888553022,3249.4238122500037,3905.2260535736477,-2037.9108751588392
2,8,11,1,4699.800220499965,3274.592706000006,349.4474156250337,8323.840342125004,7276.680452868739,1.4399380926791423,3224.9946440250055,4050.2458707510546,-2133.7611800251907
2,8,12,1,4602.83057885334,3738.602161079218,0.0,8341.432739932558,7363.5707787740475,1.451985987510508,3188.9570939595324,4173.161698827004,-2148.207988912849
2,8,13,1,4567.252189500004,3772.087704000005,0.0,8339.339893500008,7356.559743225007,1.4500389113466705,3187.701386100004,4167.4083182136565,-2134.711401011763
2,8,14,1,4612.065109534866,3729.91083808484,0.0,8341.975947619707,7365.390524525995,1.4519859875105086,3189.283018571822,4174.655519966662,-2151.711678494955
2,8,15,1,4802.224234499965,3550.937544000041,0.0,8353.161778500005,7402.863057974999,1.4550610814945248,3195.994517100001,4205.413479793503,-2223.8567000632456
2,8,16,1,5149.769624999954,3223.836000000051,0.0,8373.605625000006,7471.349943749998,1.4553480848268776,3208.2608250000017,4261.633770665168,-2355.719175151017
2,8,17,1,5301.826991999956,3080.7231840000504,0.0,8382.550176000006,7501.314189599998,1.4511348895944416,3213.627555600002,4286.235499110401,-2413.4164444954567
2,8,18,1,5278.3133941755,3102.853629011302,0.0,8381.167023186803,7496.680627675767,1.446971488855302,3212.7976639120807,4282.435992274831,-2404.4999661511574
2,8,19,1,5270.7251519999445,3109.9955040000605,0.0,8380.720656000005,7495.1852975999955,1.446971488855301,3212.529843600001,4281.208482511139,-2401.620897796315
2,8,20,1,5274.905508032349,3106.0610512636804,0.0,8380.96655929603,7496.009073641675,1.4469714888553016,3212.6773855776155,4281.884716575204,-2403.206974055669
2,8,21,1,5334.2188515,3050.2367280000085,0.0,8384.455579500009,7507.6972913250065,1.4511348895944414,3214.7707977000027,4291.475358735409,-2425.7062970704746
2,8,22,1,5172.654217499957,3202.297560000049,0.0,8374.951777500006,7475.859554624998,1.4553480848268776,3209.068516500002,4265.335690040169,-2364.4018587760193
2,8,23,1,4803.337538999964,3549.889728000043,0.0,8353.227267000006,7403.0824444499995,1.4550610814945248,3196.0338102000014,4205.593573168503,-2224.279100888246
2,8,24,1,4641.091842822037,3702.591559696915,0.0,8343.683402518951,7371.1104984384665,1.4519859875105081,3190.3074915113693,4179.351020939586,-2162.7247625950877
2,8,25,1,4569.190164000003,3770.2637280000054,0.0,8339.453892000009,7356.941638200007,1.450038911346671,3187.7697852000038,4167.721814088657,-2135.446691336764
2,8,26,1,4626.873315539193,3715.973703021945,0.0,8342.847018561137,7368.30861217979,1.4519859875105081,3189.80566113668,4177.050965055599,-2157.330086067186
2,8,27,1,4818.641057999963,3535.4864160000434,0.0,8354.127474000006,7406.098137899999,1.4550610814945248,3196.573934400002,4208.0691424185015,-2230.0854360382436
2,8,28,1,5022.240300000008,3343.863600000001,0.0,8366.10390000001,7446.219165000008,1.4553480848268778,3203.7597900000037,4241.004026915177,-2307.3330489010395
2,8,29,1,5398.890650999956,2989.3691520000493,0.0,8388.259803000004,7520.441440049997,1.4511348895944418,3217.0533318000016,4301.936973360401,-2450.243538645458
2,8,30,1,5287.603579061601,3094.1099255890904,0.0,8381.713504650692,7498.511340579793,1.446971488855302,3213.125552790413,4283.938816300524,-2408.0247715932364
2,8,31,1,5278.247320499948,3102.9158160000575,0.0,8381.163136500005,7496.667607274996,1.4469714888553011,3212.795331900001,4282.425303886139,-2404.474897021317
2,8,32,1,5280.800216275792,3100.5130905639685,0.0,8381.31330683976,7497.170677913176,1.4469714888553016,3212.8854341038545,4282.838272320467,-2405.4434957127396
2,8,33,1,5347.6963155000085,3037.552056000001,0.0,8385.248371500009,7510.353144525008,1.4511348895944414,3215.246472900003,4293.65553673541,-2430.819805470479
2,8,34,1,5047.481092500009,3320.1075599999995,0.0,8367.58865250001,7451.1930858750075,1.4553480848268778,3204.6506415000035,4245.087096290177,-2316.909702526039
2,8,35,1,4798.159789499961,3554.762904000045,0.0,8352.922693500006,7402.062123225,1.4550610814945253,3195.8510661000028,4204.755996043502,-2222.314601813241
2,8,36,1,4632.852603999021,3710.3461374126946,0.0,8343.198741411716,7369.486883729226,1.4519859875105086,3190.016694847028,4178.018202894687,-2159.5986984534147
2,8,37,1,4602.689437500006,3738.7350000000033,0.0,8341.424437500009,7363.542965625008,1.4500389113466707,3188.9521125000038,4173.140814213658,-2148.156709811764
2,8,38,1,4624.250432358147,3718.442298957046,0.0,8342.692731315194,7367.791749905877,1.4519859875105083,3189.7130887891144,4176.626675129251,-2156.334933330847
2,8,39,1,4816.290748499962,3537.6984720000437,0.0,8353.989220500007,7405.6349886749995,1.4550610814945248,3196.4909823000016,4207.688945293503,-2229.193700963243
2,8,40,1,5147.531234999956,3225.94272000005,0.0,8373.473955000005,7470.908849249998,1.4553480848268776,3208.1818230000017,4261.271678165169,-2354.869903651018
2,8,41,1,5322.426070500007,3061.335816000002,0.0,8383.76188650001,7505.373419775009,1.4511348895944414,3214.3545819000037,4289.5677029854105,-2421.2319772204755
2,8,42,1,5274.591683807741,3106.356415239782,0.0,8380.948099047524,7495.947231809179,1.4469714888553014,3212.6663094285113,4281.8339508918125,-2403.087905452803
2,8,43,1,5269.317322499944,3111.3205200000616,0.0,8380.637842500006,7494.907872374995,1.4469714888553014,3212.4801555000013,4280.980745386139,-2401.0867507213143
2,8,44,1,5260.437139941691,3119.678338878417,0.0,8380.11547882011,7493.15795404734,1.4469714888553016,3212.166737292063,4279.544245266422,-2397.717504985978
2,8,45,1,5305.131562499961,3077.6130000000458,0.0,8382.744562500007,7501.965384374998,1.4511348895944416,3213.744187500002,4286.770061985401,-2414.6702374204588
2,8,46,1,5024.007450000008,3342.2004000000006,0.0,8366.20785000001,7446.567397500008,1.4553480848268778,3203.8221600000043,4241.289889415177,-2308.0035264010385
2,8,47,1,4819.995872999962,3534.211296000044,0.0,8354.207169000005,7406.365116149998,1.4550610814945248,3196.621751400002,4208.288303668502,-2230.599468788243
2,8,48,1,4631.122635333372,3711.974343215658,0.0,8343.09697854903,7369.14597813923,1.4519859875105086,3189.9556371294157,4177.738355022303,-2158.942327989098
2,9,1,1,347.5395000000001,0.0,0.0,347.5395000000001,330.1625250000001,0.10217749736373104,134.92710000000005,195.13324750263627,-148.0961679197423
2,9,2,1,347.5395000000001,0.0,0.0,347.5395000000001,330.1625250000001,0.10217749736373104,134.92710000000005,195.13324750263627,-148.0961679197423
2,9,3,1,347.5395000000001,0.0,0.0,347.5395000000001,330.1625250000001,0.10217749736373104,134.92710000000005,195.13324750263627,-148.0961679197423
2,9,4,1,347.5395000000001,0.0,0.0,347.5395000000001,330.1625250000001,0.10217749736373107,134.92710000000005,195.13324750263627,-148.0961679197423
2,9,5,1,347.5395000000001,0.0,0.0,347.5395000000001,330.1625250000001,0.10217749736373104,134.92710000000005,195.13324750263627,-148.0961679197423
2,9,6,1,347.5395000000001,0.0,0.0,347.5395000000001,330.1625250000001,0.10217749736373104,134.92710000000005,195.13324750263627,-148.0961679197423
2,9,7,1,347.5395000000001,0.0,0.0,347.5395000000001,330.1625250000001,0.10217749736373104,134.92710000000005,195.13324750263627,-148.0961679197423
2,9,8,1,347.5395000000001,0.0,0.0,347.5395000000001,330.1625250000001,0.10217749736373104,134.92710000000005,195.13324750263627,-148.0961679197423
2,9,9,1,347.5395000000001,0.0,0.0,347.5395000000001,330.1625250000001,0.10217749736373104,134.92710000000005,195.13324750263627,-148.0961679197423
2,9,10,1,347.5395000000001,0.0,0.0,347.5395000000001,330.1625250000001,0.10217749736373104,134.92710000000005,195.13324750263627,-148.0961679197423
2,9,11,1,347.5395000000001,0.0,0.0,347.5395000000001,330.1625250000001,0.10217749736373104,134.92710000000005,195.13324750263627,-148.0961679197423
2,9,12,1,347.5395000000001,0.0,0.0,347.5395000000001,330.1625250000001,0.10217749736373104,134.92710000000005,195.13324750263627,-148.0961679197423
2,9,13,1,347.5395000000001,0.0,0.0,347.5395000000001,330.1625250000001,0.10217749736373104,134.92710000000005,195.13324750263627,-148.0961679197423
2,9,14,1,347.5395000000001,0.0,0.0,347.5395000000001,330.1625250000001,0.10217749736373104,134.92710000000005,195.13324750263627,-148.0961679197423
2,9,15,1,347.5395000000001,0.0,0.0,347.5395000000001,330.1625250000001,0.10217749736373104,134.92710000000005,195.13324750263627,-148.0961679197423
2,9,16,1,347.5395000000001,0.0,0.0,347.5395000000001,330.1625250000001,0.10217749736373104,134.92710000000005,195.13324750263627,-148.0961679197423
2,9,17,1,347.5395000000001,0.0,0.0,347.5395000000001,330.1625250000001,0.10217749736373107,134.92710000000005,195.13324750263627,-148.0961679197423
2,9,18,1,347.5395000000001,0.0,0.0,347.5395000000001,330.1625250000001,0.10217749736373104,134.92710000000005,195.13324750263627,-148.0961679197423
2,9,19,1,347.5395000000001,0.0,0.0,347.5395000000001,330.1625250000001,0.10217749736373107,134.92710000000005,195.13324750263627,-148.0961679197423
2,9,20,1,347.5395000000001,0.0,0.0,347.5395000000001,330.1625250000001,0.10217749736373104,134.92710000000005,195.13324750263627,-148.0961679197423
2,9,21,1,347.5395000000001,0.0,0.0,347.5395000000001,330.1625250000001,0.10217749736373107,134.92710000000005,195.13324750263627,-148.0961679197423
2,9,22,1,347.5395000000001,0.0,0.0,347.5395000000001,330.1625250000001,0.10217749736373104,134.92710000000005,195.13324750263627,-148.0961679197423
2,9,23,1,347.5395000000001,0.0,0.0,347.5395000000001,330.1625250000001,0.10217749736373107,134.92710000000005,195.13324750263627,-148.0961679197423
2,9,24,1,347.5395000000001,0.0,0.0,347.5395000000001,330.1625250000001,0.10217749736373104,134.92710000000005,195.13324750263627,-148.0961679197423
2,9,25,1,347.5395000000001,0.0,0.0,347.5395000000001,330.1625250000001,0.10217749736373104,134.92710000000005,195.13324750263627,-148.0961679197423
2,9,26,1,347.5395000000001,0.0,0.0,347.5395000000001,330.1625250000001,0.10217749736373104,134.92710000000005,195.13324750263627,-148.0961679197423
2,9,27,1,347.5395000000001,0.0,0.0,347.5395000000001,330.1625250000001,0.10217749736373107,134.92710000000005,195.13324750263627,-148.0961679197423
2,9,28,1,347.5395000000001,0.0,0.0,347.5395000000001,330.1625250000001,0.10217749736373104,134.92710000000005,195.13324750263627,-148.0961679197423
2,9,29,1,347.5395000000001,0.0,0.0,347.5395000000001,330.1625250000001,0.10217749736373104,134.92710000000005,195.13324750263627,-148.0961679197423
2,9,30,1,347.5395000000001,0.0,0.0,347.5395000000001,330.1625250000001,0.10217749736373104,134.92710000000005,195.13324750263627,-148.0961679197423
2,9,31,1,347.5395000000001,0.0,0.0,347.5395000000001,330.1625250000001,0.10217749736373104,134.92710000000005,195.13324750263627,-148.0961679197423
2,9,32,1,347.5395000000001,0.0,0.0,347.5395000000001,330.1625250000001,0.10217749736373104,134.92710000000005,195.13324750263627,-148.0961679197423
2,9,33,1,347.5395000000001,0.0,0.0,347.5395000000001,330.1625250000001,0.10217749736373104,134.92710000000005,195.13324750263627,-148.0961679197423
2,9,34,1,347.5395000000001,0.0,0.0,347.5395000000001,330.1625250000001,0.10217749736373107,134.92710000000005,195.13324750263627,-148.0961679197423
2,9,35,1,347.5395000000001,0.0,0.0,347.5395000000001,330.1625250000001,0.10217749736373104,134.92710000000005,195.13324750263627,-148.0961679197423
2,9,36,1,347.5395000000001,0.0,0.0,347.5395000000001,330.1625250000001,0.10217749736373104,134.92710000000005,195.13324750263627,-148.0961679197423
2,9,37,1,347.5395000000001,0.0,0.0,347.5395000000001,330.1625250000001,0.10217749736373104,134.92710000000005,195.13324750263627,-148.0961679197423
2,9,38,1,347.5395000000001,0.0,0.0,347.5395000000001,330.1625250000001,0.10217749736373107,134.92710000000005,195.13324750263627,-148.0961679197423
2,9,39,1,347.5395000000001,0.0,0.0,347.5395000000001,330.1625250000001,0.10217749736373104,134.92710000000005,195.13324750263627,-148.0961679197423
2,9,40,1,347.5395000000001,0.0,0.0,347.5395000000001,330.1625250000001,0.10217749736373104,134.92710000000005,195.13324750263627,-148.0961679197423
2,9,41,1,347.5395000000001,0.0,0.0,347.5395000000001,330.1625250000001,0.10217749736373104,134.92710000000005,195.13324750263627,-148.0961679197423
2,9,42,1,347.5395000000001,0.0,0.0,347.5395000000001,330.1625250000001,0.10217749736373107,134.92710000000005,195.13324750263627,-148.0961679197423
2,9,43,1,347.5395000000001,0.0,0.0,347.5395000000001,330.1625250000001,0.10217749736373104,134.92710000000005,195.13324750263627,-148.0961679197423
2,9,44,1,347.5395000000001,0.0,0.0,347.5395000000001,330.1625250000001,0.10217749736373104,134.92710000000005,195.13324750263627,-148.0961679197423
2,9,45,1,347.5395000000001,0.0,0.0,347.5395000000001,330.1625250000001,0.10217749736373104,134.92710000000005,195.13324750263627,-148.0961679197423
2,9,46,1,347.5395000000001,0.0,0.0,347.5395000000001,330.1625250000001,0.10217749736373107,134.92710000000005,195.13324750263627,-148.0961679197423
2,9,47,1,347.5395000000001,0.0,0.0,347.5395000000001,330.1625250000001,0.10217749736373104,134.92710000000005,195.13324750263627,-148.0961679197423
2,9,48,1,347.5395000000001,0.0,0.0,347.5395000000001,330.1625250000001,0.10217749736373104,134.92710000000005,195.13324750263627,-148.0961679197423
2,11,1,1,339.49896750000033,225.28044000000017,24.5841749999995,589.3635825,516.2696673750002,0.10670534490761072,228.41383949999997,287.74912253009256,-153.63133380594138
2,11,2,1,347.3433904485373,230.7322628848161,12.551541385010708,590.6271947183642,521.4653789957192,0.10662620770095448,227.56765568235326,293.791097105665,-158.37247875021785
2,11,3,1,368.77475250000015,223.9498799999999,0.0,592.7246325000001,529.495918875,0.1071917939739803,227.1525795,302.2361475810261,-168.34402253203052
2,11,4,1,398.05053750000025,196.3961999999998,0.0,594.4467375,535.264970625,0.10698331580267906,228.1858425,306.9721448091973,-179.4518430065636
2,11,5,1,427.32632250000023,168.8425199999998,0.0,596.1688425,541.0340223750001,0.10677483763137778,229.21910550000007,311.7081420373686,-190.55966348109678
2,11,6,1,448.757684551463,148.67182630450537,0.0,597.4295108559684,545.2572613674942,0.10662222101771626,229.97550651358105,315.1751326328954,-198.69115242980888
2,11,7,1,456.60210750000033,141.28883999999962,0.0,597.8909474999999,546.803074125,0.10656635946007656,230.2523685,316.4441392655399,-201.66748395562996
2,11,8,1,448.75768455146306,148.67182630450534,0.0,597.4295108559684,545.2572613674942,0.10662222101771626,229.97550651358102,315.17513263289544,-198.69115242980894
2,11,9,1,427.3263225000002,168.8425199999997,0.0,596.1688424999999,541.034022375,0.10677483763137777,229.21910549999998,311.7081420373686,-190.55966348109672
2,11,10,1,398.05053750000025,196.39619999999962,0.0,594.4467374999999,535.2649706249999,0.10698331580267904,228.18584249999998,306.97214480919723,-179.4518430065636
2,11,11,1,368.7747525000001,223.94987999999987,0.0,592.7246325,529.4959188749999,0.10719179397398029,227.1525795,302.236147581026,-168.3440225320304
2,11,12,1,347.3433904485373,230.732262884816,0.0,578.0756533333533,514.5620312339632,0.10417111097720107,221.3755619324146,293.08229819057146,-159.54682022566323
2,11,13,1,339.49896750000016,225.28044000000017,0.0,564.7794075000004,502.7483711250003,0.10118486396890641,216.28564650000015,286.3615397610312,-155.9322973670363
2,11,14,1,347.3433904485373,230.732262884816,0.0,578.0756533333533,514.5620312339632,0.10417111097720107,221.3755619324146,293.08229819057146,-159.54682022566328
2,11,15,1,368.77475250000015,223.9498799999998,0.0,592.7246325,529.4959188749999,0.10719179397398028,227.15257949999997,302.236147581026,-168.3440225320303
2,11,16,1,398.05053750000013,196.3961999999998,0.0,594.4467374999999,535.2649706249999,0.10698331580267906,228.18584250000004,306.9721448091972,-179.45184300656365
2,11,17,1,427.3263225000003,168.8425199999997,0.0,596.1688425,541.0340223750001,0.10677483763137781,229.2191055,311.70814203736865,-190.55966348109678
2,11,18,1,448.75768455146306,148.6718263045053,0.0,597.4295108559684,545.257261367494,0.10662222101771623,229.97550651358102,315.1751326328953,-198.69115242980894
2,11,19,1,456.6021075000004,141.2888399999996,0.0,597.8909475,546.8030741250001,0.10656635946007657,230.2523685,316.44413926554,-201.66748395563008
2,11,20,1,448.75768455146306,148.6718263045053,0.0,597.4295108559684,545.257261367494,0.10662222101771623,229.97550651358102,315.1751326328953,-198.69115242980894
2,11,21,1,427.3263225000003,168.84251999999972,0.0,596.1688425,541.0340223750001,0.10677483763137781,229.2191055,311.70814203736865,-190.55966348109672
2,11,22,1,398.0505375000002,196.39619999999974,0.0,594.4467374999999,535.2649706249999,0.10698331580267906,228.1858425,306.9721448091972,-179.4518430065637
2,11,23,1,368.77475250000015,223.94987999999984,0.0,592.7246325,529.4959188749999,0.10719179397398029,227.1525795,302.236147581026,-168.3440225320304
2,11,24,1,347.34339044853726,230.73226288481607,0.0,578.0756533333533,514.5620312339632,0.10417111097720107,221.3755619324146,293.08229819057146,-159.54682022566323
2,11,25,1,339.49896750000016,225.28044000000017,0.0,564.7794075000004,502.7483711250003,0.10118486396890641,216.2856465000001,286.3615397610313,-155.93229736703637
2,11,26,1,347.3433904485373,230.732262884816,0.0,578.0756533333533,514.5620312339632,0.10417111097720107,221.37556193241463,293.08229819057146,-159.54682022566323
2,11,27,1,368.7747525000002,223.94987999999984,0.0,592.7246325000001,529.495918875,0.10719179397398029,227.1525795,302.2361475810261,-168.3440225320304
2,11,28,1,398.05053750000025,196.3961999999998,0.0,594.4467375,535.264970625,0.10698331580267906,228.1858425,306.9721448091973,-179.4518430065636
2,11,29,1,427.3263225000003,168.8425199999997,0.0,596.1688425,541.0340223750001,0.10677483763137778,229.2191055,311.70814203736865,-190.55966348109678
2,11,30,1,448.75768455146306,148.67182630450532,0.0,597.4295108559684,545.2572613674942,0.10662222101771626,229.97550651358102,315.17513263289544,-198.69115242980894
2,11,31,1,456.60210750000033,141.2888399999996,0.0,597.8909474999999,546.803074125,0.10656635946007656,230.2523685,316.4441392655399,-201.66748395562996
2,11,32,1,448.75768455146306,148.67182630450532,0.0,597.4295108559684,545.2572613674942,0.10662222101771626,229.97550651358105,315.1751326328954,-198.69115242980894
2,11,33,1,427.32632250000023,168.84251999999975,0.0,596.1688425,541.034022375,0.10677483763137778,229.2191055,311.70814203736853,-190.55966348109678
2,11,34,1,398.0505375000002,196.3961999999998,0.0,594.4467374999999,535.2649706249999,0.10698331580267906,228.1858425,306.9721448091972,-179.45184300656365
2,11,35,1,368.7747525000001,223.94987999999984,0.0,592.7246324999999,529.4959188749999,0.10719179397398029,227.1525795,302.236147581026,-168.3440225320303
2,11,36,1,347.3433904485373,230.73226288481604,0.0,578.0756533333533,514.5620312339634,0.10417111097720107,221.3755619324146,293.0822981905716,-159.54682022566323
2,11,37,1,339.4989675000002,225.28044000000023,0.0,564.7794075000004,502.74837112500035,0.10118486396890643,216.28564650000015,286.3615397610313,-155.93229736703626
2,11,38,1,347.3433904485373,230.73226288481604,0.0,578.0756533333533,514.5620312339634,0.10417111097720105,221.3755619324146,293.0822981905716,-159.54682022566323
2,11,39,1,368.7747525000001,223.94987999999987,0.0,592.7246325,529.4959188749999,0.10719179397398028,227.1525795,302.236147581026,-168.3440225320303
2,11,40,1,398.05053750000025,196.39619999999974,0.0,594.4467374999999,535.264970625,0.10698331580267906,228.18584249999998,306.97214480919735,-179.45184300656365
2,11,41,1,427.32632250000034,168.84251999999964,0.0,596.1688425,541.0340223750001,0.10677483763137778,229.2191055,311.70814203736865,-190.5596634810969
2,11,42,1,448.75768455146306,148.67182630450537,0.0,597.4295108559684,545.2572613674942,0.10662222101771626,229.97550651358105,315.1751326328954,-198.69115242980888
2,11,43,1,456.60210750000033,141.2888399999996,0.0,597.8909474999999,546.803074125,0.10656635946007657,230.2523685,316.4441392655399,-201.66748395563002
2,11,44,1,448.75768455146306,148.6718263045053,0.0,597.4295108559684,545.257261367494,0.10662222101771626,229.97550651358102,315.1751326328953,-198.69115242980894
2,11,45,1,427.3263225000003,168.84251999999964,0.0,596.1688425,541.034022375,0.10677483763137781,229.21910549999998,311.7081420373686,-190.55966348109672
2,11,46,1,398.0505375000002,196.39619999999974,0.0,594.4467374999999,535.2649706249999,0.10698331580267906,228.1858425,306.9721448091972,-179.45184300656365
2,11,47,1,368.77475250000015,223.94987999999984,0.0,592.7246325,529.4959188749999,0.10719179397398028,227.1525795,302.236147581026,-168.34402253203046
2,11,48,1,347.3433904485373,230.732262884816,0.0,578.0756533333533,514.5620312339632,0.10417111097720107,221.3755619324146,293.08229819057146,-159.54682022566328
2,12,1,1,4351.106182500007,4075.7270399999993,1610.3154375000017,10037.148660000008,8279.805996000006,2.101862068029875,4012.072911000003,4265.631222931974,-1906.6568852123019
2,12,2,1,4587.339340127875,3883.822072030371,1581.7853235351695,10052.946735693415,8335.011958690122,2.1018620680298734,4017.7477412207386,4315.162355401353,-2000.4709411447766
2,12,3,1,4754.633412375007,4056.7665599999987,1272.0374493749962,10083.437421750003,8461.935586912503,2.101862068029873,3994.742436299999,4465.091288544474,-2109.3739685310557
2,12,4,1,5189.942834999998,3967.2586800000017,971.8545375000009,10129.056052500002,8638.772632875,2.101862068029873,3982.0892265000007,4654.58154430697,-2318.5623118372987
2,12,5,1,5649.584440500006,3926.5463160000004,604.4562562499981,10180.587012750004,8840.793212212506,2.1018620680298734,3964.0213651500017,4874.669984994474,-2546.8408257623014
2,12,6,1,6304.6618926177125,3909.8025392858544,42.144030344978155,10256.608462248545,9140.450046105248,2.101862068029843,3934.659271395144,5203.688912642075,-2877.8573776887115
2,12,7,1,6398.579186999901,3862.1499839999974,3.9500999999997823,10264.679270999899,9170.542769849902,2.101862068029841,3934.409232599961,5234.031675181912,-2919.092480537256
2,12,8,1,6262.575336640983,3919.9177301294517,69.79623537916045,10252.289302149595,9123.768683371034,2.1018620680298428,3935.754736006999,5185.912085296006,-2857.8335864768396
2,12,9,1,5917.902606000001,4212.363078000003,99.75171937500085,10230.017403375005,9046.761383756253,2.101862068029874,3926.385661275002,5118.273860413221,-2722.667226512298
2,12,10,1,5266.136452499991,4066.510140000006,811.5766312500061,10144.223223750003,8702.4048890625,2.101862068029873,3969.819141750001,4730.483885244469,-2370.9784929622947
2,12,11,1,5033.915271000008,4130.871821999996,871.8123199720927,10036.599412972097,8566.413741034656,2.0788588661552327,3933.514586902901,4630.8202952656,-2269.5659126420924
2,12,12,1,4391.215452539021,3443.851833709581,0.0,7835.067286248602,6926.736146879735,1.542293134671757,2996.269260391536,3928.924593353527,-2043.1174868072576
2,12,13,1,4112.028459000003,3277.4298479999984,0.0,7389.458307000001,6528.370914450002,1.4407316573686388,2825.4707712,3701.459411592633,-1915.8498345497383
2,12,14,1,4380.276339442364,3454.147469565257,0.0,7834.423809007621,6924.580498122451,1.5422931346717574,2995.8831740469486,3927.1550309408303,-2038.967058602937
2,12,15,1,4929.264648000004,3856.6226159999624,0.0,8785.887263999966,7768.099508399973,1.7662717558235541,3359.947991399987,4406.385245244162,-2292.956874418205
2,12,16,1,5504.524987499998,4276.641600000001,0.0,9781.1665875,8650.612018124999,2.0021950286650103,3740.7914774999995,4907.818345596335,-2559.014195174889
2,12,17,1,5936.304528000006,4280.1010559999995,0.0,10216.405584000006,9063.570146400005,2.0964034765609036,3909.7208304000023,5151.752912523442,-2743.2185327440147
2,12,18,1,6286.797843345188,3971.5693944985587,0.0,10258.367237843748,9149.713466776775,2.101862068029843,3930.095332706268,5217.516272002477,-2877.2606716800274
2,12,19,1,6422.918732999901,3843.4556159999947,0.0,10266.374348999896,9176.537289149901,2.10186206802984,3934.8995993999597,5239.5358276819115,-2928.9065386372567
2,12,20,1,6272.928087132257,3984.6232826989644,0.0,10257.55136983122,9146.980308934817,2.1018620680298423,3929.605811898752,5215.272634968035,-2871.9983229992395
2,12,21,1,5947.319763000004,4269.733776000002,0.0,10217.053539000006,9065.740795650005,2.0964034765609036,3910.109603400003,5153.5347887734415,-2747.3978424940124
2,12,22,1,5481.640394999995,4298.180040000003,0.0,9779.820434999998,8646.102407249997,2.00219502866501,3739.983786,4904.116426221332,-2550.331511549887
2,12,23,1,4928.522445000004,3857.32115999996,0.0,8785.843604999964,7767.953250749972,1.7662717558235541,3359.921795999987,4406.2651829941615,-2292.6752738682044
2,12,24,1,4361.1361841629505,3472.161733357646,0.0,7833.2979175205965,6920.808761640919,1.5422931346717568,2995.207639154733,3924.0588293515143,-2031.7050585116322
2,12,25,1,4116.687844500003,3273.044543999999,0.0,7389.732388500002,6529.289087475002,1.4407316573686386,2825.6352201,3702.213135717633,-1917.6176602247388
2,12,26,1,4370.2541080123,3463.5801579700214,0.0,7833.834265982321,6922.605528987702,1.542293134671757,2995.5294482317695,3925.5337876212607,-2035.1645060897654
2,12,27,1,4912.476723000007,3872.4230159999593,0.0,8784.899738999966,7764.791299649974,1.7662717558235541,3359.3554763999873,4403.669551494163,-2286.5873381682068
2,12,28,1,5507.705857499998,4273.6478400000005,0.0,9781.353697499999,8651.238836624998,2.00219502866501,3740.903743499999,4908.332898096334,-2560.22105467489
2,12,29,1,5936.758096500005,4279.674168000002,0.0,10216.432264500007,9063.659526075007,2.096403476560904,3909.7368387000033,5151.826283898444,-2743.3906219690143
2,12,30,1,6280.410179560931,3977.58131335433,0.0,10257.991492915262,9148.45472126635,2.101862068029843,3929.8698857491763,5216.482973449143,-2874.8371168912963
2,12,31,1,6418.123865999903,3847.968431999995,0.0,10266.092297999898,9175.592418299904,2.10186206802984,3934.73036879996,5238.760187431914,-2927.0873096872583
2,12,32,1,6284.37939785459,3973.8455784897087,0.0,10258.2249763443,9149.236890753627,2.101862068029843,3930.0099758066,5217.125052878998,-2876.3430850085933
2,12,33,1,5934.814231500005,4281.503688000002,0.0,10216.317919500007,9063.276470325007,2.096403476560903,3909.6682317000023,5151.511835148444,-2742.6530967190156
2,12,34,1,5485.351409999997,4294.687320000003,0.0,9780.03873,8646.833695499998,2.0021950286650103,3740.1147629999996,4904.7167374713335,-2551.7395142998894
2,12,35,1,4933.700194500005,3852.447983999959,0.0,8786.148178499963,7768.9735719749715,1.7662717558235534,3360.1045400999865,4407.102760119162,-2294.6397729432065
2,12,36,1,4366.904746707242,3466.73249802184,0.0,7833.637244729082,6921.945507789353,1.5422931346717568,2995.4112354798253,3924.9919791748553,-2033.893719006379
2,12,37,1,4095.4761540000013,3293.0084879999968,0.0,7388.484641999998,6525.109136699999,1.4407316573686384,2824.886572199999,3698.781832842631,-1909.5696952997368
2,12,38,1,4373.948442997143,3460.103136807818,0.0,7834.05157980496,6923.333530293539,1.5422931346717568,2995.6598365253517,3926.1314006335156,-2036.5661802457807
2,12,39,1,4914.084829500007,3870.9095039999606,0.0,8784.994333499968,7765.108191224976,1.7662717558235548,3359.412233099988,4403.929686369164,-2287.197472693206
2,12,40,1,5500.578352499998,4280.356080000001,0.0,9780.934432499998,8649.834298875,2.002195028665011,3740.6521844999993,4907.179919346336,-2557.516795424891
2,12,41,1,5940.062667000006,4276.563984000002,0.0,10216.626651000008,9064.310720850008,2.096403476560904,3909.8534706000028,5152.360846773445,-2744.6444148940154
2,12,42,1,6278.4257157886,3979.4490439635806,0.0,10257.874759752181,9148.063665170035,2.101862068029843,3929.799845851329,5216.161957250677,-2874.0841879894397
2,12,43,1,6413.582290499901,3852.2428559999935,0.0,10265.825146499894,9174.6974607749,2.10186206802984,3934.57007789996,5238.02552080691,-2925.364182512254
2,12,44,1,6291.801733562153,3966.859850764946,0.0,10258.6615843271,9150.699527496003,2.101862068029843,3930.271940596278,5218.325724831695,-2879.159206497643
2,12,45,1,5933.907094500005,4282.3574640000015,0.0,10216.264558500006,9063.097710975006,2.0964034765609036,3909.636215100002,5151.365092398443,-2742.3089182690164
2,12,46,1,5505.526372499996,4275.699120000001,0.0,9781.225492499998,8650.809349874997,2.00219502866501,3740.8268204999995,4907.980334346333,-2559.394132424889
2,12,47,1,4905.184284000006,3879.2864879999593,0.0,8784.470771999966,7763.354260199973,1.766271755823554,3359.098096199987,4402.489892244163,-2283.8205010182073
2,12,48,1,4361.572873938781,3471.7507312156886,0.0,7833.32360515447,6920.894815214393,1.5422931346717574,2995.223051735057,3924.129470344664,-2031.8707437501098
2,14,1,1,1342.6334460000007,253.32199199999886,0.0,1595.9554379999995,1478.1593672999998,0.38182570415913847,616.2534378,861.5241037958406,-584.8143117784809
2,14,2,1,1366.6133566865499,230.7526642950121,0.0,1597.366020981562,1482.8848202882318,0.3818257041591386,617.0997875889371,865.4032069951355,-593.9125720095542
2,14,3,1,1429.2650295000008,171.7863839999989,0.0,1601.0514134999996,1495.2308852249998,0.38182570415913847,619.3110230999999,875.5380364208407,-617.683353753481
2,14,4,1,1524.8148300000003,81.8571599999997,0.0,1606.67199,1514.0598165,0.38182570415913847,622.6833689999999,890.9946217958409,-653.9360721784815
2,14,5,1,1593.5805270000005,17.136503999999118,0.0,1610.7170309999997,1527.6107038499997,0.38182570415913847,625.1103936,902.1184845458406,-680.0265866284808
2,14,6,1,1611.7880625000962,0.0,0.0,1611.7880625000962,1531.1986593750912,0.38182570415916006,625.7530125000374,905.0638211708947,-686.9347398035218
2,14,7,1,1611.7880625000962,0.0,0.0,1611.7880625000962,1531.1986593750912,0.38182570415916006,625.7530125000374,905.0638211708947,-686.9347398035218
2,14,8,1,1611.7880625000962,0.0,0.0,1611.7880625000962,1531.1986593750912,0.38182570415916006,625.7530125000374,905.0638211708947,-686.9347398035218
2,14,9,1,1594.0340955000006,16.70961599999928,0.0,1610.7437114999998,1527.700083525,0.38182570415913847,625.1264019,902.1918559208409,-680.1986758534811
2,14,10,1,1517.2160849999998,89.00892000000032,0.0,1606.225005,1512.56241675,0.38182570415913863,622.4151780000001,889.7654130458408,-651.0530189284809
2,14,11,1,1426.6673190000008,174.23128799999904,0.0,1600.8986069999999,1494.71898345,0.38182570415913847,619.2193392,875.1178185458408,-616.6977518284812
2,14,12,1,1365.9315237204976,231.3943894395323,0.0,1597.3259131600298,1482.7504590860983,0.38182570415913863,617.0757228960179,865.2929104859213,-593.6538765606697
2,14,13,1,1342.633446000001,253.321991999999,0.0,1595.955438,1478.1593673,0.38182570415913847,616.2534377999999,861.5241037958409,-584.8143117784814
2,14,14,1,1365.2496907544453,232.03611458405163,0.0,1597.2858053384969,1482.6160978839644,0.3818257041591386,617.0516582030982,865.182613976707,-593.3951811117852
2,14,15,1,1428.8939280000013,172.13565599999856,0.0,1601.0295839999999,1495.1577564000002,0.38182570415913847,619.2979253999999,875.4780052958411,-617.5425534784818
2,14,16,1,1515.5667449999999,90.56123999999988,0.0,1606.1279849999996,1512.2373997499997,0.3818257041591384,622.3569659999999,889.4986080458406,-650.4272399284807
2,14,17,1,1593.580527000001,17.13650399999883,0.0,1610.717031,1527.61070385,0.38182570415913847,625.1103936,902.1184845458408,-680.0265866284815
2,14,18,1,1611.7880625000962,0.0,0.0,1611.7880625000962,1531.1986593750912,0.38182570415916006,625.7530125000374,905.0638211708947,-686.9347398035218
2,14,19,1,1611.7880625000962,0.0,0.0,1611.7880625000962,1531.1986593750912,0.38182570415916006,625.7530125000374,905.0638211708947,-686.9347398035218
2,14,20,1,1611.7880625000962,0.0,0.0,1611.7880625000962,1531.1986593750912,0.38182570415916006,625.7530125000374,905.0638211708947,-686.9347398035218
2,14,21,1,1593.5805270000005,17.1365039999991,0.0,1610.7170309999997,1527.6107038499997,0.38182570415913847,625.1103935999998,902.1184845458407,-680.0265866284813
2,14,22,1,1515.5667449999996,90.56123999999996,0.0,1606.1279849999996,1512.2373997499994,0.38182570415913847,622.356966,889.4986080458402,-650.4272399284807
2,14,23,1,1428.5228265000012,172.48492799999815,0.0,1601.0077544999995,1495.0846275749996,0.3818257041591384,619.2848276999998,875.4179741708406,-617.4017532034813
2,14,24,1,1364.9087742714191,232.35697715631153,0.0,1597.2657514277307,1482.5489172828973,0.3818257041591386,617.0396258566384,865.1274657220997,-593.265833387343
2,14,25,1,1343.2931820000008,252.70106399999884,0.0,1595.9942459999997,1478.2893740999998,0.38182570415913847,616.2767225999999,861.6308257958408,-585.0646233784812
2,14,26,1,1364.908774271419,232.35697715631176,0.0,1597.2657514277307,1482.5489172828973,0.3818257041591386,617.0396258566385,865.1274657220996,-593.265833387343
2,14,27,1,1429.2650295000005,171.7863839999986,0.0,1601.0514134999992,1495.2308852249994,0.3818257041591384,619.3110230999996,875.5380364208406,-617.683353753481
2,14,28,1,1518.865425,87.45660000000004,0.0,1606.322025,1512.8874337500001,0.3818257041591386,622.4733900000001,890.0322180458409,-651.6787979284809
2,14,29,1,1594.9412325000005,15.855839999999175,0.0,1610.7970724999998,1527.878842875,0.38182570415913847,625.1584185,902.3385986708407,-680.5428543034809
2,14,30,1,1611.7880625000962,0.0,0.0,1611.7880625000962,1531.1986593750912,0.38182570415916006,625.7530125000374,905.0638211708947,-686.9347398035218
2,14,31,1,1611.7880625000962,0.0,0.0,1611.7880625000962,1531.1986593750912,0.38182570415916006,625.7530125000374,905.0638211708947,-686.9347398035218
2,14,32,1,1611.7880625000962,0.0,0.0,1611.7880625000962,1531.1986593750912,0.38182570415916006,625.7530125000374,905.0638211708947,-686.9347398035218
2,14,33,1,1593.580527000001,17.136503999999256,0.0,1610.7170310000001,1527.6107038500002,0.3818257041591386,625.1103936000001,902.1184845458409,-680.0265866284815
2,14,34,1,1515.9790799999998,90.17315999999974,0.0,1606.1522399999997,1512.3186539999995,0.3818257041591384,622.3715189999999,889.5653092958404,-650.5836846784812
2,14,35,1,1428.5228265000012,172.4849279999986,0.0,1601.0077545,1495.084627575,0.38182570415913847,619.2848277,875.4179741708408,-617.4017532034813
2,14,36,1,1364.2269413053668,232.9987023008315,0.0,1597.2256436061984,1482.4145560807635,0.38182570415913863,617.015561163719,865.0171692128854,-593.0071379384583
2,14,37,1,1340.984106000001,254.87431199999904,0.0,1595.858418,1477.8343503,0.3818257041591386,616.1952258,861.2572987958409,-584.1885327784814
2,14,38,1,1364.2269413053668,232.9987023008315,0.0,1597.2256436061984,1482.4145560807635,0.38182570415913863,617.015561163719,865.0171692128854,-593.0071379384583
2,14,39,1,1430.0072325000008,171.08783999999895,0.0,1601.0950724999998,1495.377142875,0.38182570415913847,619.3372185,875.6580986708408,-617.9649543034814
2,14,40,1,1521.7517699999999,84.74004000000008,0.0,1606.49181,1513.4562134999999,0.38182570415913847,622.575261,890.4991267958408,-652.7739111784808
2,14,41,1,1594.9412325000008,15.855839999999127,0.0,1610.7970724999998,1527.8788428750001,0.38182570415913847,625.1584185,902.338598670841,-680.5428543034814
2,14,42,1,1611.7880625000962,0.0,0.0,1611.7880625000962,1531.1986593750912,0.38182570415916006,625.7530125000374,905.0638211708947,-686.9347398035218
2,14,43,1,1611.7880625000962,0.0,0.0,1611.7880625000962,1531.1986593750912,0.38182570415916006,625.7530125000374,905.0638211708947,-686.9347398035218
2,14,44,1,1611.7880625000962,0.0,0.0,1611.7880625000962,1531.1986593750912,0.38182570415916006,625.7530125000374,905.0638211708947,-686.9347398035218
2,14,45,1,1596.7555065000006,14.14828799999922,0.0,1610.9037944999998,1528.2363615749998,0.3818257041591386,625.2224517000001,902.6320841708406,-681.231211203481
2,14,46,1,1519.27776,87.06852000000069,0.0,1606.3462800000007,1512.9686880000004,0.3818257041591387,622.4879430000002,890.098919295841,-651.8352426784813
2,14,47,1,1435.2026535000005,166.1980319999992,0.0,1601.4006854999996,1496.4009464249998,0.3818257041591386,619.5205863,876.4985344208407,-619.9361581534811
2,14,48,1,1369.3406885507586,228.18576371693342,0.0,1597.526452267692,1483.4222650967674,0.38182570415913863,617.1960463606154,865.8443930319929,-594.947353805092
3,1,1,1,764.5869,0.0,0.0,764.5869,726.3575549999999,0.17621824935589664,296.83962,429.341716750644,-325.8682370424182
3,1,2,1,764.5869,0.0,0.0,764.5869,726.3575549999999,0.17621824935589664,296.83962,429.341716750644,-325.8682370424182
3,1,3,1,764.5869,0.0,0.0,764.5869,726.3575549999999,0.17621824935589664,296.83962,429.341716750644,-325.8682370424182
3,1,4,1,764.5869,0.0,0.0,764.5869,726.3575549999999,0.17621824935589664,296.83962,429.341716750644,-325.8682370424182
3,1,5,1,764.5869,0.0,0.0,764.5869,726.3575549999999,0.17621824935589664,296.83962,429.341716750644,-325.8682370424182
3,1,6,1,764.5869,0.0,0.0,764.5869,726.3575549999999,0.17621824935589664,296.83962,429.341716750644,-325.8682370424182
3,1,7,1,764.5869,0.0,0.0,764.5869,726.3575549999999,0.17621824935589664,296.8396200000001,429.34171675064397,-325.86823704241806
3,1,8,1,764.5869,0.0,0.0,764.5869,726.3575549999999,0.17621824935589664,296.83962,429.341716750644,-325.8682370424182
3,1,9,1,764.5869,0.0,0.0,764.5869,726.3575549999999,0.17621824935589664,296.83962,429.341716750644,-325.8682370424182
3,1,10,1,764.5869,0.0,0.0,764.5869,726.3575549999999,0.17621824935589664,296.83962,429.341716750644,-325.8682370424182
3,1,11,1,764.5869,0.0,0.0,764.5869,726.3575549999999,0.17621824935589664,296.83962,429.341716750644,-325.8682370424182
3,1,12,1,764.5869,0.0,0.0,764.5869,726.3575549999999,0.17621824935589664,296.83962,429.341716750644,-325.8682370424182
3,1,13,1,764.5869,0.0,0.0,764.5869,726.3575549999999,0.17621824935589664,296.83962,429.341716750644,-325.8682370424182
3,1,14,1,764.5869,0.0,0.0,764.5869,726.3575549999999,0.17621824935589664,296.83962,429.341716750644,-325.8682370424182
3,1,15,1,764.5869,0.0,0.0,764.5869,726.3575549999999,0.17621824935589664,296.83962,429.341716750644,-325.8682370424182
3,1,16,1,764.5869,0.0,0.0,764.5869,726.3575549999999,0.17621824935589664,296.83962,429.341716750644,-325.8682370424182
3,1,17,1,764.5869,0.0,0.0,764.5869,726.3575549999999,0.17621824935589664,296.83962,429.341716750644,-325.8682370424182
3,1,18,1,764.5869,0.0,0.0,764.5869,726.3575549999999,0.17621824935589664,296.83962,429.341716750644,-325.8682370424182
3,1,19,1,764.5869,0.0,0.0,764.5869,726.3575549999999,0.17621824935589664,296.83962,429.341716750644,-325.8682370424182
3,1,20,1,764.5869,0.0,0.0,764.5869,726.3575549999999,0.17621824935589664,296.83962,429.341716750644,-325.8682370424182
3,1,21,1,764.5869,0.0,0.0,764.5869,726.3575549999999,0.17621824935589664,296.83962,429.341716750644,-325.8682370424182
3,1,22,1,764.5869,0.0,0.0,764.5869,726.3575549999999,0.17621824935589664,296.83962,429.341716750644,-325.8682370424182
3,1,23,1,764.5869,0.0,0.0,764.5869,726.3575549999999,0.17621824935589664,296.83962,429.341716750644,-325.8682370424182
3,1,24,1,764.5869,0.0,0.0,764.5869,726.3575549999999,0.17621824935589664,296.83962,429.341716750644,-325.8682370424182
3,1,25,1,764.5869,0.0,0.0,764.5869,726.3575549999999,0.17621824935589664,296.83962,429.341716750644,-325.8682370424182
3,1,26,1,764.5869,0.0,0.0,764.5869,726.3575549999999,0.17621824935589664,296.83962,429.341716750644,-325.8682370424182
3,1,27,1,764.5869,0.0,0.0,764.5869,726.3575549999999,0.17621824935589664,296.83962,429.341716750644,-325.8682370424182
3,1,28,1,764.5869,0.0,0.0,764.5869,726.3575549999999,0.17621824935589664,296.83962,429.341716750644,-325.8682370424182
3,1,29,1,764.5869,0.0,0.0,764.5869,726.3575549999999,0.17621824935589664,296.83962,429.341716750644,-325.8682370424182
3,1,30,1,764.5869,0.0,0.0,764.5869,726.3575549999999,0.17621824935589664,296.83962,429.341716750644,-325.8682370424182
3,1,31,1,764.5869,0.0,0.0,764.5869,726.3575549999999,0.17621824935589664,296.83962,429.341716750644,-325.8682370424182
3,1,32,1,764.5869,0.0,0.0,764.5869,726.3575549999999,0.17621824935589664,296.83962,429.341716750644,-325.8682370424182
3,1,33,1,764.5869,0.0,0.0,764.5869,726.3575549999999,0.17621824935589664,296.83962,429.341716750644,-325.8682370424182
3,1,34,1,764.5869,0.0,0.0,764.5869,726.3575549999999,0.17621824935589664,296.83962,429.341716750644,-325.8682370424182
3,1,35,1,764.5869,0.0,0.0,764.5869,726.3575549999999,0.17621824935589664,296.83962,429.341716750644,-325.8682370424182
3,1,36,1,764.5869,0.0,0.0,764.5869,726.3575549999999,0.17621824935589664,296.83962,429.341716750644,-325.8682370424182
3,1,37,1,764.5869,0.0,0.0,764.5869,726.3575549999999,0.17621824935589664,296.83962,429.341716750644,-325.8682370424182
3,1,38,1,764.5869,0.0,0.0,764.5869,726.3575549999999,0.17621824935589664,296.83962,429.341716750644,-325.8682370424182
3,1,39,1,764.5869,0.0,0.0,764.5869,726.3575549999999,0.17621824935589664,296.83962,429.341716750644,-325.8682370424182
3,1,40,1,764.5869,0.0,0.0,764.5869,726.3575549999999,0.17621824935589664,296.83962,429.341716750644,-325.8682370424182
3,1,41,1,764.5869,0.0,0.0,764.5869,726.3575549999999,0.17621824935589664,296.8396200000001,429.34171675064397,-325.86823704241806
3,1,42,1,764.5869,0.0,0.0,764.5869,726.3575549999999,0.17621824935589664,296.83962,429.341716750644,-325.8682370424182
3,1,43,1,764.5869,0.0,0.0,764.5869,726.3575549999999,0.17621824935589664,296.83962,429.341716750644,-325.8682370424182
3,1,44,1,764.5869,0.0,0.0,764.5869,726.3575549999999,0.17621824935589664,296.83962,429.341716750644,-325.8682370424182
3,1,45,1,764.5869,0.0,0.0,764.5869,726.3575549999999,0.17621824935589664,296.83962,429.341716750644,-325.8682370424182
3,1,46,1,764.5869,0.0,0.0,764.5869,726.3575549999999,0.17621824935589664,296.83962,429.341716750644,-325.8682370424182
3,1,47,1,764.5869,0.0,0.0,764.5869,726.3575549999999,0.17621824935589664,296.83962,429.341716750644,-325.8682370424182
3,1,48,1,764.5869,0.0,0.0,764.5869,726.3575549999999,0.17621824935589664,296.83962,429.341716750644,-325.8682370424182
3,4,1,1,2646.430825499992,1881.7666560000068,334.92689999999834,4863.124381499997,4203.732404024997,0.9881760673051478,1898.3309498999986,2304.413278057693,-1190.3005275964751
3,4,2,1,2876.607162804963,1998.5735643897394,307.4041113989166,5182.58483859362,4500.70791744591,1.0777466989520066,2017.9182095154665,2481.711961231492,-1296.7686055167696
3,4,3,1,3304.081588500008,2147.9271659999904,300.22839000000295,5752.237144500002,5022.344856375002,1.2393639167582715,2236.346446950001,2784.7590455082423,-1487.022735955451
3,4,4,1,3422.630846250003,2314.1764799999983,359.60203125000015,6096.4093575000015,5300.621605125001,1.3409426287950565,2374.005942000001,2925.2747204962047,-1540.2329249955737
3,4,5,1,3576.7174905000024,2114.1933120000003,411.1274475000065,6102.038250000009,5315.356361700005,1.3409426287950585,2384.253333000004,2929.762086071206,-1591.1381495580717
3,4,6,1,3493.19324777921,2184.1645727600157,419.2272517617105,6096.585072300936,5296.440232067203,1.3409426287950554,2382.061400282124,2913.037889156284,-1558.2600979399367
3,4,7,1,3449.170494000001,2320.0198559999967,330.7065300000011,6099.896879999998,5314.616445599999,1.3409426287950559,2372.2457219999997,2941.0297809712038,-1554.5403864330729
3,4,8,1,3986.8000572777005,1824.4830912243365,320.8932205556855,6132.176369057723,5423.5377986989115,1.340942628795056,2390.304974175391,3031.891881894725,-1759.9626531794838
3,4,9,1,3592.9104750000024,1913.1498539999936,585.3177618750096,6091.378090875006,5265.709603481252,1.3409426287950579,2401.082612775004,2863.286048077453,-1571.7340456080728
3,4,10,1,3209.998522499993,2094.315299999998,753.3386437500076,6057.652466249999,5139.287090437496,1.3409426287950559,2403.2500222500003,2734.6961255587003,-1401.809683308068
3,4,11,1,3584.0673618750025,1972.0146599999978,218.10009375000024,5774.182115625001,5102.430773343751,1.239363916758271,2238.5629901250004,2862.628419301992,-1605.2981157741997
3,4,12,1,2908.4288822400526,2013.6017678080607,265.2371829573992,5187.267833005512,4519.769303001068,1.0777466989520073,2015.105749037066,2503.58580726505,-1315.0266230817015
3,4,13,1,2708.4401189999953,2030.1961680000027,378.06614999999806,5137.681338081366,4408.258265112202,1.0708812944986847,2014.0334739569578,2393.1539098607454,-1195.568939044816
3,4,14,1,3246.2138412971835,2117.0111910963824,541.8597105122042,6031.682216728659,5094.5245639645755,1.3409426287950597,2410.109670967975,2683.073950367805,-1290.430227148946
3,4,15,1,3324.7646066250086,2455.8700319999966,207.86751562500018,6072.701654250005,5250.179460487506,1.3409426287950572,2373.2298513000023,2875.608666558708,-1421.5096679393255
3,4,16,1,3410.098807499988,1849.5477000000005,806.2491937500079,6065.895701249997,5162.669083687493,1.3409426287950559,2415.2507032500002,2746.0774378086976,-1469.9698715580662
3,4,17,1,3338.0049780000027,2308.8542399999988,439.26151500000816,6086.12073300001,5259.781954350006,1.340942628795059,2378.4540318000045,2879.9869799212065,-1496.4414840330728
3,4,18,1,4408.454901893813,1423.9728327177713,324.3231955972544,6156.750930208839,5505.588180551829,1.3409426287950559,2405.507040871604,3098.7401970514297,-1919.4403988659697
3,4,19,1,4497.655932000002,1304.869103999993,357.2761500000021,6159.801185999998,5513.170301099998,1.3409426287950552,2411.730921599999,3100.098436871204,-1948.4512191330741
3,4,20,1,3649.9992259596734,2248.5930033964314,220.46738199848642,6119.059611354592,5387.630727478003,1.3409426287950559,2369.0448077458864,3017.244977103321,-1646.9055784030916
3,4,21,1,4295.034513000003,1661.697576000006,201.53306250000009,6158.265151500009,5520.484032525008,1.3409426287950585,2390.043555900003,3129.0995339962096,-1894.4165884830745
3,4,22,1,3257.4465000000023,2202.755939999994,609.8096812500042,6070.012121250001,5192.1742516875,1.3409426287950563,2391.5286202500006,2799.304688808704,-1440.862918683074
3,4,23,1,3717.0998865000015,1999.1774879999969,258.7380468750006,6084.095353875001,5289.254798231249,1.3409426287950563,2396.800981575001,2891.1128740274526,-1532.2194108330705
3,4,24,1,2749.688826409814,2505.384017277697,566.8816540632541,5987.74304289968,4953.1647904186075,1.3409426287950608,2402.758854341137,2549.064993448675,-1050.0372553403295
3,4,25,1,2680.931484000008,2500.7431680000077,436.53802499999813,5940.291357000015,4835.887159950013,1.3409426287950597,2419.4247462000053,2415.121471121212,-850.3091433330765
3,4,26,1,3297.541614632772,2368.235885193514,192.72080920447084,6039.7570139136305,5160.438492850835,1.3409426287950608,2390.2671881952524,2768.8303620267875,-1293.6961087597792
3,4,27,1,3576.0989880000075,2060.983385999991,219.9582000000012,6050.320006499998,5196.0496722749995,1.3409426287950559,2405.0449269,2789.663802746204,-1380.5636719830745
3,4,28,1,3244.6641150000005,2239.512659999999,586.628831250003,6070.805606250003,5196.686894437501,1.3409426287950568,2388.9139312500015,2806.432020558704,-1439.4129894330717
3,4,29,1,4000.6096515000086,1716.211728000003,410.2126874999998,6127.034067000011,5399.165529450011,1.340942628795059,2399.128855200004,2998.695731621211,-1752.1019872080751
3,4,30,1,3810.4819027552076,2205.516948773217,119.2488213293372,6135.247672857761,5449.958218367156,1.3409426287950554,2365.2618365585686,3083.3554391797925,-1722.6399829089523
3,4,31,1,4457.576969999998,1528.2590399999951,183.2118749999999,6169.047884999994,5558.071884749995,1.340942628795054,2394.070370999998,3162.6605711212014,-1958.7742164330703
3,4,32,1,3882.214822938335,2108.0541600034026,147.32643269827904,6137.595415640017,5455.576947778194,1.3409426287950559,2370.4141637437806,3083.821841405618,-1745.738247075693
3,4,33,1,4260.423407625002,1499.5050840000056,384.127734375,6144.056226000008,5458.276558350007,1.340942628795058,2405.864156850003,3051.0714588712085,-1854.5041760393242
3,4,34,1,3360.294629999997,2127.537720000003,589.5784125000027,6077.410762500003,5218.578201375,1.3409426287950565,2393.270302500002,2823.966956246203,-1482.851961933071
3,4,35,1,3075.483064500006,2207.1620339999968,520.653065625003,5999.7636641250065,5003.2675495687545,1.3409426287950577,2416.0781972250034,2585.848409714956,-1142.5927041330751
3,4,36,1,2631.3908067997545,2465.376269549953,583.2728313326094,5946.225806242183,4832.850224116644,1.3409426287950597,2420.1929440136014,2411.3163374742476,-878.9261530858521
3,4,37,1,3151.3762664999886,2021.6085120000075,299.8437749999983,5931.534955500004,4844.814299324996,1.340942628795058,2450.5960941000035,2392.877262596197,-880.3423946580588
3,4,38,1,2811.39470983754,2337.157084593337,469.1159442957804,5944.28195701854,4847.5565441267945,1.340942628795059,2427.977044100645,2418.2385573973543,-889.4365006872813
3,4,39,1,3524.6174906250026,1752.8464799999986,595.5360468750009,6033.259732500002,5102.247583125001,1.3409426287950568,2431.6779217500016,2669.2287187462043,-1346.6705535893216
3,4,40,1,3371.6632950000017,2081.342339999995,622.8554062500032,6075.86104125,5210.7244756875,1.3409426287950559,2396.7774022500007,2812.6061308087037,-1482.2847414330718
3,4,41,1,3540.2965290000034,1981.2232439999989,567.9230287500086,6089.44280175001,5260.617963562508,1.3409426287950592,2397.602141550005,2861.6748793837073,-1554.3229230330744
3,4,42,1,4410.928052673199,1382.2616059897202,361.24527879064203,6154.434937453561,5494.875838166168,1.3409426287950574,2409.040389644222,3084.4945058931507,-1914.9635024991976
3,4,43,1,4503.941095499991,1351.1504160000018,308.34168750000015,6163.433198999994,5529.252301649993,1.340942628795054,2407.3855343999976,3120.5258246211997,-1958.0129386080698
3,4,44,1,3633.672544761807,2056.749493954725,414.72656727467665,6105.148605991208,5325.488124688569,1.3409426287950565,2386.5994292313476,2937.547752828426,-1612.2196963041788
3,4,45,1,3445.954281000002,2106.3624120000086,533.8482187499997,6086.16491175001,5252.3630168625095,1.340942628795059,2391.092099550004,2859.92997468371,-1523.5260030330737
3,4,46,1,3430.0676024999957,2175.673499999996,482.88673125000923,6088.627833750001,5264.690724562497,1.340942628795056,2385.7749877500014,2877.5747941837003,-1524.9727618080688
3,4,47,1,3041.1900461250043,2233.5334559999974,680.9049843750004,6028.320721500002,5061.358885275003,1.3409426287950563,2405.070048150001,2654.947894496206,-1258.7316082643238
3,4,48,1,2967.723625527255,2409.2711569147987,503.25467804510726,6015.117314698692,5043.774620839269,1.3409426287950614,2398.331544243171,2644.102133967303,-1180.2296985462044
3,7,1,1,1121.4333900000063,103.92227999999396,0.0,1225.3556700000001,1148.499544500001,0.20312455403364818,474.35087700000025,673.9455429459672,-483.2174928536298
3,7,2,1,1131.4322671386346,94.51157210481422,0.0,1225.9438392434488,1150.4699114655543,0.20312455403364818,474.7037785460694,675.5630083654514,-487.01118447387387
3,7,3,1,1158.7497075000067,68.80103999999362,0.0,1227.5507475000004,1155.8530541250013,0.20312455403364818,475.66792350000026,679.9820060709675,-497.3757427286298
3,7,4,1,1196.0660250000071,33.679799999993314,0.0,1229.7458250000004,1163.2065637500014,0.20312455403364818,476.98497000000026,686.0184691959676,-511.53399260363017
3,7,5,1,1231.8508124999998,0.0,0.0,1231.8508124999998,1170.2582718749998,0.20304263774970469,478.24796249999997,691.8072667372502,-525.1112575476252
3,7,6,1,1231.8508124999998,0.0,0.0,1231.8508124999998,1170.2582718749998,0.20158152161013138,478.24796249999997,691.8087278533898,-525.1129621831213
3,7,7,1,1231.8508124999998,0.0,0.0,1231.8508124999998,1170.2582718749998,0.20104671598516816,478.24796249999997,691.8092626590147,-525.1135861230172
3,7,8,1,1231.8508124999998,0.0,0.0,1231.8508124999998,1170.2582718749998,0.20158152161013138,478.24796249999997,691.8087278533898,-525.1129621831213
3,7,9,1,1231.8508124999998,0.0,0.0,1231.8508124999998,1170.2582718749998,0.20304263774970469,478.24796249999997,691.8072667372502,-525.1112575476252
3,7,10,1,1196.0660250000071,33.67979999999334,0.0,1229.7458250000004,1163.2065637500014,0.20312455403364818,476.98497000000026,686.0184691959676,-511.53399260363017
3,7,11,1,1158.7497075000067,68.80103999999362,0.0,1227.5507475000004,1155.8530541250013,0.20312455403364818,475.66792350000026,679.9820060709675,-497.3757427286298
3,7,12,1,1131.4322671386346,94.51157210481433,0.0,1225.943839243449,1150.4699114655543,0.20312455403364818,474.70377854606943,675.5630083654513,-487.011184473874
3,7,13,1,1121.4333900000063,103.92227999999403,0.0,1225.3556700000004,1148.499544500001,0.20312455403364818,474.35087700000025,673.9455429459672,-483.2174928536298
3,7,14,1,1131.4322671386346,94.51157210481433,0.0,1225.943839243449,1150.4699114655543,0.20312455403364818,474.70377854606943,675.5630083654513,-487.011184473874
3,7,15,1,1158.7497075000067,68.80103999999362,0.0,1227.5507475000004,1155.8530541250013,0.20312455403364818,475.66792350000026,679.9820060709675,-497.3757427286298
3,7,16,1,1196.0660250000071,33.67979999999323,0.0,1229.7458250000004,1163.2065637500014,0.20312455403364818,476.9849700000002,686.0184691959676,-511.5339926036303
3,7,17,1,1231.8508124999998,0.0,0.0,1231.8508124999998,1170.2582718749998,0.20304263774970469,478.24796249999997,691.8072667372502,-525.1112575476252
3,7,18,1,1231.8508124999998,0.0,0.0,1231.8508124999998,1170.2582718749998,0.20158152161013138,478.24796249999997,691.8087278533898,-525.1129621831213
3,7,19,1,1231.8508124999998,0.0,0.0,1231.8508124999998,1170.2582718749998,0.20104671598516816,478.24796249999997,691.8092626590147,-525.1135861230172
3,7,20,1,1231.8508124999998,0.0,0.0,1231.8508124999998,1170.2582718749998,0.20158152161013138,478.24796249999997,691.8087278533898,-525.1129621831213
3,7,21,1,1231.8508124999998,0.0,0.0,1231.8508124999998,1170.2582718749998,0.20304263774970469,478.24796249999997,691.8072667372502,-525.1112575476252
3,7,22,1,1196.0660250000071,33.67979999999323,0.0,1229.7458250000004,1163.2065637500014,0.20312455403364818,476.9849700000002,686.0184691959676,-511.5339926036303
3,7,23,1,1158.7497075000067,68.80103999999362,0.0,1227.5507475000004,1155.8530541250013,0.20312455403364818,475.66792350000026,679.9820060709675,-497.3757427286298
3,7,24,1,1131.4322671386346,94.51157210481422,0.0,1225.9438392434488,1150.4699114655543,0.20312455403364818,474.7037785460694,675.5630083654514,-487.01118447387387
3,7,25,1,1121.4333900000063,103.92227999999403,0.0,1225.3556700000004,1148.499544500001,0.20312455403364818,474.35087700000025,673.9455429459672,-483.2174928536298
3,7,26,1,1131.4322671386346,94.51157210481422,0.0,1225.9438392434488,1150.4699114655543,0.20312455403364818,474.7037785460694,675.5630083654514,-487.01118447387387
3,7,27,1,1158.7497075000067,68.80103999999362,0.0,1227.5507475000004,1155.8530541250013,0.20312455403364818,475.66792350000026,679.9820060709675,-497.3757427286298
3,7,28,1,1196.0660250000071,33.67979999999323,0.0,1229.7458250000004,1163.2065637500014,0.20312455403364818,476.9849700000002,686.0184691959676,-511.5339926036303
3,7,29,1,1231.8508124999998,0.0,0.0,1231.8508124999998,1170.2582718749998,0.20304263774970469,478.24796249999997,691.8072667372502,-525.1112575476252
3,7,30,1,1231.8508124999998,0.0,0.0,1231.8508124999998,1170.2582718749998,0.20158152161013138,478.24796249999997,691.8087278533898,-525.1129621831213
3,7,31,1,1231.8508124999998,0.0,0.0,1231.8508124999998,1170.2582718749998,0.20104671598516816,478.24796249999997,691.8092626590147,-525.1135861230172
3,7,32,1,1231.8508124999998,0.0,0.0,1231.8508124999998,1170.2582718749998,0.20158152161013138,478.24796249999997,691.8087278533898,-525.1129621831213
3,7,33,1,1231.8508124999998,0.0,0.0,1231.8508124999998,1170.2582718749998,0.20304263774970469,478.24796249999997,691.8072667372502,-525.1112575476252
3,7,34,1,1196.0660250000071,33.67979999999323,0.0,1229.7458250000004,1163.2065637500014,0.20312455403364818,476.9849700000002,686.0184691959676,-511.5339926036303
3,7,35,1,1158.7497075000067,68.80103999999362,0.0,1227.5507475000004,1155.8530541250013,0.20312455403364818,475.66792350000026,679.9820060709675,-497.3757427286298
3,7,36,1,1131.4322671386346,94.51157210481422,0.0,1225.9438392434488,1150.4699114655543,0.20312455403364818,474.7037785460694,675.5630083654514,-487.01118447387387
3,7,37,1,1121.4333900000063,103.92227999999403,0.0,1225.3556700000004,1148.499544500001,0.20312455403364818,474.35087700000025,673.9455429459672,-483.2174928536298
3,7,38,1,1131.4322671386346,94.51157210481422,0.0,1225.9438392434488,1150.4699114655543,0.20312455403364818,474.7037785460694,675.5630083654514,-487.01118447387387
3,7,39,1,1158.7497075000067,68.80103999999362,0.0,1227.5507475000004,1155.8530541250013,0.20312455403364818,475.66792350000026,679.9820060709675,-497.3757427286298
3,7,40,1,1196.0660250000071,33.679799999993314,0.0,1229.7458250000004,1163.2065637500014,0.20312455403364818,476.98497000000026,686.0184691959676,-511.53399260363017
3,7,41,1,1231.8508124999998,0.0,0.0,1231.8508124999998,1170.2582718749998,0.20304263774970469,478.24796249999997,691.8072667372502,-525.1112575476252
3,7,42,1,1231.8508124999998,0.0,0.0,1231.8508124999998,1170.2582718749998,0.20158152161013138,478.24796249999997,691.8087278533898,-525.1129621831213
3,7,43,1,1231.8508124999998,0.0,0.0,1231.8508124999998,1170.2582718749998,0.20104671598516816,478.24796249999997,691.8092626590147,-525.1135861230172
3,7,44,1,1231.8508124999998,0.0,0.0,1231.8508124999998,1170.2582718749998,0.20158152161013138,478.24796249999997,691.8087278533898,-525.1129621831213
3,7,45,1,1231.8508124999998,0.0,0.0,1231.8508124999998,1170.2582718749998,0.20304263774970469,478.24796249999997,691.8072667372502,-525.1112575476252
3,7,46,1,1196.0660250000071,33.67979999999323,0.0,1229.7458250000004,1163.2065637500014,0.20312455403364818,476.9849700000002,686.0184691959676,-511.5339926036303
3,7,47,1,1158.7497075000067,68.80103999999362,0.0,1227.5507475000004,1155.8530541250013,0.20312455403364818,475.66792350000026,679.9820060709675,-497.3757427286298
3,7,48,1,1131.4322671386346,94.51157210481433,0.0,1225.943839243449,1150.4699114655543,0.20312455403364818,474.70377854606943,675.5630083654513,-487.011184473874
3,8,1,1,4061.6882460000106,2737.3555440000005,1416.1472324999986,8215.19102250001,6827.36924677501,1.4493231017525363,3302.031694500003,3523.8882291732543,-1735.1937340479617
3,8,2,1,4042.3992316233785,2674.645896951086,1491.9572451759727,8209.002373750436,6800.572472449863,1.4470337848637183,3308.42650694039,3490.69893172461,-1716.759124074445
3,8,3,1,4040.7902246250046,2532.1679460000064,1626.9500362499978,8199.908206875009,6759.307590131259,1.4469714888553076,3320.969045625003,3436.8915730174,-1696.3497778775882
3,8,4,1,4667.5585687499915,2294.7724800000065,1296.4773937500088,8258.808442500007,6983.061190875002,1.446971488855308,3312.2461680000038,3669.3680513861423,-1982.6223822838301
3,8,5,1,5106.527464500004,2507.8602780000024,709.382086875002,8323.769829375009,7247.649461456256,1.4469714888553078,3272.943625875003,3973.2588640923977,-2235.2796573463374
3,8,6,1,5541.436282276654,2562.6028183255894,274.31788081095505,8378.356981413199,7465.321557269319,1.446971488855308,3247.6873562893784,4216.1872294910845,-2464.098596274518
3,8,7,1,5719.445770500003,2428.865208000008,242.6296949999978,8390.940673500008,7510.011980625008,1.4469714888553078,3251.0124801000034,4257.552529036149,-2536.2850909213366
3,8,8,1,5054.192124487032,2908.5721261331737,379.89297043807096,8342.657221058276,7337.281352910158,1.4469714888553085,3240.344178693374,4095.490202727928,-2263.748084046282
3,8,9,1,5089.492138500003,2715.322302000005,529.9176093750007,8334.732049875009,7298.730058331257,1.4469714888553082,3255.5923611750036,4041.690725667398,-2255.1377109463383
3,8,10,1,4900.2774975000075,2514.8692800000017,884.7964125000003,8299.943190000009,7153.797073500008,1.4469714888553082,3282.0362190000046,3870.313883011148,-2131.298558971336
3,8,11,1,3691.879710750006,2777.017320000004,1705.265966249999,8174.1629970000085,6666.7958626500085,1.4469714888553082,3315.964043700003,3349.38484746115,-1552.4826876838397
3,8,12,1,3989.440690240671,2647.6975143623504,1563.9494786023597,8201.08768320538,6768.298880449815,1.4470498981479663,3313.276657070208,3453.5751734814594,-1686.1071507308134
3,8,13,1,4098.821958000008,2668.282848000002,1447.8259949999976,8215.180281000008,6824.848857750008,1.446998021208412,3306.3488766000028,3517.0529831287968,-1744.3315033419285
3,8,14,1,3754.1668558210567,2628.703987520511,1365.2179509288708,8087.394809366219,6471.187478321659,1.446971488855308,3354.2858017818903,3115.454705050913,-1207.511453609376
3,8,15,1,4020.777250875001,2222.334576000003,1720.4920425000018,8135.272096875007,6569.626906631254,1.4469714888553078,3363.326938125004,3204.852997017395,-1463.3129786900836
3,8,16,1,4700.206665000011,2747.5232399999995,843.2164124999999,8290.94631750001,7126.983950625009,1.4469714888553082,3271.094095500005,3854.4428836361485,-2061.4877313463385
3,8,17,1,5344.527226500008,2334.4522739999998,661.9523006250015,8340.931801125009,7308.936449718758,1.4469714888553078,3276.9168374250035,4030.572640804899,-2332.53593569634
3,8,18,1,4621.894702497493,3317.472865808093,377.9874287483094,8317.354997053895,7252.671345830663,1.4469714888553074,3224.9087720654425,4026.315602276365,-2100.0088357392615
3,8,19,1,4663.691455499999,3456.678456000011,210.60269999999775,8330.972611500008,7311.681132525006,1.4469714888553078,3210.761376900003,4099.472784136147,-2140.416775771336
3,8,20,1,5359.445038700961,2500.3328421791275,493.27649248563966,8353.054373365729,7363.041131376317,1.446971488855308,3261.70027301752,4099.8938868699415,-2362.93504767616
3,8,21,1,4392.422149500002,2971.6380539999964,904.6833468750101,8268.74355037501,7047.687326006255,1.4469714888553078,3265.968026475004,3780.272328042395,-1935.6955147963363
3,8,22,1,4815.307035000001,2415.9227400000036,1052.532731250004,8283.762506250008,7086.172877437506,1.4469714888553076,3294.6926512500036,3790.033254698647,-2074.4584390963346
3,8,23,1,3645.221060250007,2669.060394000003,1664.1602381249995,8125.22948737501,6535.514622656259,1.4469714888553082,3339.8382921750044,3194.2293589923993,-1359.7704063838373
3,8,24,1,4143.542617467256,2163.810050696893,1342.625905340732,8081.175198879803,6470.537268895049,1.4469714888553078,3384.2980068566135,3084.7922905495802,-1245.2269458112396
3,8,25,1,4022.834507999993,2097.9272160000014,1545.242737499998,8069.7254715000045,6410.476212524995,1.4469714888553076,3393.453501900005,3015.575739136135,-1203.5983258963179
3,8,26,1,3595.853002496133,2318.9781653103237,1733.5129463289713,8037.05945485695,6282.982306208747,1.4469714888553078,3392.954318713306,2888.5810160065857,-1032.4905475448795
3,8,27,1,3766.2678900000055,2609.9308620000056,1718.0375231249986,8156.82457012501,6620.208067068759,1.4469714888553082,3332.299179825003,3286.4619157549005,-1501.641045871339
3,8,28,1,4860.4871699999985,2374.578360000003,1051.4282625000053,8286.493792500007,7095.411043875005,1.4469714888553078,3296.1841605000036,3797.779911886146,-2091.762302596335
3,8,29,1,4610.712298499999,2983.444001999998,701.0063156250106,8295.162616125008,7152.485358768754,1.4469714888553078,3254.662528425004,3896.3758588548944,-2048.3899966963336
3,8,30,1,5211.643891847542,2537.9775881774776,588.3973197475557,8338.018799772575,7305.062293658303,1.4469714888553078,3265.361705829884,4038.2536163395635,-2292.906499057869
3,8,31,1,4692.389971500001,3247.7417280000095,381.1586624999981,8321.290362000009,7265.601119700008,1.4469714888553078,3227.692822200003,4036.4613260111496,-2126.2904558713362
3,8,32,1,5135.729682091984,2634.7082921300585,564.6954110469159,8335.133385268959,7297.292307767235,1.446971488855308,3260.470202634295,4035.375133644084,-2267.5800347110217
3,8,33,1,4416.860361375001,3146.0730839999997,719.5873781250075,8282.520823500008,7108.648868475005,1.4469714888553078,3249.554927850004,3857.6469691361453,-1972.115068640086
3,8,34,1,4743.825817500002,2462.215139999994,1072.2052687500113,8278.246226250007,7066.1195364375035,1.446971488855308,3294.005888250005,3770.666676698643,-2044.4523187213344
3,8,35,1,4287.877555500003,2450.545020000003,1411.2005118749976,8209.025314875007,6818.9903093812545,1.4469714888553078,3321.4335981750037,3496.1097397173953,-1748.4781344463336
3,8,36,1,4264.281724368751,2204.2934738778185,1343.1394868884781,8126.910273014437,6600.50847322314,1.4469714888553074,3365.407113878879,3233.6543878554053,-1434.0294043805725
3,8,37,1,3554.3159190000088,2582.2566000000056,1631.7083474999968,8070.30135450001,6385.148067375011,1.4469714888553082,3364.6475709000038,3019.053524986152,-1138.5858822463397
3,8,38,1,4078.5796458289565,2342.76880176917,1470.1129715382326,8132.305543523167,6593.554457956894,1.446971488855308,3355.833488740387,3236.2739977276515,-1436.6492116111194
3,8,39,1,3829.465591875006,2937.3151500000013,1314.077428124998,8176.466182500008,6724.928219625006,1.4469714888553074,3303.430688250003,3420.0505598861473,-1544.1421598150855
3,8,40,1,4712.517809999996,2563.7535000000034,1004.637768750008,8280.909078750006,7080.445492312503,1.4469714888553076,3286.5945997500035,3792.403921073644,-2042.4835923463343
3,8,41,1,5148.002475000002,2657.5857000000055,532.4189062500003,8338.007081250009,7309.501309687506,1.4469714888553078,3257.8908862500034,4050.1634519486474,-2276.9703640963353
3,8,42,1,4630.612241910866,3336.456211422612,352.4985956934863,8319.567049026964,7262.12082658483,1.4469714888553076,3222.8374921753075,4037.836362920667,-2107.0547349333583
3,8,43,1,4645.03624200001,3407.486544000004,273.18059999999565,8325.70338600001,7289.022995100011,1.4469714888553078,3215.9435616000023,4071.632462011153,-2124.160676296343
3,8,44,1,5401.998348316214,2689.2813856957446,278.59019504300016,8369.86992905496,7436.548146730649,1.4469714888553074,3243.1647667720395,4191.936408469754,-2410.5675975962786
3,8,45,1,5243.122269000005,2539.5054299999915,559.1899293750113,8341.817628375009,7320.124960706254,1.4469714888553078,3263.7466842750036,4054.9313049423945,-2309.1335162713394
3,8,46,1,4685.185890000003,2437.4196000000056,1147.1922000000002,8269.797690000009,7031.817985500007,1.446971488855308,3298.9350240000035,3731.435990011148,-2011.2055570963375
3,8,47,1,4236.393112875007,2514.420215999999,1242.028383749999,8176.017205125008,6746.701564968756,1.446971488855308,3328.5817545750037,3416.672838904897,-1601.1025498400868
3,8,48,1,3926.4831492424755,2264.3233120507844,1437.853159160036,8061.507944916024,6397.364127628408,1.4469714888553078,3385.8553012893753,3010.061854850177,-1146.8682704908324
3,9,1,1,347.5395000000001,0.0,0.0,347.5395000000001,330.1625250000001,0.10217749736373104,134.92710000000005,195.13324750263627,-148.0961679197423
3,9,2,1,347.5395000000001,0.0,0.0,347.5395000000001,330.1625250000001,0.10217749736373104,134.92710000000005,195.13324750263627,-148.0961679197423
3,9,3,1,347.5395000000001,0.0,0.0,347.5395000000001,330.1625250000001,0.10217749736373104,134.92710000000005,195.13324750263627,-148.0961679197423
3,9,4,1,347.5395000000001,0.0,0.0,347.5395000000001,330.1625250000001,0.10217749736373107,134.92710000000005,195.13324750263627,-148.0961679197423
3,9,5,1,347.5395000000001,0.0,0.0,347.5395000000001,330.1625250000001,0.10217749736373104,134.92710000000005,195.13324750263627,-148.0961679197423
3,9,6,1,347.5395000000001,0.0,0.0,347.5395000000001,330.1625250000001,0.10217749736373104,134.92710000000005,195.13324750263627,-148.0961679197423
3,9,7,1,347.5395000000001,0.0,0.0,347.5395000000001,330.1625250000001,0.10217749736373107,134.92710000000005,195.13324750263627,-148.0961679197423
3,9,8,1,347.5395000000001,0.0,0.0,347.5395000000001,330.1625250000001,0.10217749736373107,134.92710000000005,195.13324750263627,-148.0961679197423
3,9,9,1,347.5395000000001,0.0,0.0,347.5395000000001,330.1625250000001,0.10217749736373104,134.92710000000005,195.13324750263627,-148.0961679197423
3,9,10,1,347.5395000000001,0.0,0.0,347.5395000000001,330.1625250000001,0.10217749736373104,134.92710000000005,195.13324750263627,-148.0961679197423
3,9,11,1,347.5395000000001,0.0,0.0,347.5395000000001,330.1625250000001,0.10217749736373104,134.92710000000005,195.13324750263627,-148.0961679197423
3,9,12,1,347.5395000000001,0.0,0.0,347.5395000000001,330.1625250000001,0.10217749736373104,134.92710000000005,195.13324750263627,-148.0961679197423
3,9,13,1,347.5395000000001,0.0,0.0,347.5395000000001,330.1625250000001,0.10217749736373104,134.92710000000005,195.13324750263627,-148.0961679197423
3,9,14,1,347.5395000000001,0.0,0.0,347.5395000000001,330.1625250000001,0.10217749736373107,134.92710000000005,195.13324750263627,-148.0961679197423
3,9,15,1,347.5395000000001,0.0,0.0,347.5395000000001,330.1625250000001,0.10217749736373104,134.92710000000005,195.13324750263627,-148.0961679197423
3,9,16,1,347.5395000000001,0.0,0.0,347.5395000000001,330.1625250000001,0.10217749736373104,134.92710000000005,195.13324750263627,-148.0961679197423
3,9,17,1,347.5395000000001,0.0,0.0,347.5395000000001,330.1625250000001,0.10217749736373104,134.92710000000005,195.13324750263627,-148.0961679197423
3,9,18,1,347.5395000000001,0.0,0.0,347.5395000000001,330.1625250000001,0.10217749736373104,134.92710000000005,195.13324750263627,-148.0961679197423
3,9,19,1,347.5395000000001,0.0,0.0,347.5395000000001,330.1625250000001,0.10217749736373104,134.92710000000005,195.13324750263627,-148.0961679197423
3,9,20,1,347.5395000000001,0.0,0.0,347.5395000000001,330.1625250000001,0.10217749736373107,134.92710000000005,195.13324750263627,-148.0961679197423
3,9,21,1,347.5395000000001,0.0,0.0,347.5395000000001,330.1625250000001,0.10217749736373104,134.92710000000005,195.13324750263627,-148.0961679197423
3,9,22,1,347.5395000000001,0.0,0.0,347.5395000000001,330.1625250000001,0.10217749736373104,134.92710000000005,195.13324750263627,-148.0961679197423
3,9,23,1,347.5395000000001,0.0,0.0,347.5395000000001,330.1625250000001,0.10217749736373107,134.92710000000005,195.13324750263627,-148.0961679197423
3,9,24,1,347.5395000000001,0.0,0.0,347.5395000000001,330.1625250000001,0.10217749736373104,134.92710000000005,195.13324750263627,-148.0961679197423
3,9,25,1,347.5395000000001,0.0,0.0,347.5395000000001,330.1625250000001,0.10217749736373107,134.92710000000005,195.13324750263627,-148.0961679197423
3,9,26,1,347.5395000000001,0.0,0.0,347.5395000000001,330.1625250000001,0.10217749736373104,134.92710000000005,195.13324750263627,-148.0961679197423
3,9,27,1,347.5395000000001,0.0,0.0,347.5395000000001,330.1625250000001,0.10217749736373107,134.92710000000005,195.13324750263627,-148.0961679197423
3,9,28,1,347.5395000000001,0.0,0.0,347.5395000000001,330.1625250000001,0.10217749736373104,134.92710000000005,195.13324750263627,-148.0961679197423
3,9,29,1,347.5395000000001,0.0,0.0,347.5395000000001,330.1625250000001,0.10217749736373104,134.92710000000005,195.13324750263627,-148.0961679197423
3,9,30,1,347.5395000000001,0.0,0.0,347.5395000000001,330.1625250000001,0.10217749736373104,134.92710000000005,195.13324750263627,-148.0961679197423
3,9,31,1,347.5395000000001,0.0,0.0,347.5395000000001,330.1625250000001,0.10217749736373104,134.92710000000005,195.13324750263627,-148.0961679197423
3,9,32,1,347.5395000000001,0.0,0.0,347.5395000000001,330.1625250000001,0.10217749736373104,134.92710000000005,195.13324750263627,-148.0961679197423
3,9,33,1,347.5395000000001,0.0,0.0,347.5395000000001,330.1625250000001,0.10217749736373104,134.92710000000005,195.13324750263627,-148.0961679197423
3,9,34,1,347.5395000000001,0.0,0.0,347.5395000000001,330.1625250000001,0.10217749736373107,134.92710000000005,195.13324750263627,-148.0961679197423
3,9,35,1,347.5395000000001,0.0,0.0,347.5395000000001,330.1625250000001,0.10217749736373104,134.92710000000005,195.13324750263627,-148.0961679197423
3,9,36,1,347.5395000000001,0.0,0.0,347.5395000000001,330.1625250000001,0.10217749736373107,134.92710000000005,195.13324750263627,-148.0961679197423
3,9,37,1,347.5395000000001,0.0,0.0,347.5395000000001,330.1625250000001,0.10217749736373104,134.92710000000005,195.13324750263627,-148.0961679197423
3,9,38,1,347.5395000000001,0.0,0.0,347.5395000000001,330.1625250000001,0.10217749736373104,134.92710000000005,195.13324750263627,-148.0961679197423
3,9,39,1,347.5395000000001,0.0,0.0,347.5395000000001,330.1625250000001,0.10217749736373104,134.92710000000005,195.13324750263627,-148.0961679197423
3,9,40,1,347.5395000000001,0.0,0.0,347.5395000000001,330.1625250000001,0.10217749736373104,134.92710000000005,195.13324750263627,-148.0961679197423
3,9,41,1,347.5395000000001,0.0,0.0,347.5395000000001,330.1625250000001,0.10217749736373104,134.92710000000005,195.13324750263627,-148.0961679197423
3,9,42,1,347.5395000000001,0.0,0.0,347.5395000000001,330.1625250000001,0.10217749736373104,134.92710000000005,195.13324750263627,-148.0961679197423
3,9,43,1,347.5395000000001,0.0,0.0,347.5395000000001,330.1625250000001,0.10217749736373104,134.92710000000005,195.13324750263627,-148.0961679197423
3,9,44,1,347.5395000000001,0.0,0.0,347.5395000000001,330.1625250000001,0.10217749736373107,134.92710000000005,195.13324750263627,-148.0961679197423
3,9,45,1,347.5395000000001,0.0,0.0,347.5395000000001,330.1625250000001,0.10217749736373104,134.92710000000005,195.13324750263627,-148.0961679197423
3,9,46,1,347.5395000000001,0.0,0.0,347.5395000000001,330.1625250000001,0.10217749736373107,134.92710000000005,195.13324750263627,-148.0961679197423
3,9,47,1,347.5395000000001,0.0,0.0,347.5395000000001,330.1625250000001,0.10217749736373104,134.92710000000005,195.13324750263627,-148.0961679197423
3,9,48,1,347.5395000000001,0.0,0.0,347.5395000000001,330.1625250000001,0.10217749736373104,134.92710000000005,195.13324750263627,-148.0961679197423
3,11,1,1,339.49896750000016,225.28044000000017,24.584174999999565,589.3635825,516.269667375,0.10670534490761069,228.41383949999994,287.7491225300925,-153.63133380594132
3,11,2,1,347.3433904485374,230.73226288481595,12.551541385010804,590.6271947183641,521.4653789957192,0.1066262077009545,227.56765568235326,293.791097105665,-158.37247875021774
3,11,3,1,368.7747525000002,223.94987999999972,0.0,592.7246324999999,529.4959188749999,0.10719179397398025,227.15257949999997,302.236147581026,-168.3440225320304
3,11,4,1,398.05053750000013,196.39619999999982,0.0,594.4467374999999,535.2649706249999,0.10698331580267906,228.18584249999998,306.97214480919723,-179.45184300656365
3,11,5,1,427.3263225000003,168.84251999999964,0.0,596.1688425,541.034022375,0.10677483763137781,229.21910549999998,311.7081420373686,-190.55966348109672
3,11,6,1,448.75768455146294,148.67182630450543,0.0,597.4295108559684,545.257261367494,0.10662222101771622,229.97550651358105,315.17513263289527,-198.69115242980888
3,11,7,1,456.60210750000033,141.28883999999965,0.0,597.8909475,546.8030741250001,0.10656635946007657,230.25236850000002,316.44413926554,-201.66748395563002
3,11,8,1,448.757684551463,148.67182630450532,0.0,597.4295108559684,545.257261367494,0.10662222101771623,229.97550651358102,315.1751326328953,-198.69115242980882
3,11,9,1,427.3263225000003,168.84251999999972,0.0,596.1688425,541.0340223750001,0.10677483763137781,229.21910549999998,311.7081420373687,-190.55966348109683
3,11,10,1,398.05053750000025,196.3961999999997,0.0,594.4467374999999,535.2649706249999,0.10698331580267906,228.18584249999998,306.97214480919723,-179.4518430065637
3,11,11,1,368.77475250000015,223.94987999999978,0.0,592.7246324999999,529.4959188749999,0.10719179397398025,227.15257949999997,302.236147581026,-168.3440225320303
3,11,12,1,347.3433904485373,230.7322628848159,12.551541385010843,590.6271947183641,521.4653789957191,0.1066262077009545,227.5676556823533,293.79109710566485,-158.37247875021785
3,11,13,1,339.49896750000016,225.2804400000002,24.584174999999597,589.3635825,516.2696673750002,0.10670534490761069,228.41383949999997,287.74912253009256,-153.63133380594132
3,11,14,1,347.3433904485373,230.73226288481595,12.551541385010877,590.6271947183642,521.4653789957192,0.1066262077009545,227.5676556823533,293.79109710566496,-158.3724787502178
3,11,15,1,368.7747525000001,223.94987999999978,0.0,592.7246324999999,529.4959188749999,0.10719179397398028,227.1525795,302.236147581026,-168.34402253203024
3,11,16,1,398.05053750000013,196.3961999999998,0.0,594.4467374999999,535.2649706249999,0.10698331580267906,228.18584249999998,306.97214480919723,-179.45184300656365
3,11,17,1,427.3263225000003,168.84251999999958,0.0,596.1688424999999,541.034022375,0.10677483763137778,229.21910549999996,311.7081420373686,-190.55966348109672
3,11,18,1,448.757684551463,148.67182630450532,0.0,597.4295108559684,545.257261367494,0.10662222101771623,229.97550651358105,315.17513263289527,-198.69115242980882
3,11,19,1,456.6021075000003,141.28883999999968,0.0,597.8909474999999,546.803074125,0.10656635946007652,230.25236850000002,316.4441392655399,-201.6674839556299
3,11,20,1,448.75768455146294,148.6718263045054,0.0,597.4295108559684,545.257261367494,0.10662222101771623,229.97550651358102,315.1751326328953,-198.69115242980894
3,11,21,1,427.32632250000023,168.84251999999955,0.0,596.1688424999998,541.0340223749998,0.10677483763137778,229.21910549999996,311.7081420373685,-190.55966348109678
3,11,22,1,398.05053750000025,196.39619999999965,0.0,594.4467374999999,535.2649706249999,0.10698331580267904,228.18584249999998,306.97214480919723,-179.4518430065637
3,11,23,1,368.7747525000002,223.9498799999998,0.0,592.7246325,529.495918875,0.10719179397398028,227.15257949999997,302.2361475810261,-168.3440225320304
3,11,24,1,347.3433904485373,230.732262884816,12.551541385010792,590.6271947183641,521.4653789957192,0.10662620770095448,227.5676556823533,293.79109710566496,-158.3724787502178
3,11,25,1,339.49896750000016,225.28044000000014,24.584174999999636,589.3635824999999,516.269667375,0.10670534490761069,228.4138394999999,287.74912253009256,-153.63133380594115
3,11,26,1,347.3433904485373,230.73226288481595,12.551541385010815,590.6271947183642,521.4653789957192,0.1066262077009545,227.56765568235326,293.791097105665,-158.37247875021774
3,11,27,1,368.7747525000001,223.9498799999999,0.0,592.7246325,529.4959188749999,0.1071917939739803,227.1525795,302.236147581026,-168.3440225320303
3,11,28,1,398.05053750000025,196.3961999999998,0.0,594.4467375,535.264970625,0.10698331580267906,228.18584249999998,306.97214480919735,-179.4518430065637
3,11,29,1,427.32632250000034,168.84251999999944,0.0,596.1688424999998,541.0340223749998,0.10677483763137778,229.21910549999998,311.7081420373685,-190.55966348109672
3,11,30,1,448.7576845514631,148.67182630450523,0.0,597.4295108559684,545.2572613674942,0.10662222101771622,229.97550651358102,315.17513263289544,-198.69115242980888
3,11,31,1,456.6021075000004,141.28883999999965,0.0,597.8909475,546.8030741250001,0.10656635946007653,230.25236850000002,316.44413926554,-201.6674839556302
3,11,32,1,448.7576845514629,148.67182630450534,0.0,597.4295108559683,545.257261367494,0.10662222101771623,229.97550651358105,315.17513263289527,-198.6911524298087
3,11,33,1,427.32632250000046,168.8425199999994,0.0,596.1688424999999,541.034022375,0.10677483763137777,229.21910549999996,311.7081420373686,-190.55966348109672
3,11,34,1,398.05053750000025,196.39619999999974,0.0,594.4467374999999,535.264970625,0.10698331580267906,228.18584250000004,306.9721448091973,-179.4518430065636
3,11,35,1,368.77475250000015,223.94987999999984,0.0,592.7246325,529.4959188749999,0.10719179397398029,227.1525795,302.236147581026,-168.3440225320304
3,11,36,1,347.3433904485373,230.732262884816,12.551541385010783,590.6271947183641,521.4653789957192,0.10662620770095448,227.56765568235326,293.791097105665,-158.3724787502178
3,11,37,1,339.49896750000016,225.28044000000008,24.58417499999963,589.3635824999999,516.269667375,0.10670534490761069,228.4138394999999,287.74912253009256,-153.63133380594115
3,11,38,1,347.34339044853743,230.73226288481595,12.551541385010719,590.6271947183641,521.4653789957192,0.10662620770095448,227.5676556823533,293.79109710566496,-158.37247875021797
3,11,39,1,368.77475250000015,223.94987999999978,0.0,592.7246324999999,529.4959188749999,0.10719179397398028,227.1525795,302.236147581026,-168.3440225320303
3,11,40,1,398.05053750000013,196.39619999999988,0.0,594.4467375,535.264970625,0.10698331580267909,228.18584249999998,306.97214480919735,-179.4518430065636
3,11,41,1,427.3263225000003,168.84251999999952,0.0,596.1688424999998,541.034022375,0.10677483763137777,229.21910549999996,311.7081420373686,-190.55966348109678
3,11,42,1,448.75768455146294,148.67182630450537,0.0,597.4295108559684,545.257261367494,0.10662222101771626,229.97550651358105,315.17513263289527,-198.69115242980888
3,11,43,1,456.6021075000004,141.28883999999962,0.0,597.8909475,546.8030741250001,0.10656635946007653,230.2523685,316.44413926554,-201.66748395563008
3,11,44,1,448.75768455146306,148.6718263045054,0.0,597.4295108559685,545.2572613674942,0.10662222101771628,229.97550651358108,315.1751326328954,-198.69115242980894
3,11,45,1,427.3263225000003,168.84251999999964,0.0,596.1688425,541.034022375,0.10677483763137781,229.21910549999998,311.7081420373686,-190.55966348109672
3,11,46,1,398.05053750000025,196.3961999999997,0.0,594.4467374999999,535.2649706249999,0.10698331580267904,228.18584249999998,306.97214480919723,-179.4518430065637
3,11,47,1,368.77475250000015,223.94987999999984,0.0,592.7246325,529.4959188749999,0.10719179397398029,227.1525795,302.236147581026,-168.34402253203046
3,11,48,1,347.3433904485373,230.732262884816,12.551541385010864,590.6271947183642,521.4653789957192,0.1066262077009545,227.56765568235332,293.7910971056649,-158.3724787502178
3,12,1,1,4410.865305000004,4082.917608,1550.8456425000024,10044.628555500007,8309.621229525004,2.101862068029874,4008.6315423000033,4298.887825156971,-1938.0524359373012
3,12,2,1,4546.684138903303,4131.69488456394,1385.276798159573,10063.655821626817,8386.608078597055,2.1018620680298743,3997.972056064033,4386.534160464993,-2013.8671298921072
3,12,3,1,5045.724250875005,4173.489936000001,905.764426874994,10124.97861375,8630.400421912502,2.1018620680298725,3970.830748499999,4657.467811344473,-2273.5373005560523
3,12,4,1,5485.498672500002,4204.625039999997,488.53901250000513,10178.662725000004,8843.620227750003,2.1018620680298734,3947.411160000003,4894.10720568197,-2501.5859507122987
3,12,5,1,5933.712708,4042.7970659999996,244.76976562500028,10221.279539625,9005.88809649375,2.101862068029872,3940.478682525,5063.307551900722,-2707.396451762299
3,12,6,1,6274.259277036657,3853.285418728824,121.95466814467855,10249.499363910161,9110.249715647455,2.101862068029874,3941.035230765386,5167.112622814038,-2854.616707448813
3,12,7,1,6393.5369189999965,3827.450087999999,40.930312500000014,10261.917319499997,9158.331815324997,2.101862068029872,3937.6827566999987,5218.547196556969,-2911.755620237296
3,12,8,1,6267.89662532779,3866.9975924569194,114.71360972358825,10249.607827508298,9111.19235337491,2.101862068029872,3940.1348344681237,5168.955656838757,-2853.264664437502
3,12,9,1,5931.380070000004,4039.366716000002,250.0439287499983,10220.790714750003,9003.828600112505,2.101862068029873,3940.888609350001,5060.838128694475,-2705.7378775373
3,12,10,1,5466.914144999997,4202.975700000004,506.48338125000475,10176.373226250007,8834.514857437502,2.1018620680298743,3948.430043250002,4883.98295211947,-2491.9029215872997
3,12,11,1,5112.481287375009,4106.593259999998,909.5767931249945,10128.6513405,8642.399067225004,2.101862068029873,3973.54270005,4666.754505106974,-2298.3065585310524
3,12,12,1,4566.798211401844,4144.577651451135,1355.4514931747028,10066.827356027683,8399.618743238747,2.101862068029874,3995.898269373236,4401.618611797481,-2025.8730236986503
3,12,13,1,4311.722299500006,4003.5607920000016,1476.0276300000023,9980.666041500008,8139.203312625008,2.1018620680298743,4036.0204269000037,4101.081023656974,-1677.8714937623026
3,12,14,1,4459.85517248499,4064.3329684440323,1277.5604932933861,9999.734150324097,8220.684887342582,2.101862068029873,4024.4510857409177,4194.131939533635,-1752.5394533707076
3,12,15,1,5045.425308000006,4175.0311679999995,904.5832949999939,10125.039771,8630.699789250002,2.101862068029873,3970.7099585999995,4657.887968581973,-2273.597110787301
3,12,16,1,5465.794949999997,4216.114980000003,495.1528312500052,10177.062761250005,8837.731243687502,2.1018620680298743,3947.3330242500033,4888.296357369469,-2493.1400998372956
3,12,17,1,5934.360663000003,4021.6051259999995,264.0654843750003,10220.031273375002,9000.162747056253,2.101862068029873,3942.302485275002,5055.758399713221,-2704.812254762297
3,12,18,1,6278.539202701219,3858.607111288567,113.18917637177978,10250.335490361565,9113.751978601491,2.1018620680298743,3940.3681743998422,5171.281942133619,-2857.5261670580385
3,12,19,1,6400.805796000001,3814.787591999997,46.38768750000001,10261.981075499998,9158.108807924998,2.101862068029872,3938.4486602999987,5217.55828555697,-2913.713102687301
3,12,20,1,6299.444542431888,3851.1269642388747,101.75592623321617,10252.32743290398,9121.339646129662,2.101862068029873,3940.0389065734817,5179.19887748815,-2867.134775584018
3,12,21,1,5929.501000500003,4031.5150260000028,259.0628906250003,10220.078917125005,9000.722561118755,2.101862068029874,3941.664059025003,5056.956640025723,-2703.7021553873
3,12,22,1,5504.583892499999,4193.3430000000035,482.2760250000038,10180.202917500008,8849.280911625005,2.1018620680298743,3947.5002105000026,4899.678839056973,-2509.7456792122994
3,12,23,1,5031.615030750005,4182.203717999999,910.0445681249938,10123.863316874997,8626.32176608125,2.1018620680298716,3970.7322558749984,4653.487648138222,-2267.556342399803
3,12,24,1,4573.14092242063,4135.078552785657,1275.1305953304764,10050.253905033289,8363.904121134367,2.1018620680298747,4002.0062795293134,4359.795979537023,-1957.5451920174091
3,12,25,1,4415.218384500008,4103.369423999998,1320.1390125000023,10004.880501000007,8228.152513350007,2.101862068029873,4020.483297600004,4205.567353681974,-1768.6181459123
3,12,26,1,4571.614083236692,4118.342020545449,1258.4043992010193,10042.27546239913,8343.916658984173,2.101862068029875,4005.7935044326664,4336.021292483478,-1926.1053459665509
3,12,27,1,5047.115881500002,4183.718616,894.9471299999934,10125.781627499995,8633.955901724998,2.1018620680298716,3969.8702504999974,4661.9837891569705,-2275.6518384622996
3,12,28,1,5468.475127499998,4201.423380000002,506.5613437500052,10176.459851250005,8834.798814187503,2.1018620680298734,3948.4924132500014,4884.204538869471,-2492.4837422123
3,12,29,1,6005.635713000005,3965.1949260000006,254.06029687500023,10224.890935875006,9017.243031431255,2.1018620680298743,3943.884257775002,5071.256911588223,-2733.3222747623004
3,12,30,1,6286.763012489773,3856.558272863735,107.85365964045009,10251.174944993958,9116.990992958521,2.101862068029873,3940.160444948435,5174.7286859420565,-2861.4289196964455
3,12,31,1,6412.186241999999,3800.3343839999957,49.896000000000015,10262.416625999995,9159.287237099996,2.101862068029872,3939.1777655999977,5218.007609431968,-2917.5164252873
3,12,32,1,6290.944302062205,3857.290357680968,103.47795697214768,10251.71261671532,9119.14224943855,2.101862068029873,3939.8996209588117,5177.140766411709,-2863.657119876554
3,12,33,1,5939.673894000006,4019.2724879999996,261.5641875000003,10220.510569500006,9001.968492825006,2.1018620680298743,3942.256556700003,5057.610074056974,-2707.1950139873006
3,12,34,1,5476.103324999997,4219.552260000008,482.8347562500006,10178.490341250004,8843.499082687504,2.101862068029874,3946.5471622500027,4894.850058369471,-2498.8578695872966
3,12,35,1,5026.1221395000075,4196.925809999999,901.0892756249946,10124.137225125001,8627.955782118754,2.101862068029873,3969.702561825,4656.151358225724,-2266.7857177373025
3,12,36,1,4568.995252714064,4136.207190193775,1258.2258365133716,10045.93579800232,8353.911580102902,2.1018620680298747,4003.4029211022835,4348.406796932589,-1939.2070970803434
3,12,37,1,4412.962323000012,4098.485159999995,1370.3676525000026,10013.04161550001,8244.48851572501,2.1018620680298743,4018.1062383000035,4224.280415356977,-1803.4721824373046
3,12,38,1,4575.716177665149,4124.988459542262,1245.4092389004475,10042.544538449529,8346.3608171622,2.1018620680298743,4005.22854319311,4339.03041190106,-1926.464985421695
3,12,39,1,5032.801966500004,4166.916137999999,923.3293781249944,10123.047482624997,8622.525936543749,2.101862068029872,3972.014063324999,4648.41001115072,-2266.0582409873005
3,12,40,1,5494.805662500002,4165.373520000003,517.125262500001,10177.304445000005,8836.783089750006,2.1018620680298743,3950.407692000002,4884.273535681974,-2500.924482212302
3,12,41,1,5928.658659000006,4026.041711999999,264.93736500000074,10219.637736000006,8998.774646400007,2.101862068029873,3942.182613600002,5054.490170731975,-2702.520971537304
3,12,42,1,6267.348512508461,3881.3349924020995,101.75592623321616,10250.439431143777,9115.014840232987,2.101862068029873,3938.9061055173593,5174.006872647598,-2854.957164230722
3,12,43,1,6413.175845999999,3817.6981919999994,32.74425000000001,10263.618287999998,9164.684944799998,2.1018620680298725,3937.611862799999,5224.971219931969,-2920.4074826873
3,12,44,1,6273.217914014503,3854.0219301639627,122.1830383996661,10249.42288257813,9109.975233564763,2.101862068029873,3941.0197913335005,5166.853580163232,-2854.188107762813
3,12,45,1,5927.881113000006,4018.982814000001,272.24115187499774,10219.105078875004,8996.405942081254,2.101862068029873,3942.8368575750014,5051.467222438223,-2701.1547393623023
3,12,46,1,5461.435979999997,4199.538420000003,514.5395062500056,10175.513906250006,8830.991645437502,2.1018620680298743,3948.9886012500037,4879.901182119468,-2488.642876337295
3,12,47,1,5112.641803500006,4105.980648000002,910.0094849999946,10128.631936500002,8642.299448475005,2.101862068029873,3973.5887498999996,4666.608836506975,-2298.303998762305
3,12,48,1,4571.483758561918,4131.319876939185,1243.5303175293172,10042.506779376525,8346.333070778212,2.1018620680298743,4004.8522305015968,4339.378978208585,-1925.4527286830598
3,14,1,1,1340.9841060000008,254.87431199999872,0.0,1595.8584179999996,1477.8343502999996,0.3818257041591384,616.1952257999999,861.2572987958406,-584.1885327784812
3,14,2,1,1364.5678577883932,232.67783972857097,0.0,1597.2456975169641,1482.4817366818304,0.3818257041591386,617.0275935101786,865.0723174674927,-593.1364856629009
3,14,3,1,1428.5228265000005,172.48492799999877,0.0,1601.0077544999992,1495.0846275749993,0.3818257041591384,619.2848276999998,875.4179741708404,-617.4017532034811
3,14,4,1,1515.5667449999999,90.56124000000025,0.0,1606.127985,1512.23739975,0.38182570415913847,622.356966,889.4986080458407,-650.4272399284812
3,14,5,1,1593.5805270000012,17.136503999998645,0.0,1610.717031,1527.61070385,0.38182570415913847,625.1103936000001,902.1184845458407,-680.026586628481
3,14,6,1,1611.7880624999996,0.0,0.0,1611.7880624999996,1531.1986593749996,0.3818257041591384,625.7530124999998,905.0638211708406,-686.9347398034809
3,14,7,1,1611.7880624999998,0.0,0.0,1611.7880624999998,1531.1986593749998,0.38182570415913847,625.7530124999998,905.0638211708408,-686.9347398034811
3,14,8,1,1611.7880624999998,0.0,0.0,1611.7880624999998,1531.1986593749998,0.38182570415913847,625.7530124999998,905.0638211708408,-686.9347398034811
3,14,9,1,1596.755506500001,14.148287999998882,0.0,1610.9037945,1528.236361575,0.38182570415913847,625.2224517,902.6320841708409,-681.2312112034815
3,14,10,1,1514.0646674999998,91.97496000000017,0.0,1606.0396275,1511.941402125,0.38182570415913847,622.3039515,889.2556249208408,-649.8573340534808
3,14,11,1,1430.6905304999996,170.44473600000003,0.0,1601.1352664999995,1495.5117927749995,0.3818257041591384,619.3613348999999,875.7686321708405,-618.2242056034809
3,14,12,1,1365.5906072374719,231.7152520117915,0.0,1597.3058592492634,1482.6832784850315,0.3818257041591386,617.063690549558,865.2377622313143,-593.5245288362275
3,14,13,1,1340.9841060000008,254.87431199999943,0.0,1595.8584180000003,1477.8343503000003,0.3818257041591386,616.1952258000001,861.257298795841,-584.1885327784814
3,14,14,1,1370.0225215168111,227.54403857241346,0.0,1597.5665600892246,1483.5566262989014,0.38182570415913863,617.2201110535348,865.9546895412075,-595.2060492539767
3,14,15,1,1428.1517250000009,172.8341999999986,0.0,1600.9859249999995,1495.0114987499996,0.3818257041591384,619.2717299999999,875.3579430458406,-617.2609529284812
3,14,16,1,1515.1544099999999,90.9493199999999,0.0,1606.1037299999998,1512.1561454999999,0.38182570415913847,622.342413,889.4319067958407,-650.270795178481
3,14,17,1,1593.6453224999998,17.07552000000002,0.0,1610.7208425,1527.6234723749997,0.38182570415913847,625.1126805000001,902.1289661708404,-680.0511708034805
3,14,18,1,1611.7880625,0.0,0.0,1611.7880625,1531.198659375,0.3818257041591386,625.7530125000001,905.0638211708408,-686.9347398034809
3,14,19,1,1611.7880624999998,0.0,0.0,1611.7880624999998,1531.1986593749998,0.38182570415913847,625.7530124999998,905.0638211708408,-686.9347398034811
3,14,20,1,1611.7880624999998,0.0,0.0,1611.7880624999998,1531.1986593749998,0.38182570415913847,625.7530124999998,905.0638211708408,-686.9347398034811
3,14,21,1,1593.5805270000014,17.136503999998514,0.0,1610.717031,1527.6107038500002,0.38182570415913847,625.1103936,902.118484545841,-680.0265866284819
3,14,22,1,1513.9174049999997,92.11356000000009,0.0,1606.0309649999997,1511.9123827499998,0.3818257041591386,622.298754,889.2318030458406,-649.8014609284808
3,14,23,1,1425.1829130000008,175.6283759999991,0.0,1600.8112889999998,1494.42646815,0.3818257041591386,619.1669484,874.8776940458407,-616.1345507284811
3,14,24,1,1363.886024822341,233.31956487309122,0.0,1597.205589695432,1482.347375479697,0.3818257041591386,617.0035288172594,864.9620209582783,-592.8777902140159
3,14,25,1,1340.9841060000008,254.87431199999924,0.0,1595.858418,1477.8343503,0.3818257041591386,616.1952258000001,861.2572987958408,-584.1885327784814
3,14,26,1,1365.2496907544455,232.0361145840514,0.0,1597.2858053384969,1482.6160978839644,0.3818257041591386,617.0516582030981,865.1826139767071,-593.3951811117852
3,14,27,1,1429.6361310000011,171.4371119999987,0.0,1601.0732429999998,1495.30401405,0.38182570415913847,619.3241207999998,875.598067545841,-617.8241540284816
3,14,28,1,1517.6284199999998,88.62083999999977,0.0,1606.2492599999996,1512.6436709999996,0.3818257041591384,622.429731,889.8321142958405,-651.2094636784807
3,14,29,1,1593.5805270000012,17.13650399999865,0.0,1610.717031,1527.61070385,0.38182570415913847,625.1103936,902.1184845458408,-680.0265866284813
3,14,30,1,1611.7880624999998,0.0,0.0,1611.7880624999998,1531.1986593749998,0.38182570415913847,625.7530124999998,905.0638211708408,-686.9347398034811
3,14,31,1,1611.7880624999998,0.0,0.0,1611.7880624999998,1531.1986593749998,0.38182570415913847,625.7530124999998,905.0638211708408,-686.9347398034811
3,14,32,1,1611.7880624999998,0.0,0.0,1611.7880624999998,1531.1986593749998,0.38182570415913847,625.7530124999998,905.0638211708408,-686.9347398034811
3,14,33,1,1593.5805270000014,17.136503999998627,0.0,1610.7170310000001,1527.6107038500002,0.3818257041591386,625.1103936000001,902.1184845458409,-680.0265866284815
3,14,34,1,1511.0310599999998,94.83011999999994,0.0,1605.8611799999996,1511.3436029999998,0.38182570415913847,622.196883,888.7648942958407,-648.7063476784808
3,14,35,1,1429.6361310000011,171.43711199999882,0.0,1601.0732429999998,1495.30401405,0.38182570415913847,619.3241208,875.5980675458409,-617.8241540284814
3,14,36,1,1365.5906072374717,231.71525201179207,0.0,1597.3058592492637,1482.6832784850317,0.3818257041591387,617.0636905495581,865.2377622313144,-593.5245288362278
3,14,37,1,1341.3139740000008,254.56384799999938,0.0,1595.8778220000002,1477.8993537000001,0.3818257041591386,616.2068682000003,861.3106597958407,-584.3136885784813
3,14,38,1,1364.5678577883932,232.67783972857143,0.0,1597.2456975169646,1482.4817366818306,0.38182570415913863,617.0275935101787,865.0723174674928,-593.1364856629009
3,14,39,1,1432.2338415000008,168.99220799999878,0.0,1601.2260494999996,1495.8159158249998,0.3818257041591384,619.4158046999999,876.0182854208408,-618.8097559534813
3,14,40,1,1512.2680649999998,93.66587999999996,0.0,1605.9339449999998,1511.5873657499997,0.38182570415913847,622.240542,888.9649980458405,-649.1756819284808
3,14,41,1,1593.5805270000014,17.136503999998503,0.0,1610.717031,1527.6107038500002,0.38182570415913847,625.1103936000001,902.1184845458409,-680.0265866284817
3,14,42,1,1611.7880624999998,0.0,0.0,1611.7880624999998,1531.1986593749998,0.38182570415913847,625.7530124999998,905.0638211708408,-686.9347398034811
3,14,43,1,1611.7880624999998,0.0,0.0,1611.7880624999998,1531.1986593749998,0.38182570415913847,625.7530124999998,905.0638211708408,-686.9347398034811
3,14,44,1,1611.7880624999998,0.0,0.0,1611.7880624999998,1531.1986593749998,0.38182570415913847,625.7530124999998,905.0638211708408,-686.9347398034811
3,14,45,1,1593.5805270000012,17.13650399999856,0.0,1610.7170309999997,1527.61070385,0.38182570415913847,625.1103936,902.1184845458408,-680.0265866284815
3,14,46,1,1514.5653599999998,91.5037200000001,0.0,1606.06908,1512.0400679999998,0.38182570415913847,622.321623,889.3366192958406,-650.0473026784807
3,14,47,1,1428.893928000001,172.13565599999825,0.0,1601.0295839999994,1495.1577563999995,0.3818257041591384,619.2979253999998,875.4780052958405,-617.5425534784815
3,14,48,1,1364.5678577883934,232.67783972857134,0.0,1597.2456975169648,1482.4817366818309,0.3818257041591386,617.0275935101788,865.0723174674929,-593.1364856629009
