sol,j,x,y,t,influjo_kg
1,52,933544.3998216777,6846209.704435752,1,1238.737500000001
1,52,933544.3998216777,6846209.704435752,2,1238.737500000001
1,52,933544.3998216777,6846209.704435752,3,1238.737500000001
1,52,933544.3998216777,6846209.704435752,4,1238.7375000000009
1,52,933544.3998216777,6846209.704435752,5,1238.7375
1,52,933544.3998216777,6846209.704435752,6,1238.7375000000013
1,52,933544.3998216777,6846209.704435752,7,1238.737500000001
1,52,933544.3998216777,6846209.704435752,8,1238.737500000001
1,52,933544.3998216777,6846209.704435752,9,1238.7374999999997
1,52,933544.3998216777,6846209.704435752,10,1238.737500000001
1,52,933544.3998216777,6846209.704435752,11,1238.737500000001
1,52,933544.3998216777,6846209.704435752,12,1238.737500000001
1,52,933544.3998216777,6846209.704435752,13,1238.737500000001
1,52,933544.3998216777,6846209.704435752,14,1238.737500000001
1,52,933544.3998216777,6846209.704435752,15,1238.737500000001
1,52,933544.3998216777,6846209.704435752,16,1238.737500000001
1,52,933544.3998216777,6846209.704435752,17,1238.7374999999997
1,52,933544.3998216777,6846209.704435752,18,1238.7375000000013
1,52,933544.3998216777,6846209.704435752,19,1238.7375000000015
1,52,933544.3998216777,6846209.704435752,20,1238.737500000001
1,52,933544.3998216777,6846209.704435752,21,1238.7375
1,52,933544.3998216777,6846209.704435752,22,1238.737500000001
1,52,933544.3998216777,6846209.704435752,23,1238.737500000001
1,52,933544.3998216777,6846209.704435752,24,1238.737500000001
1,52,933544.3998216777,6846209.704435752,25,1238.737500000001
1,52,933544.3998216777,6846209.704435752,26,1238.737500000001
1,52,933544.3998216777,6846209.704435752,27,1238.737500000001
1,52,933544.3998216777,6846209.704435752,28,1238.737500000001
1,52,933544.3998216777,6846209.704435752,29,1238.7375
1,52,933544.3998216777,6846209.704435752,30,1238.7375000000013
1,52,933544.3998216777,6846209.704435752,31,1238.7375000000015
1,52,933544.3998216777,6846209.704435752,32,1238.7375000000013
1,52,933544.3998216777,6846209.704435752,33,1238.7375
1,52,933544.3998216777,6846209.704435752,34,1238.737500000001
1,52,933544.3998216777,6846209.704435752,35,1238.7375000000013
1,52,933544.3998216777,6846209.704435752,36,1238.7375000000009
1,52,933544.3998216777,6846209.704435752,37,1238.737500000001
1,52,933544.3998216777,6846209.704435752,38,1238.7375000000013
1,52,933544.3998216777,6846209.704435752,39,1238.737500000001
1,52,933544.3998216777,6846209.704435752,40,1238.737500000001
1,52,933544.3998216777,6846209.704435752,41,1238.7375
1,52,933544.3998216777,6846209.704435752,42,1238.7375000000013
1,52,933544.3998216777,6846209.704435752,43,1238.7375000000015
1,52,933544.3998216777,6846209.704435752,44,1238.7375000000013
1,52,933544.3998216777,6846209.704435752,45,1238.7375
1,52,933544.3998216777,6846209.704435752,46,1238.737500000001
1,52,933544.3998216777,6846209.704435752,47,1238.737500000001
1,52,933544.3998216777,6846209.704435752,48,1238.737500000001
1,62,933921.19982138,6847190.704435252,1,1499.8252500000076
1,62,933921.19982138,6847190.704435252,2,1499.8252500000049
1,62,933921.19982138,6847190.704435252,3,1499.8252500000037
1,62,933921.19982138,6847190.704435252,4,1499.8252500000076
1,62,933921.19982138,6847190.704435252,5,1499.8252500000006
1,62,933921.19982138,6847190.704435252,6,1499.82525000001
1,62,933921.19982138,6847190.704435252,7,1499.825250000001
1,62,933921.19982138,6847190.704435252,8,1499.8252500000096
1,62,933921.19982138,6847190.704435252,9,1499.8252500000033
1,62,933921.19982138,6847190.704435252,10,1499.8252500000076
1,62,933921.19982138,6847190.704435252,11,1499.825249999999
1,62,933921.19982138,6847190.704435252,12,1499.8252500000053
1,62,933921.19982138,6847190.704435252,13,1499.8252500000065
1,62,933921.19982138,6847190.704435252,14,1499.8252500000071
1,62,933921.19982138,6847190.704435252,15,1499.8252500000012
1,62,933921.19982138,6847190.704435252,16,1499.8252500000106
1,62,933921.19982138,6847190.704435252,17,1499.8252500000042
1,62,933921.19982138,6847190.704435252,18,1499.8252500000106
1,62,933921.19982138,6847190.704435252,19,1499.8252499999999
1,62,933921.19982138,6847190.704435252,20,1499.8252500000096
1,62,933921.19982138,6847190.704435252,21,1499.8252500000028
1,62,933921.19982138,6847190.704435252,22,1499.8252500000062
1,62,933921.19982138,6847190.704435252,23,1499.8252500000008
1,62,933921.19982138,6847190.704435252,24,1499.8252500000076
1,62,933921.19982138,6847190.704435252,25,1499.82525000001
1,62,933921.19982138,6847190.704435252,26,1499.8252500000067
1,62,933921.19982138,6847190.704435252,27,1499.82525
1,62,933921.19982138,6847190.704435252,28,1499.825250000006
1,62,933921.19982138,6847190.704435252,29,1499.825250000004
1,62,933921.19982138,6847190.704435252,30,1499.8252500000085
1,62,933921.19982138,6847190.704435252,31,1499.8252499999996
1,62,933921.19982138,6847190.704435252,32,1499.8252500000108
1,62,933921.19982138,6847190.704435252,33,1499.8252500000021
1,62,933921.19982138,6847190.704435252,34,1499.8252500000049
1,62,933921.19982138,6847190.704435252,35,1499.8252500000015
1,62,933921.19982138,6847190.704435252,36,1499.8252500000035
1,62,933921.19982138,6847190.704435252,37,1499.8252500000067
1,62,933921.19982138,6847190.704435252,38,1499.8252500000046
1,62,933921.19982138,6847190.704435252,39,1499.825249999997
1,62,933921.19982138,6847190.704435252,40,1499.8252500000078
1,62,933921.19982138,6847190.704435252,41,1499.8252500000037
1,62,933921.19982138,6847190.704435252,42,1499.8252500000085
1,62,933921.19982138,6847190.704435252,43,1499.8252499999983
1,62,933921.19982138,6847190.704435252,44,1499.8252500000078
1,62,933921.19982138,6847190.704435252,45,1499.825250000006
1,62,933921.19982138,6847190.704435252,46,1499.8252500000067
1,62,933921.19982138,6847190.704435252,47,1499.825249999995
1,62,933921.19982138,6847190.704435252,48,1499.8252500000046
1,40,932737.3998222824,6847314.2044352,1,445.9454999999997
1,40,932737.3998222824,6847314.2044352,2,445.9455000000003
1,40,932737.3998222824,6847314.2044352,4,445.9455000000001
1,40,932737.3998222824,6847314.2044352,5,444.14369999998974
1,40,932737.3998222824,6847314.2044352,6,412.00553486896365
1,40,932737.3998222824,6847314.2044352,7,400.24214999998924
1,40,932737.3998222824,6847314.2044352,8,412.0055348689642
1,40,932737.3998222824,6847314.2044352,9,444.1436999999899
1,40,932737.3998222824,6847314.2044352,10,445.9455000000006
1,40,932737.3998222824,6847314.2044352,12,445.94549999999975
1,40,932737.3998222824,6847314.2044352,13,445.94549999999964
1,40,932737.3998222824,6847314.2044352,14,445.94549999999964
1,40,932737.3998222824,6847314.2044352,16,445.9455000000005
1,40,932737.3998222824,6847314.2044352,17,444.1436999999897
1,40,932737.3998222824,6847314.2044352,18,412.0055348689642
1,40,932737.3998222824,6847314.2044352,19,400.24214999999003
1,40,932737.3998222824,6847314.2044352,20,412.0055348689644
1,40,932737.3998222824,6847314.2044352,21,444.1436999999899
1,40,932737.3998222824,6847314.2044352,22,445.94550000000027
1,40,932737.3998222824,6847314.2044352,24,445.9454999999995
1,40,932737.3998222824,6847314.2044352,25,445.94549999999964
1,40,932737.3998222824,6847314.2044352,26,445.9455
1,40,932737.3998222824,6847314.2044352,28,445.94550000000055
1,40,932737.3998222824,6847314.2044352,29,444.14369999998974
1,40,932737.3998222824,6847314.2044352,30,412.0055348689639
1,40,932737.3998222824,6847314.2044352,31,400.2421499999896
1,40,932737.3998222824,6847314.2044352,32,412.00553486896393
1,40,932737.3998222824,6847314.2044352,33,444.1436999999897
1,40,932737.3998222824,6847314.2044352,34,445.9455000000003
1,40,932737.3998222824,6847314.2044352,36,445.94550000000015
1,40,932737.3998222824,6847314.2044352,37,445.9454999999999
1,40,932737.3998222824,6847314.2044352,38,445.94549999999947
1,40,932737.3998222824,6847314.2044352,40,445.94550000000044
1,40,932737.3998222824,6847314.2044352,41,444.1436999999899
1,40,932737.3998222824,6847314.2044352,42,412.0055348689637
1,40,932737.3998222824,6847314.2044352,43,400.24214999998946
1,40,932737.3998222824,6847314.2044352,44,412.0055348689637
1,40,932737.3998222824,6847314.2044352,45,444.14369999998996
1,40,932737.3998222824,6847314.2044352,46,445.94549999999987
1,40,932737.3998222824,6847314.2044352,47,445.9455000000003
1,40,932737.3998222824,6847314.2044352,27,445.9455000000006
1,40,932737.3998222824,6847314.2044352,3,445.94550000000044
1,40,932737.3998222824,6847314.2044352,11,445.94550000000044
1,40,932737.3998222824,6847314.2044352,48,445.9454999999998
1,40,932737.3998222824,6847314.2044352,23,445.9455000000006
1,40,932737.3998222824,6847314.2044352,15,445.9455000000001
1,40,932737.3998222824,6847314.2044352,35,445.9454999999998
1,40,932737.3998222824,6847314.2044352,39,445.9454999999998
1,23,933186.3998219331,6847949.604434876,3,878.5507500000003
1,23,933186.3998219331,6847949.604434876,4,812.9929499999993
1,23,933186.3998219331,6847949.604434876,5,878.5507499999991
1,23,933186.3998219331,6847949.604434876,6,878.5507500000002
1,23,933186.3998219331,6847949.604434876,7,878.5507500000004
1,23,933186.3998219331,6847949.604434876,8,878.5507500000003
1,23,933186.3998219331,6847949.604434876,9,878.5507499999998
1,23,933186.3998219331,6847949.604434876,12,878.5507500000002
1,23,933186.3998219331,6847949.604434876,16,839.1536999999994
1,23,933186.3998219331,6847949.604434876,17,878.5507500000002
1,23,933186.3998219331,6847949.604434876,19,878.5507500000001
1,23,933186.3998219331,6847949.604434876,20,878.5507500000003
1,23,933186.3998219331,6847949.604434876,21,878.5507499999997
1,23,933186.3998219331,6847949.604434876,23,818.9943299999991
1,23,933186.3998219331,6847949.604434876,28,820.9970999999994
1,23,933186.3998219331,6847949.604434876,30,878.5507500000003
1,23,933186.3998219331,6847949.604434876,31,878.5507500000003
1,23,933186.3998219331,6847949.604434876,32,878.5507500000002
1,23,933186.3998219331,6847949.604434876,33,878.5507499999992
1,23,933186.3998219331,6847949.604434876,34,813.9977999999993
1,23,933186.3998219331,6847949.604434876,36,878.5507500000003
1,23,933186.3998219331,6847949.604434876,41,878.5507499999994
1,23,933186.3998219331,6847949.604434876,42,878.5507500000003
1,23,933186.3998219331,6847949.604434876,43,878.5507500000002
1,23,933186.3998219331,6847949.604434876,45,878.5507499999997
1,23,933186.3998219331,6847949.604434876,46,830.0060999999989
1,23,933186.3998219331,6847949.604434876,1,878.5507500000003
1,23,933186.3998219331,6847949.604434876,2,878.5507500000003
1,23,933186.3998219331,6847949.604434876,13,878.5507500000003
1,23,933186.3998219331,6847949.604434876,25,878.5507500000002
1,23,933186.3998219331,6847949.604434876,26,878.5507499999999
1,23,933186.3998219331,6847949.604434876,27,839.3269499999989
1,23,933186.3998219331,6847949.604434876,37,878.5507500000002
1,23,933186.3998219331,6847949.604434876,38,878.5507500000004
1,23,933186.3998219331,6847949.604434876,39,833.1384600000023
1,23,933186.3998219331,6847949.604434876,47,847.9201500000032
1,23,933186.3998219331,6847949.604434876,48,878.5507499999999
1,23,933186.3998219331,6847949.604434876,18,878.5507500000003
1,23,933186.3998219331,6847949.604434876,22,847.4696999999992
1,23,933186.3998219331,6847949.604434876,40,849.7912499999991
1,23,933186.3998219331,6847949.604434876,44,878.5507500000003
1,23,933186.3998219331,6847949.604434876,10,847.2618000000091
1,23,933186.3998219331,6847949.604434876,11,825.2867699999987
1,23,933186.3998219331,6847949.604434876,14,878.5507500000003
1,23,933186.3998219331,6847949.604434876,15,839.139840000003
1,23,933186.3998219331,6847949.604434876,24,878.5507500000003
1,23,933186.3998219331,6847949.604434876,29,878.5507499999991
1,23,933186.3998219331,6847949.604434876,35,839.874420000002
1,50,933472.5998217161,6847811.904434941,1,291.57974999999993
1,50,933472.5998217161,6847811.904434941,2,291.57975
1,50,933472.5998217161,6847811.904434941,10,291.5797499999997
1,50,933472.5998217161,6847811.904434941,13,291.5797500000001
1,50,933472.5998217161,6847811.904434941,14,291.57975
1,50,933472.5998217161,6847811.904434941,24,291.5797499999999
1,50,933472.5998217161,6847811.904434941,25,291.57975000000005
1,50,933472.5998217161,6847811.904434941,26,291.5797499999999
1,50,933472.5998217161,6847811.904434941,35,291.57975000000016
1,50,933472.5998217161,6847811.904434941,37,291.5797499999999
1,50,933472.5998217161,6847811.904434941,39,291.57975000000005
1,50,933472.5998217161,6847811.904434941,47,291.5797499999998
1,50,933472.5998217161,6847811.904434941,48,291.57974999999976
1,50,933472.5998217161,6847811.904434941,11,291.5797500000004
1,50,933472.5998217161,6847811.904434941,36,291.5797499999999
1,50,933472.5998217161,6847811.904434941,3,291.57974999999993
1,50,933472.5998217161,6847811.904434941,15,291.57974999999993
1,50,933472.5998217161,6847811.904434941,23,291.57975
1,50,933472.5998217161,6847811.904434941,27,291.57975000000033
1,50,933472.5998217161,6847811.904434941,29,291.57974999999993
1,50,933472.5998217161,6847811.904434941,33,291.57974999999993
1,50,933472.5998217161,6847811.904434941,4,291.57974999999976
1,50,933472.5998217161,6847811.904434941,6,291.5797499999997
1,50,933472.5998217161,6847811.904434941,8,291.57974999999993
1,50,933472.5998217161,6847811.904434941,16,291.5797499999997
1,50,933472.5998217161,6847811.904434941,18,291.57975
1,50,933472.5998217161,6847811.904434941,20,291.5797499999999
1,50,933472.5998217161,6847811.904434941,28,291.57974999999965
1,50,933472.5998217161,6847811.904434941,30,291.5797499999999
1,50,933472.5998217161,6847811.904434941,32,291.57975
1,50,933472.5998217161,6847811.904434941,34,291.57974999999965
1,50,933472.5998217161,6847811.904434941,40,291.57974999999976
1,50,933472.5998217161,6847811.904434941,42,291.57974999999993
1,50,933472.5998217161,6847811.904434941,44,291.5797499999999
1,50,933472.5998217161,6847811.904434941,46,291.57974999999993
1,50,933472.5998217161,6847811.904434941,17,291.57974999999993
1,50,933472.5998217161,6847811.904434941,22,291.5797499999999
1,50,933472.5998217161,6847811.904434941,41,291.57974999999993
1,50,933472.5998217161,6847811.904434941,45,291.57975000000005
1,50,933472.5998217161,6847811.904434941,5,291.57974999999993
1,50,933472.5998217161,6847811.904434941,12,291.57974999999993
1,50,933472.5998217161,6847811.904434941,38,291.57974999999976
1,50,933472.5998217161,6847811.904434941,43,291.5797499999999
1,50,933472.5998217161,6847811.904434941,19,291.57974999999976
1,50,933472.5998217161,6847811.904434941,21,291.5797499999999
1,50,933472.5998217161,6847811.904434941,31,291.5797499999998
1,50,933472.5998217161,6847811.904434941,7,291.5797499999999
1,50,933472.5998217161,6847811.904434941,9,291.5797499999998
1,76,933472.5998217161,6847811.904434941,11,291.5797500000001
1,76,933472.5998217161,6847811.904434941,15,291.5797500000001
1,76,933472.5998217161,6847811.904434941,18,291.57975000000005
1,76,933472.5998217161,6847811.904434941,22,291.5797499999999
1,76,933472.5998217161,6847811.904434941,27,291.5797500000001
1,76,933472.5998217161,6847811.904434941,29,291.5797499999999
1,76,933472.5998217161,6847811.904434941,38,291.57974999999993
1,76,933472.5998217161,6847811.904434941,40,291.5797499999999
1,76,933472.5998217161,6847811.904434941,44,291.5797499999999
1,76,933472.5998217161,6847811.904434941,46,291.57974999999993
1,76,933472.5998217161,6847811.904434941,1,291.57974999999993
1,76,933472.5998217161,6847811.904434941,2,291.5797499999999
1,76,933472.5998217161,6847811.904434941,4,291.5797499999999
1,76,933472.5998217161,6847811.904434941,5,291.5797499999999
1,76,933472.5998217161,6847811.904434941,6,291.57975000000016
1,76,933472.5998217161,6847811.904434941,8,291.57975
1,76,933472.5998217161,6847811.904434941,14,291.5797499999997
1,76,933472.5998217161,6847811.904434941,20,291.57975
1,76,933472.5998217161,6847811.904434941,24,291.5797499999998
1,76,933472.5998217161,6847811.904434941,25,291.57975000000005
1,76,933472.5998217161,6847811.904434941,26,291.57974999999993
1,76,933472.5998217161,6847811.904434941,28,291.5797499999999
1,76,933472.5998217161,6847811.904434941,36,291.57975
1,76,933472.5998217161,6847811.904434941,41,291.5797499999999
1,76,933472.5998217161,6847811.904434941,42,291.5797500000003
1,76,933472.5998217161,6847811.904434941,45,291.5797499999999
1,76,933472.5998217161,6847811.904434941,12,291.57975
1,76,933472.5998217161,6847811.904434941,48,291.5797499999997
1,76,933472.5998217161,6847811.904434941,3,291.57975
1,76,933472.5998217161,6847811.904434941,9,291.5797499999999
1,76,933472.5998217161,6847811.904434941,17,291.5797499999999
1,76,933472.5998217161,6847811.904434941,21,291.5797499999998
1,76,933472.5998217161,6847811.904434941,23,291.5797500000001
1,76,933472.5998217161,6847811.904434941,33,291.57974999999976
1,76,933472.5998217161,6847811.904434941,39,291.57975000000016
1,76,933472.5998217161,6847811.904434941,47,291.57975
1,76,933472.5998217161,6847811.904434941,37,291.5797500000001
1,76,933472.5998217161,6847811.904434941,13,291.57975000000005
1,76,933472.5998217161,6847811.904434941,30,291.5797499999998
1,76,933472.5998217161,6847811.904434941,32,291.5797499999998
1,76,933472.5998217161,6847811.904434941,35,291.5797500000001
1,76,933472.5998217161,6847811.904434941,16,291.5797499999998
1,76,933472.5998217161,6847811.904434941,34,291.5797499999999
1,76,933472.5998217161,6847811.904434941,10,291.57974999999993
1,76,933472.5998217161,6847811.904434941,19,291.5797499999998
1,76,933472.5998217161,6847811.904434941,31,291.57975000000005
1,76,933472.5998217161,6847811.904434941,43,291.57974999999976
1,76,933472.5998217161,6847811.904434941,7,291.5797499999999
1,25,933734.0998215002,6849385.604434141,2,798.5092500000042
1,25,933734.0998215002,6849385.604434141,4,798.5092499999995
1,25,933734.0998215002,6849385.604434141,5,798.5092500000028
1,25,933734.0998215002,6849385.604434141,11,798.5092500000004
1,25,933734.0998215002,6849385.604434141,15,798.5092499999997
1,25,933734.0998215002,6849385.604434141,16,798.5092499999996
1,25,933734.0998215002,6849385.604434141,22,798.5092500000003
1,25,933734.0998215002,6849385.604434141,23,798.5092499999989
1,25,933734.0998215002,6849385.604434141,25,798.5092500000023
1,25,933734.0998215002,6849385.604434141,26,798.5092500000017
1,25,933734.0998215002,6849385.604434141,29,798.5092500000006
1,25,933734.0998215002,6849385.604434141,34,798.5092499999998
1,25,933734.0998215002,6849385.604434141,40,798.5092500000002
1,25,933734.0998215002,6849385.604434141,1,798.509250000003
1,25,933734.0998215002,6849385.604434141,12,798.5092499999996
1,25,933734.0998215002,6849385.604434141,13,798.5092500000055
1,25,933734.0998215002,6849385.604434141,14,798.5092500000003
1,25,933734.0998215002,6849385.604434141,24,798.5092500000034
1,25,933734.0998215002,6849385.604434141,35,798.5092500000013
1,25,933734.0998215002,6849385.604434141,39,798.5092500000001
1,25,933734.0998215002,6849385.604434141,42,798.5092499999998
1,25,933734.0998215002,6849385.604434141,47,798.509250000001
1,25,933734.0998215002,6849385.604434141,48,798.509250000001
1,25,933734.0998215002,6849385.604434141,3,798.5092500000002
1,25,933734.0998215002,6849385.604434141,6,798.5092500000002
1,25,933734.0998215002,6849385.604434141,8,798.5092499999998
1,25,933734.0998215002,6849385.604434141,10,798.5092499999994
1,25,933734.0998215002,6849385.604434141,17,798.509250000003
1,25,933734.0998215002,6849385.604434141,19,798.50925
1,25,933734.0998215002,6849385.604434141,20,798.5092499999998
1,25,933734.0998215002,6849385.604434141,27,798.5092500000003
1,25,933734.0998215002,6849385.604434141,32,798.5092499999998
1,25,933734.0998215002,6849385.604434141,38,798.5092500000032
1,25,933734.0998215002,6849385.604434141,46,798.5092499999992
1,25,933734.0998215002,6849385.604434141,43,798.50925
1,25,933734.0998215002,6849385.604434141,7,798.5092499999993
1,25,933734.0998215002,6849385.604434141,9,798.5092500000012
1,25,933734.0998215002,6849385.604434141,18,798.5092500000006
1,25,933734.0998215002,6849385.604434141,21,798.5092500000013
1,25,933734.0998215002,6849385.604434141,28,798.5092500000003
1,25,933734.0998215002,6849385.604434141,30,798.5092499999996
1,25,933734.0998215002,6849385.604434141,31,798.5092499999995
1,25,933734.0998215002,6849385.604434141,33,798.5092499999995
1,25,933734.0998215002,6849385.604434141,36,798.5092499999996
1,25,933734.0998215002,6849385.604434141,37,798.5092500000022
1,25,933734.0998215002,6849385.604434141,41,798.5092500000005
1,25,933734.0998215002,6849385.604434141,44,798.5092500000001
1,25,933734.0998215002,6849385.604434141,45,798.5092500000012
1,78,933743.3998214928,6849429.204434117,1,726.0907500000029
1,78,933743.3998214928,6849429.204434117,3,726.0907500000002
1,78,933743.3998214928,6849429.204434117,6,726.0907499999993
1,78,933743.3998214928,6849429.204434117,7,726.0907499999994
1,78,933743.3998214928,6849429.204434117,8,726.0907500000003
1,78,933743.3998214928,6849429.204434117,9,726.0907499999998
1,78,933743.3998214928,6849429.204434117,10,726.0907500000001
1,78,933743.3998214928,6849429.204434117,12,726.0907500000019
1,78,933743.3998214928,6849429.204434117,13,726.0907500000008
1,78,933743.3998214928,6849429.204434117,14,726.0907500000003
1,78,933743.3998214928,6849429.204434117,17,726.0907499999988
1,78,933743.3998214928,6849429.204434117,18,726.0907499999998
1,78,933743.3998214928,6849429.204434117,19,726.0907499999994
1,78,933743.3998214928,6849429.204434117,20,726.0907500000001
1,78,933743.3998214928,6849429.204434117,21,726.0907499999986
1,78,933743.3998214928,6849429.204434117,24,726.0907500000003
1,78,933743.3998214928,6849429.204434117,27,726.090749999999
1,78,933743.3998214928,6849429.204434117,28,726.09075
1,78,933743.3998214928,6849429.204434117,30,726.0907499999987
1,78,933743.3998214928,6849429.204434117,31,726.0907500000003
1,78,933743.3998214928,6849429.204434117,32,726.0907500000003
1,78,933743.3998214928,6849429.204434117,33,726.0907500000003
1,78,933743.3998214928,6849429.204434117,35,726.090749999999
1,78,933743.3998214928,6849429.204434117,36,726.0907499999998
1,78,933743.3998214928,6849429.204434117,37,726.0907500000038
1,78,933743.3998214928,6849429.204434117,38,726.0907500000012
1,78,933743.3998214928,6849429.204434117,39,726.0907499999995
1,78,933743.3998214928,6849429.204434117,41,726.0907499999998
1,78,933743.3998214928,6849429.204434117,42,726.09075
1,78,933743.3998214928,6849429.204434117,43,726.0907500000005
1,78,933743.3998214928,6849429.204434117,44,726.0907499999995
1,78,933743.3998214928,6849429.204434117,45,726.0907499999989
1,78,933743.3998214928,6849429.204434117,46,726.0907499999997
1,78,933743.3998214928,6849429.204434117,47,726.0907499999997
1,78,933743.3998214928,6849429.204434117,48,726.090750000001
1,78,933743.3998214928,6849429.204434117,11,726.0907500000003
1,78,933743.3998214928,6849429.204434117,2,726.0907500000003
1,78,933743.3998214928,6849429.204434117,4,726.0907500000004
1,78,933743.3998214928,6849429.204434117,15,726.0907499999988
1,78,933743.3998214928,6849429.204434117,25,726.0907500000028
1,78,933743.3998214928,6849429.204434117,26,726.0907500000011
1,78,933743.3998214928,6849429.204434117,34,726.0907499999997
1,78,933743.3998214928,6849429.204434117,16,726.0907500000004
1,78,933743.3998214928,6849429.204434117,23,726.0907499999997
1,78,933743.3998214928,6849429.204434117,40,726.0907500000009
1,78,933743.3998214928,6849429.204434117,29,726.0907499999997
1,78,933743.3998214928,6849429.204434117,5,726.09075
1,78,933743.3998214928,6849429.204434117,22,726.0907500000006
1,8,932794.3604016128,6848981.7958182,2,573.6307499999998
1,8,932794.3604016128,6848981.7958182,4,573.6307500000003
1,8,932794.3604016128,6848981.7958182,5,573.6307499999996
1,8,932794.3604016128,6848981.7958182,6,573.6307499999995
1,8,932794.3604016128,6848981.7958182,7,573.6307499999996
1,8,932794.3604016128,6848981.7958182,9,573.6307499999999
1,8,932794.3604016128,6848981.7958182,10,573.6307499999995
1,8,932794.3604016128,6848981.7958182,11,573.630749999999
1,8,932794.3604016128,6848981.7958182,12,573.6307499999997
1,8,932794.3604016128,6848981.7958182,14,573.6307499999997
1,8,932794.3604016128,6848981.7958182,15,573.6307499999989
1,8,932794.3604016128,6848981.7958182,16,573.6307499999991
1,8,932794.3604016128,6848981.7958182,17,573.6307499999997
1,8,932794.3604016128,6848981.7958182,19,573.63075
1,8,932794.3604016128,6848981.7958182,21,573.6307499999999
1,8,932794.3604016128,6848981.7958182,22,573.6307499999991
1,8,932794.3604016128,6848981.7958182,24,573.63075
1,8,932794.3604016128,6848981.7958182,26,573.63075
1,8,932794.3604016128,6848981.7958182,36,573.6307499999999
1,8,932794.3604016128,6848981.7958182,38,573.6307499999999
1,8,932794.3604016128,6848981.7958182,47,573.6307499999999
1,8,932794.3604016128,6848981.7958182,1,573.6307499999995
1,8,932794.3604016128,6848981.7958182,3,573.6307499999992
1,8,932794.3604016128,6848981.7958182,13,573.6307499999995
1,8,932794.3604016128,6848981.7958182,20,573.6307499999987
1,8,932794.3604016128,6848981.7958182,23,573.6307499999998
1,8,932794.3604016128,6848981.7958182,25,573.6307499999999
1,8,932794.3604016128,6848981.7958182,27,573.6307499999999
1,8,932794.3604016128,6848981.7958182,31,573.6307499999999
1,8,932794.3604016128,6848981.7958182,34,573.6307499999999
1,8,932794.3604016128,6848981.7958182,35,573.6307499999998
1,8,932794.3604016128,6848981.7958182,37,573.63075
1,8,932794.3604016128,6848981.7958182,39,573.6307499999999
1,8,932794.3604016128,6848981.7958182,41,573.6307499999991
1,8,932794.3604016128,6848981.7958182,44,573.6307499999999
1,8,932794.3604016128,6848981.7958182,8,573.630750000001
1,8,932794.3604016128,6848981.7958182,28,573.6307499999997
1,8,932794.3604016128,6848981.7958182,29,573.6307499999999
1,8,932794.3604016128,6848981.7958182,30,573.63075
1,8,932794.3604016128,6848981.7958182,32,573.6307499999999
1,8,932794.3604016128,6848981.7958182,33,573.6307499999995
1,8,932794.3604016128,6848981.7958182,42,573.6307499999999
1,8,932794.3604016128,6848981.7958182,43,573.6307500000001
1,8,932794.3604016128,6848981.7958182,45,573.6307499999999
1,8,932794.3604016128,6848981.7958182,46,573.6307499999999
1,8,932794.3604016128,6848981.7958182,48,573.6307499999999
1,8,932794.3604016128,6848981.7958182,40,573.6307499999997
1,8,932794.3604016128,6848981.7958182,18,573.6307500000007
1,39,932773.3998222386,6848897.604434397,1,211.53824999999998
1,39,932773.3998222386,6848897.604434397,3,211.53825000000012
1,39,932773.3998222386,6848897.604434397,8,211.53825000000006
1,39,932773.3998222386,6848897.604434397,13,211.53825000000003
1,39,932773.3998222386,6848897.604434397,18,211.53825000000006
1,39,932773.3998222386,6848897.604434397,20,211.53825000000006
1,39,932773.3998222386,6848897.604434397,25,211.5382500000001
1,39,932773.3998222386,6848897.604434397,27,211.5382500000001
1,39,932773.3998222386,6848897.604434397,28,211.53825000000003
1,39,932773.3998222386,6848897.604434397,30,211.5382500000001
1,39,932773.3998222386,6848897.604434397,32,211.5382500000001
1,39,932773.3998222386,6848897.604434397,34,211.5382500000001
1,39,932773.3998222386,6848897.604434397,35,211.5382500000001
1,39,932773.3998222386,6848897.604434397,37,211.5382500000001
1,39,932773.3998222386,6848897.604434397,40,211.5382500000001
1,39,932773.3998222386,6848897.604434397,42,211.5382500000001
1,39,932773.3998222386,6848897.604434397,44,211.5382500000001
1,39,932773.3998222386,6848897.604434397,46,211.5382500000001
1,39,932773.3998222386,6848897.604434397,48,211.5382500000001
1,39,932773.3998222386,6848897.604434397,36,211.53825000000006
1,39,932773.3998222386,6848897.604434397,10,211.53825000000003
1,39,932773.3998222386,6848897.604434397,12,211.53825000000026
1,39,932773.3998222386,6848897.604434397,14,211.53825000000012
1,39,932773.3998222386,6848897.604434397,16,211.53825000000003
1,39,932773.3998222386,6848897.604434397,23,211.5382500000001
1,39,932773.3998222386,6848897.604434397,38,211.5382500000001
1,39,932773.3998222386,6848897.604434397,47,211.5382500000001
1,39,932773.3998222386,6848897.604434397,24,211.5382500000001
1,39,932773.3998222386,6848897.604434397,26,211.5382500000001
1,39,932773.3998222386,6848897.604434397,9,211.53825000000015
1,39,932773.3998222386,6848897.604434397,2,211.5382500000001
1,39,932773.3998222386,6848897.604434397,4,211.53825000000012
1,39,932773.3998222386,6848897.604434397,15,211.53825
1,39,932773.3998222386,6848897.604434397,17,211.53825000000015
1,39,932773.3998222386,6848897.604434397,19,211.5382500000001
1,39,932773.3998222386,6848897.604434397,29,211.53825000000012
1,39,932773.3998222386,6848897.604434397,31,211.5382500000001
1,39,932773.3998222386,6848897.604434397,33,211.53825000000006
1,39,932773.3998222386,6848897.604434397,39,211.5382500000001
1,39,932773.3998222386,6848897.604434397,43,211.53825000000012
1,39,932773.3998222386,6848897.604434397,45,211.5382500000001
1,39,932773.3998222386,6848897.604434397,7,211.5382500000001
1,39,932773.3998222386,6848897.604434397,11,211.53825000000003
1,39,932773.3998222386,6848897.604434397,22,211.53825
1,39,932773.3998222386,6848897.604434397,41,211.53825000000018
1,39,932773.3998222386,6848897.604434397,21,211.53825000000003
1,39,932773.3998222386,6848897.604434397,6,211.53825000000006
1,39,932773.3998222386,6848897.604434397,5,211.5382500000001
1,21,934045.0998212856,6847194.404435249,3,941.4405000000011
1,21,934045.0998212856,6847194.404435249,11,941.440500000001
1,21,934045.0998212856,6847194.404435249,19,941.4405000000015
1,21,934045.0998212856,6847194.404435249,25,941.4405000000012
1,21,934045.0998212856,6847194.404435249,35,941.440500000001
1,21,934045.0998212856,6847194.404435249,38,941.4405000000011
1,21,934045.0998212856,6847194.404435249,40,941.4405000000012
1,21,934045.0998212856,6847194.404435249,41,941.4405000000007
1,21,934045.0998212856,6847194.404435249,43,941.4405000000012
1,21,934045.0998212856,6847194.404435249,45,941.4404999999963
1,21,934045.0998212856,6847194.404435249,48,941.4405000000007
1,21,934045.0998212856,6847194.404435249,4,941.4405000000008
1,21,934045.0998212856,6847194.404435249,5,941.4404999999996
1,21,934045.0998212856,6847194.404435249,7,941.4405000000016
1,21,934045.0998212856,6847194.404435249,9,941.4404999999979
1,21,934045.0998212856,6847194.404435249,12,941.440500000001
1,21,934045.0998212856,6847194.404435249,17,941.4404999999978
1,21,934045.0998212856,6847194.404435249,18,941.440500000001
1,21,934045.0998212856,6847194.404435249,20,941.4405000000007
1,21,934045.0998212856,6847194.404435249,21,941.440500000001
1,21,934045.0998212856,6847194.404435249,23,941.440500000001
1,21,934045.0998212856,6847194.404435249,24,941.4405000000003
1,21,934045.0998212856,6847194.404435249,26,941.4405000000011
1,21,934045.0998212856,6847194.404435249,27,941.440500000001
1,21,934045.0998212856,6847194.404435249,30,941.440500000001
1,21,934045.0998212856,6847194.404435249,31,941.4405000000055
1,21,934045.0998212856,6847194.404435249,32,941.4405000000013
1,21,934045.0998212856,6847194.404435249,37,941.4405000000011
1,21,934045.0998212856,6847194.404435249,39,941.4405000000008
1,21,934045.0998212856,6847194.404435249,42,941.440500000001
1,21,934045.0998212856,6847194.404435249,44,941.440500000001
1,21,934045.0998212856,6847194.404435249,46,941.440500000001
1,21,934045.0998212856,6847194.404435249,6,941.4405000000006
1,21,934045.0998212856,6847194.404435249,8,941.4405000000008
1,21,934045.0998212856,6847194.404435249,2,941.4405000000011
1,21,934045.0998212856,6847194.404435249,10,941.4405000000003
1,21,934045.0998212856,6847194.404435249,13,941.4405000000006
1,21,934045.0998212856,6847194.404435249,14,941.4405000000014
1,21,934045.0998212856,6847194.404435249,28,941.4404999999991
1,21,934045.0998212856,6847194.404435249,47,941.440500000001
1,21,934045.0998212856,6847194.404435249,1,941.440500000001
1,21,934045.0998212856,6847194.404435249,15,941.440500000001
1,21,934045.0998212856,6847194.404435249,36,941.440500000001
1,21,934045.0998212856,6847194.404435249,33,941.4404999999986
1,21,934045.0998212856,6847194.404435249,16,941.4405000000005
1,21,934045.0998212856,6847194.404435249,22,941.440500000001
1,21,934045.0998212856,6847194.404435249,34,941.4405000000012
1,21,934045.0998212856,6847194.404435249,29,941.4404999999987
1,58,934045.0998212856,6847194.404435249,1,941.4405
1,58,934045.0998212856,6847194.404435249,2,941.440500000001
1,58,934045.0998212856,6847194.404435249,4,941.4405000000008
1,58,934045.0998212856,6847194.404435249,5,941.4405000000005
1,58,934045.0998212856,6847194.404435249,6,941.440500000001
1,58,934045.0998212856,6847194.404435249,7,941.4405000000011
1,58,934045.0998212856,6847194.404435249,8,941.4405000000007
1,58,934045.0998212856,6847194.404435249,9,941.4404999999994
1,58,934045.0998212856,6847194.404435249,10,941.4405000000011
1,58,934045.0998212856,6847194.404435249,12,941.4405000000008
1,58,934045.0998212856,6847194.404435249,13,941.4405000000006
1,58,934045.0998212856,6847194.404435249,14,941.440500000001
1,58,934045.0998212856,6847194.404435249,15,941.440500000001
1,58,934045.0998212856,6847194.404435249,16,941.4405000000011
1,58,934045.0998212856,6847194.404435249,17,941.4405
1,58,934045.0998212856,6847194.404435249,18,941.4404999999998
1,58,934045.0998212856,6847194.404435249,20,941.4405000000007
1,58,934045.0998212856,6847194.404435249,21,941.4404999999989
1,58,934045.0998212856,6847194.404435249,22,941.440500000001
1,58,934045.0998212856,6847194.404435249,23,941.4405000000011
1,58,934045.0998212856,6847194.404435249,24,941.440500000001
1,58,934045.0998212856,6847194.404435249,26,941.440500000001
1,58,934045.0998212856,6847194.404435249,27,941.440500000001
1,58,934045.0998212856,6847194.404435249,28,941.4405000000019
1,58,934045.0998212856,6847194.404435249,29,941.440500000001
1,58,934045.0998212856,6847194.404435249,30,941.4405000000013
1,58,934045.0998212856,6847194.404435249,31,941.4405000000013
1,58,934045.0998212856,6847194.404435249,32,941.4405000000008
1,58,934045.0998212856,6847194.404435249,33,941.4404999999988
1,58,934045.0998212856,6847194.404435249,34,941.4405000000002
1,58,934045.0998212856,6847194.404435249,36,941.440500000001
1,58,934045.0998212856,6847194.404435249,37,941.440500000001
1,58,934045.0998212856,6847194.404435249,39,941.4405000000011
1,58,934045.0998212856,6847194.404435249,42,941.4405000000006
1,58,934045.0998212856,6847194.404435249,44,941.4405000000011
1,58,934045.0998212856,6847194.404435249,46,941.4405000000008
1,58,934045.0998212856,6847194.404435249,47,941.4405000000013
1,58,934045.0998212856,6847194.404435249,19,941.4405000000058
1,58,934045.0998212856,6847194.404435249,25,941.440500000001
1,58,934045.0998212856,6847194.404435249,40,941.440500000001
1,58,934045.0998212856,6847194.404435249,43,941.4405000000016
1,58,934045.0998212856,6847194.404435249,45,941.4405000000003
1,58,934045.0998212856,6847194.404435249,48,941.440500000001
1,58,934045.0998212856,6847194.404435249,3,941.440500000001
1,58,934045.0998212856,6847194.404435249,11,941.4405000000011
1,58,934045.0998212856,6847194.404435249,38,941.440500000001
1,58,934045.0998212856,6847194.404435249,41,941.4405000000003
1,58,934045.0998212856,6847194.404435249,35,941.440500000001
1,38,933906.9998213904,6847232.504435231,4,1320.6847500000042
1,38,933906.9998213904,6847232.504435231,5,1320.6847500000047
1,38,933906.9998213904,6847232.504435231,6,1320.6847500000074
1,38,933906.9998213904,6847232.504435231,7,1320.6847500000038
1,38,933906.9998213904,6847232.504435231,12,546.3562168758855
1,38,933906.9998213904,6847232.504435231,16,1320.6847500000042
1,38,933906.9998213904,6847232.504435231,19,1320.6847500000003
1,38,933906.9998213904,6847232.504435231,24,546.3562168758883
1,38,933906.9998213904,6847232.504435231,31,1320.6847500000017
1,38,933906.9998213904,6847232.504435231,33,1320.6847500000013
1,38,933906.9998213904,6847232.504435231,36,546.3562168758873
1,38,933906.9998213904,6847232.504435231,38,546.3562168758899
1,38,933906.9998213904,6847232.504435231,43,1320.68475
1,38,933906.9998213904,6847232.504435231,3,894.238537499999
1,38,933906.9998213904,6847232.504435231,9,1320.6847500000047
1,38,933906.9998213904,6847232.504435231,11,894.2385374999986
1,38,933906.9998213904,6847232.504435231,14,546.356216875887
1,38,933906.9998213904,6847232.504435231,15,894.2385374999997
1,38,933906.9998213904,6847232.504435231,21,1320.6847500000038
1,38,933906.9998213904,6847232.504435231,26,546.3562168758878
1,38,933906.9998213904,6847232.504435231,28,1320.6847500000067
1,38,933906.9998213904,6847232.504435231,29,1320.6847500000026
1,38,933906.9998213904,6847232.504435231,30,1320.6847500000083
1,38,933906.9998213904,6847232.504435231,41,1320.6847500000013
1,38,933906.9998213904,6847232.504435231,42,1320.6847500000042
1,38,933906.9998213904,6847232.504435231,44,1320.684750000007
1,38,933906.9998213904,6847232.504435231,45,1320.684750000003
1,38,933906.9998213904,6847232.504435231,17,1320.6847500000013
1,38,933906.9998213904,6847232.504435231,25,419.02244999998885
1,38,933906.9998213904,6847232.504435231,18,1320.6847500000056
1,38,933906.9998213904,6847232.504435231,34,1320.684750000003
1,38,933906.9998213904,6847232.504435231,35,894.2385374999978
1,38,933906.9998213904,6847232.504435231,47,894.2385374999981
1,38,933906.9998213904,6847232.504435231,10,1320.6847500000065
1,38,933906.9998213904,6847232.504435231,39,894.2385374999983
1,38,933906.9998213904,6847232.504435231,46,1320.684750000005
1,38,933906.9998213904,6847232.504435231,8,1320.6847500000088
1,38,933906.9998213904,6847232.504435231,22,1320.6847500000076
1,38,933906.9998213904,6847232.504435231,32,1320.6847500000079
1,38,933906.9998213904,6847232.504435231,48,546.3562168758891
1,38,933906.9998213904,6847232.504435231,20,1320.6847500000029
1,38,933906.9998213904,6847232.504435231,40,1320.684750000002
1,38,933906.9998213904,6847232.504435231,23,894.2385374999994
1,38,933906.9998213904,6847232.504435231,27,894.2385374999985
1,38,933906.9998213904,6847232.504435231,37,419.02244999998845
1,38,933906.9998213904,6847232.504435231,2,546.3562168758865
1,38,933906.9998213904,6847232.504435231,13,419.02244999998743
1,38,933906.9998213904,6847232.504435231,1,419.02244999998913
1,14,934219.8512487066,6847970.932334671,1,722.2792500000003
1,14,934219.8512487066,6847970.932334671,9,722.2792499999982
1,14,934219.8512487066,6847970.932334671,11,722.2792500000004
1,14,934219.8512487066,6847970.932334671,14,722.279249999999
1,14,934219.8512487066,6847970.932334671,17,722.2792499999991
1,14,934219.8512487066,6847970.932334671,18,722.2792500000004
1,14,934219.8512487066,6847970.932334671,19,722.2792500000002
1,14,934219.8512487066,6847970.932334671,20,722.27925
1,14,934219.8512487066,6847970.932334671,24,722.279249999999
1,14,934219.8512487066,6847970.932334671,25,722.2792499999993
1,14,934219.8512487066,6847970.932334671,26,722.2792499999979
1,14,934219.8512487066,6847970.932334671,27,722.2792500000007
1,14,934219.8512487066,6847970.932334671,28,722.2792499999997
1,14,934219.8512487066,6847970.932334671,30,722.2792500000005
1,14,934219.8512487066,6847970.932334671,31,722.279250000001
1,14,934219.8512487066,6847970.932334671,32,722.2792500000005
1,14,934219.8512487066,6847970.932334671,33,722.2792499999985
1,14,934219.8512487066,6847970.932334671,35,722.2792500000004
1,14,934219.8512487066,6847970.932334671,36,722.2792499999989
1,14,934219.8512487066,6847970.932334671,37,722.279249999999
1,14,934219.8512487066,6847970.932334671,39,722.2792500000004
1,14,934219.8512487066,6847970.932334671,40,722.2792499999987
1,14,934219.8512487066,6847970.932334671,48,722.2792499999991
1,14,934219.8512487066,6847970.932334671,2,722.2792499999983
1,14,934219.8512487066,6847970.932334671,3,722.2792500000012
1,14,934219.8512487066,6847970.932334671,5,722.2792499999993
1,14,934219.8512487066,6847970.932334671,8,722.2792500000004
1,14,934219.8512487066,6847970.932334671,12,722.2792499999991
1,14,934219.8512487066,6847970.932334671,15,722.2792500000007
1,14,934219.8512487066,6847970.932334671,23,722.2792500000002
1,14,934219.8512487066,6847970.932334671,34,722.2792499999991
1,14,934219.8512487066,6847970.932334671,38,722.2792499999991
1,14,934219.8512487066,6847970.932334671,44,722.2792499999998
1,14,934219.8512487066,6847970.932334671,46,722.279249999999
1,14,934219.8512487066,6847970.932334671,47,722.2792500000007
1,14,934219.8512487066,6847970.932334671,45,722.279249999999
1,14,934219.8512487066,6847970.932334671,10,722.2792499999994
1,14,934219.8512487066,6847970.932334671,4,722.2792499999988
1,14,934219.8512487066,6847970.932334671,43,722.2792500000002
1,14,934219.8512487066,6847970.932334671,16,722.2792499999995
1,14,934219.8512487066,6847970.932334671,29,722.279249999999
1,14,934219.8512487066,6847970.932334671,7,722.27925
1,14,934219.8512487066,6847970.932334671,13,722.2792499999997
1,14,934219.8512487066,6847970.932334671,41,722.2792499999989
1,14,934219.8512487066,6847970.932334671,6,722.2792499999999
1,14,934219.8512487066,6847970.932334671,42,722.27925
1,14,934219.8512487066,6847970.932334671,22,722.279249999999
1,14,934219.8512487066,6847970.932334671,21,722.2792499999994
1,15,934147.6454661533,6847934.640032243,5,367.8097500000001
1,15,934147.6454661533,6847934.640032243,6,367.80974999999995
1,15,934147.6454661533,6847934.640032243,10,367.8097499999997
1,15,934147.6454661533,6847934.640032243,12,367.8097499999999
1,15,934147.6454661533,6847934.640032243,13,367.8097499999998
1,15,934147.6454661533,6847934.640032243,29,367.80974999999995
1,15,934147.6454661533,6847934.640032243,42,367.80974999999995
1,15,934147.6454661533,6847934.640032243,44,367.80975000000007
1,15,934147.6454661533,6847934.640032243,45,367.8097499999999
1,15,934147.6454661533,6847934.640032243,46,367.8097499999999
1,15,934147.6454661533,6847934.640032243,27,367.80975000000075
1,15,934147.6454661533,6847934.640032243,3,367.80975000000046
1,15,934147.6454661533,6847934.640032243,7,367.80974999999904
1,15,934147.6454661533,6847934.640032243,8,367.80974999999984
1,15,934147.6454661533,6847934.640032243,9,367.80974999999995
1,15,934147.6454661533,6847934.640032243,15,367.8097500000005
1,15,934147.6454661533,6847934.640032243,16,367.80974999999967
1,15,934147.6454661533,6847934.640032243,17,367.80975
1,15,934147.6454661533,6847934.640032243,21,367.8097499999999
1,15,934147.6454661533,6847934.640032243,24,367.80974999999984
1,15,934147.6454661533,6847934.640032243,25,367.80974999999967
1,15,934147.6454661533,6847934.640032243,26,367.8097499999998
1,15,934147.6454661533,6847934.640032243,28,367.80974999999967
1,15,934147.6454661533,6847934.640032243,34,367.8097499999996
1,15,934147.6454661533,6847934.640032243,36,367.8097499999998
1,15,934147.6454661533,6847934.640032243,11,367.80975000000024
1,15,934147.6454661533,6847934.640032243,38,367.8097499999997
1,15,934147.6454661533,6847934.640032243,1,367.80975
1,15,934147.6454661533,6847934.640032243,2,367.8097499999997
1,15,934147.6454661533,6847934.640032243,4,367.8097499999998
1,15,934147.6454661533,6847934.640032243,14,367.80974999999955
1,15,934147.6454661533,6847934.640032243,18,367.8097499999997
1,15,934147.6454661533,6847934.640032243,19,367.80974999999967
1,15,934147.6454661533,6847934.640032243,20,367.80975
1,15,934147.6454661533,6847934.640032243,22,367.80974999999967
1,15,934147.6454661533,6847934.640032243,23,367.80974999999995
1,15,934147.6454661533,6847934.640032243,30,367.8097499999999
1,15,934147.6454661533,6847934.640032243,31,367.8097499999996
1,15,934147.6454661533,6847934.640032243,39,367.8097500000005
1,15,934147.6454661533,6847934.640032243,40,367.80974999999967
1,15,934147.6454661533,6847934.640032243,41,367.8097500000001
1,15,934147.6454661533,6847934.640032243,47,367.8097500000004
1,15,934147.6454661533,6847934.640032243,48,367.80974999999995
1,15,934147.6454661533,6847934.640032243,35,367.80975000000035
1,15,934147.6454661533,6847934.640032243,43,367.8097499999996
1,15,934147.6454661533,6847934.640032243,33,367.8097500000001
1,15,934147.6454661533,6847934.640032243,37,367.80974999999984
1,15,934147.6454661533,6847934.640032243,32,367.8097499999997
1,17,934313.499821071,6848126.304434771,2,958.5922499999983
1,17,934313.499821071,6848126.304434771,3,958.5922500000028
1,17,934313.499821071,6848126.304434771,4,958.5922500000003
1,17,934313.499821071,6848126.304434771,7,958.5922500000031
1,17,934313.499821071,6848126.304434771,8,958.5922500000015
1,17,934313.499821071,6848126.304434771,15,958.5922500000021
1,17,934313.499821071,6848126.304434771,16,958.59225
1,17,934313.499821071,6848126.304434771,21,958.5922499999973
1,17,934313.499821071,6848126.304434771,22,958.5922499999999
1,17,934313.499821071,6848126.304434771,23,958.5922500000011
1,17,934313.499821071,6848126.304434771,34,958.5922500000007
1,17,934313.499821071,6848126.304434771,38,958.5922499999989
1,17,934313.499821071,6848126.304434771,41,958.5922500000027
1,17,934313.499821071,6848126.304434771,43,958.5922500000024
1,17,934313.499821071,6848126.304434771,47,958.5922500000024
1,17,934313.499821071,6848126.304434771,6,958.5922500000023
1,17,934313.499821071,6848126.304434771,13,958.5922500000004
1,17,934313.499821071,6848126.304434771,14,958.5922499999987
1,17,934313.499821071,6848126.304434771,17,958.5922499999975
1,17,934313.499821071,6848126.304434771,19,958.5922500000025
1,17,934313.499821071,6848126.304434771,25,958.5922499999997
1,17,934313.499821071,6848126.304434771,29,958.5922499999981
1,17,934313.499821071,6848126.304434771,36,958.5922499999987
1,17,934313.499821071,6848126.304434771,39,958.5922500000021
1,17,934313.499821071,6848126.304434771,40,958.5922500000001
1,17,934313.499821071,6848126.304434771,42,958.5922500000011
1,17,934313.499821071,6848126.304434771,45,958.5922499999974
1,17,934313.499821071,6848126.304434771,48,958.5922499999983
1,17,934313.499821071,6848126.304434771,9,958.592250000003
1,17,934313.499821071,6848126.304434771,18,958.5922500000016
1,17,934313.499821071,6848126.304434771,26,958.5922499999987
1,17,934313.499821071,6848126.304434771,30,958.5922500000013
1,17,934313.499821071,6848126.304434771,44,958.5922500000016
1,17,934313.499821071,6848126.304434771,46,958.5922499999991
1,17,934313.499821071,6848126.304434771,32,958.5922500000013
1,17,934313.499821071,6848126.304434771,11,958.5922500000024
1,17,934313.499821071,6848126.304434771,35,958.5922500000031
1,17,934313.499821071,6848126.304434771,37,958.5922500000003
1,17,934313.499821071,6848126.304434771,1,958.5922499999984
1,17,934313.499821071,6848126.304434771,12,958.5922499999992
1,17,934313.499821071,6848126.304434771,28,958.5922499999994
1,17,934313.499821071,6848126.304434771,24,958.5922499999983
1,17,934313.499821071,6848126.304434771,27,958.5922500000028
1,17,934313.499821071,6848126.304434771,5,958.5922499999973
1,17,934313.499821071,6848126.304434771,20,958.592250000001
1,17,934313.499821071,6848126.304434771,33,958.592249999998
1,17,934313.499821071,6848126.304434771,31,958.5922500000052
1,17,934313.499821071,6848126.304434771,10,958.5922500000004
1,34,934604.4998208496,6848058.804434804,5,882.3622499999981
1,34,934604.4998208496,6848058.804434804,11,882.3622500000014
1,34,934604.4998208496,6848058.804434804,12,658.4419462993554
1,34,934604.4998208496,6848058.804434804,14,658.4419462993561
1,34,934604.4998208496,6848058.804434804,15,882.362250000001
1,34,934604.4998208496,6848058.804434804,16,882.3622500000001
1,34,934604.4998208496,6848058.804434804,21,882.3622499999982
1,34,934604.4998208496,6848058.804434804,23,882.3622500000023
1,34,934604.4998208496,6848058.804434804,27,882.3622500000012
1,34,934604.4998208496,6848058.804434804,29,882.3622499999976
1,34,934604.4998208496,6848058.804434804,36,658.4419462993567
1,34,934604.4998208496,6848058.804434804,41,882.3622499999972
1,34,934604.4998208496,6848058.804434804,48,658.4419462993554
1,34,934604.4998208496,6848058.804434804,1,513.2704500000023
1,34,934604.4998208496,6848058.804434804,2,658.4419462993562
1,34,934604.4998208496,6848058.804434804,3,882.3622500000015
1,34,934604.4998208496,6848058.804434804,26,658.4419462993559
1,34,934604.4998208496,6848058.804434804,31,724.4136900000069
1,34,934604.4998208496,6848058.804434804,38,658.4419462993563
1,34,934604.4998208496,6848058.804434804,40,882.3622500000001
1,34,934604.4998208496,6848058.804434804,43,724.4136900000085
1,34,934604.4998208496,6848058.804434804,44,804.521691046948
1,34,934604.4998208496,6848058.804434804,47,882.3622500000016
1,34,934604.4998208496,6848058.804434804,4,882.3622500000005
1,34,934604.4998208496,6848058.804434804,6,804.5216910469511
1,34,934604.4998208496,6848058.804434804,7,724.4136900000078
1,34,934604.4998208496,6848058.804434804,8,804.5216910469512
1,34,934604.4998208496,6848058.804434804,30,804.5216910469512
1,34,934604.4998208496,6848058.804434804,33,882.3622499999966
1,34,934604.4998208496,6848058.804434804,34,882.3622499999998
1,34,934604.4998208496,6848058.804434804,35,882.3622500000015
1,34,934604.4998208496,6848058.804434804,37,513.2704500000019
1,34,934604.4998208496,6848058.804434804,42,804.5216910469521
1,34,934604.4998208496,6848058.804434804,18,804.5216910469508
1,34,934604.4998208496,6848058.804434804,19,724.4136900000054
1,34,934604.4998208496,6848058.804434804,32,804.5216910469528
1,34,934604.4998208496,6848058.804434804,46,882.3622500000005
1,34,934604.4998208496,6848058.804434804,10,882.3622500000006
1,34,934604.4998208496,6848058.804434804,28,882.3622500000004
1,34,934604.4998208496,6848058.804434804,39,882.3622500000014
1,34,934604.4998208496,6848058.804434804,9,882.3622499999981
1,34,934604.4998208496,6848058.804434804,20,804.5216910469527
1,34,934604.4998208496,6848058.804434804,22,882.36225
1,34,934604.4998208496,6848058.804434804,24,658.441946299356
1,34,934604.4998208496,6848058.804434804,45,882.3622500000004
1,34,934604.4998208496,6848058.804434804,25,513.2704500000013
1,34,934604.4998208496,6848058.804434804,13,513.2704500000013
1,34,934604.4998208496,6848058.804434804,17,882.3622500000016
1,37,934585.699820864,6848050.504434808,1,935.7232499999982
1,37,934585.699820864,6848050.504434808,2,935.7232499999977
1,37,934585.699820864,6848050.504434808,3,935.7232500000014
1,37,934585.699820864,6848050.504434808,4,935.7232499999996
1,37,934585.699820864,6848050.504434808,6,935.7232499999996
1,37,934585.699820864,6848050.504434808,7,935.7232500000028
1,37,934585.699820864,6848050.504434808,8,935.7232500000002
1,37,934585.699820864,6848050.504434808,10,935.7232499999985
1,37,934585.699820864,6848050.504434808,17,935.7232499999964
1,37,934585.699820864,6848050.504434808,20,935.7232500000003
1,37,934585.699820864,6848050.504434808,24,935.7232499999969
1,37,934585.699820864,6848050.504434808,28,935.7232500000002
1,37,934585.699820864,6848050.504434808,31,935.7232500000017
1,37,934585.699820864,6848050.504434808,32,935.7232500000005
1,37,934585.699820864,6848050.504434808,33,935.723249999996
1,37,934585.699820864,6848050.504434808,34,935.723249999999
1,37,934585.699820864,6848050.504434808,35,935.7232500000005
1,37,934585.699820864,6848050.504434808,37,935.7232499999985
1,37,934585.699820864,6848050.504434808,38,935.723249999997
1,37,934585.699820864,6848050.504434808,42,935.7232500000003
1,37,934585.699820864,6848050.504434808,43,935.7232500000035
1,37,934585.699820864,6848050.504434808,45,935.723249999998
1,37,934585.699820864,6848050.504434808,47,935.7232500000008
1,37,934585.699820864,6848050.504434808,5,935.7232499999982
1,37,934585.699820864,6848050.504434808,9,935.7232499999975
1,37,934585.699820864,6848050.504434808,11,935.723250000001
1,37,934585.699820864,6848050.504434808,12,935.7232499999973
1,37,934585.699820864,6848050.504434808,13,935.7232499999991
1,37,934585.699820864,6848050.504434808,14,935.7232499999977
1,37,934585.699820864,6848050.504434808,15,935.7232500000009
1,37,934585.699820864,6848050.504434808,16,935.7232499999994
1,37,934585.699820864,6848050.504434808,22,935.7232499999986
1,37,934585.699820864,6848050.504434808,39,935.7232499999997
1,37,934585.699820864,6848050.504434808,46,935.7232499999985
1,37,934585.699820864,6848050.504434808,48,935.7232499999982
1,37,934585.699820864,6848050.504434808,18,935.72325
1,37,934585.699820864,6848050.504434808,19,935.7232500000044
1,37,934585.699820864,6848050.504434808,23,935.723250000001
1,37,934585.699820864,6848050.504434808,25,935.7232499999981
1,37,934585.699820864,6848050.504434808,26,935.7232499999977
1,37,934585.699820864,6848050.504434808,21,935.7232499999966
1,37,934585.699820864,6848050.504434808,30,935.7232500000002
1,37,934585.699820864,6848050.504434808,40,935.7232499999991
1,37,934585.699820864,6848050.504434808,29,935.723249999996
1,37,934585.699820864,6848050.504434808,27,935.7232500000009
1,37,934585.699820864,6848050.504434808,44,935.72325
1,37,934585.699820864,6848050.504434808,41,935.723249999997
1,37,934585.699820864,6848050.504434808,36,935.723249999997
1,79,934635.7998208292,6847723.804434974,1,246.54168000000033
1,79,934635.7998208292,6847723.804434974,2,266.31593497568997
1,79,934635.7998208292,6847723.804434974,3,281.1639600000002
1,79,934635.7998208292,6847723.804434974,4,312.4043999999999
1,79,934635.7998208292,6847723.804434974,5,343.64484000000044
1,79,934635.7998208292,6847723.804434974,6,366.51442933080745
1,79,934635.7998208292,6847723.804434974,7,374.88528
1,79,934635.7998208292,6847723.804434974,8,366.51442933080745
1,79,934635.7998208292,6847723.804434974,9,343.64484000000044
1,79,934635.7998208292,6847723.804434974,10,312.4043999999999
1,79,934635.7998208292,6847723.804434974,11,281.1639600000002
1,79,934635.7998208292,6847723.804434974,12,246.14743043364106
1,79,934635.7998208292,6847723.804434974,13,240.1245000000058
1,79,934635.7998208292,6847723.804434974,14,249.01227482881845
1,79,934635.7998208292,6847723.804434974,15,281.1639600000002
1,79,934635.7998208292,6847723.804434974,16,312.4043999999999
1,79,934635.7998208292,6847723.804434974,17,343.64484000000044
1,79,934635.7998208292,6847723.804434974,18,366.51442933080745
1,79,934635.7998208292,6847723.804434974,19,374.88528
1,79,934635.7998208292,6847723.804434974,20,366.51442933080745
1,79,934635.7998208292,6847723.804434974,21,343.64484000000044
1,79,934635.7998208292,6847723.804434974,22,312.4043999999999
1,79,934635.7998208292,6847723.804434974,23,281.1639600000002
1,79,934635.7998208292,6847723.804434974,24,242.88150782313886
1,79,934635.7998208292,6847723.804434974,25,247.5950400000005
1,79,934635.7998208292,6847723.804434974,26,245.63175844250912
1,79,934635.7998208292,6847723.804434974,27,281.1639600000002
1,79,934635.7998208292,6847723.804434974,28,312.4043999999999
1,79,934635.7998208292,6847723.804434974,29,343.64484000000044
1,79,934635.7998208292,6847723.804434974,30,366.51442933080745
1,79,934635.7998208292,6847723.804434974,31,374.88528
1,79,934635.7998208292,6847723.804434974,32,366.51442933080745
1,79,934635.7998208292,6847723.804434974,33,343.64484000000044
1,79,934635.7998208292,6847723.804434974,34,312.4043999999999
1,79,934635.7998208292,6847723.804434974,35,295.07247000000024
1,79,934635.7998208292,6847723.804434974,36,248.89768105301135
1,79,934635.7998208292,6847723.804434974,37,245.6546400000004
1,79,934635.7998208292,6847723.804434974,38,269.98293580151704
1,79,934635.7998208292,6847723.804434974,39,295.6338000000002
1,79,934635.7998208292,6847723.804434974,40,312.4043999999999
1,79,934635.7998208292,6847723.804434974,41,343.64484000000044
1,79,934635.7998208292,6847723.804434974,42,366.51442933080745
1,79,934635.7998208292,6847723.804434974,43,374.88528
1,79,934635.7998208292,6847723.804434974,44,366.51442933080745
1,79,934635.7998208292,6847723.804434974,45,343.64484000000044
1,79,934635.7998208292,6847723.804434974,46,312.4043999999999
1,79,934635.7998208292,6847723.804434974,47,286.1535600000002
1,79,934635.7998208292,6847723.804434974,48,264.024059459548
1,24,932152.499822722,6847957.104434883,1,481.11524999999955
1,24,932152.499822722,6847957.104434883,2,481.115249999999
1,24,932152.499822722,6847957.104434883,3,481.11524999999966
1,24,932152.499822722,6847957.104434883,4,481.11524999999966
1,24,932152.499822722,6847957.104434883,5,482.9170500000095
1,24,932152.499822722,6847957.104434883,6,515.0552151310352
1,24,932152.499822722,6847957.104434883,7,526.8186000000104
1,24,932152.499822722,6847957.104434883,8,515.0552151310352
1,24,932152.499822722,6847957.104434883,9,482.9170500000095
1,24,932152.499822722,6847957.104434883,10,481.11524999999966
1,24,932152.499822722,6847957.104434883,11,481.1152499999997
1,24,932152.499822722,6847957.104434883,12,481.11524999999904
1,24,932152.499822722,6847957.104434883,13,481.11524999999983
1,24,932152.499822722,6847957.104434883,14,481.11524999999904
1,24,932152.499822722,6847957.104434883,15,481.1152499999997
1,24,932152.499822722,6847957.104434883,16,481.1152499999997
1,24,932152.499822722,6847957.104434883,17,482.9170500000095
1,24,932152.499822722,6847957.104434883,18,515.0552151310352
1,24,932152.499822722,6847957.104434883,19,526.8186000000104
1,24,932152.499822722,6847957.104434883,20,515.0552151310352
1,24,932152.499822722,6847957.104434883,21,482.9170500000095
1,24,932152.499822722,6847957.104434883,22,481.1152499999997
1,24,932152.499822722,6847957.104434883,23,481.1152499999997
1,24,932152.499822722,6847957.104434883,24,481.115249999999
1,24,932152.499822722,6847957.104434883,25,481.1152499999998
1,24,932152.499822722,6847957.104434883,26,481.11524999999904
1,24,932152.499822722,6847957.104434883,27,481.1152499999997
1,24,932152.499822722,6847957.104434883,28,481.1152499999997
1,24,932152.499822722,6847957.104434883,29,482.9170500000095
1,24,932152.499822722,6847957.104434883,30,515.0552151310352
1,24,932152.499822722,6847957.104434883,31,526.8186000000104
1,24,932152.499822722,6847957.104434883,32,515.0552151310352
1,24,932152.499822722,6847957.104434883,33,482.9170500000095
1,24,932152.499822722,6847957.104434883,34,481.1152499999998
1,24,932152.499822722,6847957.104434883,35,481.1152499999997
1,24,932152.499822722,6847957.104434883,36,481.11524999999904
1,24,932152.499822722,6847957.104434883,37,481.11524999999983
1,24,932152.499822722,6847957.104434883,38,481.115249999999
1,24,932152.499822722,6847957.104434883,39,481.11524999999943
1,24,932152.499822722,6847957.104434883,40,481.1152499999997
1,24,932152.499822722,6847957.104434883,41,482.9170500000095
1,24,932152.499822722,6847957.104434883,42,515.0552151310352
1,24,932152.499822722,6847957.104434883,43,526.8186000000104
1,24,932152.499822722,6847957.104434883,44,515.0552151310352
1,24,932152.499822722,6847957.104434883,45,482.9170500000095
1,24,932152.499822722,6847957.104434883,46,481.1152499999998
1,24,932152.499822722,6847957.104434883,47,481.1152499999995
1,24,932152.499822722,6847957.104434883,48,481.115249999999
1,31,934107.899821243,6846671.504435516,1,485.96625
1,31,934107.899821243,6846671.504435516,8,485.96624999999983
1,31,934107.899821243,6846671.504435516,12,485.9662499999995
1,31,934107.899821243,6846671.504435516,24,485.96624999999955
1,31,934107.899821243,6846671.504435516,33,485.96625000000023
1,31,934107.899821243,6846671.504435516,37,485.9662499999997
1,31,934107.899821243,6846671.504435516,39,485.9662500000003
1,31,934107.899821243,6846671.504435516,45,485.9662500000004
1,31,934107.899821243,6846671.504435516,47,485.9662500000006
1,31,934107.899821243,6846671.504435516,2,485.9662499999998
1,31,934107.899821243,6846671.504435516,5,485.96625
1,31,934107.899821243,6846671.504435516,7,485.96624999999995
1,31,934107.899821243,6846671.504435516,13,485.9662499999996
1,31,934107.899821243,6846671.504435516,15,485.9662500000008
1,31,934107.899821243,6846671.504435516,23,485.96625000000046
1,31,934107.899821243,6846671.504435516,27,485.9662500000003
1,31,934107.899821243,6846671.504435516,29,485.9662500000001
1,31,934107.899821243,6846671.504435516,34,485.9662499999993
1,31,934107.899821243,6846671.504435516,35,485.9662500000001
1,31,934107.899821243,6846671.504435516,36,485.96625000000006
1,31,934107.899821243,6846671.504435516,41,485.96624999999983
1,31,934107.899821243,6846671.504435516,42,485.9662500000008
1,31,934107.899821243,6846671.504435516,46,485.9662499999998
1,31,934107.899821243,6846671.504435516,48,485.96624999999915
1,31,934107.899821243,6846671.504435516,3,485.9662499999998
1,31,934107.899821243,6846671.504435516,4,485.9662499999998
1,31,934107.899821243,6846671.504435516,6,485.96625000000085
1,31,934107.899821243,6846671.504435516,9,485.96625000000034
1,31,934107.899821243,6846671.504435516,10,485.9662499999999
1,31,934107.899821243,6846671.504435516,11,485.9662500000003
1,31,934107.899821243,6846671.504435516,14,485.9662499999999
1,31,934107.899821243,6846671.504435516,16,485.96624999999966
1,31,934107.899821243,6846671.504435516,17,485.9662500000002
1,31,934107.899821243,6846671.504435516,18,485.9662499999997
1,31,934107.899821243,6846671.504435516,19,485.9662499999999
1,31,934107.899821243,6846671.504435516,20,485.9662500000003
1,31,934107.899821243,6846671.504435516,21,485.9662500000003
1,31,934107.899821243,6846671.504435516,22,485.96624999999995
1,31,934107.899821243,6846671.504435516,25,485.9662499999996
1,31,934107.899821243,6846671.504435516,26,485.9662499999999
1,31,934107.899821243,6846671.504435516,28,485.96624999999955
1,31,934107.899821243,6846671.504435516,30,485.9662500000002
1,31,934107.899821243,6846671.504435516,31,485.96624999999995
1,31,934107.899821243,6846671.504435516,32,485.9662500000001
1,31,934107.899821243,6846671.504435516,38,485.9662499999995
1,31,934107.899821243,6846671.504435516,40,485.96624999999983
1,31,934107.899821243,6846671.504435516,43,485.9662499999977
1,31,934107.899821243,6846671.504435516,44,485.9662500000011
1,53,934203.1998211733,6846356.304435672,2,457.3799999999999
1,53,934203.1998211733,6846356.304435672,7,457.38000000000045
1,53,934203.1998211733,6846356.304435672,21,457.3800000000004
1,53,934203.1998211733,6846356.304435672,27,457.37999999999994
1,53,934203.1998211733,6846356.304435672,29,457.3800000000005
1,53,934203.1998211733,6846356.304435672,38,457.38000000000017
1,53,934203.1998211733,6846356.304435672,14,457.3799999999998
1,53,934203.1998211733,6846356.304435672,16,457.38000000000005
1,53,934203.1998211733,6846356.304435672,18,457.3800000000004
1,53,934203.1998211733,6846356.304435672,19,457.3800000000003
1,53,934203.1998211733,6846356.304435672,20,457.3799999999998
1,53,934203.1998211733,6846356.304435672,24,457.3799999999999
1,53,934203.1998211733,6846356.304435672,28,457.38
1,53,934203.1998211733,6846356.304435672,30,457.3800000000003
1,53,934203.1998211733,6846356.304435672,32,457.38000000000034
1,53,934203.1998211733,6846356.304435672,39,457.38000000000005
1,53,934203.1998211733,6846356.304435672,44,457.37999999999977
1,53,934203.1998211733,6846356.304435672,45,457.38000000000034
1,53,934203.1998211733,6846356.304435672,4,457.3799999999999
1,53,934203.1998211733,6846356.304435672,5,457.38000000000045
1,53,934203.1998211733,6846356.304435672,6,457.38000000000045
1,53,934203.1998211733,6846356.304435672,17,457.3800000000005
1,53,934203.1998211733,6846356.304435672,25,457.37999999999994
1,53,934203.1998211733,6846356.304435672,35,457.38
1,53,934203.1998211733,6846356.304435672,37,457.38000000000005
1,53,934203.1998211733,6846356.304435672,10,457.3799999999995
1,53,934203.1998211733,6846356.304435672,13,457.3799999999998
1,53,934203.1998211733,6846356.304435672,23,457.37999999999965
1,53,934203.1998211733,6846356.304435672,8,457.3799999999998
1,53,934203.1998211733,6846356.304435672,9,457.3800000000004
1,53,934203.1998211733,6846356.304435672,12,457.3799999999999
1,53,934203.1998211733,6846356.304435672,22,457.38000000000005
1,53,934203.1998211733,6846356.304435672,26,457.3799999999997
1,53,934203.1998211733,6846356.304435672,40,457.3800000000002
1,53,934203.1998211733,6846356.304435672,41,457.3800000000004
1,53,934203.1998211733,6846356.304435672,46,457.38000000000034
1,53,934203.1998211733,6846356.304435672,3,457.37999999999977
1,53,934203.1998211733,6846356.304435672,43,457.3800000000006
1,53,934203.1998211733,6846356.304435672,48,457.3799999999998
1,53,934203.1998211733,6846356.304435672,1,457.38000000000017
1,53,934203.1998211733,6846356.304435672,15,457.3799999999997
1,53,934203.1998211733,6846356.304435672,31,457.3799999999992
1,53,934203.1998211733,6846356.304435672,33,457.3800000000003
1,53,934203.1998211733,6846356.304435672,34,457.3799999999997
1,53,934203.1998211733,6846356.304435672,36,457.3800000000005
1,53,934203.1998211733,6846356.304435672,42,457.38000000000005
1,53,934203.1998211733,6846356.304435672,47,457.3799999999999
1,53,934203.1998211733,6846356.304435672,11,457.3799999999999
1,55,934305.7998210939,6846479.404435608,6,819.4725000000004
1,55,934305.7998210939,6846479.404435608,11,819.4725000000016
1,55,934305.7998210939,6846479.404435608,13,819.4724999999992
1,55,934305.7998210939,6846479.404435608,14,819.4724999999995
1,55,934305.7998210939,6846479.404435608,15,819.4725000000011
1,55,934305.7998210939,6846479.404435608,20,819.4725000000013
1,55,934305.7998210939,6846479.404435608,23,819.4725000000014
1,55,934305.7998210939,6846479.404435608,25,819.4725000000021
1,55,934305.7998210939,6846479.404435608,26,819.4724999999999
1,55,934305.7998210939,6846479.404435608,30,819.4725000000011
1,55,934305.7998210939,6846479.404435608,31,819.4725000000012
1,55,934305.7998210939,6846479.404435608,32,819.4725000000013
1,55,934305.7998210939,6846479.404435608,36,819.4724999999997
1,55,934305.7998210939,6846479.404435608,43,819.4725000000012
1,55,934305.7998210939,6846479.404435608,44,819.4725000000004
1,55,934305.7998210939,6846479.404435608,48,819.4724999999987
1,55,934305.7998210939,6846479.404435608,3,819.4725000000021
1,55,934305.7998210939,6846479.404435608,10,819.4725000000005
1,55,934305.7998210939,6846479.404435608,1,819.4724999999997
1,55,934305.7998210939,6846479.404435608,8,819.4725000000013
1,55,934305.7998210939,6846479.404435608,12,819.4724999999988
1,55,934305.7998210939,6846479.404435608,16,819.4724999999994
1,55,934305.7998210939,6846479.404435608,19,819.4725000000007
1,55,934305.7998210939,6846479.404435608,21,819.4725000000008
1,55,934305.7998210939,6846479.404435608,22,819.4725000000002
1,55,934305.7998210939,6846479.404435608,29,819.4725000000007
1,55,934305.7998210939,6846479.404435608,33,819.4725000000007
1,55,934305.7998210939,6846479.404435608,34,819.4725000000005
1,55,934305.7998210939,6846479.404435608,40,819.4725000000008
1,55,934305.7998210939,6846479.404435608,41,819.4725000000009
1,55,934305.7998210939,6846479.404435608,45,819.4725000000003
1,55,934305.7998210939,6846479.404435608,46,819.4725000000005
1,55,934305.7998210939,6846479.404435608,2,819.4725000000007
1,55,934305.7998210939,6846479.404435608,9,819.472500000001
1,55,934305.7998210939,6846479.404435608,24,819.4725000000001
1,55,934305.7998210939,6846479.404435608,28,819.4725
1,55,934305.7998210939,6846479.404435608,37,819.4724999999983
1,55,934305.7998210939,6846479.404435608,38,819.4724999999999
1,55,934305.7998210939,6846479.404435608,4,819.4725000000007
1,55,934305.7998210939,6846479.404435608,17,819.4725000000007
1,55,934305.7998210939,6846479.404435608,18,819.4725000000011
1,55,934305.7998210939,6846479.404435608,35,819.4725000000013
1,55,934305.7998210939,6846479.404435608,47,819.4725000000009
1,55,934305.7998210939,6846479.404435608,42,819.4725000000008
1,55,934305.7998210939,6846479.404435608,5,819.4725000000009
1,55,934305.7998210939,6846479.404435608,27,819.4725000000012
1,55,934305.7998210939,6846479.404435608,7,819.472500000001
1,55,934305.7998210939,6846479.404435608,39,819.4725000000005
1,80,934194.8998211797,6846378.104435661,3,564.1020000000001
1,80,934194.8998211797,6846378.104435661,4,564.1020000000002
1,80,934194.8998211797,6846378.104435661,5,564.1019999999994
1,80,934194.8998211797,6846378.104435661,9,564.1019999999991
1,80,934194.8998211797,6846378.104435661,10,564.1020000000002
1,80,934194.8998211797,6846378.104435661,16,564.1019999999996
1,80,934194.8998211797,6846378.104435661,17,564.102
1,80,934194.8998211797,6846378.104435661,18,564.1019999999995
1,80,934194.8998211797,6846378.104435661,19,564.1019999999999
1,80,934194.8998211797,6846378.104435661,22,564.1019999999997
1,80,934194.8998211797,6846378.104435661,28,564.1019999999999
1,80,934194.8998211797,6846378.104435661,34,564.1019999999997
1,80,934194.8998211797,6846378.104435661,35,564.1020000000001
1,80,934194.8998211797,6846378.104435661,40,564.1019999999994
1,80,934194.8998211797,6846378.104435661,41,564.1019999999987
1,80,934194.8998211797,6846378.104435661,42,564.1019999999997
1,80,934194.8998211797,6846378.104435661,46,564.1020000000003
1,80,934194.8998211797,6846378.104435661,1,564.1019999999996
1,80,934194.8998211797,6846378.104435661,11,564.1019999999999
1,80,934194.8998211797,6846378.104435661,25,564.1019999999993
1,80,934194.8998211797,6846378.104435661,26,564.1019999999995
1,80,934194.8998211797,6846378.104435661,31,564.1020000000004
1,80,934194.8998211797,6846378.104435661,38,564.1020000000001
1,80,934194.8998211797,6846378.104435661,43,564.1019999999997
1,80,934194.8998211797,6846378.104435661,7,564.1019999999993
1,80,934194.8998211797,6846378.104435661,13,564.1019999999999
1,80,934194.8998211797,6846378.104435661,15,564.1019999999997
1,80,934194.8998211797,6846378.104435661,24,564.1019999999997
1,80,934194.8998211797,6846378.104435661,27,564.1020000000004
1,80,934194.8998211797,6846378.104435661,30,564.1019999999994
1,80,934194.8998211797,6846378.104435661,47,564.1020000000002
1,80,934194.8998211797,6846378.104435661,12,564.1019999999997
1,80,934194.8998211797,6846378.104435661,14,564.1019999999996
1,80,934194.8998211797,6846378.104435661,44,564.1019999999997
1,80,934194.8998211797,6846378.104435661,20,564.1019999999996
1,80,934194.8998211797,6846378.104435661,33,564.1019999999997
1,80,934194.8998211797,6846378.104435661,36,564.1019999999997
1,80,934194.8998211797,6846378.104435661,48,564.1019999999997
1,80,934194.8998211797,6846378.104435661,2,564.1019999999992
1,80,934194.8998211797,6846378.104435661,23,564.1020000000007
1,80,934194.8998211797,6846378.104435661,39,564.1020000000005
1,80,934194.8998211797,6846378.104435661,6,564.1020000000001
1,80,934194.8998211797,6846378.104435661,21,564.1019999999994
1,80,934194.8998211797,6846378.104435661,29,564.1019999999997
1,80,934194.8998211797,6846378.104435661,45,564.1020000000001
1,80,934194.8998211797,6846378.104435661,32,564.1019999999996
1,80,934194.8998211797,6846378.104435661,37,564.1020000000002
1,80,934194.8998211797,6846378.104435661,8,564.1019999999999
1,54,934764.0998207259,6848247.404434707,1,175.0240800000001
1,54,934764.0998207259,6848247.404434707,2,180.88627511150017
1,54,934764.0998207259,6848247.404434707,3,196.90209000000004
1,54,934764.0998207259,6848247.404434707,4,218.78009999999983
1,54,934764.0998207259,6848247.404434707,5,240.65811000000042
1,54,934764.0998207259,6848247.404434707,6,256.67392488850004
1,54,934764.0998207259,6848247.404434707,7,262.5361200000002
1,54,934764.0998207259,6848247.404434707,8,256.67392488850004
1,54,934764.0998207259,6848247.404434707,9,240.65811000000042
1,54,934764.0998207259,6848247.404434707,10,218.78009999999983
1,54,934764.0998207259,6848247.404434707,11,196.90209000000004
1,54,934764.0998207259,6848247.404434707,12,180.88627511150017
1,54,934764.0998207259,6848247.404434707,13,175.0240800000001
1,54,934764.0998207259,6848247.404434707,14,180.88627511150017
1,54,934764.0998207259,6848247.404434707,15,196.90209000000004
1,54,934764.0998207259,6848247.404434707,16,218.78009999999983
1,54,934764.0998207259,6848247.404434707,17,240.65811000000042
1,54,934764.0998207259,6848247.404434707,18,256.67392488850004
1,54,934764.0998207259,6848247.404434707,19,262.5361200000002
1,54,934764.0998207259,6848247.404434707,20,256.67392488850004
1,54,934764.0998207259,6848247.404434707,21,240.65811000000042
1,54,934764.0998207259,6848247.404434707,22,218.78009999999983
1,54,934764.0998207259,6848247.404434707,23,196.90209000000004
1,54,934764.0998207259,6848247.404434707,24,180.88627511150017
1,54,934764.0998207259,6848247.404434707,25,175.0240800000001
1,54,934764.0998207259,6848247.404434707,26,180.88627511150017
1,54,934764.0998207259,6848247.404434707,27,196.90209000000004
1,54,934764.0998207259,6848247.404434707,28,218.78009999999983
1,54,934764.0998207259,6848247.404434707,29,240.65811000000042
1,54,934764.0998207259,6848247.404434707,30,256.67392488850004
1,54,934764.0998207259,6848247.404434707,31,262.5361200000002
1,54,934764.0998207259,6848247.404434707,32,256.67392488850004
1,54,934764.0998207259,6848247.404434707,33,240.65811000000042
1,54,934764.0998207259,6848247.404434707,34,218.78009999999983
1,54,934764.0998207259,6848247.404434707,35,196.90209000000004
1,54,934764.0998207259,6848247.404434707,36,180.88627511150017
1,54,934764.0998207259,6848247.404434707,37,175.0240800000001
1,54,934764.0998207259,6848247.404434707,38,180.88627511150017
1,54,934764.0998207259,6848247.404434707,39,196.90209000000004
1,54,934764.0998207259,6848247.404434707,40,218.78009999999983
1,54,934764.0998207259,6848247.404434707,41,240.65811000000042
1,54,934764.0998207259,6848247.404434707,42,256.67392488850004
1,54,934764.0998207259,6848247.404434707,43,262.5361200000002
1,54,934764.0998207259,6848247.404434707,44,256.67392488850004
1,54,934764.0998207259,6848247.404434707,45,240.65811000000042
1,54,934764.0998207259,6848247.404434707,46,218.78009999999983
1,54,934764.0998207259,6848247.404434707,47,196.90209000000004
1,54,934764.0998207259,6848247.404434707,48,180.88627511150017
1,30,933207.9998219206,6847554.204435076,1,733.7137499999998
1,30,933207.9998219206,6847554.204435076,2,733.7137499999998
1,30,933207.9998219206,6847554.204435076,12,733.7137499999998
1,30,933207.9998219206,6847554.204435076,13,733.7137499999997
1,30,933207.9998219206,6847554.204435076,14,733.7137499999995
1,30,933207.9998219206,6847554.204435076,16,733.7137499999999
1,30,933207.9998219206,6847554.204435076,18,733.71375
1,30,933207.9998219206,6847554.204435076,21,733.7137499999992
1,30,933207.9998219206,6847554.204435076,24,733.7137499999999
1,30,933207.9998219206,6847554.204435076,25,733.7137499999999
1,30,933207.9998219206,6847554.204435076,26,733.7137499999999
1,30,933207.9998219206,6847554.204435076,28,733.7137499999999
1,30,933207.9998219206,6847554.204435076,32,733.71375
1,30,933207.9998219206,6847554.204435076,33,733.7137499999999
1,30,933207.9998219206,6847554.204435076,34,733.7137499999999
1,30,933207.9998219206,6847554.204435076,36,733.7137499999999
1,30,933207.9998219206,6847554.204435076,37,733.7137499999999
1,30,933207.9998219206,6847554.204435076,38,733.7137499999995
1,30,933207.9998219206,6847554.204435076,40,733.71375
1,30,933207.9998219206,6847554.204435076,44,733.7137499999997
1,30,933207.9998219206,6847554.204435076,45,733.713749999998
1,30,933207.9998219206,6847554.204435076,46,733.7137499999999
1,30,933207.9998219206,6847554.204435076,48,733.7137499999998
1,30,933207.9998219206,6847554.204435076,3,733.71375
1,30,933207.9998219206,6847554.204435076,8,733.7137500000001
1,30,933207.9998219206,6847554.204435076,11,733.71375
1,30,933207.9998219206,6847554.204435076,15,733.7137499999999
1,30,933207.9998219206,6847554.204435076,22,733.71375
1,30,933207.9998219206,6847554.204435076,35,733.71375
1,30,933207.9998219206,6847554.204435076,39,733.7137500000005
1,30,933207.9998219206,6847554.204435076,4,733.7137499999998
1,30,933207.9998219206,6847554.204435076,6,733.71375
1,30,933207.9998219206,6847554.204435076,9,733.713749999999
1,30,933207.9998219206,6847554.204435076,10,733.7137499999999
1,30,933207.9998219206,6847554.204435076,17,733.7137499999995
1,30,933207.9998219206,6847554.204435076,19,733.7137500000011
1,30,933207.9998219206,6847554.204435076,23,733.7137499999999
1,30,933207.9998219206,6847554.204435076,31,733.7137500000003
1,30,933207.9998219206,6847554.204435076,41,733.7137499999999
1,30,933207.9998219206,6847554.204435076,42,733.7137500000002
1,30,933207.9998219206,6847554.204435076,43,733.7137500000002
1,30,933207.9998219206,6847554.204435076,5,733.7137499999995
1,30,933207.9998219206,6847554.204435076,7,733.7137500000006
1,30,933207.9998219206,6847554.204435076,20,733.71375
1,30,933207.9998219206,6847554.204435076,27,733.7137499999998
1,30,933207.9998219206,6847554.204435076,47,733.71375
1,30,933207.9998219206,6847554.204435076,29,733.7137499999993
1,30,933207.9998219206,6847554.204435076,30,733.7137499999999
1,27,932730.0998222866,6847424.704435145,7,184.8577500000002
1,27,932730.0998222866,6847424.704435145,17,184.85775000000007
1,27,932730.0998222866,6847424.704435145,19,184.85775000000015
1,27,932730.0998222866,6847424.704435145,21,184.85775000000007
1,27,932730.0998222866,6847424.704435145,26,184.85775000000012
1,27,932730.0998222866,6847424.704435145,29,184.85775
1,27,932730.0998222866,6847424.704435145,31,184.85775000000012
1,27,932730.0998222866,6847424.704435145,33,184.85774999999992
1,27,932730.0998222866,6847424.704435145,38,184.85775000000007
1,27,932730.0998222866,6847424.704435145,41,184.85775
1,27,932730.0998222866,6847424.704435145,43,184.85775000000015
1,27,932730.0998222866,6847424.704435145,44,184.85775000000015
1,27,932730.0998222866,6847424.704435145,46,184.85775000000024
1,27,932730.0998222866,6847424.704435145,47,184.85775000000018
1,27,932730.0998222866,6847424.704435145,15,184.85775000000018
1,27,932730.0998222866,6847424.704435145,18,184.85775000000027
1,27,932730.0998222866,6847424.704435145,28,184.85775000000004
1,27,932730.0998222866,6847424.704435145,30,184.85775000000015
1,27,932730.0998222866,6847424.704435145,34,184.85775000000004
1,27,932730.0998222866,6847424.704435145,40,184.8577500000003
1,27,932730.0998222866,6847424.704435145,3,184.8577500000001
1,27,932730.0998222866,6847424.704435145,6,184.85775000000027
1,27,932730.0998222866,6847424.704435145,8,184.85775000000012
1,27,932730.0998222866,6847424.704435145,20,184.85775000000012
1,27,932730.0998222866,6847424.704435145,23,184.8577500000001
1,27,932730.0998222866,6847424.704435145,27,184.8577500000001
1,27,932730.0998222866,6847424.704435145,35,184.85775000000015
1,27,932730.0998222866,6847424.704435145,39,184.85775000000015
1,27,932730.0998222866,6847424.704435145,42,184.8577500000002
1,27,932730.0998222866,6847424.704435145,5,184.85775000000015
1,27,932730.0998222866,6847424.704435145,9,184.85775000000012
1,27,932730.0998222866,6847424.704435145,32,184.85775000000018
1,27,932730.0998222866,6847424.704435145,45,184.85775000000004
1,27,932730.0998222866,6847424.704435145,1,184.85775000000007
1,27,932730.0998222866,6847424.704435145,2,184.85775000000007
1,27,932730.0998222866,6847424.704435145,10,184.8577500000002
1,27,932730.0998222866,6847424.704435145,11,184.85775000000015
1,27,932730.0998222866,6847424.704435145,16,184.8577500000001
1,27,932730.0998222866,6847424.704435145,22,184.85775000000012
1,27,932730.0998222866,6847424.704435145,24,184.85775
1,27,932730.0998222866,6847424.704435145,48,184.85775000000007
1,27,932730.0998222866,6847424.704435145,4,184.85775000000027
1,27,932730.0998222866,6847424.704435145,25,184.85775000000004
1,27,932730.0998222866,6847424.704435145,36,184.85775000000007
1,27,932730.0998222866,6847424.704435145,37,184.85775
1,27,932730.0998222866,6847424.704435145,12,184.8577500000001
1,27,932730.0998222866,6847424.704435145,13,184.85774999999998
1,27,932730.0998222866,6847424.704435145,14,184.85775000000012
1,61,932731.0998222867,6847344.104435187,13,337.31775000000044
1,61,932731.0998222867,6847344.104435187,14,337.31775000000033
1,61,932731.0998222867,6847344.104435187,23,337.31774999999993
1,61,932731.0998222867,6847344.104435187,24,337.31775000000005
1,61,932731.0998222867,6847344.104435187,27,337.31775
1,61,932731.0998222867,6847344.104435187,36,337.31774999999993
1,61,932731.0998222867,6847344.104435187,45,337.3177500000001
1,61,932731.0998222867,6847344.104435187,1,337.31775000000033
1,61,932731.0998222867,6847344.104435187,5,337.31775000000016
1,61,932731.0998222867,6847344.104435187,7,337.3177500000001
1,61,932731.0998222867,6847344.104435187,12,337.3177500000002
1,61,932731.0998222867,6847344.104435187,29,337.31775000000056
1,61,932731.0998222867,6847344.104435187,2,337.31775
1,61,932731.0998222867,6847344.104435187,11,337.31775000000005
1,61,932731.0998222867,6847344.104435187,15,337.3177500000003
1,61,932731.0998222867,6847344.104435187,30,337.3177500000007
1,61,932731.0998222867,6847344.104435187,37,337.31774999999993
1,61,932731.0998222867,6847344.104435187,41,337.31775
1,61,932731.0998222867,6847344.104435187,43,337.3177499999999
1,61,932731.0998222867,6847344.104435187,47,337.3177500000007
1,61,932731.0998222867,6847344.104435187,48,337.31774999999965
1,61,932731.0998222867,6847344.104435187,4,337.3177500000003
1,61,932731.0998222867,6847344.104435187,6,337.31775000000005
1,61,932731.0998222867,6847344.104435187,9,337.31775000000016
1,61,932731.0998222867,6847344.104435187,10,337.31775
1,61,932731.0998222867,6847344.104435187,17,337.31775000000033
1,61,932731.0998222867,6847344.104435187,20,337.31775000000033
1,61,932731.0998222867,6847344.104435187,21,337.3177500000001
1,61,932731.0998222867,6847344.104435187,22,337.3177500000004
1,61,932731.0998222867,6847344.104435187,25,337.31775000000033
1,61,932731.0998222867,6847344.104435187,33,337.3177500000003
1,61,932731.0998222867,6847344.104435187,35,337.3177500000001
1,61,932731.0998222867,6847344.104435187,38,337.31775000000016
1,61,932731.0998222867,6847344.104435187,39,337.3177500000001
1,61,932731.0998222867,6847344.104435187,28,337.3177500000001
1,61,932731.0998222867,6847344.104435187,40,337.3177499999998
1,61,932731.0998222867,6847344.104435187,3,337.31775
1,61,932731.0998222867,6847344.104435187,8,337.3177500000007
1,61,932731.0998222867,6847344.104435187,18,337.3177500000005
1,61,932731.0998222867,6847344.104435187,42,337.31775000000005
1,61,932731.0998222867,6847344.104435187,44,337.31775000000033
1,61,932731.0998222867,6847344.104435187,46,337.3177500000001
1,61,932731.0998222867,6847344.104435187,26,337.31775000000016
1,61,932731.0998222867,6847344.104435187,34,337.31774999999976
1,61,932731.0998222867,6847344.104435187,16,337.31775000000005
1,61,932731.0998222867,6847344.104435187,19,337.31775000000005
1,61,932731.0998222867,6847344.104435187,31,337.31775000000005
1,61,932731.0998222867,6847344.104435187,32,337.3177500000006
1,74,933841.6998214169,6849513.504434072,1,516.4582499999998
1,74,933841.6998214169,6849513.504434072,7,516.4582500000006
1,74,933841.6998214169,6849513.504434072,9,516.45825
1,74,933841.6998214169,6849513.504434072,11,516.458250000001
1,74,933841.6998214169,6849513.504434072,16,516.4582499999999
1,74,933841.6998214169,6849513.504434072,18,516.4582499999995
1,74,933841.6998214169,6849513.504434072,21,516.4582499999997
1,74,933841.6998214169,6849513.504434072,30,516.4582499999995
1,74,933841.6998214169,6849513.504434072,31,516.4582500000006
1,74,933841.6998214169,6849513.504434072,40,516.4582500000002
1,74,933841.6998214169,6849513.504434072,41,516.4582500000002
1,74,933841.6998214169,6849513.504434072,43,516.4582500000014
1,74,933841.6998214169,6849513.504434072,44,516.4582499999995
1,74,933841.6998214169,6849513.504434072,47,516.45825
1,74,933841.6998214169,6849513.504434072,38,516.4582500000002
1,74,933841.6998214169,6849513.504434072,2,516.4582499999999
1,74,933841.6998214169,6849513.504434072,5,516.4582500000002
1,74,933841.6998214169,6849513.504434072,6,516.45825
1,74,933841.6998214169,6849513.504434072,8,516.4582500000006
1,74,933841.6998214169,6849513.504434072,12,516.4582499999999
1,74,933841.6998214169,6849513.504434072,14,516.45825
1,74,933841.6998214169,6849513.504434072,17,516.4582499999999
1,74,933841.6998214169,6849513.504434072,19,516.4582499999999
1,74,933841.6998214169,6849513.504434072,20,516.4582500000004
1,74,933841.6998214169,6849513.504434072,22,516.4582500000005
1,74,933841.6998214169,6849513.504434072,25,516.4582499999992
1,74,933841.6998214169,6849513.504434072,26,516.4582500000004
1,74,933841.6998214169,6849513.504434072,29,516.4582499999999
1,74,933841.6998214169,6849513.504434072,32,516.4582500000004
1,74,933841.6998214169,6849513.504434072,33,516.4582500000006
1,74,933841.6998214169,6849513.504434072,36,516.4582499999998
1,74,933841.6998214169,6849513.504434072,37,516.4582499999991
1,74,933841.6998214169,6849513.504434072,42,516.4582500000001
1,74,933841.6998214169,6849513.504434072,45,516.45825
1,74,933841.6998214169,6849513.504434072,4,516.4582499999997
1,74,933841.6998214169,6849513.504434072,10,516.4582500000001
1,74,933841.6998214169,6849513.504434072,13,516.4582499999997
1,74,933841.6998214169,6849513.504434072,15,516.4582500000007
1,74,933841.6998214169,6849513.504434072,24,516.45825
1,74,933841.6998214169,6849513.504434072,28,516.4582499999997
1,74,933841.6998214169,6849513.504434072,34,516.4582500000005
1,74,933841.6998214169,6849513.504434072,35,516.4582500000013
1,74,933841.6998214169,6849513.504434072,46,516.4582499999998
1,74,933841.6998214169,6849513.504434072,48,516.4582499999999
1,74,933841.6998214169,6849513.504434072,3,516.4582499999998
1,74,933841.6998214169,6849513.504434072,23,516.4582500000009
1,74,933841.6998214169,6849513.504434072,27,516.4582500000006
1,74,933841.6998214169,6849513.504434072,39,516.4582500000009
1,7,933780.291513979,6846818.296141294,1,346.8464999999999
1,7,933780.291513979,6846818.296141294,2,346.8464999999999
1,7,933780.291513979,6846818.296141294,3,346.84650000004876
1,7,933780.291513979,6846818.296141294,4,346.84650000005036
1,7,933780.291513979,6846818.296141294,5,346.84650000000045
1,7,933780.291513979,6846818.296141294,6,346.84649999999993
1,7,933780.291513979,6846818.296141294,7,346.8464999999998
1,7,933780.291513979,6846818.296141294,8,346.8464999999999
1,7,933780.291513979,6846818.296141294,9,346.846500000052
1,7,933780.291513979,6846818.296141294,10,346.84650000005036
1,7,933780.291513979,6846818.296141294,12,346.8464999999999
1,7,933780.291513979,6846818.296141294,13,346.8464999999999
1,7,933780.291513979,6846818.296141294,14,346.8464999999999
1,7,933780.291513979,6846818.296141294,15,346.84650000004865
1,7,933780.291513979,6846818.296141294,16,346.84650000005036
1,7,933780.291513979,6846818.296141294,17,346.846500000052
1,7,933780.291513979,6846818.296141294,18,346.84649999999993
1,7,933780.291513979,6846818.296141294,19,346.8464999999998
1,7,933780.291513979,6846818.296141294,20,346.8465000000604
1,7,933780.291513979,6846818.296141294,21,346.84650000005195
1,7,933780.291513979,6846818.296141294,22,346.84650000005036
1,7,933780.291513979,6846818.296141294,23,346.84650000004876
1,7,933780.291513979,6846818.296141294,24,346.8464999999999
1,7,933780.291513979,6846818.296141294,25,346.8464999999999
1,7,933780.291513979,6846818.296141294,26,346.8464999999999
1,7,933780.291513979,6846818.296141294,28,346.8464999999999
1,7,933780.291513979,6846818.296141294,29,346.846500000052
1,7,933780.291513979,6846818.296141294,30,346.84649999999993
1,7,933780.291513979,6846818.296141294,31,346.84649999999976
1,7,933780.291513979,6846818.296141294,32,346.8464999999999
1,7,933780.291513979,6846818.296141294,33,346.8465000000004
1,7,933780.291513979,6846818.296141294,34,346.8464999999999
1,7,933780.291513979,6846818.296141294,35,346.84650000004865
1,7,933780.291513979,6846818.296141294,36,346.8464999999999
1,7,933780.291513979,6846818.296141294,37,346.8464999999999
1,7,933780.291513979,6846818.296141294,38,346.8464999999998
1,7,933780.291513979,6846818.296141294,39,346.84650000004865
1,7,933780.291513979,6846818.296141294,40,346.8464999999998
1,7,933780.291513979,6846818.296141294,41,346.846500000052
1,7,933780.291513979,6846818.296141294,42,346.84649999999993
1,7,933780.291513979,6846818.296141294,43,346.8464999999998
1,7,933780.291513979,6846818.296141294,44,346.84649999999993
1,7,933780.291513979,6846818.296141294,45,346.8464999999999
1,7,933780.291513979,6846818.296141294,46,346.8464999999999
1,7,933780.291513979,6846818.296141294,47,346.84650000004865
1,7,933780.291513979,6846818.296141294,48,346.8464999999999
1,7,933780.291513979,6846818.296141294,11,346.84650000004865
1,7,933780.291513979,6846818.296141294,27,346.84650000004865
1,42,934990.5998205657,6847039.104435317,1,617.4629999999994
1,42,934990.5998205657,6847039.104435317,2,617.4629999999996
1,42,934990.5998205657,6847039.104435317,3,617.4629999999999
1,42,934990.5998205657,6847039.104435317,4,617.4629999999999
1,42,934990.5998205657,6847039.104435317,5,617.4629999999986
1,42,934990.5998205657,6847039.104435317,6,617.4629999999999
1,42,934990.5998205657,6847039.104435317,8,617.4630000000001
1,42,934990.5998205657,6847039.104435317,9,617.4629999999987
1,42,934990.5998205657,6847039.104435317,10,617.4629999999999
1,42,934990.5998205657,6847039.104435317,11,617.4629999999999
1,42,934990.5998205657,6847039.104435317,12,617.4629999999995
1,42,934990.5998205657,6847039.104435317,13,617.4629999999997
1,42,934990.5998205657,6847039.104435317,14,617.4629999999994
1,42,934990.5998205657,6847039.104435317,15,617.4629999999997
1,42,934990.5998205657,6847039.104435317,16,617.4629999999999
1,42,934990.5998205657,6847039.104435317,17,617.4629999999987
1,42,934990.5998205657,6847039.104435317,19,617.4630000000011
1,42,934990.5998205657,6847039.104435317,20,617.4630000000002
1,42,934990.5998205657,6847039.104435317,22,617.4629999999999
1,42,934990.5998205657,6847039.104435317,23,617.4629999999997
1,42,934990.5998205657,6847039.104435317,24,617.462999999999
1,42,934990.5998205657,6847039.104435317,25,617.462999999999
1,42,934990.5998205657,6847039.104435317,26,617.4629999999996
1,42,934990.5998205657,6847039.104435317,27,617.4629999999999
1,42,934990.5998205657,6847039.104435317,28,617.4629999999999
1,42,934990.5998205657,6847039.104435317,29,617.4629999999988
1,42,934990.5998205657,6847039.104435317,34,617.4629999999997
1,42,934990.5998205657,6847039.104435317,35,617.4629999999997
1,42,934990.5998205657,6847039.104435317,36,617.4629999999993
1,42,934990.5998205657,6847039.104435317,37,617.4629999999994
1,42,934990.5998205657,6847039.104435317,38,617.462999999999
1,42,934990.5998205657,6847039.104435317,39,617.4629999999999
1,42,934990.5998205657,6847039.104435317,40,617.4629999999999
1,42,934990.5998205657,6847039.104435317,42,617.463
1,42,934990.5998205657,6847039.104435317,45,617.4629999999999
1,42,934990.5998205657,6847039.104435317,46,617.4629999999994
1,42,934990.5998205657,6847039.104435317,47,617.4629999999999
1,42,934990.5998205657,6847039.104435317,48,617.4629999999995
1,42,934990.5998205657,6847039.104435317,7,617.4630000000001
1,42,934990.5998205657,6847039.104435317,21,617.4629999999999
1,42,934990.5998205657,6847039.104435317,31,617.4630000000006
1,42,934990.5998205657,6847039.104435317,32,617.4630000000001
1,42,934990.5998205657,6847039.104435317,33,617.4629999999984
1,42,934990.5998205657,6847039.104435317,41,617.4629999999989
1,42,934990.5998205657,6847039.104435317,43,617.4630000000002
1,42,934990.5998205657,6847039.104435317,18,617.4629999999999
1,42,934990.5998205657,6847039.104435317,30,617.4629999999994
1,42,934990.5998205657,6847039.104435317,44,617.4629999999997
1,56,934204.3998211591,6847660.904435011,2,596.4997499999995
1,56,934204.3998211591,6847660.904435011,5,596.4997499999993
1,56,934204.3998211591,6847660.904435011,13,596.4997499999993
1,56,934204.3998211591,6847660.904435011,19,596.4997500000002
1,56,934204.3998211591,6847660.904435011,22,596.4997499999996
1,56,934204.3998211591,6847660.904435011,27,596.4997500000007
1,56,934204.3998211591,6847660.904435011,31,596.4997500000002
1,56,934204.3998211591,6847660.904435011,32,596.4997499999998
1,56,934204.3998211591,6847660.904435011,39,596.4997500000007
1,56,934204.3998211591,6847660.904435011,43,596.4997500000001
1,56,934204.3998211591,6847660.904435011,44,596.4997499999998
1,56,934204.3998211591,6847660.904435011,48,596.4997499999998
1,56,934204.3998211591,6847660.904435011,4,596.4997499999996
1,56,934204.3998211591,6847660.904435011,9,596.4997499999996
1,56,934204.3998211591,6847660.904435011,15,596.4997500000004
1,56,934204.3998211591,6847660.904435011,16,596.4997499999994
1,56,934204.3998211591,6847660.904435011,17,596.4997500000001
1,56,934204.3998211591,6847660.904435011,18,596.4997500000003
1,56,934204.3998211591,6847660.904435011,20,596.4997499999998
1,56,934204.3998211591,6847660.904435011,21,596.4997499999992
1,56,934204.3998211591,6847660.904435011,23,596.4997500000005
1,56,934204.3998211591,6847660.904435011,24,596.4997499999995
1,56,934204.3998211591,6847660.904435011,29,596.4997499999997
1,56,934204.3998211591,6847660.904435011,30,596.4997500000001
1,56,934204.3998211591,6847660.904435011,33,596.4997499999996
1,56,934204.3998211591,6847660.904435011,34,596.4997499999997
1,56,934204.3998211591,6847660.904435011,35,596.4997500000002
1,56,934204.3998211591,6847660.904435011,40,596.4997499999995
1,56,934204.3998211591,6847660.904435011,41,596.4997499999996
1,56,934204.3998211591,6847660.904435011,47,596.4997500000007
1,56,934204.3998211591,6847660.904435011,3,596.4997500000007
1,56,934204.3998211591,6847660.904435011,1,596.4997499999996
1,56,934204.3998211591,6847660.904435011,8,596.4997499999998
1,56,934204.3998211591,6847660.904435011,28,596.4997499999994
1,56,934204.3998211591,6847660.904435011,36,596.4997499999997
1,56,934204.3998211591,6847660.904435011,25,596.4997499999994
1,56,934204.3998211591,6847660.904435011,38,596.4997499999996
1,56,934204.3998211591,6847660.904435011,46,596.4997499999997
1,56,934204.3998211591,6847660.904435011,11,596.4997500000006
1,56,934204.3998211591,6847660.904435011,14,596.4997499999997
1,56,934204.3998211591,6847660.904435011,7,596.4997500000003
1,56,934204.3998211591,6847660.904435011,10,596.4997499999993
1,56,934204.3998211591,6847660.904435011,12,596.4997499999997
1,56,934204.3998211591,6847660.904435011,26,596.4997499999998
1,56,934204.3998211591,6847660.904435011,37,596.4997499999995
1,56,934204.3998211591,6847660.904435011,42,596.49975
1,56,934204.3998211591,6847660.904435011,45,596.4997500000003
1,56,934204.3998211591,6847660.904435011,6,596.4997500000002
1,41,934604.5998208483,6848166.104434751,5,265.95954000000614
1,41,934604.5998208483,6848166.104434751,11,371.96775000000594
1,41,934604.5998208483,6848166.104434751,27,371.9677500000043
1,41,934604.5998208483,6848166.104434751,28,665.1067499999994
1,41,934604.5998208483,6848166.104434751,40,665.1067499999992
1,41,934604.5998208483,6848166.104434751,46,665.1067499999996
1,41,934604.5998208483,6848166.104434751,4,665.1067499999992
1,41,934604.5998208483,6848166.104434751,9,265.95954000000114
1,41,934604.5998208483,6848166.104434751,22,665.1067499999994
1,41,934604.5998208483,6848166.104434751,34,665.1067499999989
1,41,934604.5998208483,6848166.104434751,39,371.96775000000673
1,41,934604.5998208483,6848166.104434751,21,265.9595400000057
1,41,934604.5998208483,6848166.104434751,23,371.9677500000064
1,41,934604.5998208483,6848166.104434751,41,265.95954000000137
1,41,934604.5998208483,6848166.104434751,3,371.96775000000423
1,41,934604.5998208483,6848166.104434751,15,371.9677500000056
1,41,934604.5998208483,6848166.104434751,10,665.106749999999
1,41,934604.5998208483,6848166.104434751,17,265.95954000000495
1,41,934604.5998208483,6848166.104434751,33,265.9595400000079
1,41,934604.5998208483,6848166.104434751,47,371.9677500000048
1,41,934604.5998208483,6848166.104434751,16,665.1067499999994
1,41,934604.5998208483,6848166.104434751,29,265.9595400000062
1,41,934604.5998208483,6848166.104434751,35,371.96775000000537
1,41,934604.5998208483,6848166.104434751,45,265.95954000000194
1,41,934604.5998208483,6848166.104434751,1,161.33040000000022
1,41,934604.5998208483,6848166.104434751,2,166.73394379932378
1,41,934604.5998208483,6848166.104434751,6,110.4096262269823
1,41,934604.5998208483,6848166.104434751,7,112.93128000000007
1,41,934604.5998208483,6848166.104434751,8,110.4096262269823
1,41,934604.5998208483,6848166.104434751,12,166.73394379932378
1,41,934604.5998208483,6848166.104434751,13,161.33040000000022
1,41,934604.5998208483,6848166.104434751,14,166.73394379932378
1,41,934604.5998208483,6848166.104434751,18,110.4096262269823
1,41,934604.5998208483,6848166.104434751,19,112.93128000000007
1,41,934604.5998208483,6848166.104434751,20,110.4096262269823
1,41,934604.5998208483,6848166.104434751,24,166.73394379932378
1,41,934604.5998208483,6848166.104434751,25,161.33040000000022
1,41,934604.5998208483,6848166.104434751,26,166.73394379932378
1,41,934604.5998208483,6848166.104434751,30,110.4096262269823
1,41,934604.5998208483,6848166.104434751,31,112.93128000000007
1,41,934604.5998208483,6848166.104434751,32,110.4096262269823
1,41,934604.5998208483,6848166.104434751,36,166.73394379932378
1,41,934604.5998208483,6848166.104434751,37,161.33040000000022
1,41,934604.5998208483,6848166.104434751,38,166.73394379932378
1,41,934604.5998208483,6848166.104434751,42,110.4096262269823
1,41,934604.5998208483,6848166.104434751,43,112.93128000000007
1,41,934604.5998208483,6848166.104434751,44,110.4096262269823
1,41,934604.5998208483,6848166.104434751,48,166.73394379932378
1,12,933061.759090488,6845988.289810399,1,485.9662499999999
1,12,933061.759090488,6845988.289810399,2,485.9662499999999
1,12,933061.759090488,6845988.289810399,12,485.9662499999999
1,12,933061.759090488,6845988.289810399,13,485.9662499999999
1,12,933061.759090488,6845988.289810399,14,485.9662499999999
1,12,933061.759090488,6845988.289810399,24,485.9662499999999
1,12,933061.759090488,6845988.289810399,25,485.9662499999999
1,12,933061.759090488,6845988.289810399,26,485.9662499999999
1,12,933061.759090488,6845988.289810399,36,485.9662499999999
1,12,933061.759090488,6845988.289810399,37,485.9662499999999
1,12,933061.759090488,6845988.289810399,38,485.9662499999999
1,12,933061.759090488,6845988.289810399,48,485.9662499999999
1,12,933061.759090488,6845988.289810399,3,485.9662499999999
1,12,933061.759090488,6845988.289810399,6,485.96625
1,12,933061.759090488,6845988.289810399,8,485.9662499999999
1,12,933061.759090488,6845988.289810399,11,485.9662499999999
1,12,933061.759090488,6845988.289810399,15,485.9662499999999
1,12,933061.759090488,6845988.289810399,18,485.96625
1,12,933061.759090488,6845988.289810399,19,485.9662499999999
1,12,933061.759090488,6845988.289810399,20,485.9662499999999
1,12,933061.759090488,6845988.289810399,30,485.9662499999999
1,12,933061.759090488,6845988.289810399,31,485.9662499999999
1,12,933061.759090488,6845988.289810399,32,485.9662499999999
1,12,933061.759090488,6845988.289810399,35,485.9662499999999
1,12,933061.759090488,6845988.289810399,39,485.9662499999999
1,12,933061.759090488,6845988.289810399,42,485.9662499999999
1,12,933061.759090488,6845988.289810399,43,485.9662499999999
1,12,933061.759090488,6845988.289810399,44,485.9662499999999
1,12,933061.759090488,6845988.289810399,47,485.9662499999999
1,12,933061.759090488,6845988.289810399,9,485.9662499999999
1,12,933061.759090488,6845988.289810399,17,485.9662499999999
1,12,933061.759090488,6845988.289810399,21,485.96624999999995
1,12,933061.759090488,6845988.289810399,23,485.9662499999999
1,12,933061.759090488,6845988.289810399,27,485.9662499999999
1,12,933061.759090488,6845988.289810399,5,485.9662499999999
1,12,933061.759090488,6845988.289810399,33,485.9662499999999
1,12,933061.759090488,6845988.289810399,29,485.96624999999995
1,12,933061.759090488,6845988.289810399,40,485.96624999999983
1,12,933061.759090488,6845988.289810399,41,485.9662499999999
1,12,933061.759090488,6845988.289810399,45,485.9662499999999
1,12,933061.759090488,6845988.289810399,46,485.96624999999983
1,12,933061.759090488,6845988.289810399,4,485.9662499999999
1,12,933061.759090488,6845988.289810399,10,485.9662499999999
1,12,933061.759090488,6845988.289810399,16,485.9662499999999
1,12,933061.759090488,6845988.289810399,22,485.9662499999999
1,12,933061.759090488,6845988.289810399,28,485.9662499999999
1,12,933061.759090488,6845988.289810399,34,485.9662499999999
1,12,933061.759090488,6845988.289810399,7,485.9662499999999
1,1,933761.3998214833,6849018.604434323,4,615.5572499999994
1,1,933761.3998214833,6849018.604434323,5,615.5572500000003
1,1,933761.3998214833,6849018.604434323,10,615.5572499999993
1,1,933761.3998214833,6849018.604434323,22,615.5572499999997
1,1,933761.3998214833,6849018.604434323,32,615.5572500000001
1,1,933761.3998214833,6849018.604434323,36,615.5572500000005
1,1,933761.3998214833,6849018.604434323,41,615.5572499999992
1,1,933761.3998214833,6849018.604434323,44,615.55725
1,1,933761.3998214833,6849018.604434323,11,615.5572499999998
1,1,933761.3998214833,6849018.604434323,14,615.5572499999984
1,1,933761.3998214833,6849018.604434323,27,615.55725
1,1,933761.3998214833,6849018.604434323,37,615.5572500000004
1,1,933761.3998214833,6849018.604434323,39,615.5572500000004
1,1,933761.3998214833,6849018.604434323,2,615.5572499999988
1,1,933761.3998214833,6849018.604434323,3,615.5572500000003
1,1,933761.3998214833,6849018.604434323,12,615.5572499999985
1,1,933761.3998214833,6849018.604434323,13,615.5572500000011
1,1,933761.3998214833,6849018.604434323,25,615.5572499999998
1,1,933761.3998214833,6849018.604434323,26,615.5572499999998
1,1,933761.3998214833,6849018.604434323,35,615.5572499999998
1,1,933761.3998214833,6849018.604434323,38,615.5572499999988
1,1,933761.3998214833,6849018.604434323,47,615.5572500000004
1,1,933761.3998214833,6849018.604434323,1,615.5572500000003
1,1,933761.3998214833,6849018.604434323,6,615.5572500000003
1,1,933761.3998214833,6849018.604434323,7,615.5572500000005
1,1,933761.3998214833,6849018.604434323,8,615.5572500000003
1,1,933761.3998214833,6849018.604434323,9,615.5572499999986
1,1,933761.3998214833,6849018.604434323,15,615.5572500000001
1,1,933761.3998214833,6849018.604434323,16,615.5572499999996
1,1,933761.3998214833,6849018.604434323,17,615.5572499999988
1,1,933761.3998214833,6849018.604434323,18,615.5572499999998
1,1,933761.3998214833,6849018.604434323,19,615.5572500000005
1,1,933761.3998214833,6849018.604434323,20,615.5572499999998
1,1,933761.3998214833,6849018.604434323,21,615.557249999999
1,1,933761.3998214833,6849018.604434323,23,615.55725
1,1,933761.3998214833,6849018.604434323,24,615.5572499999989
1,1,933761.3998214833,6849018.604434323,28,615.5572499999992
1,1,933761.3998214833,6849018.604434323,29,615.5572499999985
1,1,933761.3998214833,6849018.604434323,30,615.5572499999998
1,1,933761.3998214833,6849018.604434323,31,615.5572500000005
1,1,933761.3998214833,6849018.604434323,33,615.5572499999984
1,1,933761.3998214833,6849018.604434323,34,615.5572499999995
1,1,933761.3998214833,6849018.604434323,40,615.5572499999996
1,1,933761.3998214833,6849018.604434323,42,615.55725
1,1,933761.3998214833,6849018.604434323,43,615.5572500000003
1,1,933761.3998214833,6849018.604434323,45,615.5572499999986
1,1,933761.3998214833,6849018.604434323,46,615.5572499999995
1,1,933761.3998214833,6849018.604434323,48,615.5572499999994
1,13,933807.2281635706,6848521.778365977,1,1196.8110000000013
1,13,933807.2281635706,6848521.778365977,2,1196.811000000003
1,13,933807.2281635706,6848521.778365977,3,816.9777000000048
1,13,933807.2281635706,6848521.778365977,6,911.3040594765771
1,13,933807.2281635706,6848521.778365977,7,1075.064760000001
1,13,933807.2281635706,6848521.778365977,8,926.1012258781313
1,13,933807.2281635706,6848521.778365977,9,811.8494999999998
1,13,933807.2281635706,6848521.778365977,11,872.2998900000059
1,13,933807.2281635706,6848521.778365977,12,1196.811000000002
1,13,933807.2281635706,6848521.778365977,13,1196.8110000000004
1,13,933807.2281635706,6848521.778365977,14,1196.8110000000027
1,13,933807.2281635706,6848521.778365977,15,882.5216400000052
1,13,933807.2281635706,6848521.778365977,16,647.4699000000088
1,13,933807.2281635706,6848521.778365977,17,824.1225299999996
1,13,933807.2281635706,6848521.778365977,18,936.9145397869601
1,13,933807.2281635706,6848521.778365977,19,938.26656
1,13,933807.2281635706,6848521.778365977,20,941.4675140643612
1,13,933807.2281635706,6848521.778365977,21,823.0553099999995
1,13,933807.2281635706,6848521.778365977,23,897.4280700000058
1,13,933807.2281635706,6848521.778365977,24,1196.8110000000017
1,13,933807.2281635706,6848521.778365977,25,1196.8110000000008
1,13,933807.2281635706,6848521.778365977,26,1196.8109999999997
1,13,933807.2281635706,6848521.778365977,27,874.164060000005
1,13,933807.2281635706,6848521.778365977,28,658.1421000000072
1,13,933807.2281635706,6848521.778365977,29,833.7275100000003
1,13,933807.2281635706,6848521.778365977,30,925.5321040934567
1,13,933807.2281635706,6848521.778365977,31,956.8944000000004
1,13,933807.2281635706,6848521.778365977,33,812.3068800000011
1,13,933807.2281635706,6848521.778365977,34,648.3708000000094
1,13,933807.2281635706,6848521.778365977,35,859.0843800000029
1,13,933807.2281635706,6848521.778365977,37,1196.8110000000004
1,13,933807.2281635706,6848521.778365977,38,1196.8110000000029
1,13,933807.2281635706,6848521.778365977,39,849.6665100000027
1,13,933807.2281635706,6848521.778365977,40,640.6438500000107
1,13,933807.2281635706,6848521.778365977,42,912.442303045928
1,13,933807.2281635706,6848521.778365977,43,965.0440800000006
1,13,933807.2281635706,6848521.778365977,45,820.3872599999997
1,13,933807.2281635706,6848521.778365977,46,655.2315000000106
1,13,933807.2281635706,6848521.778365977,47,847.2340800000015
1,13,933807.2281635706,6848521.778365977,48,1196.8110000000022
1,13,933807.2281635706,6848521.778365977,4,667.6708500000078
1,13,933807.2281635706,6848521.778365977,5,837.4627799999978
1,13,933807.2281635706,6848521.778365977,10,624.3929999999998
1,13,933807.2281635706,6848521.778365977,22,628.6203000000085
1,13,933807.2281635706,6848521.778365977,32,935.2071744329343
1,13,933807.2281635706,6848521.778365977,36,1196.8110000000033
1,13,933807.2281635706,6848521.778365977,41,821.9880899999985
1,13,933807.2281635706,6848521.778365977,44,938.6219051409855
1,28,933302.5998218316,6849201.904434238,1,280.14525000000003
1,28,933302.5998218316,6849201.904434238,2,280.14525
1,28,933302.5998218316,6849201.904434238,4,280.1452499999999
1,28,933302.5998218316,6849201.904434238,10,280.1452499999998
1,28,933302.5998218316,6849201.904434238,12,280.1452500000002
1,28,933302.5998218316,6849201.904434238,14,280.1452500000001
1,28,933302.5998218316,6849201.904434238,16,280.1452499999999
1,28,933302.5998218316,6849201.904434238,24,280.14525000000003
1,28,933302.5998218316,6849201.904434238,25,280.14525
1,28,933302.5998218316,6849201.904434238,26,280.14525
1,28,933302.5998218316,6849201.904434238,29,280.14525000000003
1,28,933302.5998218316,6849201.904434238,36,280.1452499999999
1,28,933302.5998218316,6849201.904434238,37,280.1452499999999
1,28,933302.5998218316,6849201.904434238,38,280.1452499999999
1,28,933302.5998218316,6849201.904434238,39,280.1452500000004
1,28,933302.5998218316,6849201.904434238,48,280.1452500000001
1,28,933302.5998218316,6849201.904434238,5,280.14525
1,28,933302.5998218316,6849201.904434238,6,280.14525
1,28,933302.5998218316,6849201.904434238,7,280.14525
1,28,933302.5998218316,6849201.904434238,8,280.14525000000003
1,28,933302.5998218316,6849201.904434238,9,280.14525000000003
1,28,933302.5998218316,6849201.904434238,11,280.14525
1,28,933302.5998218316,6849201.904434238,13,280.1452499999999
1,28,933302.5998218316,6849201.904434238,15,280.1452500000001
1,28,933302.5998218316,6849201.904434238,17,280.1452499999999
1,28,933302.5998218316,6849201.904434238,21,280.14525
1,28,933302.5998218316,6849201.904434238,22,280.14524999999986
1,28,933302.5998218316,6849201.904434238,23,280.14525000000003
1,28,933302.5998218316,6849201.904434238,27,280.1452500000001
1,28,933302.5998218316,6849201.904434238,30,280.14525000000003
1,28,933302.5998218316,6849201.904434238,31,280.1452500000001
1,28,933302.5998218316,6849201.904434238,32,280.14525000000003
1,28,933302.5998218316,6849201.904434238,34,280.14525
1,28,933302.5998218316,6849201.904434238,35,280.14525
1,28,933302.5998218316,6849201.904434238,40,280.14525
1,28,933302.5998218316,6849201.904434238,42,280.14525
1,28,933302.5998218316,6849201.904434238,44,280.14525000000003
1,28,933302.5998218316,6849201.904434238,45,280.14525000000003
1,28,933302.5998218316,6849201.904434238,46,280.14525000000003
1,28,933302.5998218316,6849201.904434238,28,280.14525
1,28,933302.5998218316,6849201.904434238,3,280.14525000000003
1,28,933302.5998218316,6849201.904434238,20,280.14525
1,28,933302.5998218316,6849201.904434238,33,280.14525000000003
1,28,933302.5998218316,6849201.904434238,19,280.14525
1,28,933302.5998218316,6849201.904434238,41,280.14525
1,28,933302.5998218316,6849201.904434238,43,280.14525
1,28,933302.5998218316,6849201.904434238,47,280.1452500000001
1,28,933302.5998218316,6849201.904434238,18,280.14525
1,33,933229.2998218873,6849228.104434224,3,455.4742500000001
1,33,933229.2998218873,6849228.104434224,5,455.47424999999987
1,33,933229.2998218873,6849228.104434224,11,455.47424999999976
1,33,933229.2998218873,6849228.104434224,19,455.47424999999987
1,33,933229.2998218873,6849228.104434224,21,455.4742500000004
1,33,933229.2998218873,6849228.104434224,22,455.47424999999964
1,33,933229.2998218873,6849228.104434224,40,455.47424999999976
1,33,933229.2998218873,6849228.104434224,46,455.4742499999998
1,33,933229.2998218873,6849228.104434224,37,455.47424999999976
1,33,933229.2998218873,6849228.104434224,1,455.4742499999998
1,33,933229.2998218873,6849228.104434224,2,455.47424999999987
1,33,933229.2998218873,6849228.104434224,6,455.4742499999998
1,33,933229.2998218873,6849228.104434224,8,455.4742499999998
1,33,933229.2998218873,6849228.104434224,9,455.47425
1,33,933229.2998218873,6849228.104434224,10,455.47424999999987
1,33,933229.2998218873,6849228.104434224,13,455.47424999999987
1,33,933229.2998218873,6849228.104434224,14,455.4742499999998
1,33,933229.2998218873,6849228.104434224,16,455.4742499999997
1,33,933229.2998218873,6849228.104434224,17,455.47424999999987
1,33,933229.2998218873,6849228.104434224,18,455.47425
1,33,933229.2998218873,6849228.104434224,24,455.4742499999998
1,33,933229.2998218873,6849228.104434224,25,455.4742499999998
1,33,933229.2998218873,6849228.104434224,26,455.47424999999976
1,33,933229.2998218873,6849228.104434224,30,455.4742499999998
1,33,933229.2998218873,6849228.104434224,32,455.4742499999999
1,33,933229.2998218873,6849228.104434224,33,455.47424999999987
1,33,933229.2998218873,6849228.104434224,39,455.4742499999999
1,33,933229.2998218873,6849228.104434224,42,455.47424999999976
1,33,933229.2998218873,6849228.104434224,43,455.47424999999987
1,33,933229.2998218873,6849228.104434224,44,455.47424999999987
1,33,933229.2998218873,6849228.104434224,45,455.4742499999998
1,33,933229.2998218873,6849228.104434224,48,455.4742499999998
1,33,933229.2998218873,6849228.104434224,12,455.47424999999976
1,33,933229.2998218873,6849228.104434224,36,455.47424999999976
1,33,933229.2998218873,6849228.104434224,28,455.4742499999998
1,33,933229.2998218873,6849228.104434224,38,455.4742499999997
1,33,933229.2998218873,6849228.104434224,47,455.4742499999999
1,33,933229.2998218873,6849228.104434224,29,455.4742499999998
1,33,933229.2998218873,6849228.104434224,34,455.4742499999996
1,33,933229.2998218873,6849228.104434224,20,455.47424999999976
1,33,933229.2998218873,6849228.104434224,4,455.4742499999997
1,33,933229.2998218873,6849228.104434224,23,455.47424999999987
1,33,933229.2998218873,6849228.104434224,27,455.47425
1,33,933229.2998218873,6849228.104434224,31,455.4742499999996
1,33,933229.2998218873,6849228.104434224,35,455.47424999999987
1,33,933229.2998218873,6849228.104434224,41,455.47424999999964
1,33,933229.2998218873,6849228.104434224,7,455.47424999999976
1,33,933229.2998218873,6849228.104434224,15,455.47424999999987
1,73,933230.5998218857,6849269.904434204,6,375.43275000000006
1,73,933230.5998218857,6849269.904434204,7,375.4327499999997
1,73,933230.5998218857,6849269.904434204,8,375.4327500000002
1,73,933230.5998218857,6849269.904434204,9,375.43274999999966
1,73,933230.5998218857,6849269.904434204,13,375.43275000000017
1,73,933230.5998218857,6849269.904434204,15,375.4327500000006
1,73,933230.5998218857,6849269.904434204,17,375.43275
1,73,933230.5998218857,6849269.904434204,18,375.43274999999943
1,73,933230.5998218857,6849269.904434204,20,375.43274999999994
1,73,933230.5998218857,6849269.904434204,23,375.4327500000002
1,73,933230.5998218857,6849269.904434204,27,375.43275000000034
1,73,933230.5998218857,6849269.904434204,28,375.43275
1,73,933230.5998218857,6849269.904434204,31,375.4327499999998
1,73,933230.5998218857,6849269.904434204,32,375.43275
1,73,933230.5998218857,6849269.904434204,33,375.4327499999996
1,73,933230.5998218857,6849269.904434204,34,375.4327499999999
1,73,933230.5998218857,6849269.904434204,35,375.4327500000007
1,73,933230.5998218857,6849269.904434204,41,375.43274999999977
1,73,933230.5998218857,6849269.904434204,42,375.43274999999994
1,73,933230.5998218857,6849269.904434204,43,375.43275000000006
1,73,933230.5998218857,6849269.904434204,44,375.4327500000001
1,73,933230.5998218857,6849269.904434204,45,375.43274999999977
1,73,933230.5998218857,6849269.904434204,47,375.4327500000004
1,73,933230.5998218857,6849269.904434204,3,375.4327499999999
1,73,933230.5998218857,6849269.904434204,4,375.43275
1,73,933230.5998218857,6849269.904434204,11,375.4327499999996
1,73,933230.5998218857,6849269.904434204,12,375.43274999999954
1,73,933230.5998218857,6849269.904434204,29,375.43274999999977
1,73,933230.5998218857,6849269.904434204,36,375.43274999999954
1,73,933230.5998218857,6849269.904434204,38,375.4327499999994
1,73,933230.5998218857,6849269.904434204,40,375.43275000000006
1,73,933230.5998218857,6849269.904434204,46,375.43275000000006
1,73,933230.5998218857,6849269.904434204,24,375.4327499999997
1,73,933230.5998218857,6849269.904434204,26,375.4327499999995
1,73,933230.5998218857,6849269.904434204,19,375.43274999999994
1,73,933230.5998218857,6849269.904434204,22,375.43275
1,73,933230.5998218857,6849269.904434204,1,375.43274999999994
1,73,933230.5998218857,6849269.904434204,2,375.43274999999966
1,73,933230.5998218857,6849269.904434204,5,375.43274999999966
1,73,933230.5998218857,6849269.904434204,14,375.4327499999998
1,73,933230.5998218857,6849269.904434204,30,375.4327500000002
1,73,933230.5998218857,6849269.904434204,37,375.43275000000017
1,73,933230.5998218857,6849269.904434204,48,375.4327499999996
1,73,933230.5998218857,6849269.904434204,39,375.4327499999998
1,73,933230.5998218857,6849269.904434204,16,375.43275000000017
1,73,933230.5998218857,6849269.904434204,10,375.4327500000001
1,73,933230.5998218857,6849269.904434204,25,375.43274999999994
1,73,933230.5998218857,6849269.904434204,21,375.4327499999996
1,10,933074.0319191051,6846600.749738233,1,405.9247500000001
1,10,933074.0319191051,6846600.749738233,2,405.9247500000001
1,10,933074.0319191051,6846600.749738233,3,405.9247500000001
1,10,933074.0319191051,6846600.749738233,4,405.9247500000001
1,10,933074.0319191051,6846600.749738233,6,405.9247500000001
1,10,933074.0319191051,6846600.749738233,7,405.92475000000013
1,10,933074.0319191051,6846600.749738233,8,405.9247500000001
1,10,933074.0319191051,6846600.749738233,10,405.9247500000001
1,10,933074.0319191051,6846600.749738233,11,405.9247500000001
1,10,933074.0319191051,6846600.749738233,12,405.9247500000001
1,10,933074.0319191051,6846600.749738233,13,405.9247500000001
1,10,933074.0319191051,6846600.749738233,14,405.9247500000001
1,10,933074.0319191051,6846600.749738233,15,405.9247500000001
1,10,933074.0319191051,6846600.749738233,16,405.9247500000001
1,10,933074.0319191051,6846600.749738233,18,405.9247500000001
1,10,933074.0319191051,6846600.749738233,20,405.9247500000001
1,10,933074.0319191051,6846600.749738233,22,405.9247500000001
1,10,933074.0319191051,6846600.749738233,23,405.9247500000001
1,10,933074.0319191051,6846600.749738233,24,405.9247500000001
1,10,933074.0319191051,6846600.749738233,25,405.9247500000001
1,10,933074.0319191051,6846600.749738233,26,405.9247500000001
1,10,933074.0319191051,6846600.749738233,27,405.9247500000001
1,10,933074.0319191051,6846600.749738233,28,405.9247500000001
1,10,933074.0319191051,6846600.749738233,30,405.9247500000001
1,10,933074.0319191051,6846600.749738233,32,405.9247500000001
1,10,933074.0319191051,6846600.749738233,34,405.9247500000001
1,10,933074.0319191051,6846600.749738233,35,405.9247500000001
1,10,933074.0319191051,6846600.749738233,36,405.9247500000001
1,10,933074.0319191051,6846600.749738233,37,405.9247500000001
1,10,933074.0319191051,6846600.749738233,38,405.9247500000001
1,10,933074.0319191051,6846600.749738233,39,405.9247500000001
1,10,933074.0319191051,6846600.749738233,40,405.9247500000001
1,10,933074.0319191051,6846600.749738233,42,405.9247500000001
1,10,933074.0319191051,6846600.749738233,44,405.9247500000001
1,10,933074.0319191051,6846600.749738233,46,405.9247500000001
1,10,933074.0319191051,6846600.749738233,47,405.9247500000001
1,10,933074.0319191051,6846600.749738233,48,405.9247500000001
1,10,933074.0319191051,6846600.749738233,5,405.9247500000001
1,10,933074.0319191051,6846600.749738233,9,405.92475000000013
1,10,933074.0319191051,6846600.749738233,17,405.9247500000001
1,10,933074.0319191051,6846600.749738233,21,405.9247500000001
1,10,933074.0319191051,6846600.749738233,29,405.9247500000001
1,10,933074.0319191051,6846600.749738233,33,405.9247500000001
1,10,933074.0319191051,6846600.749738233,41,405.92475000000013
1,10,933074.0319191051,6846600.749738233,45,405.9247500000001
1,10,933074.0319191051,6846600.749738233,19,405.9247500000001
1,10,933074.0319191051,6846600.749738233,31,405.9247500000001
1,10,933074.0319191051,6846600.749738233,43,405.9247500000001
1,69,934334.8998210647,6847164.004435261,4,182.95199999999988
1,69,934334.8998210647,6847164.004435261,7,182.9520000000001
1,69,934334.8998210647,6847164.004435261,8,182.9519999999999
1,69,934334.8998210647,6847164.004435261,11,182.952
1,69,934334.8998210647,6847164.004435261,16,182.9519999999997
1,69,934334.8998210647,6847164.004435261,22,182.9519999999998
1,69,934334.8998210647,6847164.004435261,23,182.95200000000006
1,69,934334.8998210647,6847164.004435261,27,182.95200000000014
1,69,934334.8998210647,6847164.004435261,28,182.9519999999999
1,69,934334.8998210647,6847164.004435261,34,182.95199999999997
1,69,934334.8998210647,6847164.004435261,35,182.95199999999997
1,69,934334.8998210647,6847164.004435261,39,182.9520000000002
1,69,934334.8998210647,6847164.004435261,40,182.95199999999986
1,69,934334.8998210647,6847164.004435261,43,182.95200000000003
1,69,934334.8998210647,6847164.004435261,47,182.95199999999997
1,69,934334.8998210647,6847164.004435261,3,182.95200000000006
1,69,934334.8998210647,6847164.004435261,5,182.95200000000003
1,69,934334.8998210647,6847164.004435261,6,182.952
1,69,934334.8998210647,6847164.004435261,9,182.95200000000006
1,69,934334.8998210647,6847164.004435261,15,182.952
1,69,934334.8998210647,6847164.004435261,21,182.95200000000003
1,69,934334.8998210647,6847164.004435261,29,182.95199999999997
1,69,934334.8998210647,6847164.004435261,30,182.95199999999997
1,69,934334.8998210647,6847164.004435261,31,182.95200000000006
1,69,934334.8998210647,6847164.004435261,33,182.952
1,69,934334.8998210647,6847164.004435261,42,182.95199999999994
1,69,934334.8998210647,6847164.004435261,17,182.95200000000006
1,69,934334.8998210647,6847164.004435261,41,182.95199999999997
1,69,934334.8998210647,6847164.004435261,46,182.952
1,69,934334.8998210647,6847164.004435261,18,182.95199999999994
1,69,934334.8998210647,6847164.004435261,32,182.95199999999994
1,69,934334.8998210647,6847164.004435261,10,182.952
1,69,934334.8998210647,6847164.004435261,1,182.95199999999997
1,69,934334.8998210647,6847164.004435261,2,182.952
1,69,934334.8998210647,6847164.004435261,12,182.95199999999997
1,69,934334.8998210647,6847164.004435261,13,182.952
1,69,934334.8998210647,6847164.004435261,14,182.95199999999997
1,69,934334.8998210647,6847164.004435261,19,182.952
1,69,934334.8998210647,6847164.004435261,20,182.952
1,69,934334.8998210647,6847164.004435261,24,182.952
1,69,934334.8998210647,6847164.004435261,25,182.952
1,69,934334.8998210647,6847164.004435261,26,182.952
1,69,934334.8998210647,6847164.004435261,36,182.95199999999997
1,69,934334.8998210647,6847164.004435261,37,182.952
1,69,934334.8998210647,6847164.004435261,38,182.95199999999997
1,69,934334.8998210647,6847164.004435261,44,182.95200000000003
1,69,934334.8998210647,6847164.004435261,45,182.95200000000008
1,69,934334.8998210647,6847164.004435261,48,182.95199999999997
1,77,934467.3998209637,6847130.604435277,1,373.52700000000027
1,77,934467.3998209637,6847130.604435277,2,373.52700000000004
1,77,934467.3998209637,6847130.604435277,3,373.5270000000002
1,77,934467.3998209637,6847130.604435277,5,373.5270000000002
1,77,934467.3998209637,6847130.604435277,6,373.52700000000044
1,77,934467.3998209637,6847130.604435277,9,373.527
1,77,934467.3998209637,6847130.604435277,10,373.52699999999993
1,77,934467.3998209637,6847130.604435277,12,373.527
1,77,934467.3998209637,6847130.604435277,13,373.52700000000016
1,77,934467.3998209637,6847130.604435277,14,373.5270000000001
1,77,934467.3998209637,6847130.604435277,15,373.5270000000005
1,77,934467.3998209637,6847130.604435277,17,373.52700000000016
1,77,934467.3998209637,6847130.604435277,18,373.5270000000004
1,77,934467.3998209637,6847130.604435277,19,373.52699999999965
1,77,934467.3998209637,6847130.604435277,20,373.52700000000004
1,77,934467.3998209637,6847130.604435277,21,373.52700000000016
1,77,934467.3998209637,6847130.604435277,24,373.52700000000004
1,77,934467.3998209637,6847130.604435277,25,373.5270000000002
1,77,934467.3998209637,6847130.604435277,26,373.5270000000003
1,77,934467.3998209637,6847130.604435277,29,373.5270000000003
1,77,934467.3998209637,6847130.604435277,30,373.52700000000016
1,77,934467.3998209637,6847130.604435277,31,373.52699999999976
1,77,934467.3998209637,6847130.604435277,32,373.5270000000005
1,77,934467.3998209637,6847130.604435277,33,373.52700000000016
1,77,934467.3998209637,6847130.604435277,36,373.52700000000004
1,77,934467.3998209637,6847130.604435277,37,373.5270000000001
1,77,934467.3998209637,6847130.604435277,38,373.52700000000016
1,77,934467.3998209637,6847130.604435277,41,373.52700000000027
1,77,934467.3998209637,6847130.604435277,42,373.5270000000001
1,77,934467.3998209637,6847130.604435277,44,373.5270000000003
1,77,934467.3998209637,6847130.604435277,45,373.5270000000005
1,77,934467.3998209637,6847130.604435277,46,373.52699999999993
1,77,934467.3998209637,6847130.604435277,48,373.52700000000016
1,77,934467.3998209637,6847130.604435277,7,373.5269999999999
1,77,934467.3998209637,6847130.604435277,8,373.5269999999998
1,77,934467.3998209637,6847130.604435277,16,373.5270000000002
1,77,934467.3998209637,6847130.604435277,22,373.52700000000004
1,77,934467.3998209637,6847130.604435277,27,373.52700000000027
1,77,934467.3998209637,6847130.604435277,34,373.527
1,77,934467.3998209637,6847130.604435277,39,373.5270000000004
1,77,934467.3998209637,6847130.604435277,11,373.5270000000005
1,77,934467.3998209637,6847130.604435277,47,373.5270000000002
1,77,934467.3998209637,6847130.604435277,35,373.52700000000016
1,77,934467.3998209637,6847130.604435277,40,373.52700000000004
1,77,934467.3998209637,6847130.604435277,43,373.52699999999976
1,77,934467.3998209637,6847130.604435277,23,373.5270000000003
1,77,934467.3998209637,6847130.604435277,28,373.52700000000016
1,77,934467.3998209637,6847130.604435277,4,373.5270000000001
1,3,933908.0998213802,6848138.104434771,1,142.93125000000006
1,3,933908.0998213802,6848138.104434771,4,142.93124999999992
1,3,933908.0998213802,6848138.104434771,5,142.93125000000003
1,3,933908.0998213802,6848138.104434771,7,142.93125000000006
1,3,933908.0998213802,6848138.104434771,13,142.93125000000003
1,3,933908.0998213802,6848138.104434771,28,142.93124999999995
1,3,933908.0998213802,6848138.104434771,33,142.93124999999998
1,3,933908.0998213802,6848138.104434771,40,142.93124999999995
1,3,933908.0998213802,6848138.104434771,44,142.93124999999998
1,3,933908.0998213802,6848138.104434771,46,142.93125
1,3,933908.0998213802,6848138.104434771,23,142.93125000000003
1,3,933908.0998213802,6848138.104434771,27,142.93125000000003
1,3,933908.0998213802,6848138.104434771,16,142.93125
1,3,933908.0998213802,6848138.104434771,22,142.93125
1,3,933908.0998213802,6848138.104434771,35,142.93125
1,3,933908.0998213802,6848138.104434771,47,142.93124999999998
1,3,933908.0998213802,6848138.104434771,31,142.93124999999998
1,3,933908.0998213802,6848138.104434771,37,142.93125000000006
1,3,933908.0998213802,6848138.104434771,43,142.93124999999995
1,3,933908.0998213802,6848138.104434771,3,142.93125
1,3,933908.0998213802,6848138.104434771,14,142.93125
1,3,933908.0998213802,6848138.104434771,2,142.93125
1,3,933908.0998213802,6848138.104434771,6,142.93125
1,3,933908.0998213802,6848138.104434771,8,142.93125
1,3,933908.0998213802,6848138.104434771,9,142.93125
1,3,933908.0998213802,6848138.104434771,10,142.93125
1,3,933908.0998213802,6848138.104434771,11,142.93124999999998
1,3,933908.0998213802,6848138.104434771,12,142.93125
1,3,933908.0998213802,6848138.104434771,17,142.93125000000003
1,3,933908.0998213802,6848138.104434771,18,142.93125000000003
1,3,933908.0998213802,6848138.104434771,19,142.93125
1,3,933908.0998213802,6848138.104434771,20,142.93124999999998
1,3,933908.0998213802,6848138.104434771,21,142.93125
1,3,933908.0998213802,6848138.104434771,24,142.93125
1,3,933908.0998213802,6848138.104434771,25,142.9312500000001
1,3,933908.0998213802,6848138.104434771,26,142.93125000000003
1,3,933908.0998213802,6848138.104434771,29,142.93125
1,3,933908.0998213802,6848138.104434771,30,142.93125
1,3,933908.0998213802,6848138.104434771,32,142.93124999999998
1,3,933908.0998213802,6848138.104434771,34,142.93124999999995
1,3,933908.0998213802,6848138.104434771,36,142.93125
1,3,933908.0998213802,6848138.104434771,38,142.93124999999998
1,3,933908.0998213802,6848138.104434771,39,142.93124999999995
1,3,933908.0998213802,6848138.104434771,41,142.93124999999998
1,3,933908.0998213802,6848138.104434771,42,142.93124999999998
1,3,933908.0998213802,6848138.104434771,45,142.93125000000012
1,3,933908.0998213802,6848138.104434771,48,142.93124999999998
1,3,933908.0998213802,6848138.104434771,15,142.93124999999998
1,26,933533.0998216621,6848578.504434551,25,329.8472100000038
1,26,933533.0998216621,6848578.504434551,8,260.65777738122625
1,26,933533.0998216621,6848578.504434551,18,166.75268290982373
1,26,933533.0998216621,6848578.504434551,21,193.09059000000164
1,26,933533.0998216621,6848578.504434551,1,337.3177500000001
1,26,933533.0998216621,6848578.504434551,2,207.7753655105261
1,26,933533.0998216621,6848578.504434551,13,337.3177500000003
1,26,933533.0998216621,6848578.504434551,14,166.86538754739092
1,26,933533.0998216621,6848578.504434551,32,239.03114956356987
1,26,933533.0998216621,6848578.504434551,36,329.76043985717746
1,26,933533.0998216621,6848578.504434551,44,302.20366766251357
1,26,933533.0998216621,6848578.504434551,48,255.60141693772638
1,26,933533.0998216621,6848578.504434551,5,185.16267000000025
1,26,933533.0998216621,6848578.504434551,17,59.688090000001466
1,26,933533.0998216621,6848578.504434551,43,252.05796000000018
1,26,933533.0998216621,6848578.504434551,45,187.22088000000153
1,26,933533.0998216621,6848578.504434551,11,181.3719600000001
1,26,933533.0998216621,6848578.504434551,23,251.66295000000025
1,26,933533.0998216621,6848578.504434551,39,244.6151400000002
1,26,933533.0998216621,6848578.504434551,7,117.58824000000007
1,26,933533.0998216621,6848578.504434551,10,105.33600000000007
1,26,933533.0998216621,6848578.504434551,30,158.78497792437142
1,26,933533.0998216621,6848578.504434551,33,188.89794000000026
1,26,933533.0998216621,6848578.504434551,40,92.23830000000007
1,26,933533.0998216621,6848578.504434551,42,244.1532456256464
1,26,933533.0998216621,6848578.504434551,46,157.10309999999993
1,26,933533.0998216621,6848578.504434551,27,190.91457000000025
1,26,933533.0998216621,6848578.504434551,19,191.51748000000012
1,26,933533.0998216621,6848578.504434551,22,99.44550000000008
1,26,933533.0998216621,6848578.504434551,28,36.86760000000002
1,26,933533.0998216621,6848578.504434551,15,181.9956600000001
1,26,933533.0998216621,6848578.504434551,35,183.92913000000001
1,26,933533.0998216621,6848578.504434551,3,265.4467200000003
1,26,933533.0998216621,6848578.504434551,6,147.97166401554324
1,26,933533.0998216621,6848578.504434551,9,131.19183000000152
1,26,933533.0998216621,6848578.504434551,12,218.93140867945587
1,26,933533.0998216621,6848578.504434551,26,218.93140867945596
1,26,933533.0998216621,6848578.504434551,38,247.3675150518745
1,26,933533.0998216621,6848578.504434551,47,188.48214000000002
1,26,933533.0998216621,6848578.504434551,16,160.56809999999996
1,26,933533.0998216621,6848578.504434551,37,337.31775
1,26,933533.0998216621,6848578.504434551,41,110.38104000000146
1,26,933533.0998216621,6848578.504434551,20,239.60027134824506
1,26,933533.0998216621,6848578.504434551,29,194.15781000000123
1,26,933533.0998216621,6848578.504434551,31,231.6837600000002
1,26,933533.0998216621,6848578.504434551,24,254.1116978522342
1,26,933533.0998216621,6848578.504434551,4,103.95000000000006
1,26,933533.0998216621,6848578.504434551,34,98.96040000000008
1,35,933588.4998216212,6848428.004434628,16,377.33850000000024
1,35,933588.4998216212,6848428.004434628,21,377.3385000000002
1,35,933588.4998216212,6848428.004434628,24,377.3384999999998
1,35,933588.4998216212,6848428.004434628,26,377.3385000000001
1,35,933588.4998216212,6848428.004434628,41,377.33850000000047
1,35,933588.4998216212,6848428.004434628,45,377.33850000000024
1,35,933588.4998216212,6848428.004434628,47,377.33850000000047
1,35,933588.4998216212,6848428.004434628,1,377.33849999999984
1,35,933588.4998216212,6848428.004434628,5,377.3385000000004
1,35,933588.4998216212,6848428.004434628,25,377.3384999999999
1,35,933588.4998216212,6848428.004434628,12,377.33850000000007
1,35,933588.4998216212,6848428.004434628,17,377.33850000000035
1,35,933588.4998216212,6848428.004434628,29,377.3384999999999
1,35,933588.4998216212,6848428.004434628,37,377.3384999999997
1,35,933588.4998216212,6848428.004434628,38,377.33849999999995
1,35,933588.4998216212,6848428.004434628,43,377.33850000000024
1,35,933588.4998216212,6848428.004434628,11,377.3385000000003
1,35,933588.4998216212,6848428.004434628,27,377.33850000000047
1,35,933588.4998216212,6848428.004434628,39,377.3385000000001
1,35,933588.4998216212,6848428.004434628,2,377.33849999999995
1,35,933588.4998216212,6848428.004434628,3,377.33850000000024
1,35,933588.4998216212,6848428.004434628,6,377.33850000000007
1,35,933588.4998216212,6848428.004434628,7,377.33850000000007
1,35,933588.4998216212,6848428.004434628,8,377.33850000000024
1,35,933588.4998216212,6848428.004434628,10,377.3385
1,35,933588.4998216212,6848428.004434628,14,377.3385
1,35,933588.4998216212,6848428.004434628,15,377.3385000000007
1,35,933588.4998216212,6848428.004434628,20,377.3385
1,35,933588.4998216212,6848428.004434628,22,377.3385000000002
1,35,933588.4998216212,6848428.004434628,23,377.33850000000035
1,35,933588.4998216212,6848428.004434628,28,377.33850000000007
1,35,933588.4998216212,6848428.004434628,30,377.3385000000001
1,35,933588.4998216212,6848428.004434628,31,377.3385000000003
1,35,933588.4998216212,6848428.004434628,34,377.33849999999995
1,35,933588.4998216212,6848428.004434628,35,377.3385000000003
1,35,933588.4998216212,6848428.004434628,36,377.3384999999999
1,35,933588.4998216212,6848428.004434628,40,377.3385000000002
1,35,933588.4998216212,6848428.004434628,46,377.3385
1,35,933588.4998216212,6848428.004434628,48,377.3385000000002
1,35,933588.4998216212,6848428.004434628,4,377.33850000000024
1,35,933588.4998216212,6848428.004434628,13,377.3384999999997
1,35,933588.4998216212,6848428.004434628,18,377.33849999999995
1,35,933588.4998216212,6848428.004434628,9,377.3385000000003
1,35,933588.4998216212,6848428.004434628,19,377.3385000000002
1,35,933588.4998216212,6848428.004434628,32,377.3385000000001
1,35,933588.4998216212,6848428.004434628,33,377.33850000000035
1,35,933588.4998216212,6848428.004434628,42,377.33850000000007
1,35,933588.4998216212,6848428.004434628,44,377.33850000000007
1,66,933533.0998216621,6848578.504434551,6,263.5033863046021
1,66,933533.0998216621,6848578.504434551,7,186.27840000000006
1,66,933533.0998216621,6848578.504434551,20,141.71132438411635
1,66,933533.0998216621,6848578.504434551,30,238.46202777889476
1,66,933533.0998216621,6848578.504434551,31,190.35324000000008
1,66,933533.0998216621,6848578.504434551,42,166.18356112514857
1,66,933533.0998216621,6848578.504434551,43,161.82936000000007
1,66,933533.0998216621,6848578.504434551,9,204.9062400000003
1,66,933533.0998216621,6848578.504434551,19,249.14736000000022
1,66,933533.0998216621,6848578.504434551,33,146.74275000000011
1,66,933533.0998216621,6848578.504434551,45,140.33943000000014
1,66,933533.0998216621,6848578.504434551,2,277.03045301365324
1,66,933533.0998216621,6848578.504434551,12,286.0429143867715
1,66,933533.0998216621,6848578.504434551,14,335.24409112365754
1,66,933533.0998216621,6848578.504434551,38,233.77130264647454
1,66,933533.0998216621,6848578.504434551,4,122.7303000000001
1,66,933533.0998216621,6848578.504434551,11,201.5174700000002
1,66,933533.0998216621,6848578.504434551,13,337.31774999999993
1,66,933533.0998216621,6848578.504434551,25,337.31775000000005
1,66,933533.0998216621,6848578.504434551,29,120.06225000000006
1,66,933533.0998216621,6848578.504434551,37,331.7876100000056
1,66,933533.0998216621,6848578.504434551,39,138.58613999999994
1,66,933533.0998216621,6848578.504434551,41,215.5784400000004
1,66,933533.0998216621,6848578.504434551,1,330.90057000000246
1,66,933533.0998216621,6848578.504434551,24,254.12854782449674
1,66,933533.0998216621,6848578.504434551,26,286.5585863779001
1,66,933533.0998216621,6848578.504434551,36,172.46363258967855
1,66,933533.0998216621,6848578.504434551,48,231.49627710259352
1,66,933533.0998216621,6848578.504434551,16,60.15240000000005
1,66,933533.0998216621,6848578.504434551,17,264.1369500000004
1,66,933533.0998216621,6848578.504434551,22,131.80860000000004
1,66,933533.0998216621,6848578.504434551,23,112.39073999999992
1,66,933533.0998216621,6848578.504434551,34,146.0151
1,66,933533.0998216621,6848578.504434551,35,183.67965
1,66,933533.0998216621,6848578.504434551,44,81.95353699322393
1,66,933533.0998216621,6848578.504434551,47,191.85012000000006
1,66,933533.0998216621,6848578.504434551,8,136.0201065373648
1,66,933533.0998216621,6848578.504434551,10,130.35330000000013
1,66,933533.0998216621,6848578.504434551,46,65.00340000000008
1,66,933533.0998216621,6848578.504434551,18,219.11188709993905
1,66,933533.0998216621,6848578.504434551,28,191.3372999999998
1,66,933533.0998216621,6848578.504434551,5,125.32212000000132
1,66,933533.0998216621,6848578.504434551,21,131.80167000000003
1,66,933533.0998216621,6848578.504434551,27,176.07051000000016
1,66,933533.0998216621,6848578.504434551,32,148.54078580021846
1,66,933533.0998216621,6848578.504434551,3,119.50092000000004
1,66,933533.0998216621,6848578.504434551,15,176.8189500000001
1,66,933533.0998216621,6848578.504434551,40,124.67070000000011
1,71,933466.5998217198,6847887.004434904,1,261.08775000000026
1,71,933466.5998217198,6847887.004434904,2,261.08774999999997
1,71,933466.5998217198,6847887.004434904,3,261.08775
1,71,933466.5998217198,6847887.004434904,4,261.08775
1,71,933466.5998217198,6847887.004434904,5,261.0877500000001
1,71,933466.5998217198,6847887.004434904,6,261.08774999999997
1,71,933466.5998217198,6847887.004434904,8,261.08775
1,71,933466.5998217198,6847887.004434904,10,261.0877500000001
1,71,933466.5998217198,6847887.004434904,11,261.08775
1,71,933466.5998217198,6847887.004434904,12,261.0877500000002
1,71,933466.5998217198,6847887.004434904,13,261.0877500000001
1,71,933466.5998217198,6847887.004434904,14,261.08774999999986
1,71,933466.5998217198,6847887.004434904,15,261.0877500000001
1,71,933466.5998217198,6847887.004434904,16,261.08775
1,71,933466.5998217198,6847887.004434904,17,261.08775
1,71,933466.5998217198,6847887.004434904,18,261.08775
1,71,933466.5998217198,6847887.004434904,19,261.08774999999997
1,71,933466.5998217198,6847887.004434904,20,261.08775
1,71,933466.5998217198,6847887.004434904,21,261.08775
1,71,933466.5998217198,6847887.004434904,22,261.08774999999997
1,71,933466.5998217198,6847887.004434904,23,261.0877500000001
1,71,933466.5998217198,6847887.004434904,24,261.0877499999999
1,71,933466.5998217198,6847887.004434904,25,261.0877500000001
1,71,933466.5998217198,6847887.004434904,26,261.0877499999999
1,71,933466.5998217198,6847887.004434904,27,261.08775000000026
1,71,933466.5998217198,6847887.004434904,28,261.0877500000001
1,71,933466.5998217198,6847887.004434904,30,261.08774999999997
1,71,933466.5998217198,6847887.004434904,31,261.08775
1,71,933466.5998217198,6847887.004434904,32,261.0877500000001
1,71,933466.5998217198,6847887.004434904,33,261.08775
1,71,933466.5998217198,6847887.004434904,34,261.0877500000001
1,71,933466.5998217198,6847887.004434904,35,261.08775000000014
1,71,933466.5998217198,6847887.004434904,36,261.08774999999997
1,71,933466.5998217198,6847887.004434904,37,261.08775000000014
1,71,933466.5998217198,6847887.004434904,38,261.08775000000014
1,71,933466.5998217198,6847887.004434904,39,261.0877500000001
1,71,933466.5998217198,6847887.004434904,40,261.08775000000026
1,71,933466.5998217198,6847887.004434904,42,261.0877500000001
1,71,933466.5998217198,6847887.004434904,43,261.08775
1,71,933466.5998217198,6847887.004434904,44,261.0877500000001
1,71,933466.5998217198,6847887.004434904,46,261.08774999999997
1,71,933466.5998217198,6847887.004434904,47,261.0877500000001
1,71,933466.5998217198,6847887.004434904,48,261.08774999999986
1,71,933466.5998217198,6847887.004434904,7,261.08774999999997
1,71,933466.5998217198,6847887.004434904,9,261.08775
1,71,933466.5998217198,6847887.004434904,29,261.08775
1,71,933466.5998217198,6847887.004434904,41,261.08775
1,71,933466.5998217198,6847887.004434904,45,261.08775
1,11,934096.4175246346,6847743.417716952,8,55.26675
1,11,934096.4175246346,6847743.417716952,11,55.26675
1,11,934096.4175246346,6847743.417716952,16,55.26675000000003
1,11,934096.4175246346,6847743.417716952,21,55.26675000000003
1,11,934096.4175246346,6847743.417716952,25,55.26675
1,11,934096.4175246346,6847743.417716952,28,55.26675000000004
1,11,934096.4175246346,6847743.417716952,32,55.26675
1,11,934096.4175246346,6847743.417716952,43,55.26675000000005
1,11,934096.4175246346,6847743.417716952,10,55.26675000000004
1,11,934096.4175246346,6847743.417716952,12,55.26675000000007
1,11,934096.4175246346,6847743.417716952,13,55.26674999999999
1,11,934096.4175246346,6847743.417716952,40,55.266750000000044
1,11,934096.4175246346,6847743.417716952,7,55.266750000000044
1,11,934096.4175246346,6847743.417716952,14,55.26675000000003
1,11,934096.4175246346,6847743.417716952,15,55.26675
1,11,934096.4175246346,6847743.417716952,18,55.26675000000002
1,11,934096.4175246346,6847743.417716952,19,55.26675000000004
1,11,934096.4175246346,6847743.417716952,20,55.26675000000003
1,11,934096.4175246346,6847743.417716952,24,55.26675000000005
1,11,934096.4175246346,6847743.417716952,26,55.26675000000003
1,11,934096.4175246346,6847743.417716952,31,55.26675000000005
1,11,934096.4175246346,6847743.417716952,35,55.26674999999997
1,11,934096.4175246346,6847743.417716952,36,55.26675000000006
1,11,934096.4175246346,6847743.417716952,47,55.26674999999999
1,11,934096.4175246346,6847743.417716952,48,55.26675000000005
1,11,934096.4175246346,6847743.417716952,1,55.26675000000001
1,11,934096.4175246346,6847743.417716952,3,55.26674999999996
1,11,934096.4175246346,6847743.417716952,6,55.26675000000001
1,11,934096.4175246346,6847743.417716952,23,55.266749999999995
1,11,934096.4175246346,6847743.417716952,30,55.26675000000001
1,11,934096.4175246346,6847743.417716952,37,55.266749999999995
1,11,934096.4175246346,6847743.417716952,42,55.26675000000002
1,11,934096.4175246346,6847743.417716952,4,55.26675000000001
1,11,934096.4175246346,6847743.417716952,27,55.26674999999999
1,11,934096.4175246346,6847743.417716952,33,55.26675
1,11,934096.4175246346,6847743.417716952,44,55.26675000000001
1,11,934096.4175246346,6847743.417716952,39,55.26675
1,11,934096.4175246346,6847743.417716952,41,55.26675000000002
1,11,934096.4175246346,6847743.417716952,45,55.266750000000016
1,11,934096.4175246346,6847743.417716952,2,55.26675000000003
1,11,934096.4175246346,6847743.417716952,5,55.26675000000004
1,11,934096.4175246346,6847743.417716952,9,55.26675000000002
1,11,934096.4175246346,6847743.417716952,17,55.26675
1,11,934096.4175246346,6847743.417716952,22,55.26675000000003
1,11,934096.4175246346,6847743.417716952,29,55.26675000000002
1,11,934096.4175246346,6847743.417716952,34,55.266750000000044
1,11,934096.4175246346,6847743.417716952,38,55.266750000000044
1,11,934096.4175246346,6847743.417716952,46,55.26675000000001
1,18,933999.1998213149,6847743.404434972,6,97.19325000000002
1,18,933999.1998213149,6847743.404434972,9,97.19324999999996
1,18,933999.1998213149,6847743.404434972,29,97.19325
1,18,933999.1998213149,6847743.404434972,33,97.19324999999999
1,18,933999.1998213149,6847743.404434972,35,97.19325
1,18,933999.1998213149,6847743.404434972,37,97.19325000000002
1,18,933999.1998213149,6847743.404434972,38,97.19324999999998
1,18,933999.1998213149,6847743.404434972,44,97.19324999999995
1,18,933999.1998213149,6847743.404434972,46,97.19324999999999
1,18,933999.1998213149,6847743.404434972,1,97.19324999999995
1,18,933999.1998213149,6847743.404434972,5,97.19324999999998
1,18,933999.1998213149,6847743.404434972,8,97.19325000000002
1,18,933999.1998213149,6847743.404434972,21,97.19324999999999
1,18,933999.1998213149,6847743.404434972,27,97.19325
1,18,933999.1998213149,6847743.404434972,28,97.19324999999999
1,18,933999.1998213149,6847743.404434972,32,97.19325
1,18,933999.1998213149,6847743.404434972,41,97.19324999999999
1,18,933999.1998213149,6847743.404434972,45,97.19324999999998
1,18,933999.1998213149,6847743.404434972,2,97.19324999999999
1,18,933999.1998213149,6847743.404434972,40,97.19324999999999
1,18,933999.1998213149,6847743.404434972,11,97.19324999999998
1,18,933999.1998213149,6847743.404434972,13,97.19325
1,18,933999.1998213149,6847743.404434972,48,97.19324999999992
1,18,933999.1998213149,6847743.404434972,3,97.19325
1,18,933999.1998213149,6847743.404434972,15,97.19324999999998
1,18,933999.1998213149,6847743.404434972,34,97.19324999999999
1,18,933999.1998213149,6847743.404434972,47,97.19325
1,18,933999.1998213149,6847743.404434972,25,97.19325000000002
1,18,933999.1998213149,6847743.404434972,31,97.19325
1,18,933999.1998213149,6847743.404434972,39,97.19324999999998
1,18,933999.1998213149,6847743.404434972,24,97.19324999999998
1,18,933999.1998213149,6847743.404434972,43,97.19325
1,18,933999.1998213149,6847743.404434972,7,97.19325
1,18,933999.1998213149,6847743.404434972,42,97.19324999999998
1,18,933999.1998213149,6847743.404434972,12,97.19324999999996
1,18,933999.1998213149,6847743.404434972,36,97.19324999999999
1,18,933999.1998213149,6847743.404434972,17,97.19325
1,18,933999.1998213149,6847743.404434972,30,97.19325000000003
1,18,933999.1998213149,6847743.404434972,4,97.19324999999999
1,18,933999.1998213149,6847743.404434972,14,97.19324999999996
1,18,933999.1998213149,6847743.404434972,16,97.19324999999999
1,18,933999.1998213149,6847743.404434972,22,97.19324999999996
1,18,933999.1998213149,6847743.404434972,23,97.19325
1,18,933999.1998213149,6847743.404434972,26,97.19324999999996
1,18,933999.1998213149,6847743.404434972,10,97.19324999999999
1,18,933999.1998213149,6847743.404434972,18,97.19324999999996
1,18,933999.1998213149,6847743.404434972,19,97.19324999999998
1,18,933999.1998213149,6847743.404434972,20,97.19325
1,64,933976.8998213315,6847785.004434952,24,87.6645
1,64,933976.8998213315,6847785.004434952,14,87.66450000000003
1,64,933976.8998213315,6847785.004434952,47,87.6645
1,64,933976.8998213315,6847785.004434952,8,87.6645
1,64,933976.8998213315,6847785.004434952,16,87.66450000000005
1,64,933976.8998213315,6847785.004434952,42,87.66450000000002
1,64,933976.8998213315,6847785.004434952,6,87.66450000000003
1,64,933976.8998213315,6847785.004434952,43,87.66450000000002
1,64,933976.8998213315,6847785.004434952,22,87.66450000000005
1,64,933976.8998213315,6847785.004434952,2,87.66450000000002
1,64,933976.8998213315,6847785.004434952,3,87.66449999999999
1,64,933976.8998213315,6847785.004434952,39,87.66450000000003
1,64,933976.8998213315,6847785.004434952,30,87.66450000000002
1,64,933976.8998213315,6847785.004434952,36,87.66450000000003
1,64,933976.8998213315,6847785.004434952,33,87.66450000000002
1,64,933976.8998213315,6847785.004434952,40,87.66450000000005
1,64,933976.8998213315,6847785.004434952,15,87.66449999999999
1,64,933976.8998213315,6847785.004434952,23,87.66449999999999
1,64,933976.8998213315,6847785.004434952,1,87.66450000000006
1,64,933976.8998213315,6847785.004434952,4,87.66450000000002
1,64,933976.8998213315,6847785.004434952,5,87.66450000000003
1,64,933976.8998213315,6847785.004434952,7,87.6645
1,64,933976.8998213315,6847785.004434952,9,87.66450000000002
1,64,933976.8998213315,6847785.004434952,10,87.66450000000003
1,64,933976.8998213315,6847785.004434952,11,87.6645
1,64,933976.8998213315,6847785.004434952,12,87.66450000000002
1,64,933976.8998213315,6847785.004434952,13,87.66450000000003
1,64,933976.8998213315,6847785.004434952,17,87.66450000000003
1,64,933976.8998213315,6847785.004434952,18,87.66450000000003
1,64,933976.8998213315,6847785.004434952,19,87.66450000000003
1,64,933976.8998213315,6847785.004434952,20,87.66450000000002
1,64,933976.8998213315,6847785.004434952,21,87.66450000000003
1,64,933976.8998213315,6847785.004434952,25,87.6645
1,64,933976.8998213315,6847785.004434952,26,87.6645
1,64,933976.8998213315,6847785.004434952,27,87.6645
1,64,933976.8998213315,6847785.004434952,28,87.66450000000005
1,64,933976.8998213315,6847785.004434952,29,87.66450000000003
1,64,933976.8998213315,6847785.004434952,31,87.66450000000003
1,64,933976.8998213315,6847785.004434952,32,87.6645
1,64,933976.8998213315,6847785.004434952,34,87.66450000000003
1,64,933976.8998213315,6847785.004434952,35,87.66449999999999
1,64,933976.8998213315,6847785.004434952,37,87.66450000000005
1,64,933976.8998213315,6847785.004434952,38,87.66450000000005
1,64,933976.8998213315,6847785.004434952,41,87.66450000000005
1,64,933976.8998213315,6847785.004434952,44,87.66450000000003
1,64,933976.8998213315,6847785.004434952,45,87.66450000000005
1,64,933976.8998213315,6847785.004434952,46,87.66450000000003
1,64,933976.8998213315,6847785.004434952,48,87.66450000000003
1,5,933436.0728134823,6847046.593612878,3,114.345
1,5,933436.0728134823,6847046.593612878,11,114.345
1,5,933436.0728134823,6847046.593612878,15,114.345
1,5,933436.0728134823,6847046.593612878,23,114.345
1,5,933436.0728134823,6847046.593612878,27,114.345
1,5,933436.0728134823,6847046.593612878,35,114.345
1,5,933436.0728134823,6847046.593612878,39,114.345
1,5,933436.0728134823,6847046.593612878,47,114.345
1,5,933436.0728134823,6847046.593612878,28,114.34500000000004
1,5,933436.0728134823,6847046.593612878,4,114.345
1,5,933436.0728134823,6847046.593612878,10,114.34500000000004
1,5,933436.0728134823,6847046.593612878,16,114.34500000000001
1,5,933436.0728134823,6847046.593612878,22,114.34500000000004
1,5,933436.0728134823,6847046.593612878,34,114.34500000000007
1,5,933436.0728134823,6847046.593612878,40,114.34500000000004
1,5,933436.0728134823,6847046.593612878,46,114.34500000000008
1,5,933436.0728134823,6847046.593612878,48,114.345
1,5,933436.0728134823,6847046.593612878,7,114.34500000000001
1,5,933436.0728134823,6847046.593612878,8,114.34499999999998
1,5,933436.0728134823,6847046.593612878,1,114.34500000000001
1,5,933436.0728134823,6847046.593612878,13,114.345
1,5,933436.0728134823,6847046.593612878,25,114.345
1,5,933436.0728134823,6847046.593612878,37,114.345
1,5,933436.0728134823,6847046.593612878,12,114.345
1,5,933436.0728134823,6847046.593612878,14,114.345
1,5,933436.0728134823,6847046.593612878,26,114.345
1,5,933436.0728134823,6847046.593612878,36,114.345
1,5,933436.0728134823,6847046.593612878,45,114.34500000000003
1,5,933436.0728134823,6847046.593612878,24,114.345
1,5,933436.0728134823,6847046.593612878,20,114.34499999999998
1,5,933436.0728134823,6847046.593612878,43,114.345
1,5,933436.0728134823,6847046.593612878,5,114.34500000000001
1,5,933436.0728134823,6847046.593612878,6,114.345
1,5,933436.0728134823,6847046.593612878,18,114.345
1,5,933436.0728134823,6847046.593612878,19,114.345
1,5,933436.0728134823,6847046.593612878,30,114.345
1,5,933436.0728134823,6847046.593612878,31,114.345
1,5,933436.0728134823,6847046.593612878,32,114.345
1,5,933436.0728134823,6847046.593612878,33,114.34500000000001
1,5,933436.0728134823,6847046.593612878,42,114.345
1,5,933436.0728134823,6847046.593612878,44,114.345
1,5,933436.0728134823,6847046.593612878,9,114.34500000000001
1,5,933436.0728134823,6847046.593612878,17,114.345
1,5,933436.0728134823,6847046.593612878,21,114.34500000000003
1,5,933436.0728134823,6847046.593612878,29,114.345
1,5,933436.0728134823,6847046.593612878,41,114.34500000000003
1,5,933436.0728134823,6847046.593612878,2,114.345
1,5,933436.0728134823,6847046.593612878,38,114.345
1,43,934084.1998212618,6846602.604435545,32,194.3865000000003
1,43,934084.1998212618,6846602.604435545,35,194.3865000000001
1,43,934084.1998212618,6846602.604435545,6,194.38650000000004
1,43,934084.1998212618,6846602.604435545,8,194.38649999999998
1,43,934084.1998212618,6846602.604435545,18,194.38650000000004
1,43,934084.1998212618,6846602.604435545,20,194.3865
1,43,934084.1998212618,6846602.604435545,2,194.38649999999996
1,43,934084.1998212618,6846602.604435545,3,194.3865
1,43,934084.1998212618,6846602.604435545,4,194.38649999999964
1,43,934084.1998212618,6846602.604435545,5,194.38649999999996
1,43,934084.1998212618,6846602.604435545,7,194.3865
1,43,934084.1998212618,6846602.604435545,9,194.38650000000027
1,43,934084.1998212618,6846602.604435545,10,194.38649999999978
1,43,934084.1998212618,6846602.604435545,11,194.38649999999993
1,43,934084.1998212618,6846602.604435545,12,194.3864999999999
1,43,934084.1998212618,6846602.604435545,13,194.3865000000001
1,43,934084.1998212618,6846602.604435545,14,194.38650000000018
1,43,934084.1998212618,6846602.604435545,15,194.38649999999998
1,43,934084.1998212618,6846602.604435545,16,194.38649999999978
1,43,934084.1998212618,6846602.604435545,17,194.38650000000018
1,43,934084.1998212618,6846602.604435545,19,194.38650000000004
1,43,934084.1998212618,6846602.604435545,22,194.38649999999998
1,43,934084.1998212618,6846602.604435545,23,194.3864999999999
1,43,934084.1998212618,6846602.604435545,24,194.3864999999999
1,43,934084.1998212618,6846602.604435545,27,194.38649999999996
1,43,934084.1998212618,6846602.604435545,28,194.3864999999999
1,43,934084.1998212618,6846602.604435545,29,194.38650000000004
1,43,934084.1998212618,6846602.604435545,31,194.3865000000322
1,43,934084.1998212618,6846602.604435545,33,194.3865000000001
1,43,934084.1998212618,6846602.604435545,36,194.38649999999998
1,43,934084.1998212618,6846602.604435545,37,194.38650000000024
1,43,934084.1998212618,6846602.604435545,38,194.38650000000007
1,43,934084.1998212618,6846602.604435545,39,194.38650000000015
1,43,934084.1998212618,6846602.604435545,40,194.38649999999998
1,43,934084.1998212618,6846602.604435545,41,194.38650000000004
1,43,934084.1998212618,6846602.604435545,42,194.38650000000013
1,43,934084.1998212618,6846602.604435545,46,194.38649999999976
1,43,934084.1998212618,6846602.604435545,48,194.38649999999996
1,43,934084.1998212618,6846602.604435545,1,194.38650000000018
1,43,934084.1998212618,6846602.604435545,34,194.38649999999993
1,43,934084.1998212618,6846602.604435545,47,194.38650000000013
1,43,934084.1998212618,6846602.604435545,30,194.3865000000001
1,43,934084.1998212618,6846602.604435545,21,194.38650000000004
1,43,934084.1998212618,6846602.604435545,43,194.38649999999998
1,43,934084.1998212618,6846602.604435545,44,194.3865000000001
1,43,934084.1998212618,6846602.604435545,25,194.38650000000004
1,43,934084.1998212618,6846602.604435545,26,194.38650000000004
1,43,934084.1998212618,6846602.604435545,45,194.3865
1,63,934417.9998210015,6847132.404435275,4,272.52225
1,63,934417.9998210015,6847132.404435275,5,272.52225000000016
1,63,934417.9998210015,6847132.404435275,6,272.5222499999998
1,63,934417.9998210015,6847132.404435275,7,272.52225000000004
1,63,934417.9998210015,6847132.404435275,8,272.52225
1,63,934417.9998210015,6847132.404435275,10,272.5222499999997
1,63,934417.9998210015,6847132.404435275,11,272.5222500000002
1,63,934417.9998210015,6847132.404435275,13,272.5222500000002
1,63,934417.9998210015,6847132.404435275,14,272.52225000000004
1,63,934417.9998210015,6847132.404435275,15,272.5222500000002
1,63,934417.9998210015,6847132.404435275,16,272.5222499999996
1,63,934417.9998210015,6847132.404435275,17,272.52225000000016
1,63,934417.9998210015,6847132.404435275,18,272.52225000000004
1,63,934417.9998210015,6847132.404435275,19,272.5222499999998
1,63,934417.9998210015,6847132.404435275,20,272.52225000000016
1,63,934417.9998210015,6847132.404435275,21,272.5222500000001
1,63,934417.9998210015,6847132.404435275,22,272.5222499999997
1,63,934417.9998210015,6847132.404435275,23,272.5222500000001
1,63,934417.9998210015,6847132.404435275,26,272.52225000000004
1,63,934417.9998210015,6847132.404435275,27,272.5222500000001
1,63,934417.9998210015,6847132.404435275,28,272.5222499999999
1,63,934417.9998210015,6847132.404435275,29,272.52225
1,63,934417.9998210015,6847132.404435275,30,272.5222500000001
1,63,934417.9998210015,6847132.404435275,32,272.52224999999993
1,63,934417.9998210015,6847132.404435275,33,272.52225000000016
1,63,934417.9998210015,6847132.404435275,34,272.52224999999976
1,63,934417.9998210015,6847132.404435275,35,272.5222500000001
1,63,934417.9998210015,6847132.404435275,36,272.5222500000001
1,63,934417.9998210015,6847132.404435275,38,272.52225
1,63,934417.9998210015,6847132.404435275,40,272.5222499999999
1,63,934417.9998210015,6847132.404435275,41,272.5222500000002
1,63,934417.9998210015,6847132.404435275,42,272.52225000000004
1,63,934417.9998210015,6847132.404435275,43,272.52225
1,63,934417.9998210015,6847132.404435275,44,272.5222500000001
1,63,934417.9998210015,6847132.404435275,45,272.52225000000004
1,63,934417.9998210015,6847132.404435275,46,272.5222499999997
1,63,934417.9998210015,6847132.404435275,47,272.5222500000001
1,63,934417.9998210015,6847132.404435275,1,272.52225
1,63,934417.9998210015,6847132.404435275,2,272.52225000000004
1,63,934417.9998210015,6847132.404435275,3,272.52224999999993
1,63,934417.9998210015,6847132.404435275,24,272.52225
1,63,934417.9998210015,6847132.404435275,25,272.52225000000004
1,63,934417.9998210015,6847132.404435275,39,272.52225000000004
1,63,934417.9998210015,6847132.404435275,48,272.52225000000004
1,63,934417.9998210015,6847132.404435275,12,272.52224999999993
1,63,934417.9998210015,6847132.404435275,37,272.52225000000016
1,63,934417.9998210015,6847132.404435275,31,272.5222499999998
1,63,934417.9998210015,6847132.404435275,9,272.52225000000004
1,47,934432.7998209777,6848335.404434666,1,66.36168000000005
1,47,934432.7998209777,6848335.404434666,2,68.58437482054661
1,47,934432.7998209777,6848335.404434666,3,74.65689000000002
1,47,934432.7998209777,6848335.404434666,4,82.95210000000006
1,47,934432.7998209777,6848335.404434666,5,91.24731000000004
1,47,934432.7998209777,6848335.404434666,6,97.31982517945347
1,47,934432.7998209777,6848335.404434666,7,99.5425200000001
1,47,934432.7998209777,6848335.404434666,8,97.31982517945347
1,47,934432.7998209777,6848335.404434666,9,91.24731000000004
1,47,934432.7998209777,6848335.404434666,10,82.95210000000006
1,47,934432.7998209777,6848335.404434666,11,74.65689000000002
1,47,934432.7998209777,6848335.404434666,12,68.58437482054661
1,47,934432.7998209777,6848335.404434666,13,66.36168000000005
1,47,934432.7998209777,6848335.404434666,14,68.58437482054661
1,47,934432.7998209777,6848335.404434666,15,74.65689000000002
1,47,934432.7998209777,6848335.404434666,16,82.95210000000006
1,47,934432.7998209777,6848335.404434666,17,91.24731000000004
1,47,934432.7998209777,6848335.404434666,18,97.31982517945347
1,47,934432.7998209777,6848335.404434666,19,99.5425200000001
1,47,934432.7998209777,6848335.404434666,20,97.31982517945347
1,47,934432.7998209777,6848335.404434666,21,91.24731000000004
1,47,934432.7998209777,6848335.404434666,22,82.95210000000006
1,47,934432.7998209777,6848335.404434666,23,74.65689000000002
1,47,934432.7998209777,6848335.404434666,24,68.58437482054661
1,47,934432.7998209777,6848335.404434666,25,66.36168000000005
1,47,934432.7998209777,6848335.404434666,26,68.58437482054661
1,47,934432.7998209777,6848335.404434666,27,74.65689000000002
1,47,934432.7998209777,6848335.404434666,28,82.95210000000006
1,47,934432.7998209777,6848335.404434666,29,91.24731000000004
1,47,934432.7998209777,6848335.404434666,30,97.31982517945347
1,47,934432.7998209777,6848335.404434666,31,99.5425200000001
1,47,934432.7998209777,6848335.404434666,32,97.31982517945347
1,47,934432.7998209777,6848335.404434666,33,91.24731000000004
1,47,934432.7998209777,6848335.404434666,34,82.95210000000006
1,47,934432.7998209777,6848335.404434666,35,74.65689000000002
1,47,934432.7998209777,6848335.404434666,36,68.58437482054661
1,47,934432.7998209777,6848335.404434666,37,66.36168000000005
1,47,934432.7998209777,6848335.404434666,38,68.58437482054661
1,47,934432.7998209777,6848335.404434666,39,74.65689000000002
1,47,934432.7998209777,6848335.404434666,40,82.95210000000006
1,47,934432.7998209777,6848335.404434666,41,91.24731000000004
1,47,934432.7998209777,6848335.404434666,42,97.31982517945347
1,47,934432.7998209777,6848335.404434666,43,99.5425200000001
1,47,934432.7998209777,6848335.404434666,44,97.31982517945347
1,47,934432.7998209777,6848335.404434666,45,91.24731000000004
1,47,934432.7998209777,6848335.404434666,46,82.95210000000006
1,47,934432.7998209777,6848335.404434666,47,74.65689000000002
1,47,934432.7998209777,6848335.404434666,48,68.58437482054661
1,46,934906.099820619,6848106.204434778,1,48.51000000000002
1,46,934906.099820619,6848106.204434778,2,50.134776915604256
1,46,934906.099820619,6848106.204434778,3,54.573750000000054
1,46,934906.099820619,6848106.204434778,4,60.637500000000045
1,46,934906.099820619,6848106.204434778,5,66.70125000000007
1,46,934906.099820619,6848106.204434778,6,71.14022308439584
1,46,934906.099820619,6848106.204434778,7,72.76500000000006
1,46,934906.099820619,6848106.204434778,8,71.14022308439584
1,46,934906.099820619,6848106.204434778,9,66.70125000000007
1,46,934906.099820619,6848106.204434778,10,60.637500000000045
1,46,934906.099820619,6848106.204434778,11,54.573750000000054
1,46,934906.099820619,6848106.204434778,12,50.134776915604256
1,46,934906.099820619,6848106.204434778,13,48.51000000000002
1,46,934906.099820619,6848106.204434778,14,50.134776915604256
1,46,934906.099820619,6848106.204434778,15,54.573750000000054
1,46,934906.099820619,6848106.204434778,16,60.637500000000045
1,46,934906.099820619,6848106.204434778,17,66.70125000000007
1,46,934906.099820619,6848106.204434778,18,71.14022308439584
1,46,934906.099820619,6848106.204434778,19,72.76500000000006
1,46,934906.099820619,6848106.204434778,20,71.14022308439584
1,46,934906.099820619,6848106.204434778,21,66.70125000000007
1,46,934906.099820619,6848106.204434778,22,60.637500000000045
1,46,934906.099820619,6848106.204434778,23,54.573750000000054
1,46,934906.099820619,6848106.204434778,24,50.134776915604256
1,46,934906.099820619,6848106.204434778,25,48.51000000000002
1,46,934906.099820619,6848106.204434778,26,50.134776915604256
1,46,934906.099820619,6848106.204434778,27,54.573750000000054
1,46,934906.099820619,6848106.204434778,28,60.637500000000045
1,46,934906.099820619,6848106.204434778,29,66.70125000000007
1,46,934906.099820619,6848106.204434778,30,71.14022308439584
1,46,934906.099820619,6848106.204434778,31,72.76500000000006
1,46,934906.099820619,6848106.204434778,32,71.14022308439584
1,46,934906.099820619,6848106.204434778,33,66.70125000000007
1,46,934906.099820619,6848106.204434778,34,60.637500000000045
1,46,934906.099820619,6848106.204434778,35,54.573750000000054
1,46,934906.099820619,6848106.204434778,36,50.134776915604256
1,46,934906.099820619,6848106.204434778,37,48.51000000000002
1,46,934906.099820619,6848106.204434778,38,50.134776915604256
1,46,934906.099820619,6848106.204434778,39,54.573750000000054
1,46,934906.099820619,6848106.204434778,40,60.637500000000045
1,46,934906.099820619,6848106.204434778,41,66.70125000000007
1,46,934906.099820619,6848106.204434778,42,71.14022308439584
1,46,934906.099820619,6848106.204434778,43,72.76500000000006
1,46,934906.099820619,6848106.204434778,44,71.14022308439584
1,46,934906.099820619,6848106.204434778,45,66.70125000000007
1,46,934906.099820619,6848106.204434778,46,60.637500000000045
1,46,934906.099820619,6848106.204434778,47,54.573750000000054
1,46,934906.099820619,6848106.204434778,48,50.134776915604256
1,16,934880.899820648,6847145.104435267,11,104.8162500000001
1,16,934880.899820648,6847145.104435267,23,104.81625000000015
1,16,934880.899820648,6847145.104435267,4,104.8162500000001
1,16,934880.899820648,6847145.104435267,9,104.81625000000011
1,16,934880.899820648,6847145.104435267,10,104.8162500000001
1,16,934880.899820648,6847145.104435267,16,104.81625000000007
1,16,934880.899820648,6847145.104435267,22,104.81625000000008
1,16,934880.899820648,6847145.104435267,28,104.8162500000001
1,16,934880.899820648,6847145.104435267,5,104.8162500000001
1,16,934880.899820648,6847145.104435267,20,104.81625000000011
1,16,934880.899820648,6847145.104435267,15,104.81625000000011
1,16,934880.899820648,6847145.104435267,1,104.81625000000007
1,16,934880.899820648,6847145.104435267,2,104.8162500000001
1,16,934880.899820648,6847145.104435267,12,104.8162500000001
1,16,934880.899820648,6847145.104435267,13,104.81625000001337
1,16,934880.899820648,6847145.104435267,14,104.8162500000001
1,16,934880.899820648,6847145.104435267,24,104.81625000000012
1,16,934880.899820648,6847145.104435267,25,104.8162500000001
1,16,934880.899820648,6847145.104435267,26,104.81625000000012
1,16,934880.899820648,6847145.104435267,36,104.8162500000001
1,16,934880.899820648,6847145.104435267,37,104.8162500000001
1,16,934880.899820648,6847145.104435267,38,104.81625000000014
1,16,934880.899820648,6847145.104435267,48,104.8162500000001
1,16,934880.899820648,6847145.104435267,27,104.8162500000001
1,16,934880.899820648,6847145.104435267,35,104.81625000000011
1,16,934880.899820648,6847145.104435267,17,104.81625000000012
1,16,934880.899820648,6847145.104435267,33,104.8162500000001
1,16,934880.899820648,6847145.104435267,8,104.8162500000001
1,16,934880.899820648,6847145.104435267,21,104.81625000000012
1,16,934880.899820648,6847145.104435267,29,104.8162500000001
1,16,934880.899820648,6847145.104435267,34,104.81625000000008
1,16,934880.899820648,6847145.104435267,40,104.81625000000008
1,16,934880.899820648,6847145.104435267,3,104.8162500000001
1,16,934880.899820648,6847145.104435267,7,104.81625000000011
1,16,934880.899820648,6847145.104435267,19,104.81625000000011
1,16,934880.899820648,6847145.104435267,31,104.81625000000011
1,16,934880.899820648,6847145.104435267,43,104.81625000000012
1,16,934880.899820648,6847145.104435267,44,104.8162500000001
1,16,934880.899820648,6847145.104435267,45,104.8162500000001
1,16,934880.899820648,6847145.104435267,30,104.8162500000001
1,16,934880.899820648,6847145.104435267,41,104.81625000000011
1,16,934880.899820648,6847145.104435267,46,104.81625000000008
1,16,934880.899820648,6847145.104435267,6,104.8162500000001
1,16,934880.899820648,6847145.104435267,18,104.8162500000001
1,16,934880.899820648,6847145.104435267,32,104.81625000000011
1,16,934880.899820648,6847145.104435267,39,104.8162500000001
1,16,934880.899820648,6847145.104435267,42,104.81625000000011
1,16,934880.899820648,6847145.104435267,47,104.8162500000001
1,29,934901.9998206322,6847132.704435273,5,66.70125000000002
1,29,934901.9998206322,6847132.704435273,7,66.70125000000004
1,29,934901.9998206322,6847132.704435273,8,66.70125000000004
1,29,934901.9998206322,6847132.704435273,11,66.70125000000004
1,29,934901.9998206322,6847132.704435273,17,66.70125000000002
1,29,934901.9998206322,6847132.704435273,19,66.70125000000003
1,29,934901.9998206322,6847132.704435273,20,66.70125000000003
1,29,934901.9998206322,6847132.704435273,21,66.70125000000002
1,29,934901.9998206322,6847132.704435273,23,66.70125000000002
1,29,934901.9998206322,6847132.704435273,27,66.70125000000002
1,29,934901.9998206322,6847132.704435273,29,66.70125000000003
1,29,934901.9998206322,6847132.704435273,31,66.70125000000003
1,29,934901.9998206322,6847132.704435273,32,66.70125000000002
1,29,934901.9998206322,6847132.704435273,33,66.70125000000003
1,29,934901.9998206322,6847132.704435273,34,66.70125000000004
1,29,934901.9998206322,6847132.704435273,35,66.70125000000002
1,29,934901.9998206322,6847132.704435273,39,66.70125
1,29,934901.9998206322,6847132.704435273,40,66.70125000000003
1,29,934901.9998206322,6847132.704435273,41,66.70125000000003
1,29,934901.9998206322,6847132.704435273,43,66.70125000000003
1,29,934901.9998206322,6847132.704435273,45,66.70125000000003
1,29,934901.9998206322,6847132.704435273,47,66.70125000000003
1,29,934901.9998206322,6847132.704435273,3,66.70125000000003
1,29,934901.9998206322,6847132.704435273,2,66.70125000000006
1,29,934901.9998206322,6847132.704435273,25,66.70125000000002
1,29,934901.9998206322,6847132.704435273,26,66.70125000000003
1,29,934901.9998206322,6847132.704435273,15,66.70125000000002
1,29,934901.9998206322,6847132.704435273,36,66.70125000000003
1,29,934901.9998206322,6847132.704435273,38,66.70125000000003
1,29,934901.9998206322,6847132.704435273,13,66.70125000000002
1,29,934901.9998206322,6847132.704435273,37,66.70125000000002
1,29,934901.9998206322,6847132.704435273,46,66.70125000000004
1,29,934901.9998206322,6847132.704435273,4,66.70125000000002
1,29,934901.9998206322,6847132.704435273,6,66.70125000000002
1,29,934901.9998206322,6847132.704435273,10,66.70125000000003
1,29,934901.9998206322,6847132.704435273,12,66.70125000000003
1,29,934901.9998206322,6847132.704435273,14,66.70125000000003
1,29,934901.9998206322,6847132.704435273,16,66.70125000000003
1,29,934901.9998206322,6847132.704435273,18,66.70125000000002
1,29,934901.9998206322,6847132.704435273,22,66.70125000000003
1,29,934901.9998206322,6847132.704435273,24,66.70125000000003
1,29,934901.9998206322,6847132.704435273,28,66.70125000000003
1,29,934901.9998206322,6847132.704435273,30,66.70125000000002
1,29,934901.9998206322,6847132.704435273,42,66.70125000000003
1,29,934901.9998206322,6847132.704435273,48,66.70125000000003
1,29,934901.9998206322,6847132.704435273,1,66.70125000000003
1,29,934901.9998206322,6847132.704435273,9,66.70125000000003
1,29,934901.9998206322,6847132.704435273,44,66.70125000000003
1,4,935353.7998202943,6846475.604435598,21,19.057500000000015
1,4,935353.7998202943,6846475.604435598,38,19.057500000000008
1,4,935353.7998202943,6846475.604435598,48,19.05750000000001
1,4,935353.7998202943,6846475.604435598,28,19.057500000000008
1,4,935353.7998202943,6846475.604435598,9,19.05750000000001
1,4,935353.7998202943,6846475.604435598,1,19.05750000000001
1,4,935353.7998202943,6846475.604435598,2,19.05750000000001
1,4,935353.7998202943,6846475.604435598,3,19.05750000000001
1,4,935353.7998202943,6846475.604435598,5,19.05750000000001
1,4,935353.7998202943,6846475.604435598,10,19.05750000000001
1,4,935353.7998202943,6846475.604435598,12,19.05750000000001
1,4,935353.7998202943,6846475.604435598,13,19.05750000000001
1,4,935353.7998202943,6846475.604435598,14,19.057500000000005
1,4,935353.7998202943,6846475.604435598,15,19.05750000000001
1,4,935353.7998202943,6846475.604435598,16,19.05750000000001
1,4,935353.7998202943,6846475.604435598,17,19.057500000000015
1,4,935353.7998202943,6846475.604435598,18,19.05750000000001
1,4,935353.7998202943,6846475.604435598,20,19.057500000000015
1,4,935353.7998202943,6846475.604435598,23,19.057500000000008
1,4,935353.7998202943,6846475.604435598,25,19.05750000000001
1,4,935353.7998202943,6846475.604435598,29,19.057500000000015
1,4,935353.7998202943,6846475.604435598,31,19.05750000000001
1,4,935353.7998202943,6846475.604435598,33,19.05750000000001
1,4,935353.7998202943,6846475.604435598,35,19.05750000000001
1,4,935353.7998202943,6846475.604435598,36,19.05750000000001
1,4,935353.7998202943,6846475.604435598,39,19.05750000000001
1,4,935353.7998202943,6846475.604435598,41,19.05750000000001
1,4,935353.7998202943,6846475.604435598,44,19.05750000000001
1,4,935353.7998202943,6846475.604435598,8,19.05750000000001
1,4,935353.7998202943,6846475.604435598,6,19.05750000000001
1,4,935353.7998202943,6846475.604435598,7,19.05750000000001
1,4,935353.7998202943,6846475.604435598,19,19.05750000000001
1,4,935353.7998202943,6846475.604435598,30,19.05750000000001
1,4,935353.7998202943,6846475.604435598,32,19.05750000000001
1,4,935353.7998202943,6846475.604435598,42,19.05750000000001
1,4,935353.7998202943,6846475.604435598,43,19.05750000000001
1,4,935353.7998202943,6846475.604435598,45,19.057500000000015
1,4,935353.7998202943,6846475.604435598,4,19.05750000000001
1,4,935353.7998202943,6846475.604435598,46,19.057500000000015
1,4,935353.7998202943,6846475.604435598,34,19.05750000000001
1,4,935353.7998202943,6846475.604435598,11,19.05750000000001
1,4,935353.7998202943,6846475.604435598,22,19.05750000000001
1,4,935353.7998202943,6846475.604435598,24,19.05750000000001
1,4,935353.7998202943,6846475.604435598,26,19.05750000000001
1,4,935353.7998202943,6846475.604435598,27,19.05750000000001
1,4,935353.7998202943,6846475.604435598,37,19.05750000000001
1,4,935353.7998202943,6846475.604435598,40,19.05750000000001
1,4,935353.7998202943,6846475.604435598,47,19.05750000000001
1,67,933792.4998214621,6848760.204434457,1,41.13648000000002
1,67,933792.4998214621,6848760.204434457,2,42.51429082443241
1,67,933792.4998214621,6848760.204434457,3,46.27854000000003
1,67,933792.4998214621,6848760.204434457,4,51.42060000000003
1,67,933792.4998214621,6848760.204434457,5,56.562660000000065
1,67,933792.4998214621,6848760.204434457,6,60.32690917556767
1,67,933792.4998214621,6848760.204434457,7,61.70472000000004
1,67,933792.4998214621,6848760.204434457,8,60.32690917556767
1,67,933792.4998214621,6848760.204434457,9,56.562660000000065
1,67,933792.4998214621,6848760.204434457,10,51.42060000000003
1,67,933792.4998214621,6848760.204434457,11,46.27854000000003
1,67,933792.4998214621,6848760.204434457,12,42.51429082443241
1,67,933792.4998214621,6848760.204434457,13,41.13648000000002
1,67,933792.4998214621,6848760.204434457,14,42.51429082443241
1,67,933792.4998214621,6848760.204434457,15,46.27854000000003
1,67,933792.4998214621,6848760.204434457,16,51.42060000000003
1,67,933792.4998214621,6848760.204434457,17,56.562660000000065
1,67,933792.4998214621,6848760.204434457,18,60.32690917556767
1,67,933792.4998214621,6848760.204434457,19,61.70472000000004
1,67,933792.4998214621,6848760.204434457,20,60.32690917556767
1,67,933792.4998214621,6848760.204434457,21,56.562660000000065
1,67,933792.4998214621,6848760.204434457,22,51.42060000000003
1,67,933792.4998214621,6848760.204434457,23,46.27854000000003
1,67,933792.4998214621,6848760.204434457,24,42.51429082443241
1,67,933792.4998214621,6848760.204434457,25,41.13648000000002
1,67,933792.4998214621,6848760.204434457,26,42.51429082443241
1,67,933792.4998214621,6848760.204434457,27,46.27854000000003
1,67,933792.4998214621,6848760.204434457,28,51.42060000000003
1,67,933792.4998214621,6848760.204434457,29,56.562660000000065
1,67,933792.4998214621,6848760.204434457,30,60.32690917556767
1,67,933792.4998214621,6848760.204434457,31,61.70472000000004
1,67,933792.4998214621,6848760.204434457,32,60.32690917556767
1,67,933792.4998214621,6848760.204434457,33,56.562660000000065
1,67,933792.4998214621,6848760.204434457,34,51.42060000000003
1,67,933792.4998214621,6848760.204434457,35,46.27854000000003
1,67,933792.4998214621,6848760.204434457,36,42.51429082443241
1,67,933792.4998214621,6848760.204434457,37,41.13648000000002
1,67,933792.4998214621,6848760.204434457,38,42.51429082443241
1,67,933792.4998214621,6848760.204434457,39,46.27854000000003
1,67,933792.4998214621,6848760.204434457,40,51.42060000000003
1,67,933792.4998214621,6848760.204434457,41,56.562660000000065
1,67,933792.4998214621,6848760.204434457,42,60.32690917556767
1,67,933792.4998214621,6848760.204434457,43,61.70472000000004
1,67,933792.4998214621,6848760.204434457,44,60.32690917556767
1,67,933792.4998214621,6848760.204434457,45,56.562660000000065
1,67,933792.4998214621,6848760.204434457,46,51.42060000000003
1,67,933792.4998214621,6848760.204434457,47,46.27854000000003
1,67,933792.4998214621,6848760.204434457,48,42.51429082443241
1,32,934724.7998207612,6847726.104434972,1,57.43584000000003
1,32,934724.7998207612,6847726.104434972,2,59.35957586807546
1,32,934724.7998207612,6847726.104434972,3,64.61532000000005
1,32,934724.7998207612,6847726.104434972,4,71.79480000000008
1,32,934724.7998207612,6847726.104434972,5,78.97428000000008
1,32,934724.7998207612,6847726.104434972,6,84.23002413192468
1,32,934724.7998207612,6847726.104434972,7,86.15376000000009
1,32,934724.7998207612,6847726.104434972,8,84.23002413192468
1,32,934724.7998207612,6847726.104434972,9,78.97428000000008
1,32,934724.7998207612,6847726.104434972,10,71.79480000000008
1,32,934724.7998207612,6847726.104434972,11,64.61532000000005
1,32,934724.7998207612,6847726.104434972,12,59.35957586807546
1,32,934724.7998207612,6847726.104434972,13,57.43584000000003
1,32,934724.7998207612,6847726.104434972,14,59.35957586807546
1,32,934724.7998207612,6847726.104434972,15,64.61532000000005
1,32,934724.7998207612,6847726.104434972,16,71.79480000000008
1,32,934724.7998207612,6847726.104434972,17,78.97428000000008
1,32,934724.7998207612,6847726.104434972,18,84.23002413192468
1,32,934724.7998207612,6847726.104434972,19,86.15376000000009
1,32,934724.7998207612,6847726.104434972,20,84.23002413192468
1,32,934724.7998207612,6847726.104434972,21,78.97428000000008
1,32,934724.7998207612,6847726.104434972,22,71.79480000000008
1,32,934724.7998207612,6847726.104434972,23,64.61532000000005
1,32,934724.7998207612,6847726.104434972,24,59.35957586807546
1,32,934724.7998207612,6847726.104434972,25,57.43584000000003
1,32,934724.7998207612,6847726.104434972,26,59.35957586807546
1,32,934724.7998207612,6847726.104434972,27,64.61532000000005
1,32,934724.7998207612,6847726.104434972,28,71.79480000000008
1,32,934724.7998207612,6847726.104434972,29,78.97428000000008
1,32,934724.7998207612,6847726.104434972,30,84.23002413192468
1,32,934724.7998207612,6847726.104434972,31,86.15376000000009
1,32,934724.7998207612,6847726.104434972,32,84.23002413192468
1,32,934724.7998207612,6847726.104434972,33,78.97428000000008
1,32,934724.7998207612,6847726.104434972,34,71.79480000000008
1,32,934724.7998207612,6847726.104434972,35,64.61532000000005
1,32,934724.7998207612,6847726.104434972,36,59.35957586807546
1,32,934724.7998207612,6847726.104434972,37,57.43584000000003
1,32,934724.7998207612,6847726.104434972,38,59.35957586807546
1,32,934724.7998207612,6847726.104434972,39,64.61532000000005
1,32,934724.7998207612,6847726.104434972,40,71.79480000000008
1,32,934724.7998207612,6847726.104434972,41,78.97428000000008
1,32,934724.7998207612,6847726.104434972,42,84.23002413192468
1,32,934724.7998207612,6847726.104434972,43,86.15376000000009
1,32,934724.7998207612,6847726.104434972,44,84.23002413192468
1,32,934724.7998207612,6847726.104434972,45,78.97428000000008
1,32,934724.7998207612,6847726.104434972,46,71.79480000000008
1,32,934724.7998207612,6847726.104434972,47,64.61532000000005
1,32,934724.7998207612,6847726.104434972,48,59.35957586807546
1,60,933867.5998214042,6848816.004434429,1,1.5523200000000008
1,60,933867.5998214042,6848816.004434429,2,1.6043128612993358
1,60,933867.5998214042,6848816.004434429,3,1.746360000000001
1,60,933867.5998214042,6848816.004434429,4,1.940400000000001
1,60,933867.5998214042,6848816.004434429,5,2.1344400000000014
1,60,933867.5998214042,6848816.004434429,6,2.2764871387006664
1,60,933867.5998214042,6848816.004434429,7,2.328480000000001
1,60,933867.5998214042,6848816.004434429,8,2.2764871387006664
1,60,933867.5998214042,6848816.004434429,9,2.1344400000000014
1,60,933867.5998214042,6848816.004434429,10,1.940400000000001
1,60,933867.5998214042,6848816.004434429,11,1.746360000000001
1,60,933867.5998214042,6848816.004434429,12,1.6043128612993358
1,60,933867.5998214042,6848816.004434429,13,1.5523200000000008
1,60,933867.5998214042,6848816.004434429,14,1.6043128612993358
1,60,933867.5998214042,6848816.004434429,15,1.746360000000001
1,60,933867.5998214042,6848816.004434429,16,1.940400000000001
1,60,933867.5998214042,6848816.004434429,17,2.1344400000000014
1,60,933867.5998214042,6848816.004434429,18,2.2764871387006664
1,60,933867.5998214042,6848816.004434429,19,2.328480000000001
1,60,933867.5998214042,6848816.004434429,20,2.2764871387006664
1,60,933867.5998214042,6848816.004434429,21,2.1344400000000014
1,60,933867.5998214042,6848816.004434429,22,1.940400000000001
1,60,933867.5998214042,6848816.004434429,23,1.746360000000001
1,60,933867.5998214042,6848816.004434429,24,1.6043128612993358
1,60,933867.5998214042,6848816.004434429,25,1.5523200000000008
1,60,933867.5998214042,6848816.004434429,26,1.6043128612993358
1,60,933867.5998214042,6848816.004434429,27,1.746360000000001
1,60,933867.5998214042,6848816.004434429,28,1.940400000000001
1,60,933867.5998214042,6848816.004434429,29,2.1344400000000014
1,60,933867.5998214042,6848816.004434429,30,2.2764871387006664
1,60,933867.5998214042,6848816.004434429,31,2.328480000000001
1,60,933867.5998214042,6848816.004434429,32,2.2764871387006664
1,60,933867.5998214042,6848816.004434429,33,2.1344400000000014
1,60,933867.5998214042,6848816.004434429,34,1.940400000000001
1,60,933867.5998214042,6848816.004434429,35,1.746360000000001
1,60,933867.5998214042,6848816.004434429,36,1.6043128612993358
1,60,933867.5998214042,6848816.004434429,37,1.5523200000000008
1,60,933867.5998214042,6848816.004434429,38,1.6043128612993358
1,60,933867.5998214042,6848816.004434429,39,1.746360000000001
1,60,933867.5998214042,6848816.004434429,40,1.940400000000001
1,60,933867.5998214042,6848816.004434429,41,2.1344400000000014
1,60,933867.5998214042,6848816.004434429,42,2.2764871387006664
1,60,933867.5998214042,6848816.004434429,43,2.328480000000001
1,60,933867.5998214042,6848816.004434429,44,2.2764871387006664
1,60,933867.5998214042,6848816.004434429,45,2.1344400000000014
1,60,933867.5998214042,6848816.004434429,46,1.940400000000001
1,60,933867.5998214042,6848816.004434429,47,1.746360000000001
1,60,933867.5998214042,6848816.004434429,48,1.6043128612993358
1,44,932588.1998224115,6845816.204435961,1,7.623000000000004
1,44,932588.1998224115,6845816.204435961,2,7.623000000000004
1,44,932588.1998224115,6845816.204435961,3,7.623000000000005
1,44,932588.1998224115,6845816.204435961,4,7.623000000000005
1,44,932588.1998224115,6845816.204435961,5,7.623000000001208
1,44,932588.1998224115,6845816.204435961,6,7.623000000000005
1,44,932588.1998224115,6845816.204435961,7,7.623000000000005
1,44,932588.1998224115,6845816.204435961,8,7.623000000000005
1,44,932588.1998224115,6845816.204435961,9,7.623000000000004
1,44,932588.1998224115,6845816.204435961,10,7.623000000000005
1,44,932588.1998224115,6845816.204435961,11,7.623000000000005
1,44,932588.1998224115,6845816.204435961,12,7.623000000000004
1,44,932588.1998224115,6845816.204435961,13,7.623000000000004
1,44,932588.1998224115,6845816.204435961,14,7.623000000000004
1,44,932588.1998224115,6845816.204435961,15,7.623000000000005
1,44,932588.1998224115,6845816.204435961,16,7.623000000000005
1,44,932588.1998224115,6845816.204435961,17,7.623000000000004
1,44,932588.1998224115,6845816.204435961,18,7.623000000000005
1,44,932588.1998224115,6845816.204435961,19,7.623000000000005
1,44,932588.1998224115,6845816.204435961,20,7.623000000000005
1,44,932588.1998224115,6845816.204435961,21,7.623000000000004
1,44,932588.1998224115,6845816.204435961,22,7.623000000000005
1,44,932588.1998224115,6845816.204435961,23,7.623000000000005
1,44,932588.1998224115,6845816.204435961,24,7.623000000000004
1,44,932588.1998224115,6845816.204435961,25,7.623000000000004
1,44,932588.1998224115,6845816.204435961,26,7.623000000000004
1,44,932588.1998224115,6845816.204435961,27,7.623000000000005
1,44,932588.1998224115,6845816.204435961,28,7.623000000000005
1,44,932588.1998224115,6845816.204435961,29,7.623000000000004
1,44,932588.1998224115,6845816.204435961,30,7.623000000000005
1,44,932588.1998224115,6845816.204435961,31,7.623000000000005
1,44,932588.1998224115,6845816.204435961,32,7.623000000000005
1,44,932588.1998224115,6845816.204435961,33,7.623000000001208
1,44,932588.1998224115,6845816.204435961,34,7.623000000000005
1,44,932588.1998224115,6845816.204435961,35,7.623000000000003
1,44,932588.1998224115,6845816.204435961,36,7.623000000000004
1,44,932588.1998224115,6845816.204435961,37,7.623000000000004
1,44,932588.1998224115,6845816.204435961,38,7.623000000000004
1,44,932588.1998224115,6845816.204435961,39,7.623000000000003
1,44,932588.1998224115,6845816.204435961,40,7.623000000000005
1,44,932588.1998224115,6845816.204435961,41,7.623000000000004
1,44,932588.1998224115,6845816.204435961,42,7.623000000000005
1,44,932588.1998224115,6845816.204435961,43,7.623000000000005
1,44,932588.1998224115,6845816.204435961,44,7.623000000000005
1,44,932588.1998224115,6845816.204435961,45,7.623000000000004
1,44,932588.1998224115,6845816.204435961,46,7.623000000000005
1,44,932588.1998224115,6845816.204435961,47,7.623000000000003
1,44,932588.1998224115,6845816.204435961,48,7.623000000000004
