sol,k,t,abierta,q_PET_kg,q_HDPE_kg,q_PP_kg,produccion_kg,ingreso_EUR,transporte_EUR,procesamiento_EUR,margen_EUR,emisiones_kgCO2e
1,2,1,1,805.2077880000007,810.471816,460.7583750000001,2076.437979000001,1666.7419576500006,0.6351704849961949,843.8444784000003,822.262308765004,-340.1758825675049
1,2,2,1,831.8362185837063,824.229348066962,475.884857491061,2131.950424141729,1711.364557728174,0.6521231255671717,866.8040475335906,843.9083870690163,-350.78841851250377
1,2,3,1,905.4876600000007,862.7850000000004,450.1879593749999,2218.460619375001,1798.044654656251,0.6761513123336097,897.1793696250004,900.189133718917,-386.4967189272779
1,2,4,1,1006.0973999999999,915.4529999999996,313.6691250000011,2235.219525000001,1860.6729487500004,0.6766707374326568,888.6408300000004,971.3554480125673,-444.7783658063288
1,2,5,1,1106.7071400000013,968.1210000000004,175.51957499999912,2250.347715000001,1922.4043492500011,0.6766707374326568,879.2978040000003,1042.4298745125682,-503.2128188063291
1,2,6,1,1180.358581416296,1005.302519345955,75.67533465761267,2261.336435419864,1967.2041018839323,0.6766707374326568,872.5784708729328,1093.9489602735666,-545.8008640841015
1,2,7,1,1207.3168799999999,1000.7197200000003,56.184975000000634,2264.221575000001,1978.4285482500004,0.6766707374326568,871.7108400000003,1106.0410375125675,-558.8877458063284
1,2,8,1,1180.3585814162964,1005.3025193459547,75.67533465761258,2261.3364354198634,1967.204101883932,0.6766707374326568,872.578470872933,1093.9489602735662,-545.800864084101
1,2,9,1,1106.707140000001,968.1210000000003,175.51957499999958,2250.347715000001,1922.404349250001,0.6766707374326568,879.2978040000003,1042.429874512568,-503.2128188063291
1,2,10,1,1006.0973999999999,915.4529999999996,313.6691250000011,2235.219525000001,1860.6729487500004,0.6766707374326567,888.6408300000004,971.3554480125673,-444.77836580632834
1,2,11,1,905.4876600000008,862.7850000000002,450.18795937499993,2218.460619375001,1798.0446546562507,0.6761513123336097,897.1793696250003,900.1891337189169,-386.4967189272779
1,2,12,1,831.836218583706,824.2293480669621,475.88485749106087,2131.950424141729,1711.364557728174,0.6521231255671717,866.8040475335906,843.9083870690163,-350.7884185125031
1,2,13,1,805.2077880000007,810.4718159999999,460.758375,2076.4379790000007,1666.7419576500006,0.6351704849961948,843.8444784000002,822.2623087650041,-340.17588256750446
1,2,14,1,831.8362185837061,824.229348066962,475.8848574910611,2131.9504241417294,1711.364557728174,0.6521231255671717,866.8040475335908,843.908387069016,-350.7884185125033
1,2,15,1,905.4876600000011,862.7849999999997,450.18795937499993,2218.460619375001,1798.0446546562507,0.6761513123336096,897.1793696250004,900.1891337189168,-386.49671892727747
1,2,16,1,1006.0973999999999,915.4529999999999,313.6691250000009,2235.2195250000004,1860.6729487500002,0.6766707374326568,888.6408300000004,971.3554480125671,-444.7783658063279
1,2,17,1,1106.7071400000013,968.1210000000004,175.5195749999991,2250.347715000001,1922.4043492500011,0.6766707374326567,879.2978040000002,1042.4298745125684,-503.21281880632887
1,2,18,1,1180.358581416296,1005.302519345955,75.67533465761275,2261.336435419864,1967.2041018839323,0.6766707374326568,872.5784708729332,1093.9489602735664,-545.8008640841008
1,2,19,1,1207.31688,1000.7197199999997,56.18497500000072,2264.2215750000005,1978.42854825,0.6766707374326568,871.7108400000004,1106.0410375125668,-558.887745806328
1,2,20,1,1180.3585814162961,1005.302519345955,75.67533465761258,2261.336435419864,1967.204101883932,0.6766707374326567,872.578470872933,1093.9489602735662,-545.800864084101
1,2,21,1,1106.7071400000013,968.1210000000004,175.51957499999915,2250.3477150000012,1922.4043492500011,0.6766707374326568,879.2978040000003,1042.4298745125682,-503.2128188063291
1,2,22,1,1006.0973999999999,915.4529999999997,313.66912500000103,2235.2195250000004,1860.6729487500002,0.6766707374326569,888.6408300000004,971.3554480125671,-444.77836580632834
1,2,23,1,905.4876600000007,862.7850000000005,450.1879593750002,2218.4606193750014,1798.0446546562514,0.6761513123336097,897.1793696250004,900.1891337189174,-386.49671892727815
1,2,24,1,831.8362185837059,824.2293480669622,475.884857491061,2131.950424141729,1711.3645577281738,0.6521231255671717,866.8040475335907,843.9083870690159,-350.78841851250286
1,2,25,1,805.2077880000007,810.471816,460.758375,2076.4379790000007,1666.7419576500006,0.6351704849961949,843.8444784000003,822.262308765004,-340.17588256750446
1,2,26,1,831.8362185837061,824.2293480669621,475.8848574910609,2131.950424141729,1711.364557728174,0.6521231255671716,866.8040475335906,843.9083870690163,-350.7884185125031
1,2,27,1,905.4876600000013,862.7850000000003,450.1879593749999,2218.4606193750014,1798.0446546562514,0.6761513123336097,897.1793696250005,900.1891337189173,-386.4967189272779
1,2,28,1,1006.0973999999999,915.4529999999994,313.6691250000012,2235.2195250000004,1860.67294875,0.6766707374326568,888.6408300000005,971.3554480125667,-444.77836580632766
1,2,29,1,1106.707140000001,968.1210000000003,175.51957499999955,2250.347715000001,1922.404349250001,0.6766707374326567,879.2978040000003,1042.429874512568,-503.21281880632864
1,2,30,1,1180.3585814162964,1005.3025193459549,75.67533465761241,2261.336435419864,1967.2041018839323,0.6766707374326568,872.5784708729329,1093.9489602735666,-545.800864084101
1,2,31,1,1207.31688,1000.71972,56.184975000000634,2264.221575000001,1978.4285482500004,0.6766707374326568,871.7108400000003,1106.0410375125675,-558.8877458063284
1,2,32,1,1180.358581416296,1005.3025193459554,75.67533465761224,2261.336435419864,1967.204101883932,0.6766707374326568,872.5784708729329,1093.9489602735664,-545.800864084101
1,2,33,1,1106.7071400000011,968.1210000000003,175.51957499999958,2250.347715000001,1922.4043492500011,0.6766707374326568,879.2978040000004,1042.429874512568,-503.21281880632887
1,2,34,1,1006.0973999999999,915.4529999999995,313.66912500000126,2235.2195250000004,1860.6729487500002,0.6766707374326567,888.6408300000003,971.3554480125672,-444.77836580632857
1,2,35,1,905.4876600000007,862.7850000000003,450.187959375,2218.460619375001,1798.0446546562507,0.6761513123336096,897.1793696250003,900.1891337189169,-386.4967189272779
1,2,36,1,831.8362185837058,824.2293480669623,475.88485749106087,2131.950424141729,1711.364557728174,0.6521231255671716,866.8040475335906,843.9083870690163,-350.78841851250286
1,2,37,1,805.2077880000007,810.4718159999998,460.758375,2076.4379790000003,1666.7419576500006,0.6351704849961946,843.8444784000002,822.2623087650041,-340.1758825675047
1,2,38,1,831.8362185837059,824.2293480669618,475.8848574910611,2131.950424141729,1711.3645577281736,0.6521231255671716,866.8040475335906,843.9083870690158,-350.78841851250286
1,2,39,1,905.487660000001,862.7850000000001,450.187959375,2218.460619375001,1798.0446546562512,0.6761513123336096,897.1793696250003,900.1891337189173,-386.4967189272779
1,2,40,1,1006.0974000000001,915.453,313.66912500000075,2235.219525000001,1860.6729487500006,0.6766707374326568,888.6408300000003,971.3554480125676,-444.77836580632857
1,2,41,1,1106.7071400000013,968.1210000000003,175.5195749999993,2250.347715000001,1922.4043492500011,0.6766707374326568,879.2978040000003,1042.4298745125682,-503.2128188063291
1,2,42,1,1180.3585814162961,1005.3025193459548,75.6753346576125,2261.3364354198634,1967.204101883932,0.6766707374326568,872.5784708729328,1093.9489602735666,-545.8008640841008
1,2,43,1,1207.3168799999996,1000.7197200000004,56.18497500000072,2264.2215750000005,1978.4285482500004,0.6766707374326568,871.7108400000004,1106.0410375125673,-558.887745806328
1,2,44,1,1180.358581416296,1005.302519345955,75.67533465761267,2261.336435419864,1967.2041018839323,0.6766707374326568,872.578470872933,1093.9489602735666,-545.8008640841008
1,2,45,1,1106.7071400000013,968.1210000000001,175.51957499999943,2250.347715000001,1922.404349250001,0.6766707374326568,879.2978040000003,1042.429874512568,-503.2128188063293
1,2,46,1,1006.0973999999999,915.4529999999996,313.66912500000126,2235.219525000001,1860.6729487500004,0.6766707374326568,888.6408300000005,971.3554480125672,-444.77836580632834
1,2,47,1,905.4876600000011,862.7850000000003,450.1879593749999,2218.4606193750014,1798.0446546562512,0.6761513123336097,897.1793696250004,900.1891337189172,-386.4967189272784
1,2,48,1,831.836218583706,824.2293480669621,475.884857491061,2131.950424141729,1711.364557728174,0.6521231255671718,866.8040475335907,843.9083870690162,-350.78841851250286
1,7,1,1,303.4785600000006,298.68300000000056,170.4780000000004,772.6395600000016,621.0139320000012,0.1349275328453576,313.92969300000067,306.94931146715516,-128.29013454501398
1,7,2,1,313.64316438402057,303.73373509765025,176.18793030340944,793.5648297850802,637.851355909815,0.13856482673569628,322.5868757839206,315.1259152991587,-132.34040577287146
1,7,3,1,341.41338000000064,317.53260000000046,191.7877500000005,850.7337300000016,683.8520535000013,0.14850209844616138,346.2387390000007,337.46481240155435,-143.40595255181302
1,7,4,1,379.34820000000076,336.3822000000008,213.09750000000042,928.8279000000019,746.6901750000017,0.16209803407094234,378.54778500000083,367.9802919659299,-158.52174562691766
1,7,5,1,545.6429055000018,517.3466759999784,335.5311093750007,1398.520690874981,1116.7802111812348,0.2867972488158872,571.3715180249931,545.1218959074258,-226.9171510097142
1,7,6,1,581.9554809195931,577.7647831357815,357.8607293370417,1517.5809933924163,1211.8929345176116,0.31438839911462624,619.1420774470537,592.4364686714432,-243.30801422756372
1,7,7,1,595.2468060000019,556.5372120000048,366.0339375000006,1517.8179555000072,1212.032900925006,0.31249870237701244,620.374015800003,591.346386422626,-247.15436678056108
1,7,8,1,581.9554809195936,577.7647831357812,357.8607293370417,1517.5809933924163,1211.8929345176118,0.3143883991146262,619.1420774470537,592.4364686714434,-243.30801422756394
1,7,9,1,545.6429055000019,517.3466759999912,335.5311093750007,1398.5206908749938,1116.7802111812452,0.2867972488158908,571.3715180249978,545.1218959074315,-226.91715100971487
1,7,10,1,379.34820000000076,336.3822000000008,213.09750000000042,928.8279000000019,746.6901750000017,0.16209803407094237,378.5477850000007,367.98029196593,-158.52174562691766
1,7,11,1,341.4133800000004,317.53260000000057,191.78775000000047,850.7337300000015,683.8520535000011,0.14850209844616138,346.2387390000006,337.46481240155435,-143.40595255181302
1,7,12,1,313.64316438402057,303.73373509765025,176.18793030340944,793.5648297850802,637.851355909815,0.13856482673569628,322.5868757839206,315.1259152991587,-132.34040577287146
1,7,13,1,303.4785600000006,298.6830000000006,170.4780000000004,772.6395600000016,621.0139320000012,0.1349275328453576,313.92969300000067,306.94931146715516,-128.29013454501398
1,7,14,1,313.64316438402057,303.73373509765025,176.18793030340944,793.5648297850802,637.851355909815,0.13856482673569626,322.5868757839206,315.1259152991587,-132.34040577287146
1,7,15,1,341.41338000000053,317.5326000000006,191.78775000000047,850.7337300000015,683.8520535000013,0.14850209844616138,346.23873900000063,337.4648124015544,-143.4059525518129
1,7,16,1,379.34820000000076,336.3822000000008,213.09750000000042,928.8279000000019,746.6901750000017,0.16209803407094237,378.54778500000083,367.9802919659299,-158.52174562691766
1,7,17,1,545.6429055000019,517.34667599999,335.53110937500065,1398.5206908749924,1116.780211181244,0.28679724881589036,571.3715180249973,545.1218959074309,-226.9171510097151
1,7,18,1,647.2757726241908,516.2868615314466,357.8607293370417,1521.423363492679,1224.7648743535115,0.3143883991146241,621.447499507213,603.0029864471837,-268.09130137430793
1,7,19,1,629.0730022499974,524.7007920000017,366.0339375000006,1519.8077317499997,1218.6986513624993,0.3124987023770103,621.56788155,596.8182711101222,-259.988423593059
1,7,20,1,581.9554809195931,577.764783135781,357.8607293370417,1517.5809933924158,1211.8929345176111,0.3143883991146261,619.1420774470535,592.436468671443,-243.30801422756372
1,7,21,1,545.6429055000019,517.3466759999818,335.5311093750007,1398.5206908749842,1116.7802111812375,0.28679724881588814,571.3715180249943,545.1218959074273,-226.91715100971442
1,7,22,1,379.34820000000076,336.38220000000075,213.09750000000042,928.8279000000019,746.6901750000015,0.16209803407094237,378.5477850000008,367.98029196592984,-158.52174562691755
1,7,23,1,341.41338000000053,317.53260000000057,191.7877500000005,850.7337300000016,683.8520535000011,0.14850209844616136,346.23873900000063,337.4648124015543,-143.40595255181302
1,7,24,1,313.64316438402057,303.73373509765025,176.18793030340947,793.5648297850803,637.851355909815,0.13856482673569626,322.5868757839206,315.1259152991587,-132.34040577287146
1,7,25,1,303.4785600000006,298.6830000000005,170.4780000000004,772.6395600000016,621.0139320000012,0.13492753284535758,313.9296930000006,306.9493114671552,-128.29013454501398
1,7,26,1,313.64316438402057,303.73373509765025,176.18793030340947,793.5648297850803,637.851355909815,0.13856482673569626,322.5868757839206,315.1259152991587,-132.34040577287146
1,7,27,1,341.41338000000053,317.53260000000057,191.78775000000041,850.7337300000015,683.8520535000011,0.14850209844616138,346.23873900000063,337.4648124015543,-143.4059525518129
1,7,28,1,379.3482000000007,336.3822000000008,213.0975000000004,928.8279000000019,746.6901750000015,0.16209803407094234,378.5477850000007,367.9802919659299,-158.52174562691755
1,7,29,1,571.1929492499895,493.2995760000018,335.53110937500065,1400.023634624992,1121.815072743742,0.2867972488158904,572.273284274997,549.254991219929,-236.6111381972105
1,7,30,1,581.955480919593,577.7647831357818,357.8607293370417,1517.5809933924165,1211.8929345176118,0.3143883991146263,619.1420774470537,592.4364686714434,-243.30801422756372
1,7,31,1,595.2468060000019,556.5372120000045,366.03393750000066,1517.817955500007,1212.0329009250058,0.3124987023770123,620.3740158000028,591.346386422626,-247.15436678056108
1,7,32,1,581.9554809195931,577.7647831357812,357.8607293370417,1517.5809933924158,1211.8929345176114,0.3143883991146261,619.1420774470535,592.4364686714432,-243.30801422756394
1,7,33,1,571.1929492499796,493.29957600000193,335.5311093750007,1400.0236346249822,1121.8150727437326,0.28679724881588786,572.2732842749931,549.2549912199236,-236.61113819720617
1,7,34,1,379.34820000000076,336.38220000000075,213.09750000000042,928.8279000000019,746.6901750000015,0.16209803407094237,378.54778500000083,367.9802919659298,-158.52174562691755
1,7,35,1,341.41338000000053,317.53260000000057,191.78775000000044,850.7337300000015,683.8520535000011,0.14850209844616138,346.23873900000063,337.4648124015543,-143.4059525518129
1,7,36,1,313.64316438402057,303.73373509765025,176.18793030340944,793.5648297850802,637.851355909815,0.13856482673569626,322.58687578392056,315.12591529915875,-132.34040577287158
1,7,37,1,303.4785600000006,298.6830000000006,170.4780000000004,772.6395600000016,621.0139320000012,0.13492753284535758,313.92969300000067,306.94931146715516,-128.29013454501398
1,7,38,1,313.6431643840207,303.7337350976502,176.18793030340947,793.5648297850803,637.851355909815,0.13856482673569628,322.5868757839206,315.1259152991587,-132.3404057728718
1,7,39,1,341.41338000000053,317.5326000000006,191.78775000000047,850.7337300000015,683.8520535000013,0.14850209844616138,346.2387390000007,337.46481240155435,-143.4059525518129
1,7,40,1,379.3482000000007,336.38220000000075,213.09750000000042,928.8279000000019,746.6901750000014,0.16209803407094234,378.54778500000083,367.98029196592967,-158.52174562691744
1,7,41,1,545.6429055000018,517.3466759999906,335.5311093750007,1398.5206908749929,1116.7802111812446,0.2867972488158905,571.3715180249976,545.121895907431,-226.91715100971464
1,7,42,1,647.275772624191,516.2868615314466,357.8607293370417,1521.4233634926793,1224.7648743535115,0.31438839911462413,621.447499507213,603.0029864471837,-268.09130137430793
1,7,43,1,629.0730022499965,524.7007920000016,366.0339375000014,1519.8077317499994,1218.6986513624988,0.3124987023770103,621.5678815499999,596.8182711101218,-259.98842359305877
1,7,44,1,647.2757726241908,516.2868615314467,357.8607293370417,1521.4233634926793,1224.7648743535115,0.31438839911462413,621.447499507213,603.0029864471837,-268.09130137430793
1,7,45,1,545.6429055000019,517.3466759999905,335.5311093750007,1398.5206908749929,1116.7802111812446,0.2867972488158905,571.3715180249975,545.1218959074312,-226.91715100971487
1,7,46,1,379.34820000000076,336.3822000000008,213.09750000000042,928.8279000000019,746.6901750000017,0.16209803407094237,378.5477850000008,367.98029196592995,-158.52174562691766
1,7,47,1,341.41338000000053,317.53260000000057,191.78775000000041,850.7337300000015,683.8520535000011,0.14850209844616138,346.23873900000063,337.4648124015543,-143.4059525518129
1,7,48,1,313.64316438402057,303.73373509765025,176.18793030340944,793.5648297850802,637.851355909815,0.13856482673569626,322.5868757839206,315.1259152991587,-132.34040577287146
1,8,1,1,3123.849960000003,3359.359080000002,2125.101825,8608.310865000005,6823.950729750004,1.824422316741821,3520.9320300000018,3301.19427743326,-1299.7267542971358
1,8,2,1,3228.820010740277,3448.9538812818873,2184.213110473124,8861.987002495289,7027.859325988991,1.880327359587488,3624.444726503478,3401.534272125926,-1343.3908577867132
1,8,3,1,3514.7023065000026,3683.6664480000018,2300.1146437500015,9498.483398250006,7550.963403637505,2.019439351048136,3880.6296259500027,3668.3143383364536,-1466.0671031987767
1,8,4,1,3905.224785000008,3998.7763200000018,2341.5387187500014,10245.539823750012,8196.830897062511,2.1871635453406646,4170.846314250004,4023.7974192671663,-1644.3070226971104
1,8,5,1,4167.387378000003,4141.099116000027,2276.7518812500007,10585.23837525003,8524.110836587524,2.2641643196660377,4294.036627650012,4227.810044617847,-1769.1847350103908
1,8,6,1,4444.727313956124,4309.336199409358,1874.3179073572155,10628.381420722699,8700.834756832272,2.2232837973919533,4266.264591747897,4432.346881286983,-1933.482112981852
1,8,7,1,4546.240776000007,4409.062811999997,1691.2535062501515,10646.557094250156,8776.368415237588,2.2064107381008053,4252.761409050077,4521.40059544941,-1998.8666454888717
1,8,8,1,4444.727313956125,4309.336199409359,1874.31790735719,10628.381420722673,8700.83475683226,2.2232837973919444,4266.264591747884,4432.346881286985,-1933.4821129818556
1,8,9,1,4167.387378000002,4141.099116000013,2276.7518812500007,10585.238375250015,8524.110836587513,2.2641643196660346,4294.036627650006,4227.810044617841,-1769.184735010389
1,8,10,1,3905.2247850000076,3998.776320000001,2341.538718750002,10245.53982375001,8196.83089706251,2.187163545340664,4170.846314250004,4023.7974192671645,-1644.3070226971086
1,8,11,1,3514.702306500009,3683.6664480000004,2300.1146437500015,9498.483398250011,7550.96340363751,2.0194393510481365,3880.6296259500045,3668.3143383364572,-1466.0671031987804
1,8,12,1,3228.8200107402777,3448.953881281887,2184.213110473124,8861.987002495289,7027.859325988991,1.8803273595874868,3624.444726503478,3401.534272125926,-1343.3908577867132
1,8,13,1,3123.849960000004,3359.359080000001,2125.1018250000006,8608.310865000007,6823.950729750006,1.8244223167418216,3520.9320300000018,3301.194277433262,-1299.7267542971358
1,8,14,1,3228.820010740278,3448.953881281887,2184.213110473124,8861.987002495289,7027.859325988991,1.8803273595874868,3624.444726503478,3401.534272125926,-1343.3908577867132
1,8,15,1,3514.702306500008,3683.6664480000013,2300.1146437500024,9498.483398250011,7550.96340363751,2.019439351048137,3880.629625950005,3668.314338336457,-1466.0671031987804
1,8,16,1,3905.2247850000012,3998.7763200000013,2341.5387187500023,10245.539823750005,8196.830897062504,2.187163545340663,4170.84631425,4023.7974192671627,-1644.3070226971067
1,8,17,1,4167.387378000003,4141.099116000014,2276.7518812500007,10585.238375250017,8524.110836587515,2.2641643196660346,4294.036627650007,4227.810044617842,-1769.184735010389
1,8,18,1,4379.407022251519,4370.814121013693,1874.3179073572142,10624.539050622425,8687.962816996365,2.223283797391953,4263.959169687733,4421.7803635112405,-1908.698825835103
1,8,19,1,4512.414579750005,4440.899232,1691.2535062501718,10644.567318000178,8769.7026648001,2.2064107381008125,4251.567543300087,4515.928710761911,-1986.0325886763676
1,8,20,1,4444.727313956126,4309.336199409358,1874.3179073572182,10628.3814207227,8700.834756832275,2.2232837973919555,4266.2645917478985,4432.346881286985,-1933.4821129818556
1,8,21,1,4167.387378000003,4141.099116000021,2276.751881250001,10585.238375250025,8524.11083658752,2.2641643196660373,4294.036627650011,4227.810044617844,-1769.184735010389
1,8,22,1,3905.2247850000076,3998.7763200000018,2341.538718750002,10245.539823750012,8196.83089706251,2.187163545340664,4170.846314250003,4023.7974192671654,-1644.3070226971086
1,8,23,1,3514.702306500008,3683.6664480000018,2300.1146437500015,9498.483398250011,7550.96340363751,2.019439351048137,3880.6296259500045,3668.3143383364572,-1466.0671031987804
1,8,24,1,3228.820010740278,3448.9538812818873,2184.213110473124,8861.987002495289,7027.859325988993,1.8803273595874874,3624.4447265034783,3401.534272125927,-1343.3908577867132
1,8,25,1,3123.849960000004,3359.359080000002,2125.1018249999997,8608.310865000007,6823.950729750006,1.824422316741821,3520.9320300000013,3301.1942774332624,-1299.7267542971395
1,8,26,1,3228.8200107402786,3448.9538812818873,2184.213110473124,8861.987002495289,7027.859325988993,1.8803273595874868,3624.4447265034783,3401.534272125927,-1343.3908577867142
1,8,27,1,3514.702306500003,3683.666448000001,2300.1146437500024,9498.483398250006,7550.9634036375055,2.019439351048136,3880.6296259500027,3668.3143383364545,-1466.0671031987804
1,8,28,1,3905.224785000002,3998.7763200000018,2341.5387187500014,10245.539823750005,8196.830897062504,2.1871635453406633,4170.846314250002,4023.797419267161,-1644.3070226971067
1,8,29,1,4141.837334250015,4165.146216000003,2276.7518812499998,10583.735431500018,8519.075975025016,2.2641643196660346,4293.134861400008,4223.6769493053425,-1759.4907478228943
1,8,30,1,4444.727313956125,4309.336199409359,1874.3179073572032,10628.381420722686,8700.834756832268,2.2232837973919497,4266.264591747891,4432.346881286985,-1933.4821129818556
1,8,31,1,4546.240776000008,4409.062811999997,1691.253506250182,10646.557094250187,8776.368415237604,2.206410738100816,4252.761409050093,4521.4005954494105,-1998.8666454888644
1,8,32,1,4444.727313956125,4309.336199409358,1874.3179073572032,10628.381420722686,8700.834756832266,2.2232837973919497,4266.264591747891,4432.346881286983,-1933.482112981852
1,8,33,1,4141.8373342500245,4165.146216000002,2276.7518812500007,10583.735431500027,8519.075975025025,2.264164319666038,4293.134861400013,4223.676949305347,-1759.4907478228924
1,8,34,1,3905.2247850000076,3998.7763200000027,2341.5387187500014,10245.539823750012,8196.830897062511,2.187163545340664,4170.846314250003,4023.7974192671672,-1644.3070226971104
1,8,35,1,3514.702306500004,3683.666448000001,2300.114643750002,9498.483398250006,7550.963403637506,2.0194393510481365,3880.6296259500023,3668.314338336456,-1466.0671031987804
1,8,36,1,3228.820010740278,3448.9538812818873,2184.213110473124,8861.987002495289,7027.859325988993,1.8803273595874865,3624.4447265034783,3401.534272125927,-1343.390857786715
1,8,37,1,3123.849960000004,3359.359080000002,2125.101825,8608.310865000007,6823.950729750006,1.824422316741821,3520.9320300000018,3301.194277433262,-1299.7267542971385
1,8,38,1,3228.820010740278,3448.953881281887,2184.213110473124,8861.987002495289,7027.859325988991,1.8803273595874874,3624.444726503478,3401.534272125926,-1343.3908577867132
1,8,39,1,3514.702306500003,3683.666448000001,2300.1146437500024,9498.483398250006,7550.9634036375055,2.019439351048136,3880.6296259500023,3668.314338336455,-1466.0671031987786
1,8,40,1,3905.2247850000076,3998.776320000001,2341.5387187500014,10245.53982375001,8196.830897062508,2.187163545340664,4170.846314250003,4023.7974192671636,-1644.3070226971086
1,8,41,1,4167.387378000004,4141.099116000014,2276.7518812500007,10585.238375250019,8524.110836587515,2.264164319666035,4294.036627650006,4227.810044617843,-1769.1847350103926
1,8,42,1,4379.407022251519,4370.814121013694,1874.317907357223,10624.539050622436,8687.96281699637,2.2232837973919564,4263.959169687739,4421.7803635112405,-1908.698825835103
1,8,43,1,4512.414579750006,4440.899232000001,1691.2535062501804,10644.567318000187,8769.702664800107,2.206410738100814,4251.5675433000915,4515.928710761914,-1986.0325886763694
1,8,44,1,4379.407022251519,4370.814121013693,1874.3179073572107,10624.539050622421,8687.962816996363,2.2232837973919524,4263.959169687732,4421.78036351124,-1908.6988258351048
1,8,45,1,4167.387378000003,4141.099116000013,2276.7518812500007,10585.238375250015,8524.110836587513,2.2641643196660355,4294.036627650006,4227.810044617841,-1769.184735010389
1,8,46,1,3905.2247850000076,3998.7763200000013,2341.5387187500014,10245.53982375001,8196.83089706251,2.187163545340665,4170.846314250004,4023.7974192671645,-1644.3070226971086
1,8,47,1,3514.702306500008,3683.6664480000013,2300.1146437500024,9498.483398250011,7550.96340363751,2.0194393510481374,3880.629625950005,3668.314338336457,-1466.0671031987804
1,8,48,1,3228.8200107402777,3448.953881281888,2184.213110473124,8861.987002495289,7027.859325988993,1.8803273595874868,3624.444726503478,3401.5342721259276,-1343.390857786715
2,1,1,1,362.1950640000033,333.9539279999994,39.78686249999768,735.9358545000003,633.1312275750013,0.17600000598743173,285.4778156999999,347.4774118690139,-167.2444645596829
2,1,2,1,374.32629836267057,332.11783724097137,1.0743166481915194,707.5184522518334,621.8951273938195,0.1655685496036005,270.4008657192736,351.32869312494233,-175.95161565501473
2,1,3,1,407.46944700000336,327.1015439999994,3.213667812079457e-14,734.5709910000028,648.7772098500027,0.1739905555181551,280.85709960000105,367.7461196944835,-189.92582296856358
2,1,4,1,452.7438300000033,290.7273599999969,0.0,743.4711900000002,662.6885265000006,0.17595843582200982,284.7938940000001,377.7186740641785,-207.41301065820892
2,1,5,1,498.0182130000043,248.44881599999596,0.0,746.4670290000003,671.8763551500008,0.17598961344607625,286.5165534000002,385.18381213655454,-224.60723983431467
2,1,6,1,531.1613616373372,217.49877372195473,0.0,748.660135359292,678.6023125330341,0.17601243705095174,287.77762760493454,390.6486724910486,-237.19428918820643
2,1,7,1,543.2925960000047,206.1702719999908,0.0,749.4628679999955,681.0641837999971,0.1760207910701422,288.23921279999837,392.6489502089285,-241.80146901041974
2,1,8,1,531.1613616373372,217.4987737219552,0.0,748.6601353592924,678.6023125330345,0.17601243705095176,287.77762760493476,390.6486724910487,-237.19428918820643
2,1,9,1,498.0182130000043,248.44881599999596,0.0,746.4670290000003,671.8763551500008,0.17598961344607625,286.5165534000002,385.18381213655454,-224.60723983431467
2,1,10,1,452.7438300000033,290.7273599999969,0.0,743.4711900000002,662.6885265000006,0.17595843582200982,284.7938940000001,377.7186740641785,-207.41301065820892
2,1,11,1,407.46944700000336,327.1015439999994,0.0,734.5709910000028,648.7772098500027,0.1739905555181551,280.85709960000105,367.7461196944835,-189.92582296856358
2,1,12,1,374.32629836267057,332.11783724097137,0.0,706.4441356036419,621.3042532373141,0.16546114334871642,269.8708695061658,351.26792258779966,-176.05201051614335
2,1,13,1,362.1950640000033,333.95392799999934,0.0,696.1489920000026,611.2484532000026,0.16233916181535377,265.84963020000106,345.2364838381862,-170.97384271121678
2,1,14,1,374.32629836267057,332.11783724097137,0.0,706.4441356036419,621.3042532373141,0.16546114334871642,269.8708695061658,351.26792258779966,-176.05201051614335
2,1,15,1,407.46944700000336,327.1015439999994,0.0,734.5709910000028,648.7772098500027,0.1739905555181551,280.85709960000105,367.7461196944835,-189.92582296856358
2,1,16,1,452.7438300000033,290.7273599999969,0.0,743.4711900000002,662.6885265000006,0.17595843582200982,284.7938940000001,377.7186740641785,-207.41301065820892
2,1,17,1,498.0182130000043,248.44881599999596,0.0,746.4670290000003,671.8763551500008,0.17598961344607625,286.5165534000002,385.18381213655454,-224.60723983431467
2,1,18,1,531.1613616373372,217.498773721955,0.0,748.6601353592922,678.6023125330344,0.17601243705095176,287.77762760493465,390.6486724910487,-237.19428918820643
2,1,19,1,543.2925960000047,206.1702719999907,0.0,749.4628679999953,681.064183799997,0.17602079107014218,288.2392127999983,392.64895020892845,-241.80146901041962
2,1,20,1,531.1613616373372,217.49877372195454,0.0,748.6601353592918,678.6023125330339,0.1760124370509517,287.7776276049345,390.64867249104844,-237.19428918820643
2,1,21,1,498.0182130000043,248.44881599999596,0.0,746.4670290000003,671.8763551500008,0.17598961344607625,286.5165534000002,385.18381213655454,-224.60723983431467
2,1,22,1,452.7438300000033,290.7273599999969,0.0,743.4711900000002,662.6885265000006,0.17595843582200982,284.7938940000001,377.7186740641785,-207.41301065820892
2,1,23,1,407.46944700000336,327.1015439999994,0.0,734.5709910000028,648.7772098500027,0.1739905555181551,280.85709960000105,367.7461196944835,-189.92582296856358
2,1,24,1,374.32629836267057,332.11783724097137,0.0,706.4441356036419,621.3042532373141,0.16546114334871642,269.8708695061658,351.26792258779966,-176.05201051614335
2,1,25,1,362.1950640000033,333.95392799999934,0.0,696.1489920000026,611.2484532000026,0.16233916181535377,265.84963020000106,345.2364838381862,-170.97384271121678
2,1,26,1,374.32629836267057,332.11783724097137,0.0,706.4441356036419,621.3042532373141,0.16546114334871642,269.8708695061658,351.26792258779966,-176.05201051614335
2,1,27,1,407.46944700000336,327.1015439999994,0.0,734.5709910000028,648.7772098500027,0.1739905555181551,280.85709960000105,367.7461196944835,-189.92582296856358
2,1,28,1,452.7438300000033,290.7273599999969,0.0,743.4711900000002,662.6885265000006,0.17595843582200982,284.7938940000001,377.7186740641785,-207.41301065820892
2,1,29,1,498.0182130000043,248.44881599999596,0.0,746.4670290000003,671.8763551500008,0.17598961344607625,286.5165534000002,385.18381213655454,-224.60723983431467
2,1,30,1,531.1613616373372,217.49877372195465,0.0,748.6601353592919,678.602312533034,0.1760124370509517,287.77762760493454,390.6486724910485,-237.19428918820643
2,1,31,1,543.2925960000047,206.17027199999097,0.0,749.4628679999956,681.0641837999972,0.17602079107014224,288.2392127999984,392.64895020892857,-241.80146901041962
2,1,32,1,531.1613616373372,217.49877372195473,0.0,748.660135359292,678.6023125330341,0.17601243705095174,287.77762760493454,390.6486724910486,-237.19428918820643
2,1,33,1,498.0182130000043,248.44881599999596,0.0,746.4670290000003,671.8763551500008,0.17598961344607625,286.5165534000002,385.18381213655454,-224.60723983431467
2,1,34,1,452.7438300000033,290.7273599999969,0.0,743.4711900000002,662.6885265000006,0.17595843582200982,284.7938940000001,377.7186740641785,-207.41301065820892
2,1,35,1,407.46944700000336,327.1015439999994,0.0,734.5709910000028,648.7772098500027,0.1739905555181551,280.85709960000105,367.7461196944835,-189.92582296856358
2,1,36,1,374.32629836267057,332.11783724097137,0.0,706.4441356036419,621.3042532373141,0.16546114334871642,269.8708695061658,351.26792258779966,-176.05201051614335
2,1,37,1,362.1950640000033,333.95392799999934,0.0,696.1489920000026,611.2484532000026,0.16233916181535377,265.84963020000106,345.2364838381862,-170.97384271121678
2,1,38,1,374.32629836267057,332.11783724097137,0.0,706.4441356036419,621.3042532373141,0.16546114334871642,269.8708695061658,351.26792258779966,-176.05201051614335
2,1,39,1,407.46944700000336,327.1015439999994,0.0,734.5709910000028,648.7772098500027,0.1739905555181551,280.85709960000105,367.7461196944835,-189.92582296856358
2,1,40,1,452.7438300000033,290.7273599999969,0.0,743.4711900000002,662.6885265000006,0.17595843582200982,284.7938940000001,377.7186740641785,-207.41301065820892
2,1,41,1,498.0182130000043,248.44881599999596,0.0,746.4670290000003,671.8763551500008,0.17598961344607625,286.5165534000002,385.18381213655454,-224.60723983431467
2,1,42,1,531.1613616373372,217.49877372195454,0.0,748.6601353592918,678.6023125330339,0.1760124370509517,287.7776276049345,390.64867249104844,-237.19428918820643
2,1,43,1,543.2925960000047,206.17027199999106,0.0,749.4628679999958,681.0641837999972,0.17602079107014224,288.2392127999984,392.64895020892857,-241.80146901041974
2,1,44,1,531.1613616373372,217.4987737219549,0.0,748.6601353592921,678.6023125330343,0.17601243705095174,287.77762760493465,390.6486724910486,-237.19428918820643
2,1,45,1,498.0182130000043,248.44881599999596,0.0,746.4670290000003,671.8763551500008,0.17598961344607625,286.5165534000002,385.18381213655454,-224.60723983431467
2,1,46,1,452.7438300000033,290.7273599999969,0.0,743.4711900000002,662.6885265000006,0.17595843582200982,284.7938940000001,377.7186740641785,-207.41301065820892
2,1,47,1,407.46944700000336,327.1015439999994,0.0,734.5709910000028,648.7772098500027,0.1739905555181551,280.85709960000105,367.7461196944835,-189.92582296856358
2,1,48,1,374.32629836267057,332.11783724097137,0.0,706.4441356036419,621.3042532373141,0.16546114334871642,269.8708695061658,351.26792258779966,-176.05201051614335
2,4,1,1,1195.111764000004,1285.4983680000041,921.4647750000001,3402.0749070000084,2670.560496450007,0.6639937670144559,1400.635744200003,1269.2607584829898,-487.1768970051521
2,4,2,1,1235.1404180035956,1328.5543991971447,616.192085946344,3179.8869031470845,2575.132563731621,0.5952309812652796,1281.7210988926781,1292.8162338576776,-534.9730830792364
2,4,3,1,1344.5007345000042,1446.1856640000046,0.0,2790.686398500009,2434.2242289750075,0.5301422647118837,1064.3022621000032,1369.3918246102926,-645.080803016172
2,4,4,1,1493.889705,1606.8729599999997,0.0,3100.7626649999997,2704.69358775,0.5893331508747378,1182.5580689999997,1521.5461855991257,-716.7561139073132
2,4,5,1,1351.6341300000013,1453.8585600000017,0.0,2805.4926900000028,2447.139271500003,0.5216472701933343,1069.9490340000011,1376.6685902298086,-648.5165420181088
2,4,6,1,1441.5854805821975,1550.6129539035437,0.0,2992.198434485741,2609.9965696759227,0.55658572389167,1141.154220763388,1468.2857631886432,-691.6751055793188
2,4,7,1,1474.5099600000008,1586.0275200000049,0.0,3060.5374800000054,2669.6064780000047,0.5693750070479098,1167.217128000002,1501.819974992955,-707.4722351584446
2,4,8,1,1441.5854805821975,1550.612953903544,0.0,2992.1984344857415,2609.9965696759227,0.5565857238916703,1141.154220763388,1468.2857631886432,-691.6751055793197
2,4,9,1,1351.6341300000013,1453.8585600000013,0.0,2805.4926900000028,2447.139271500002,0.5216472701933342,1069.9490340000011,1376.6685902298077,-648.5165420181083
2,4,10,1,1228.7583000000004,1321.6896000000002,0.0,2550.4479000000006,2224.6720650000007,0.473976699907957,972.68094,1251.517148300093,-589.560782183441
2,4,11,1,1105.882470000004,1189.5206400000045,0.0,2295.4031100000084,2002.2048585000075,0.4263214588417809,875.4128460000031,1126.3656910411626,-530.605004464687
2,4,12,1,1011.6427308172455,1092.7662460964652,0.0,2104.408976913711,1835.2735911535556,0.3905401231687479,802.5427554269875,1032.3402956033995,-485.6185526567165
2,4,13,1,973.8174600000036,1057.3516800000043,0.0,2031.169140000008,1771.007931000007,0.37674781178616173,774.5771880000029,996.0539951882179,-467.7325498862517
2,4,14,1,1011.6427308172455,1092.7662460964652,0.0,2104.408976913711,1835.2735911535556,0.3905401231687479,802.5427554269872,1032.3402956033997,-485.6185526567167
2,4,15,1,1105.882470000004,1189.5206400000045,0.0,2295.4031100000084,2002.2048585000075,0.4263214588417809,875.4128460000031,1126.3656910411626,-530.6050044646872
2,4,16,1,1228.7583000000002,1321.6896,0.0,2550.4479,2224.672065,0.47397669990795716,972.68094,1251.5171483000925,-589.560782183441
2,4,17,1,1351.6341300000015,1453.8585600000015,0.0,2805.4926900000028,2447.139271500003,0.5216472701933343,1069.9490340000011,1376.6685902298086,-648.5165420181092
2,4,18,1,1441.5854805821975,1550.6129539035437,0.0,2992.198434485741,2609.9965696759227,0.5565857238916703,1141.154220763388,1468.2857631886432,-691.6751055793188
2,4,19,1,1474.5099600000008,1586.0275200000053,0.0,3060.5374800000063,2669.606478000005,0.5693750070479099,1167.2171280000023,1501.8199749929552,-707.4722351584451
2,4,20,1,1441.5854805821973,1550.612953903544,0.0,2992.198434485741,2609.9965696759227,0.5565857238916703,1141.154220763388,1468.2857631886432,-691.6751055793188
2,4,21,1,1351.6341300000013,1453.8585600000015,0.0,2805.4926900000028,2447.1392715000025,0.5216472701933345,1069.9490340000011,1376.6685902298082,-648.5165420181088
2,4,22,1,1228.7583000000004,1321.6896,0.0,2550.4479,2224.6720650000007,0.47397669990795716,972.6809400000001,1251.5171483000927,-589.560782183441
2,4,23,1,1105.882470000004,1189.5206400000047,0.0,2295.403110000009,2002.2048585000075,0.42632145884178096,875.4128460000031,1126.3656910411626,-530.605004464687
2,4,24,1,1015.9311194178074,1088.7301156488777,0.0,2104.661235066685,1836.118655966019,0.3905401231687479,802.6941103187719,1033.0340055240786,-487.2456177434001
2,4,25,1,973.8174600000037,1057.351680000004,0.0,2031.1691400000077,1771.007931000007,0.3767478117861617,774.5771880000029,996.0539951882179,-467.7325498862517
2,4,26,1,1015.9311194178072,1088.7301156488777,0.0,2104.6612350666846,1836.118655966019,0.3905401231687479,802.6941103187719,1033.0340055240786,-487.2456177434001
2,4,27,1,1105.882470000004,1189.5206400000047,0.0,2295.403110000009,2002.2048585000075,0.4263214588417809,875.4128460000031,1126.3656910411626,-530.605004464687
2,4,28,1,1228.7583000000004,1321.6896000000002,0.0,2550.4479000000006,2224.6720650000007,0.47397669990795716,972.68094,1251.517148300093,-589.560782183441
2,4,29,1,1351.634130000001,1453.8585600000017,0.0,2805.4926900000028,2447.1392715000025,0.5216472701933343,1069.9490340000011,1376.6685902298082,-648.5165420181083
2,4,30,1,1441.5854805821982,1550.612953903544,0.0,2992.198434485742,2609.9965696759236,0.5565857238916705,1141.154220763388,1468.285763188644,-691.6751055793202
2,4,31,1,1474.509960000001,1586.0275200000053,0.0,3060.5374800000063,2669.606478000005,0.5693750070479098,1167.217128000002,1501.8199749929554,-707.4722351584455
2,4,32,1,1441.5854805821975,1550.6129539035437,0.0,2992.198434485741,2609.9965696759227,0.5565857238916703,1141.154220763388,1468.2857631886432,-691.6751055793188
2,4,33,1,1351.6341300000015,1453.8585600000015,0.0,2805.4926900000028,2447.139271500003,0.5216472701933343,1069.9490340000011,1376.6685902298086,-648.5165420181092
2,4,34,1,1228.7583,1321.6896000000002,0.0,2550.4479,2224.672065,0.47397669990795704,972.68094,1251.5171483000925,-589.5607821834406
2,4,35,1,1105.8824700000039,1189.5206400000047,0.0,2295.4031100000084,2002.2048585000075,0.4263214588417809,875.4128460000031,1126.3656910411626,-530.605004464687
2,4,36,1,1011.6427308172455,1092.7662460964652,0.0,2104.408976913711,1835.2735911535556,0.3905401231687479,802.5427554269875,1032.3402956033995,-485.6185526567165
2,4,37,1,973.8174600000037,1057.3516800000043,0.0,2031.1691400000082,1771.007931000007,0.37674781178616173,774.5771880000029,996.0539951882179,-467.7325498862515
2,4,38,1,1011.6427308172454,1092.766246096465,0.0,2104.4089769137104,1835.2735911535551,0.3905401231687479,802.5427554269875,1032.340295603399,-485.618552656716
2,4,39,1,1105.8824700000039,1189.5206400000045,0.0,2295.4031100000084,2002.2048585000073,0.4263214588417809,875.4128460000031,1126.3656910411623,-530.6050044646868
2,4,40,1,1228.7583000000004,1321.6896000000002,0.0,2550.4479000000006,2224.6720650000007,0.4739766999079572,972.6809400000001,1251.5171483000927,-589.560782183441
2,4,41,1,1351.6341300000015,1453.8585600000015,0.0,2805.4926900000028,2447.139271500003,0.5216472701933345,1069.9490340000011,1376.6685902298086,-648.5165420181088
2,4,42,1,1441.585480582197,1550.6129539035435,0.0,2992.1984344857406,2609.996569675922,0.5565857238916703,1141.154220763388,1468.2857631886422,-691.6751055793188
2,4,43,1,1474.5099600000005,1586.0275200000053,0.0,3060.537480000006,2669.606478000005,0.5693750070479098,1167.217128000002,1501.8199749929554,-707.4722351584446
2,4,44,1,1441.5854805821975,1550.6129539035437,0.0,2992.198434485741,2609.9965696759227,0.5565857238916703,1141.154220763388,1468.2857631886432,-691.6751055793188
2,4,45,1,1351.6341300000015,1453.8585600000013,0.0,2805.4926900000028,2447.1392715000025,0.5216472701933343,1069.949034000001,1376.6685902298084,-648.5165420181088
2,4,46,1,1228.7583000000004,1321.6896000000002,0.0,2550.4479000000006,2224.6720650000007,0.47397669990795704,972.68094,1251.517148300093,-589.560782183441
2,4,47,1,1105.882470000004,1189.5206400000047,0.0,2295.403110000009,2002.2048585000075,0.42632145884178096,875.4128460000032,1126.3656910411623,-530.605004464687
2,4,48,1,1011.6427308172456,1092.766246096465,0.0,2104.408976913711,1835.2735911535553,0.3905401231687479,802.5427554269874,1032.3402956033992,-485.6185526567167
2,7,1,1,303.4785599999957,298.6829999999957,170.47800000000043,772.6395599999918,621.0139319999927,0.13492753284535758,313.9296930000006,306.9493114671467,-128.29013454500353
2,7,2,1,313.6431643840154,303.73373509764946,176.18793030340942,793.5648297850743,637.8513559098093,0.1385648267356962,322.58687578392056,315.12591529915306,-132.34040577286453
2,7,3,1,341.41337999999985,317.53259999999983,0.0,658.9459799999997,578.3687909999996,0.11256942479697482,251.62344900000036,326.63277257520224,-161.34806400440243
2,7,4,1,379.3481999999941,336.3821999999999,0.0,715.730399999994,629.4865499999943,0.12215147110342463,273.4196850000006,355.9447135288903,-178.45744995037046
2,7,5,1,417.28301999999394,355.2318000000008,0.0,772.5148199999948,680.6043089999948,0.13173351740987435,295.21592100000055,385.2566544825844,-195.5668358963469
2,7,6,1,445.05323561597277,369.03066490235113,0.0,814.0839005183238,718.025105757055,0.13874806214667326,311.1718731657624,406.714484529146,-208.09177569510484
2,7,7,1,455.21784000000156,374.0814000000007,0.0,829.2992400000023,731.7220680000021,0.1413155637163242,317.0121570000009,414.5685954362848,-212.67622184233164
2,7,8,1,445.05323561597305,369.0306649023512,0.0,814.0839005183243,718.0251057570554,0.13874806214667335,311.1718731657627,406.71448452914603,-208.09177569510462
2,7,9,1,417.2830199999939,355.2318000000015,0.0,772.5148199999953,680.6043089999954,0.1317335174098745,295.2159210000009,385.2566544825846,-195.5668358963468
2,7,10,1,379.3481999999949,336.3822000000008,0.0,715.7303999999957,629.4865499999958,0.12215147110342463,273.41968500000064,355.9447135288917,-178.4574499503724
2,7,11,1,341.4133800000005,317.53260000000057,0.0,658.9459800000011,578.3687910000009,0.11256942479697482,251.6234490000004,326.6327725752035,-161.3480640044038
2,7,12,1,313.64316438402057,303.7337350976502,0.0,617.3768994816708,540.9479942429397,0.10555488006017595,235.6674968342386,305.17494252864094,-148.8231242056445
2,7,13,1,303.4785600000006,298.68299999999556,0.0,602.1615599999961,527.2510319999969,0.10298737849052514,229.82721300000043,297.320831621506,-144.23867805842355
2,7,14,1,313.64316438402057,303.73373509765025,0.0,617.3768994816708,540.9479942429398,0.10555488006017592,235.6674968342386,305.17494252864105,-148.8231242056446
2,7,15,1,341.41338000000053,317.53260000000046,0.0,658.945980000001,578.3687910000008,0.11256942479697482,251.6234490000004,326.6327725752034,-161.3480640044038
2,7,16,1,379.34819999999485,336.3822000000008,0.0,715.7303999999956,629.4865499999958,0.12215147110342463,273.4196850000006,355.9447135288918,-178.45744995037228
2,7,17,1,417.2830199999942,355.2318000000015,0.0,772.5148199999958,680.6043089999957,0.13173351740987457,295.215921000001,385.25665448258485,-195.56683589634702
2,7,18,1,445.05323561597305,369.0306649023512,0.0,814.0839005183243,718.0251057570554,0.13874806214667326,311.1718731657625,406.7144845291462,-208.09177569510484
2,7,19,1,455.21784000000156,374.0814000000006,0.0,829.2992400000021,731.7220680000019,0.1413155637163242,317.0121570000009,414.56859543628457,-212.67622184233142
2,7,20,1,445.0532356159732,369.0306649023512,0.0,814.0839005183244,718.0251057570555,0.13874806214667337,311.1718731657627,406.71448452914615,-208.09177569510484
2,7,21,1,417.28301999999377,355.2318000000008,0.0,772.5148199999946,680.6043089999947,0.13173351740987438,295.21592100000066,385.25665448258417,-195.56683589634667
2,7,22,1,379.3482000000007,336.3822000000008,0.0,715.7304000000015,629.4865500000013,0.12215147110342463,273.4196850000006,355.94471352889735,-178.45744995037967
2,7,23,1,341.4133800000005,317.53260000000057,0.0,658.9459800000011,578.3687910000009,0.11256942479697482,251.6234490000004,326.6327725752035,-161.3480640044038
2,7,24,1,313.64316438402057,303.7337350976502,0.0,617.3768994816708,540.9479942429397,0.10555488006017592,235.6674968342386,305.17494252864094,-148.8231242056445
2,7,25,1,303.4785600000006,298.6829999999957,0.0,602.1615599999963,527.251031999997,0.10298737849052514,229.82721300000043,297.3208316215061,-144.23867805842366
2,7,26,1,313.64316438402057,303.73373509765025,0.0,617.3768994816708,540.9479942429398,0.10555488006017595,235.6674968342386,305.17494252864105,-148.8231242056446
2,7,27,1,341.41338000000053,317.5326000000005,0.0,658.9459800000011,578.3687910000009,0.11256942479697482,251.6234490000004,326.6327725752035,-161.3480640044038
2,7,28,1,379.3482000000008,336.3822000000008,0.0,715.7304000000016,629.4865500000014,0.12215147110342463,273.41968500000064,355.9447135288974,-178.45744995037978
2,7,29,1,417.28301999999394,355.2318000000009,0.0,772.5148199999949,680.6043089999949,0.13173351740987438,295.21592100000066,385.2566544825844,-195.56683589634702
2,7,30,1,445.05323561597305,369.0306649023512,0.0,814.0839005183243,718.0251057570554,0.13874806214667335,311.1718731657627,406.71448452914603,-208.09177569510462
2,7,31,1,455.21784000000105,374.0814000000006,0.0,829.2992400000016,731.7220680000014,0.14131556371632406,317.0121570000007,414.56859543628434,-212.67622184233153
2,7,32,1,445.05323561597334,369.03066490235113,0.0,814.0839005183245,718.0251057570556,0.13874806214667335,311.17187316576263,406.7144845291463,-208.09177569510507
2,7,33,1,417.2830199999941,355.2318000000009,0.0,772.514819999995,680.604308999995,0.13173351740987435,295.21592100000066,385.2566544825845,-195.56683589634724
2,7,34,1,379.34820000000076,336.3822000000008,0.0,715.7304000000015,629.4865500000014,0.12215147110342463,273.41968500000064,355.9447135288974,-178.45744995037978
2,7,35,1,341.4133800000006,317.5326000000005,0.0,658.9459800000011,578.368791000001,0.11256942479697482,251.62344900000042,326.6327725752036,-161.3480640044038
2,7,36,1,313.64316438402057,303.73373509765025,0.0,617.3768994816708,540.9479942429398,0.10555488006017592,235.6674968342386,305.17494252864105,-148.82312420564472
2,7,37,1,303.4785600000006,298.68299999999573,0.0,602.1615599999964,527.2510319999972,0.10298737849052514,229.82721300000043,297.3208316215062,-144.23867805842366
2,7,38,1,313.64316438402057,303.73373509765025,0.0,617.3768994816708,540.9479942429398,0.10555488006017595,235.66749683423856,305.17494252864105,-148.82312420564472
2,7,39,1,341.41338000000053,317.53260000000057,0.0,658.9459800000011,578.3687910000009,0.11256942479697485,251.62344900000042,326.6327725752035,-161.34806400440368
2,7,40,1,379.3481999999948,336.3822000000008,0.0,715.7303999999956,629.4865499999958,0.12215147110342463,273.41968500000064,355.9447135288917,-178.45744995037228
2,7,41,1,417.2830199999939,355.23180000000144,0.0,772.5148199999953,680.6043089999953,0.1317335174098745,295.2159210000009,385.2566544825845,-195.5668358963468
2,7,42,1,445.05323561597316,369.0306649023512,0.0,814.0839005183243,718.0251057570554,0.13874806214667335,311.1718731657627,406.71448452914603,-208.09177569510473
2,7,43,1,455.217840000001,374.0814000000013,0.0,829.2992400000023,731.722068000002,0.1413155637163242,317.01215700000085,414.56859543628474,-212.67622184233153
2,7,44,1,445.05323561597334,369.03066490235113,0.0,814.0839005183245,718.0251057570556,0.13874806214667335,311.1718731657627,406.71448452914626,-208.09177569510496
2,7,45,1,417.28301999999394,355.2318000000015,0.0,772.5148199999954,680.6043089999955,0.1317335174098745,295.2159210000009,385.25665448258474,-195.5668358963469
2,7,46,1,379.34819999999496,336.3822000000008,0.0,715.7303999999958,629.4865499999959,0.12215147110342463,273.41968500000064,355.94471352889184,-178.4574499503725
2,7,47,1,341.41338000000053,317.5326000000005,0.0,658.9459800000011,578.3687910000009,0.11256942479697482,251.6234490000004,326.6327725752035,-161.3480640044038
2,7,48,1,313.64316438402057,303.7337350976502,0.0,617.3768994816708,540.9479942429397,0.10555488006017595,235.6674968342386,305.17494252864094,-148.8231242056445
2,8,1,1,2789.0339400000094,2999.220840000008,1861.328700000001,7649.583480000018,6072.689700000016,1.5481061050131633,3125.764719000006,2945.376874894997,-1163.8718512108244
2,8,2,1,2882.4488639857573,3076.386597377859,1541.421178385821,7500.256639749437,6047.217346800959,1.4739182589799085,3033.147804508957,3012.5956240330215,-1237.5134444995674
2,8,3,1,3137.663182500003,3278.1117600000025,0.0,6415.774942500006,5603.269431375005,1.2651659020706922,2447.443498500002,3154.560766972933,-1500.550624239253
2,8,4,1,3486.2924250000074,3548.16,0.0,7034.452425000007,6150.5058037500075,1.3857681581994916,2684.061765000003,3465.058270591805,-1662.5924517321046
2,8,5,1,2604.3903270000096,2507.113224000002,0.0,5111.503551000012,4479.861389850011,0.8545285219555613,1951.2837036000046,2527.723157728051,-1235.0545860077227
2,8,6,1,2768.5456522669956,2560.031208401507,0.0,5328.576860668502,4678.143336374851,0.8891385150152925,2034.8588387365744,2642.395359123261,-1307.66752503113
2,8,7,1,2820.866202000001,2585.034144000001,0.0,5405.900346000002,4747.850207100002,0.9013655060445599,2064.5476236000004,2682.4012179939573,-1331.2165826096161
2,8,8,1,2768.5456522669947,2560.031208401507,0.0,5328.5768606685015,4678.143336374851,0.8891385150152927,2034.8588387365746,2642.395359123261,-1307.6675250311291
2,8,9,1,2629.5309810000094,2483.4514320000026,0.0,5112.9824130000125,4484.815577550011,0.8545285219555613,1952.1710208000047,2531.7900282280507,-1244.593245907723
2,8,10,1,2394.017010000007,2373.2755199999997,0.0,4767.292530000006,4172.936575500006,0.7994607537214489,1819.420218000002,2352.716896746283,-1138.7089142873288
2,8,11,1,2154.615309000002,2220.7157280000006,0.0,4375.331037000003,3823.4571259500026,0.7374892380404539,1669.266106200001,2153.453530511961,-1029.055440538954
2,8,12,1,1983.6494890501513,2104.998078616272,0.0,4088.647567666423,3568.465477490661,0.6921951962292956,1559.4970222888078,2008.276260005624,-950.4105073164046
2,8,13,1,1924.4027880000026,2059.3132560000063,0.0,3983.716044000009,3475.6332534000076,0.6755734668452533,1519.3635534000032,1955.594126533159,-922.878682755349
2,8,14,1,1983.6494890501508,2104.998078616272,0.0,4088.6475676664227,3568.4654774906608,0.6921951962292956,1559.4970222888078,2008.2762600056235,-950.4105073164042
2,8,15,1,2154.6153090000016,2220.715728000001,0.0,4375.331037000003,3823.4571259500026,0.7374892380404539,1669.266106200001,2153.453530511961,-1029.0554405389535
2,8,16,1,2394.0170100000064,2373.27552,0.0,4767.292530000006,4172.936575500006,0.799460753721449,1819.420218000002,2352.716896746283,-1138.7089142873283
2,8,17,1,2603.93675850001,2507.540112000002,0.0,5111.4768705000115,4479.772010175011,0.8545285219555613,1951.2676953000048,2527.6497863530512,-1234.8824967827231
2,8,18,1,2765.7813464557153,2562.6329079885936,0.0,5328.414254444309,4677.5986055238045,0.8891385150152925,2034.761275002059,2641.94819200673,-1306.618714885084
2,8,19,1,2820.8662020000015,2585.0341440000007,0.0,5405.900346000002,4747.850207100002,0.9013655060445599,2064.547623600001,2682.401217993957,-1331.2165826096152
2,8,20,1,2762.4641794821805,2565.7549474930975,0.0,5328.219126975278,4676.944928502549,0.8891385150152925,2034.6441985206402,2641.4115914668937,-1305.360142709832
2,8,21,1,2629.53098100001,2483.4514320000026,0.0,5112.9824130000125,4484.815577550011,0.8545285219555615,1952.1710208000047,2531.7900282280507,-1244.593245907724
2,8,22,1,2394.0170100000005,2373.2755200000006,0.0,4767.292530000001,4172.936575500001,0.7994607537214475,1819.4202179999997,2352.71689674628,-1138.708914287326
2,8,23,1,2154.615309000002,2220.7157280000006,0.0,4375.331037000003,3823.4571259500026,0.7374892380404536,1669.266106200001,2153.453530511961,-1029.055440538954
2,8,24,1,1979.361100449589,2109.0342090638596,0.0,4088.3953095134484,3567.620412678197,0.6921951962292956,1559.3456673970231,2007.5825500849446,-948.7834422297205
2,8,25,1,1924.4027880000026,2059.3132560000063,0.0,3983.716044000009,3475.6332534000076,0.6755734668452533,1519.363553400003,1955.5941265331592,-922.8786827553495
2,8,26,1,1979.3611004495892,2109.0342090638596,0.0,4088.395309513449,3567.6204126781977,0.6921951962292957,1559.3456673970231,2007.582550084945,-948.7834422297205
2,8,27,1,2154.6153090000016,2220.7157280000006,0.0,4375.331037000002,3823.4571259500017,0.7374892380404539,1669.2661062000006,2153.4535305119607,-1029.0554405389535
2,8,28,1,2394.017010000001,2373.2755199999997,0.0,4767.292530000001,4172.9365755,0.7994607537214476,1819.4202179999997,2352.716896746279,-1138.7089142873265
2,8,29,1,2603.9367585000095,2507.5401120000024,0.0,5111.4768705000115,4479.772010175011,0.8545285219555613,1951.2676953000048,2527.6497863530512,-1234.8824967827231
2,8,30,1,2763.017040644436,2565.23460757568,0.0,5328.251648220115,4677.053874672758,0.8891385150152925,2034.6637112675435,2641.501024890199,-1305.5699047390399
2,8,31,1,2820.8662020000015,2585.0341440000007,0.0,5405.900346000002,4747.850207100002,0.9013655060445602,2064.5476236000004,2682.4012179939573,-1331.2165826096161
2,8,32,1,2766.1026100567224,2562.330542246469,0.0,5328.4331523031915,4677.661913351061,0.8891385150152924,2034.772613717389,2642.0001611186567,-1306.7406060748772
2,8,33,1,2603.93675850001,2507.540112000002,0.0,5111.4768705000115,4479.772010175011,0.8545285219555613,1951.2676953000046,2527.6497863530512,-1234.8824967827231
2,8,34,1,2394.0170100000005,2373.2755199999997,0.0,4767.292530000001,4172.9365755,0.7994607537214476,1819.4202179999997,2352.716896746279,-1138.708914287326
2,8,35,1,2154.615309000002,2220.7157280000006,0.0,4375.331037000003,3823.4571259500026,0.7374892380404539,1669.2661062000009,2153.4535305119616,-1029.0554405389544
2,8,36,1,1983.6494890501508,2104.9980786162723,0.0,4088.647567666423,3568.465477490661,0.6921951962292956,1559.4970222888078,2008.276260005624,-950.4105073164051
2,8,37,1,1924.4027880000024,2059.3132560000063,0.0,3983.716044000009,3475.6332534000076,0.6755734668452533,1519.3635534000032,1955.594126533159,-922.8786827553495
2,8,38,1,1983.6494890501506,2104.9980786162723,0.0,4088.647567666423,3568.4654774906608,0.6921951962292956,1559.4970222888078,2008.2762600056235,-950.4105073164037
2,8,39,1,2154.6153090000016,2220.715728000001,0.0,4375.331037000003,3823.4571259500026,0.7374892380404539,1669.266106200001,2153.453530511961,-1029.055440538953
2,8,40,1,2394.017010000007,2373.27552,0.0,4767.292530000007,4172.936575500007,0.799460753721449,1819.4202180000025,2352.7168967462835,-1138.7089142873292
2,8,41,1,2603.93675850001,2507.5401120000024,0.0,5111.476870500012,4479.772010175011,0.8545285219555615,1951.267695300005,2527.649786353051,-1234.8824967827231
2,8,42,1,2764.167595988826,2564.1517319574305,0.0,5328.319327946257,4677.280601755329,0.8891385150152924,2034.7043191032278,2641.687144137086,-1306.0064389726476
2,8,43,1,2820.8662020000015,2585.0341440000007,0.0,5405.900346000002,4747.850207100002,0.90136550604456,2064.5476236000004,2682.4012179939573,-1331.2165826096161
2,8,44,1,2763.683842471852,2564.60702938517,0.0,5328.290871857022,4677.185273856396,0.8891385150152924,2034.6872454496875,2641.608889891693,-1305.8228971970884
2,8,45,1,2627.45752500001,2485.4029200000023,0.0,5112.860445000012,4484.406984750011,0.8545285219555613,1952.097840000005,2531.4546162280512,-1243.806552307723
2,8,46,1,2394.0170100000064,2373.27552,0.0,4767.292530000006,4172.936575500006,0.799460753721449,1819.420218000002,2352.716896746283,-1138.7089142873283
2,8,47,1,2154.615309000002,2220.7157280000006,0.0,4375.331037000003,3823.4571259500026,0.7374892380404539,1669.266106200001,2153.453530511961,-1029.0554405389535
2,8,48,1,1983.6494890501513,2104.998078616272,0.0,4088.647567666423,3568.465477490661,0.6921951962292956,1559.4970222888078,2008.276260005624,-950.4105073164046
2,9,1,1,65.64373200000006,70.60838399999996,51.715125000000015,187.967241,147.29157135000003,0.058587537895169836,77.47615260000002,69.75683121210484,-26.63044307245565
2,9,2,1,67.84238012219568,72.97331643395835,0.0,140.81569655615402,122.82891426325259,0.04274106940825566,53.70380006311623,69.0823731307281,-32.531580998716805
2,9,3,1,73.84919850000001,79.43443199999999,0.0,153.28363050000002,133.704284175,0.046525397740281936,58.4587773,75.19898147725971,-35.411953094303016
2,9,4,1,82.05466500000004,88.26048,0.0,170.31514500000003,148.56031575000003,0.05169488637809105,64.95419700000002,83.5544238636219,-39.34661454922559
2,9,5,1,90.26013150000006,97.08652800000004,0.0,187.3466595000001,163.4163473250001,0.05686437501590016,71.44961670000004,91.90986624998416,-43.28127600414811
2,9,6,1,96.26694987780444,103.54764356604163,0.0,199.81459344384606,174.29171723674753,0.06064870334792642,76.20459393688381,98.02647459651578,-46.16164809973435
2,9,7,1,98.46559800000007,105.91257599999997,0.0,204.37817400000006,178.27237890000004,0.062033863653709234,77.9450364,100.26530863634632,-47.215937459070716
2,9,8,1,96.26694987780445,103.54764356604176,0.0,199.8145934438462,174.29171723674762,0.060648703347926464,76.20459393688385,98.02647459651583,-46.16164809973435
2,9,9,1,90.26013150000009,97.08652800000007,0.0,187.34665950000016,163.41634732500015,0.05686437501590018,71.44961670000006,91.90986624998419,-43.28127600414817
2,9,10,1,82.05466500000006,88.26048000000004,0.0,170.3151450000001,148.5603157500001,0.051694886378091054,64.95419700000004,83.55442386362195,-39.34661454922559
2,9,11,1,73.84919850000004,79.43443200000003,0.0,153.28363050000007,133.70428417500005,0.04652539774028196,58.45877730000003,75.19898147725974,-35.411953094303044
2,9,12,1,67.84238012219566,72.97331643395835,0.0,140.81569655615402,122.82891426325256,0.04274106940825565,53.703800063116226,69.08237313072809,-32.531580998716805
2,9,13,1,65.64373200000004,70.60838400000004,0.0,136.2521160000001,118.84825260000008,0.04135590910247285,51.96335760000004,66.84353909089756,-31.477291639380468
2,9,14,1,67.84238012219566,72.97331643395835,0.0,140.81569655615402,122.82891426325256,0.04274106940825565,53.703800063116226,69.08237313072809,-32.531580998716805
2,9,15,1,73.84919850000004,79.43443200000003,0.0,153.28363050000007,133.70428417500005,0.04652539774028196,58.45877730000003,75.19898147725974,-35.411953094303044
2,9,16,1,82.05466500000006,88.26048000000004,0.0,170.3151450000001,148.5603157500001,0.051694886378091054,64.95419700000004,83.55442386362195,-39.34661454922559
2,9,17,1,90.26013150000009,97.08652800000007,0.0,187.34665950000016,163.41634732500015,0.05686437501590018,71.44961670000006,91.90986624998419,-43.28127600414817
2,9,18,1,96.26694987780445,103.54764356604176,0.0,199.8145934438462,174.29171723674762,0.060648703347926464,76.20459393688385,98.02647459651583,-46.16164809973435
2,9,19,1,98.46559800000007,105.91257600000003,0.0,204.37817400000012,178.2723789000001,0.06203386365370927,77.94503640000005,100.26530863634633,-47.215937459070716
2,9,20,1,96.26694987780445,103.54764356604176,0.0,199.8145934438462,174.29171723674762,0.060648703347926464,76.20459393688385,98.02647459651583,-46.16164809973435
2,9,21,1,90.26013150000009,97.08652800000007,0.0,187.34665950000016,163.41634732500015,0.05686437501590018,71.44961670000006,91.90986624998419,-43.28127600414817
2,9,22,1,82.05466500000006,88.26048000000004,0.0,170.3151450000001,148.5603157500001,0.051694886378091054,64.95419700000004,83.55442386362195,-39.34661454922559
2,9,23,1,73.84919850000004,79.43443200000003,0.0,153.28363050000007,133.70428417500005,0.04652539774028196,58.45877730000003,75.19898147725974,-35.411953094303044
2,9,24,1,67.84238012219566,72.97331643395835,0.0,140.81569655615402,122.82891426325256,0.04274106940825565,53.703800063116226,69.08237313072809,-32.531580998716805
2,9,25,1,65.64373200000004,70.60838400000004,0.0,136.2521160000001,118.84825260000008,0.04135590910247285,51.96335760000004,66.84353909089756,-31.477291639380468
2,9,26,1,67.84238012219566,72.97331643395835,0.0,140.81569655615402,122.82891426325256,0.04274106940825565,53.703800063116226,69.08237313072809,-32.531580998716805
2,9,27,1,73.84919850000004,79.43443200000003,0.0,153.28363050000007,133.70428417500005,0.04652539774028196,58.45877730000003,75.19898147725974,-35.411953094303044
2,9,28,1,82.05466500000006,88.26048000000004,0.0,170.3151450000001,148.5603157500001,0.051694886378091054,64.95419700000004,83.55442386362195,-39.34661454922559
2,9,29,1,90.26013150000009,97.08652800000007,0.0,187.34665950000016,163.41634732500015,0.05686437501590018,71.44961670000006,91.90986624998419,-43.28127600414817
2,9,30,1,96.26694987780445,103.54764356604176,0.0,199.8145934438462,174.29171723674762,0.060648703347926464,76.20459393688385,98.02647459651583,-46.16164809973435
2,9,31,1,98.46559800000007,105.91257600000006,0.0,204.37817400000012,178.2723789000001,0.062033863653709276,77.94503640000005,100.26530863634633,-47.215937459070716
2,9,32,1,96.26694987780445,103.54764356604176,0.0,199.8145934438462,174.29171723674762,0.060648703347926464,76.20459393688385,98.02647459651583,-46.16164809973435
2,9,33,1,90.26013150000009,97.08652800000007,0.0,187.34665950000016,163.41634732500015,0.05686437501590018,71.44961670000006,91.90986624998419,-43.28127600414817
2,9,34,1,82.05466500000006,88.26048000000004,0.0,170.3151450000001,148.5603157500001,0.051694886378091054,64.95419700000004,83.55442386362195,-39.34661454922559
2,9,35,1,73.84919850000004,79.43443200000003,0.0,153.28363050000007,133.70428417500005,0.04652539774028196,58.45877730000003,75.19898147725974,-35.411953094303044
2,9,36,1,67.84238012219566,72.97331643395835,0.0,140.81569655615402,122.82891426325256,0.04274106940825565,53.703800063116226,69.08237313072809,-32.531580998716805
2,9,37,1,65.64373200000004,70.60838400000004,0.0,136.2521160000001,118.84825260000008,0.04135590910247285,51.96335760000004,66.84353909089756,-31.477291639380468
2,9,38,1,67.84238012219566,72.97331643395835,0.0,140.81569655615402,122.82891426325256,0.04274106940825565,53.703800063116226,69.08237313072809,-32.531580998716805
2,9,39,1,73.84919850000004,79.43443200000003,0.0,153.28363050000007,133.70428417500005,0.04652539774028196,58.45877730000003,75.19898147725974,-35.411953094303044
2,9,40,1,82.05466500000006,88.26048000000004,0.0,170.3151450000001,148.5603157500001,0.051694886378091054,64.95419700000004,83.55442386362195,-39.34661454922559
2,9,41,1,90.26013150000009,97.08652800000007,0.0,187.34665950000016,163.41634732500015,0.05686437501590018,71.44961670000006,91.90986624998419,-43.28127600414817
2,9,42,1,96.26694987780445,103.54764356604176,0.0,199.8145934438462,174.29171723674762,0.060648703347926464,76.20459393688385,98.02647459651583,-46.16164809973435
2,9,43,1,98.46559800000007,105.91257600000003,0.0,204.37817400000012,178.2723789000001,0.06203386365370927,77.94503640000005,100.26530863634633,-47.215937459070716
2,9,44,1,96.26694987780445,103.54764356604176,0.0,199.8145934438462,174.29171723674762,0.060648703347926464,76.20459393688385,98.02647459651583,-46.16164809973435
2,9,45,1,90.26013150000009,97.08652800000007,0.0,187.34665950000016,163.41634732500015,0.05686437501590018,71.44961670000006,91.90986624998419,-43.28127600414817
2,9,46,1,82.05466500000006,88.26048000000004,0.0,170.3151450000001,148.5603157500001,0.051694886378091054,64.95419700000004,83.55442386362195,-39.34661454922559
2,9,47,1,73.84919850000004,79.43443200000003,0.0,153.28363050000007,133.70428417500005,0.04652539774028196,58.45877730000003,75.19898147725974,-35.411953094303044
2,9,48,1,67.84238012219566,72.97331643395835,0.0,140.81569655615402,122.82891426325256,0.04274106940825565,53.703800063116226,69.08237313072809,-32.531580998716805
2,11,1,1,75.20990400000007,80.89804800000005,59.25150000000002,215.35945200000015,168.7561722000001,0.04169335984700055,88.76664720000005,79.94783164015305,-30.540932146845222
2,11,2,1,77.72895812995282,83.60761882885681,60.30925457485662,221.64583153366627,173.89869530271176,0.0428555090595997,91.28254757212441,82.57329222152775,-31.65063358381758
2,11,3,1,84.61114200000004,91.01030400000005,1.565190505620317e-08,175.621446015652,153.18882810860862,0.033109432821175,66.97789560772163,86.17782306806582,-40.596051026914466
2,11,4,1,94.01238000000006,101.12256000000005,0.0,195.1349400000001,170.20980900000012,0.0367882586885299,74.41988400000004,95.75313674131156,-45.1067233648634
2,11,5,1,103.41361800000034,111.23481600000008,0.0,214.6484340000004,187.2307899000004,0.04046708455738295,81.86187240000015,105.32845041544286,-49.61739570134989
2,11,6,1,110.29580187004728,118.6375011711433,0.0,228.93330304119058,199.69101271345954,0.043160172005582004,87.30978601813827,112.3380665233157,-52.919437027953165
2,11,7,1,112.81485600000008,121.34707200000004,0.0,234.1619280000001,204.2517708000001,0.044145910426235876,89.30386080000004,114.90376408957381,-54.1280680378361
2,11,8,1,110.29580187004731,118.6375011711433,0.0,228.9333030411906,199.6910127134596,0.04316017200558201,87.30978601813828,112.33806652331575,-52.919437027953194
2,11,9,1,103.41361800000033,111.23481600000008,0.0,214.6484340000004,187.2307899000004,0.04046708455738295,81.86187240000015,105.32845041544286,-49.61739570134989
2,11,10,1,94.01238000000006,101.12256000000005,0.0,195.1349400000001,170.20980900000012,0.0367882586885299,74.41988400000004,95.75313674131156,-45.1067233648634
2,11,11,1,84.61114200000004,91.01030400000006,0.0,175.6214460000001,153.18882810000008,0.03310943281967691,66.97789560000002,86.17782306718037,-40.596051028377104
2,11,12,1,77.72895812995282,83.60761882885681,0.0,161.33657695880964,140.7286052865406,0.0304163453714778,61.52998198186181,79.16820695930734,-37.29400970177366
2,11,13,1,75.20990400000007,80.89804800000005,0.0,156.10795200000013,136.1678472000001,0.029430606950823925,59.53590720000004,76.60250939304923,-36.08537869189075
2,11,14,1,77.72895812995282,83.60761882885681,0.0,161.33657695880964,140.7286052865406,0.0304163453714778,61.52998198186181,79.16820695930734,-37.29400970177366
2,11,15,1,84.61114200000004,91.01030400000005,0.0,175.6214460000001,153.18882810000008,0.03310943281967691,66.97789560000002,86.17782306718037,-40.596051028377076
2,11,16,1,94.01238000000006,101.12256000000005,0.0,195.1349400000001,170.20980900000012,0.0367882586885299,74.41988400000004,95.75313674131156,-45.1067233648634
2,11,17,1,103.41361800000034,111.23481600000008,0.0,214.6484340000004,187.2307899000004,0.04046708455738295,81.86187240000015,105.32845041544286,-49.61739570134989
2,11,18,1,110.29580187004728,118.6375011711433,0.0,228.93330304119058,199.69101271345954,0.043160172005582004,87.30978601813827,112.3380665233157,-52.919437027953165
2,11,19,1,112.81485600000009,121.34707200000004,0.0,234.16192800000013,204.25177080000012,0.04414591042623587,89.30386080000005,114.90376408957383,-54.12806803783616
2,11,20,1,110.29580187004728,118.6375011711433,0.0,228.93330304119058,199.69101271345954,0.043160172005582004,87.30978601813827,112.3380665233157,-52.919437027953165
2,11,21,1,103.41361800000034,111.23481600000008,0.0,214.6484340000004,187.2307899000004,0.04046708455738295,81.86187240000015,105.32845041544286,-49.61739570134989
2,11,22,1,94.01238000000005,101.12256000000005,0.0,195.13494000000009,170.2098090000001,0.0367882586885299,74.41988400000004,95.75313674131154,-45.1067233648634
2,11,23,1,84.61114200000004,91.01030400000006,0.0,175.6214460000001,153.18882810000008,0.03310943281967691,66.97789560000002,86.17782306718037,-40.596051028377104
2,11,24,1,77.72895812995283,83.60761882885681,0.0,161.33657695880964,140.72860528654064,0.0304163453714778,61.52998198186181,79.16820695930737,-37.29400970177366
2,11,25,1,75.20990400000005,80.89804800000005,0.0,156.1079520000001,136.1678472000001,0.029430606950823925,59.53590720000004,76.60250939304923,-36.08537869189075
2,11,26,1,77.72895812995282,83.60761882885681,0.0,161.33657695880964,140.7286052865406,0.0304163453714778,61.52998198186181,79.16820695930734,-37.29400970177366
2,11,27,1,84.61114200000006,91.01030400000006,0.0,175.6214460000001,153.18882810000008,0.03310943281967691,66.97789560000004,86.17782306718036,-40.596051028377104
2,11,28,1,94.01238000000006,101.12256000000005,0.0,195.1349400000001,170.20980900000012,0.0367882586885299,74.41988400000004,95.75313674131156,-45.1067233648634
2,11,29,1,103.41361800000033,111.23481600000008,0.0,214.6484340000004,187.2307899000004,0.04046708455738295,81.86187240000015,105.32845041544286,-49.61739570134989
2,11,30,1,110.29580187004728,118.6375011711433,0.0,228.93330304119058,199.69101271345954,0.043160172005582004,87.30978601813827,112.3380665233157,-52.919437027953165
2,11,31,1,112.81485600000009,121.34707200000004,0.0,234.16192800000013,204.25177080000012,0.04414591042623587,89.30386080000005,114.90376408957383,-54.12806803783616
2,11,32,1,110.29580187004728,118.63750117114328,0.0,228.93330304119058,199.69101271345954,0.043160172005582004,87.30978601813825,112.33806652331572,-52.919437027953194
2,11,33,1,103.41361800000034,111.23481600000008,0.0,214.6484340000004,187.2307899000004,0.04046708455738295,81.86187240000015,105.32845041544286,-49.61739570134989
2,11,34,1,94.01238000000006,101.12256000000005,0.0,195.1349400000001,170.20980900000012,0.0367882586885299,74.41988400000004,95.75313674131156,-45.1067233648634
2,11,35,1,84.61114200000004,91.01030400000006,0.0,175.6214460000001,153.18882810000008,0.03310943281967691,66.97789560000002,86.17782306718037,-40.596051028377104
2,11,36,1,77.72895812995283,83.60761882885681,0.0,161.33657695880964,140.72860528654064,0.0304163453714778,61.52998198186181,79.16820695930737,-37.29400970177366
2,11,37,1,75.20990400000007,80.89804800000005,0.0,156.10795200000013,136.1678472000001,0.029430606950823925,59.53590720000003,76.60250939304925,-36.08537869189075
2,11,38,1,77.72895812995283,83.60761882885681,0.0,161.33657695880964,140.72860528654064,0.0304163453714778,61.52998198186181,79.16820695930737,-37.29400970177366
2,11,39,1,84.61114200000004,91.01030400000006,0.0,175.6214460000001,153.18882810000008,0.03310943281967691,66.97789560000002,86.17782306718037,-40.596051028377104
2,11,40,1,94.01238000000005,101.12256000000005,0.0,195.13494000000009,170.2098090000001,0.0367882586885299,74.41988400000004,95.75313674131154,-45.1067233648634
2,11,41,1,103.41361800000034,111.23481600000008,0.0,214.6484340000004,187.2307899000004,0.04046708455738295,81.86187240000015,105.32845041544286,-49.61739570134989
2,11,42,1,110.29580187004728,118.6375011711433,0.0,228.93330304119058,199.69101271345954,0.043160172005582004,87.30978601813827,112.3380665233157,-52.919437027953165
2,11,43,1,112.81485600000009,121.34707200000004,0.0,234.16192800000013,204.25177080000012,0.04414591042623587,89.30386080000005,114.90376408957383,-54.12806803783616
2,11,44,1,110.29580187004728,118.6375011711433,0.0,228.93330304119058,199.69101271345954,0.043160172005582004,87.30978601813828,112.33806652331569,-52.91943702795314
2,11,45,1,103.41361800000034,111.23481600000008,0.0,214.6484340000004,187.2307899000004,0.04046708455738295,81.86187240000015,105.32845041544286,-49.61739570134989
2,11,46,1,94.01238000000006,101.12256000000005,0.0,195.1349400000001,170.20980900000012,0.0367882586885299,74.41988400000004,95.75313674131156,-45.1067233648634
2,11,47,1,84.61114200000004,91.01030400000006,0.0,175.6214460000001,153.18882810000008,0.03310943281967691,66.97789560000002,86.17782306718037,-40.596051028377104
2,11,48,1,77.72895812995283,83.60761882885681,0.0,161.33657695880964,140.72860528654064,0.0304163453714778,61.52998198186181,79.16820695930737,-37.29400970177366
2,12,1,0,0.0,0.0,0.0,0.0,0.0,0.0,0.0,0.0,0.0
2,12,2,0,0.0,0.0,0.0,0.0,0.0,0.0,0.0,0.0,0.0
2,12,3,0,0.0,0.0,0.0,0.0,0.0,0.0,0.0,0.0,0.0
2,12,4,0,0.0,0.0,0.0,0.0,0.0,0.0,0.0,0.0,0.0
2,12,5,1,2261.9461095000024,2404.0502640000004,0.0,4665.996373500003,4072.0890152250026,0.949928057577545,1779.6861621000012,2291.452925067424,-1083.7477516744943
2,12,6,1,2421.645831345898,2572.559300028606,0.0,4994.205131374503,4358.610979801488,1.0195538896324798,1904.8781190920756,2452.71330681978,-1160.1992076551587
2,12,7,1,2487.8644560000016,2623.409712,0.0,5111.274168000002,4462.199002800002,1.0442999864974707,1949.6554308000007,2511.499272013504,-1190.9531536157547
2,12,8,1,2421.645831345898,2572.5593000286067,0.0,4994.205131374505,4358.610979801488,1.0195538896324798,1904.878119092076,2452.713306819779,-1160.1992076551578
2,12,9,1,2236.805455500002,2427.712056000001,0.0,4664.517511500004,4067.134827525003,0.9499280575775447,1778.798844900001,2287.3860545674243,-1074.2090917744936
2,12,10,1,2029.9252049999998,2183.4489600000006,0.0,4213.374165,3675.18811275,0.8563534645521778,1606.881969,2067.4497902854478,-973.8767652080228
2,12,11,1,1826.9326845000014,1965.104064000002,0.0,3792.0367485000033,3307.6693014750026,0.770548542132583,1446.1937721000013,1860.7049808328688,-876.4892865258466
2,12,12,1,1678.331845937535,1805.2645065546576,0.0,3483.5963524921926,3038.626858884384,0.7078729107393407,1328.561847792569,1709.3571381810757,-805.1965431895446
2,12,13,1,1623.9401640000015,1746.7591680000005,0.0,3370.699332000002,2940.1504902000015,0.6849320374511847,1285.5055752000005,1653.9599829625497,-779.1015880229747
2,12,14,1,1678.3318459375346,1805.2645065546576,0.0,3483.596352492192,3038.626858884384,0.7078729107393407,1328.5618477925689,1709.357138181076,-805.1965431895442
2,12,15,1,1826.9326845000003,1965.1040640000022,0.0,3792.0367485000024,3307.6693014750017,0.7705485421325826,1446.1937721000006,1860.7049808328686,-876.4892865258466
2,12,16,1,2029.9252050000002,2183.4489599999997,0.0,4213.374165,3675.18811275,0.8563534645521778,1606.8819689999998,2067.449790285448,-973.8767652080237
2,12,17,1,2262.399678000003,2403.6233760000014,0.0,4666.023054000005,4072.178394900004,0.949928057577545,1779.7021704000017,2291.526296442425,-1083.9198408994948
2,12,18,1,2424.410137157178,2569.95760044152,0.0,4994.367737598697,4359.155710652534,1.0195538896324798,1904.9756828265918,2453.16047393631,-1161.2480178012038
2,12,19,1,2487.8644560000016,2623.409712,0.0,5111.274168000002,4462.199002800002,1.0442999864974705,1949.6554308000007,2511.499272013504,-1190.9531536157547
2,12,20,1,2427.7273041307126,2566.835560937016,0.0,4994.562865067728,4359.809387673789,1.0195538896324798,1905.0927593080105,2453.6970744761466,-1162.5065899764559
2,12,21,1,2236.8054555000017,2427.712056000001,0.0,4664.517511500003,4067.1348275250025,0.949928057577545,1778.7988449000009,2287.3860545674243,-1074.209091774494
2,12,22,1,2029.9252050000002,2183.4489600000006,0.0,4213.374165000001,3675.1881127500005,0.856353464552178,1606.8819690000005,2067.4497902854478,-973.8767652080219
2,12,23,1,1826.9326845000012,1965.104064000001,0.0,3792.0367485000024,3307.6693014750017,0.770548542132583,1446.1937721000008,1860.7049808328684,-876.4892865258462
2,12,24,1,1678.331845937535,1805.2645065546574,0.0,3483.5963524921926,3038.626858884384,0.7078729107393407,1328.561847792569,1709.3571381810757,-805.1965431895446
2,12,25,1,1623.9401640000015,1746.7591680000005,0.0,3370.699332000002,2940.1504902000015,0.6849320374511849,1285.5055752000007,1653.9599829625495,-779.1015880229743
2,12,26,1,1678.331845937535,1805.2645065546571,0.0,3483.596352492192,3038.626858884384,0.7078729107393407,1328.5618477925689,1709.357138181076,-805.1965431895442
2,12,27,1,1826.9326845000014,1965.104064000002,0.0,3792.0367485000033,3307.6693014750026,0.770548542132583,1446.193772100001,1860.704980832869,-876.4892865258466
2,12,28,1,2029.9252050000002,2183.4489599999997,0.0,4213.374165,3675.18811275,0.8563534645521778,1606.8819690000005,2067.4497902854473,-973.8767652080219
2,12,29,1,2262.3996780000025,2403.6233760000014,0.0,4666.023054000004,4072.1783949000037,0.949928057577545,1779.7021704000017,2291.5262964424246,-1083.919840899493
2,12,30,1,2427.174442968456,2567.3559008544335,0.0,4994.530343822889,4359.700441503579,1.0195538896324798,1905.0732465611072,2453.6076410528394,-1162.2968279472461
2,12,31,1,2487.864456000002,2623.4097119999997,0.0,5111.274168000002,4462.199002800002,1.0442999864974707,1949.6554308000004,2511.499272013504,-1190.9531536157556
2,12,32,1,2424.08887355617,2570.259966183644,0.0,4994.348839739814,4359.092402825276,1.0195538896324798,1904.9643441112619,2453.1085048243813,-1161.1261266114088
2,12,33,1,2262.399678000003,2403.6233760000014,0.0,4666.023054000005,4072.178394900004,0.9499280575775451,1779.7021704000017,2291.526296442425,-1083.9198408994948
2,12,34,1,2029.9252049999998,2183.4489600000006,0.0,4213.374165,3675.18811275,0.8563534645521776,1606.881969,2067.4497902854478,-973.8767652080228
2,12,35,1,1826.9326845000012,1965.104064000002,0.0,3792.0367485000033,3307.6693014750026,0.770548542132583,1446.1937721000008,1860.7049808328693,-876.4892865258462
2,12,36,1,1678.331845937535,1805.2645065546578,0.0,3483.5963524921926,3038.6268588843845,0.7078729107393408,1328.561847792569,1709.3571381810762,-805.1965431895442
2,12,37,1,1623.9401640000012,1746.7591680000019,0.0,3370.699332000003,2940.150490200003,0.6849320374511851,1285.5055752000007,1653.9599829625508,-779.1015880229752
2,12,38,1,1678.331845937535,1805.2645065546576,0.0,3483.5963524921926,3038.626858884384,0.7078729107393408,1328.561847792569,1709.3571381810757,-805.1965431895446
2,12,39,1,1826.9326845000012,1965.1040640000012,0.0,3792.0367485000024,3307.669301475002,0.770548542132583,1446.1937721000006,1860.704980832869,-876.4892865258466
2,12,40,1,2029.9252049999996,2183.4489599999997,0.0,4213.374164999999,3675.188112749999,0.8563534645521778,1606.8819689999998,2067.4497902854473,-973.8767652080228
2,12,41,1,2262.3996780000025,2403.623376000001,0.0,4666.023054000003,4072.1783949000032,0.949928057577545,1779.7021704000013,2291.5262964424246,-1083.9198408994944
2,12,42,1,2426.0238876240664,2568.4387764726825,0.0,4994.462664096749,4359.4737144210085,1.0195538896324796,1905.0326387254229,2453.4215218059535,-1161.8602937136402
2,12,43,1,2487.8644560000016,2623.409711999999,0.0,5111.274168000001,4462.199002800001,1.0442999864974705,1949.6554308000004,2511.4992720135033,-1190.9531536157538
2,12,44,1,2426.5076411410405,2567.983479044943,0.0,4994.491120185983,4359.569042319943,1.0195538896324798,1905.0497123789637,2453.499776051347,-1162.0438354891976
2,12,45,1,2238.878911500002,2425.760568000001,0.0,4664.639479500003,4067.5434203250024,0.949928057577545,1778.8720257000014,2287.7214665674237,-1074.9957853744936
2,12,46,1,2029.9252050000002,2183.44896,0.0,4213.374165,3675.18811275,0.8563534645521776,1606.881969,2067.4497902854478,-973.8767652080228
2,12,47,1,1826.9326845000019,1965.1040640000012,0.0,3792.0367485000033,3307.6693014750026,0.770548542132583,1446.193772100001,1860.704980832869,-876.4892865258466
2,12,48,1,1678.331845937535,1805.2645065546576,0.0,3483.5963524921926,3038.626858884384,0.7078729107393407,1328.5618477925689,1709.357138181076,-805.1965431895451
2,14,1,1,964.5340320000009,1033.7397840000008,661.3039124999998,2659.5777285000013,2107.0163094750014,0.6749424664334039,1088.3618361000006,1017.9795309085673,-400.52325382249546
2,14,2,1,996.8397963683428,1062.6953512127611,397.49715983086196,2457.032307411966,2015.7775254271085,0.6107220749722574,981.6177470859161,1033.54905626622,-440.4453778891816
2,14,3,1,1085.1007860000004,1141.8034320000008,0.0,2226.9042180000015,1944.288492300001,0.5529155973390923,849.4507098000004,1094.2848669026616,-519.2086739031051
2,14,4,1,1205.66754,1249.8670799999995,0.0,2455.5346199999994,2145.277827,0.6087820110663851,936.7828469999997,1207.8861979889336,-575.9648533204231
2,14,5,1,730.6988535000007,698.7546719999998,0.0,1429.4535255000005,1253.1676484250006,0.34997098200731275,545.7160863000001,707.1015911429931,-346.1510039959919
2,14,6,1,779.3269158449391,703.4544030461536,0.0,1482.7813188910927,1303.1240924896151,0.36202459719878516,566.3576155291662,736.4044523632501,-367.1103663502313
2,14,7,1,797.1260220000005,705.1746239999999,0.0,1502.3006460000004,1321.4094201000003,0.366436526566306,573.9129396000001,747.1300439734339,-374.78202541900646
2,14,8,1,779.3269158449392,703.4544030461535,0.0,1482.7813188910927,1303.1240924896151,0.36202459719878516,566.3576155291663,736.40445236325,-367.1103663502313
2,14,9,1,730.6988535000007,698.7546719999998,0.0,1429.4535255000005,1253.1676484250006,0.3499709820073128,545.7160863000001,707.1015911429931,-346.1510039959917
2,14,10,1,664.2716849999999,667.5253199999999,0.0,1331.797005,1165.0783567499998,0.32712066200602635,508.21570799999995,656.5355280879937,-316.28696147765936
2,14,11,1,597.8445165000002,617.6958480000005,0.0,1215.5403645000006,1062.1089690750005,0.299483543879848,463.7402847000002,598.0692008311204,-285.49849755714024
2,14,12,1,549.2164541550616,581.2181427816693,0.0,1130.434596936731,986.7301456726439,0.2792517692367025,431.18201515626754,555.2688787471396,-262.959777680319
2,14,13,1,531.4173480000004,567.8663760000005,0.0,1099.2837240000008,959.1395814000008,0.27184642575366946,419.26486140000037,539.6028735742468,-254.71003363662078
2,14,14,1,549.2164541550615,581.2181427816694,0.0,1130.434596936731,986.7301456726439,0.2792517692367025,431.1820151562675,555.2688787471398,-262.959777680319
2,14,15,1,597.8445165000003,617.6958480000005,0.0,1215.5403645000008,1062.1089690750007,0.299483543879848,463.7402847000003,598.0692008311205,-285.49849755714024
2,14,16,1,664.2716850000002,667.5253199999999,0.0,1331.797005,1165.07835675,0.32712066200602635,508.21570799999995,656.535528087994,-316.2869614776596
2,14,17,1,730.6988535000007,698.754672,0.0,1429.4535255000008,1253.1676484250006,0.34997098200731286,545.7160863000003,707.101591142993,-346.1510039959919
2,14,18,1,779.3269158449392,703.4544030461534,0.0,1482.7813188910927,1303.124092489615,0.36202459719878516,566.3576155291663,736.4044523632498,-367.11036635023106
2,14,19,1,797.1260220000004,705.174624,0.0,1502.3006460000004,1321.4094201000003,0.366436526566306,573.9129396000001,747.1300439734339,-374.78202541900646
2,14,20,1,779.3269158449394,703.4544030461534,0.0,1482.7813188910927,1303.1240924896151,0.36202459719878516,566.3576155291663,736.40445236325,-367.1103663502315
2,14,21,1,730.6988535000007,698.7546719999998,0.0,1429.4535255000005,1253.1676484250006,0.34997098200731286,545.7160863000001,707.1015911429931,-346.1510039959917
2,14,22,1,664.271685,667.5253199999999,0.0,1331.797005,1165.0783567499998,0.3271206620060264,508.21570799999995,656.5355280879937,-316.28696147765936
2,14,23,1,597.8445165000003,617.6958480000004,0.0,1215.5403645000006,1062.1089690750005,0.299483543879848,463.74028470000025,598.0692008311203,-285.49849755714024
2,14,24,1,549.2164541550616,581.2181427816695,0.0,1130.434596936731,986.7301456726441,0.27925176923670253,431.18201515626765,555.2688787471398,-262.9597776803188
2,14,25,1,531.4173480000004,567.8663760000004,0.0,1099.2837240000008,959.1395814000007,0.27184642575366946,419.26486140000037,539.6028735742466,-254.71003363662078
2,14,26,1,549.2164541550616,581.2181427816694,0.0,1130.434596936731,986.730145672644,0.27925176923670253,431.1820151562676,555.2688787471398,-262.9597776803189
2,14,27,1,597.8445165000002,617.6958480000003,0.0,1215.5403645000006,1062.1089690750005,0.299483543879848,463.7402847000001,598.0692008311205,-285.49849755714047
2,14,28,1,664.2716850000002,667.5253199999997,0.0,1331.797005,1165.0783567499998,0.32712066200602635,508.21570799999984,656.5355280879938,-316.2869614776598
2,14,29,1,730.6988535000006,698.7546719999998,0.0,1429.4535255000005,1253.1676484250006,0.3499709820073128,545.7160863000001,707.1015911429931,-346.15100399599146
2,14,30,1,779.3269158449392,703.4544030461536,0.0,1482.7813188910927,1303.1240924896151,0.36202459719878516,566.3576155291663,736.40445236325,-367.1103663502315
2,14,31,1,797.1260220000005,705.174624,0.0,1502.3006460000006,1321.4094201000003,0.366436526566306,573.9129396000001,747.1300439734339,-374.78202541900646
2,14,32,1,779.3269158449392,703.4544030461536,0.0,1482.7813188910927,1303.1240924896151,0.36202459719878516,566.3576155291663,736.40445236325,-367.1103663502315
2,14,33,1,730.6988535000008,698.7546719999998,0.0,1429.4535255000005,1253.1676484250006,0.3499709820073128,545.7160863000001,707.1015911429931,-346.1510039959919
2,14,34,1,664.2716849999999,667.52532,0.0,1331.797005,1165.0783567499998,0.3271206620060264,508.21570799999995,656.5355280879937,-316.2869614776596
2,14,35,1,597.8445165000003,617.6958480000004,0.0,1215.5403645000006,1062.1089690750005,0.299483543879848,463.74028470000025,598.0692008311203,-285.49849755714024
2,14,36,1,549.2164541550617,581.2181427816693,0.0,1130.434596936731,986.7301456726441,0.2792517692367026,431.18201515626754,555.2688787471399,-262.9597776803189
2,14,37,1,531.4173480000005,567.8663760000006,0.0,1099.2837240000013,959.1395814000009,0.27184642575366963,419.2648614000004,539.6028735742468,-254.710033636621
2,14,38,1,549.2164541550616,581.2181427816694,0.0,1130.434596936731,986.730145672644,0.2792517692367025,431.18201515626754,555.2688787471398,-262.959777680319
2,14,39,1,597.8445165000002,617.6958480000005,0.0,1215.5403645000006,1062.1089690750005,0.299483543879848,463.7402847000003,598.0692008311203,-285.4984975571401
2,14,40,1,664.2716850000002,667.5253200000001,0.0,1331.7970050000004,1165.0783567500002,0.3271206620060265,508.215708,656.5355280879942,-316.2869614776598
2,14,41,1,730.6988535000006,698.7546719999998,0.0,1429.4535255000005,1253.1676484250006,0.3499709820073128,545.7160863000001,707.1015911429931,-346.1510039959919
2,14,42,1,779.3269158449393,703.4544030461535,0.0,1482.7813188910927,1303.1240924896151,0.36202459719878516,566.3576155291663,736.40445236325,-367.1103663502315
2,14,43,1,797.1260220000006,705.1746239999999,0.0,1502.3006460000006,1321.4094201000003,0.36643652656630604,573.9129396000002,747.1300439734338,-374.78202541900646
2,14,44,1,779.3269158449392,703.4544030461536,0.0,1482.7813188910927,1303.1240924896151,0.3620245971987851,566.3576155291664,736.4044523632499,-367.1103663502315
2,14,45,1,730.6988535000007,698.7546719999999,0.0,1429.4535255000005,1253.1676484250006,0.34997098200731275,545.7160863000001,707.1015911429931,-346.15100399599214
2,14,46,1,664.2716850000002,667.5253200000001,0.0,1331.7970050000004,1165.0783567500002,0.32712066200602646,508.215708,656.5355280879942,-316.2869614776598
2,14,47,1,597.8445165000002,617.6958480000003,0.0,1215.5403645000006,1062.1089690750005,0.299483543879848,463.7402847000002,598.0692008311204,-285.49849755714035
2,14,48,1,549.2164541550617,581.2181427816693,0.0,1130.434596936731,986.7301456726441,0.2792517692367025,431.18201515626754,555.2688787471399,-262.959777680319
3,1,1,1,362.195063999999,333.95392799999684,39.78686249999542,736.9337744999913,633.2809155749939,0.1761247164836948,286.1763596999962,346.9284311585139,-166.08007906410194
3,1,2,1,374.32629836267057,332.1178372409729,30.92254387043709,738.3980234563443,638.4663539633954,0.1761407283538128,285.8479319365,352.4422812985415,-171.9502122597554
3,1,3,1,407.46944700000336,327.10154400000107,6.7047749999976105,742.398426000002,652.6332351000027,0.17618447359649167,284.9506506000006,367.5064000264057,-187.9877143974726
3,1,4,1,452.7438300000033,290.7273599999987,1.2993750000000004,745.810065000002,663.5591077500021,0.17621824935589697,286.16256900000076,377.22032050064547,-206.07868254241953
3,1,5,1,498.0182130000043,248.44881599999806,1.4293125000000007,748.5824115000024,672.7653875250027,0.17621824935589703,287.70192990000095,384.88723937564583,-223.6731555924199
3,1,6,1,531.1613616373372,217.4987737219617,1.5244333518084816,750.6119099941884,679.5048520689965,0.17621824935589708,288.82882028998597,390.4998135296546,-236.55320379742125
3,1,7,1,543.2925960000047,206.1702719999982,1.5592500000000005,751.3547580000028,681.971667300003,0.1762182493558971,289.24129080000114,392.55415825064597,-241.26762864242005
3,1,8,1,531.1613616373372,217.4987737219617,1.5244333518084816,750.6119099941884,679.5048520689965,0.17621824935589708,288.82882028998597,390.4998135296546,-236.55320379742125
3,1,9,1,498.0182130000043,248.44881599999815,1.4293125000000007,748.5824115000024,672.7653875250027,0.17621824935589703,287.701929900001,384.8872393756458,-223.6731555924199
3,1,10,1,452.7438300000033,290.7273599999987,1.2993750000000004,745.810065000002,663.5591077500021,0.17621824935589697,286.16256900000076,377.22032050064547,-206.07868254241953
3,1,11,1,407.46944700000336,327.1015440000011,6.7047749999976105,742.3984260000021,652.6332351000027,0.1761844735964917,284.9506506000006,367.5064000264057,-187.98771439747247
3,1,12,1,374.32629836267057,332.1178372409729,30.92254387043709,738.3980234563443,638.4663539633954,0.1761407283538128,285.8479319365,352.4422812985415,-171.9502122597554
3,1,13,1,362.1950640000033,333.95392800000104,39.78686249999768,736.9337745000021,633.2809155750026,0.1761247164836977,286.17635970000055,346.9284311585183,-166.08007906410398
3,1,14,1,374.32629836267057,332.1178372409729,30.92254387043709,738.3980234563443,638.4663539633954,0.1761407283538128,285.8479319365,352.4422812985415,-171.9502122597554
3,1,15,1,407.46944700000336,327.1015440000011,6.7047749999976105,742.3984260000021,652.6332351000027,0.1761844735964917,284.9506506000006,367.5064000264057,-187.98771439747247
3,1,16,1,452.7438300000033,290.7273599999987,1.2993750000000004,745.810065000002,663.5591077500021,0.17621824935589697,286.16256900000076,377.22032050064547,-206.07868254241953
3,1,17,1,498.0182130000043,248.44881599999806,1.4293125000000007,748.5824115000024,672.7653875250027,0.17621824935589703,287.70192990000095,384.88723937564583,-223.6731555924199
3,1,18,1,531.1613616373372,217.4987737219617,1.5244333518084816,750.6119099941884,679.5048520689965,0.17621824935589708,288.82882028998597,390.4998135296546,-236.55320379742125
3,1,19,1,543.2925960000047,206.1702719999982,1.5592500000000005,751.3547580000028,681.971667300003,0.1762182493558971,289.24129080000114,392.55415825064597,-241.26762864242005
3,1,20,1,531.1613616373372,217.4987737219617,1.5244333518084816,750.6119099941884,679.5048520689965,0.17621824935589708,288.82882028998597,390.4998135296546,-236.55320379742125
3,1,21,1,498.0182130000043,248.44881599999815,1.4293125000000007,748.5824115000024,672.7653875250027,0.17621824935589703,287.701929900001,384.8872393756458,-223.6731555924199
3,1,22,1,452.7438300000033,290.7273599999987,1.2993750000000004,745.810065000002,663.5591077500021,0.17621824935589697,286.16256900000076,377.22032050064547,-206.07868254241953
3,1,23,1,407.46944700000336,327.1015440000011,6.7047749999976105,742.3984260000021,652.6332351000027,0.1761844735964917,284.9506506000006,367.5064000264057,-187.98771439747247
3,1,24,1,374.32629836267057,332.1178372409729,30.92254387043709,738.3980234563443,638.4663539633954,0.1761407283538128,285.8479319365,352.4422812985415,-171.9502122597554
3,1,25,1,362.1950640000033,333.95392800000104,39.78686249999768,736.9337745000021,633.2809155750026,0.1761247164836977,286.17635970000055,346.9284311585183,-166.08007906410398
3,1,26,1,374.32629836267057,332.1178372409729,30.92254387043709,738.3980234563443,638.4663539633954,0.1761407283538128,285.8479319365,352.4422812985415,-171.9502122597554
3,1,27,1,407.46944700000336,327.1015440000011,6.7047749999976105,742.3984260000021,652.6332351000027,0.1761844735964917,284.9506506000006,367.5064000264057,-187.98771439747247
3,1,28,1,452.7438300000033,290.7273599999987,1.2993750000000004,745.810065000002,663.5591077500021,0.17621824935589697,286.16256900000076,377.22032050064547,-206.07868254241953
3,1,29,1,498.0182130000043,248.44881599999806,1.4293125000000007,748.5824115000024,672.7653875250027,0.17621824935589703,287.70192990000095,384.88723937564583,-223.6731555924199
3,1,30,1,531.1613616373372,217.4987737219617,1.5244333518084816,750.6119099941884,679.5048520689965,0.17621824935589708,288.82882028998597,390.4998135296546,-236.55320379742125
3,1,31,1,543.2925960000047,206.1702719999982,1.5592500000000005,751.3547580000028,681.971667300003,0.1762182493558971,289.24129080000114,392.55415825064597,-241.26762864242005
3,1,32,1,531.1613616373372,217.4987737219617,1.5244333518084816,750.6119099941884,679.5048520689965,0.17621824935589708,288.82882028998597,390.4998135296546,-236.55320379742125
3,1,33,1,498.0182130000043,248.44881599999806,1.4293125000000007,748.5824115000024,672.7653875250027,0.17621824935589703,287.70192990000095,384.88723937564583,-223.6731555924199
3,1,34,1,452.7438300000033,290.7273599999987,1.2993750000000004,745.810065000002,663.5591077500021,0.17621824935589697,286.16256900000076,377.22032050064547,-206.07868254241953
3,1,35,1,407.46944700000336,327.10154400000107,6.7047749999976105,742.398426000002,652.6332351000027,0.17618447359649167,284.9506506000006,367.5064000264057,-187.9877143974726
3,1,36,1,374.32629836267057,332.1178372409729,30.92254387043709,738.3980234563443,638.4663539633954,0.1761407283538128,285.8479319365,352.4422812985415,-171.9502122597554
3,1,37,1,362.1950640000033,333.95392800000104,39.78686249999768,736.9337745000021,633.2809155750026,0.1761247164836977,286.17635970000055,346.9284311585183,-166.08007906410398
3,1,38,1,374.32629836267057,332.1178372409729,30.92254387043709,738.3980234563443,638.4663539633954,0.1761407283538128,285.8479319365,352.4422812985415,-171.9502122597554
3,1,39,1,407.46944700000336,327.10154400000107,6.7047749999976105,742.398426000002,652.6332351000027,0.17618447359649167,284.9506506000006,367.5064000264057,-187.9877143974726
3,1,40,1,452.7438300000033,290.7273599999987,1.2993750000000004,745.810065000002,663.5591077500021,0.17621824935589697,286.16256900000076,377.22032050064547,-206.07868254241953
3,1,41,1,498.0182130000043,248.44881599999815,1.4293125000000007,748.5824115000024,672.7653875250027,0.17621824935589703,287.701929900001,384.8872393756458,-223.6731555924199
3,1,42,1,531.1613616373372,217.4987737219617,1.5244333518084816,750.6119099941884,679.5048520689965,0.17621824935589708,288.82882028998597,390.4998135296546,-236.55320379742125
3,1,43,1,543.2925960000047,206.1702719999982,1.5592500000000005,751.3547580000028,681.971667300003,0.1762182493558971,289.24129080000114,392.55415825064597,-241.26762864242005
3,1,44,1,531.1613616373372,217.4987737219617,1.5244333518084816,750.6119099941884,679.5048520689965,0.17621824935589708,288.82882028998597,390.4998135296546,-236.55320379742125
3,1,45,1,498.0182130000043,248.44881599999806,1.4293125000000007,748.5824115000024,672.7653875250027,0.17621824935589703,287.70192990000095,384.88723937564583,-223.6731555924199
3,1,46,1,452.7438300000033,290.7273599999987,1.2993750000000004,745.810065000002,663.5591077500021,0.17621824935589697,286.16256900000076,377.22032050064547,-206.07868254241953
3,1,47,1,407.46944700000336,327.10154400000107,6.7047749999976105,742.398426000002,652.6332351000027,0.17618447359649167,284.9506506000006,367.5064000264057,-187.9877143974726
3,1,48,1,374.32629836267057,332.1178372409729,30.92254387043709,738.3980234563443,638.4663539633954,0.1761407283538128,285.8479319365,352.4422812985415,-171.9502122597554
3,4,1,1,1195.1117640000043,1285.4983680000057,921.4647750000037,3781.035027000013,2727.4045144500105,0.7375505827301129,1665.9078282000055,1060.7591356672751,-44.97094072015034
3,4,2,1,1235.1404180035934,1328.5543991971413,936.3384471074179,4048.947942891019,2833.550264157637,0.8116735575348594,1823.900245406813,1008.8383451932889,135.56021864812465
3,4,3,1,1344.5007345000013,1453.1988239999914,976.9740749999999,4180.9258259999915,3038.1083270999943,0.8280927423711261,1833.2826088499967,1203.9976255076265,-79.93871387556828
3,4,4,1,1228.7583000000013,1321.6896000000013,840.6956250000009,3645.6651000000047,2725.2328950000033,0.6997072870826572,1565.589217500002,1158.9439702129187,-213.89066733173604
3,4,5,1,1351.6341300000022,1453.8585600000022,805.8463875000009,3740.0343750000047,2909.659079250004,0.7091444157918978,1557.5866267500016,1351.3633080842108,-422.94095209824445
3,4,6,1,1441.5854805821984,1550.61295390354,695.5368472838815,3792.1578534212254,3008.2052214297964,0.7161066283200656,1557.3815322462258,1450.1075825552505,-504.7458918507832
3,4,7,1,1474.5099600000021,1586.0275200000003,648.7519500000018,3809.9546100000043,3041.5198275000034,0.7186549749719219,1557.7337160000013,1483.0674565250304,-529.3051831958664
3,4,8,1,1441.5854805821982,1550.6129539035398,695.536847283882,3792.157853421226,3008.205221429796,0.7161066283200657,1557.3815322462256,1450.1075825552502,-504.7458918507841
3,4,9,1,1351.6341300000015,1453.8585600000024,805.8463875000007,3740.034375000004,2909.6590792500037,0.7091444157918978,1557.5866267500014,1351.3633080842105,-422.94095209824354
3,4,10,1,1228.7583000000013,1321.689600000001,840.6956250000005,3645.6651000000043,2725.2328950000024,0.699707287082657,1565.589217500002,1158.9439702129177,-213.8906673317365
3,4,11,1,1105.8824700000011,1189.5206400000015,871.2309375000012,3550.4330400000035,2538.9517230000033,0.6903630782849406,1573.879403250001,964.3819566717175,-1.2165771586696792
3,4,12,1,1015.9311194178051,1092.766246096462,800.365902902682,3437.351067354539,2358.791976761198,0.678055620041354,1568.8562972582513,789.2576238829051,203.92459351201114
3,4,13,1,983.0066400000015,1057.3516800000014,774.4275000000008,3369.6293400000045,2288.899305000003,0.6677283453145632,1548.586116000002,739.6454606546865,248.28535240286737
3,4,14,1,1015.931119417805,1092.766246096462,800.365902902682,3437.351067354539,2358.791976761198,0.6780556200413539,1568.8562972582513,789.2576238829051,203.9245935120116
3,4,15,1,1105.8824700000014,1189.5206400000015,871.230937500001,3550.4330400000026,2538.951723000003,0.6903630782849403,1573.8794032500007,964.3819566717173,-1.2165771586696792
3,4,16,1,1228.7583000000013,1321.6896000000013,840.6956250000006,3645.6651000000047,2725.2328950000033,0.6997072870826571,1565.589217500002,1158.9439702129187,-213.8906673317365
3,4,17,1,1351.6341300000017,1453.8585600000022,805.8463875000009,3740.0343750000034,2909.6590792500037,0.7091444157918979,1557.5866267500014,1351.3633080842105,-422.940952098244
3,4,18,1,1441.5854805821982,1550.6129539035398,695.536847283882,3792.157853421226,3008.205221429796,0.7161066283200654,1557.3815322462256,1450.1075825552502,-504.7458918507841
3,4,19,1,1474.5099600000021,1586.0275200000003,648.751950000002,3809.954610000005,3041.5198275000034,0.7186549749719217,1557.7337160000016,1483.0674565250301,-529.3051831958669
3,4,20,1,1441.5854805821982,1550.6129539035396,695.5368472838819,3792.1578534212254,3008.205221429796,0.7161066283200657,1557.3815322462256,1450.1075825552502,-504.7458918507832
3,4,21,1,1351.634130000002,1453.8585600000026,805.8463875000008,3740.0343750000043,2909.659079250004,0.7091444157918979,1557.5866267500014,1351.363308084211,-422.94095209824445
3,4,22,1,1228.7583000000013,1321.689600000001,840.6956250000006,3645.6651000000043,2725.232895000003,0.6997072870826571,1565.589217500002,1158.9439702129182,-213.8906673317365
3,4,23,1,1105.8824700000011,1189.5206400000013,871.2309375000011,3550.4330400000026,2538.9517230000024,0.6903630782849406,1573.879403250001,964.3819566717166,-1.2165771586696792
3,4,24,1,1015.9311194178051,1092.7662460964618,800.365902902682,3437.351067354539,2358.791976761198,0.6780556200413538,1568.8562972582513,789.2576238829051,203.9245935120107
3,4,25,1,983.0066400000014,1057.3516800000014,774.4275000000009,3369.6293400000045,2288.899305000003,0.667728345314563,1548.586116000002,739.6454606546865,248.28535240286828
3,4,26,1,1015.9311194178051,1092.766246096462,800.365902902682,3437.351067354539,2358.791976761198,0.6780556200413537,1568.8562972582513,789.2576238829051,203.92459351201114
3,4,27,1,1105.8824700000014,1189.5206400000015,871.230937500001,3550.433040000003,2538.951723000003,0.6903630782849408,1573.8794032500011,964.3819566717168,-1.2165771586692244
3,4,28,1,1228.7583000000013,1321.689600000001,840.6956250000005,3645.6651000000043,2725.2328950000024,0.6997072870826571,1565.5892175000017,1158.943970212918,-213.8906673317365
3,4,29,1,1351.634130000002,1453.858560000002,805.8463875000008,3740.034375000004,2909.6590792500037,0.7091444157918979,1557.5866267500012,1351.3633080842108,-422.94095209824445
3,4,30,1,1441.5854805821982,1550.6129539035408,695.5368472838816,3792.1578534212267,3008.205221429797,0.7161066283200657,1557.381532246226,1450.1075825552507,-504.74589185078366
3,4,31,1,1474.5099600000021,1586.0275200000012,648.7519500000018,3809.9546100000052,3041.519827500004,0.7186549749719219,1557.733716000002,1483.0674565250301,-529.3051831958674
3,4,32,1,1441.585480582198,1550.6129539035403,695.536847283882,3792.157853421226,3008.2052214297964,0.7161066283200657,1557.381532246226,1450.1075825552502,-504.74589185078275
3,4,33,1,1351.634130000002,1453.8585600000015,805.8463875000007,3740.034375000004,2909.6590792500033,0.7091444157918979,1557.5866267500014,1351.36330808421,-422.940952098244
3,4,34,1,1228.7583000000013,1321.689600000001,840.6956250000007,3645.6651000000043,2725.232895000003,0.6997072870826571,1565.589217500002,1158.9439702129182,-213.8906673317365
3,4,35,1,1105.8824700000011,1189.5206400000013,871.2309375000011,3550.4330400000026,2538.9517230000024,0.6903630782849405,1573.879403250001,964.3819566717166,-1.2165771586696792
3,4,36,1,1015.9311194178052,1092.7662460964618,800.3659029026821,3437.3510673545384,2358.7919767611984,0.6780556200413537,1568.8562972582513,789.2576238829056,203.92459351201114
3,4,37,1,983.0066400000014,1057.3516800000014,774.4275000000009,3369.6293400000045,2288.899305000003,0.667728345314563,1548.5861160000022,739.6454606546863,248.28535240286783
3,4,38,1,1015.9311194178052,1092.766246096462,800.365902902682,3437.351067354539,2358.791976761198,0.6780556200413539,1568.856297258251,789.2576238829054,203.92459351201114
3,4,39,1,1105.8824700000014,1189.5206400000015,871.2309375000011,3550.433040000003,2538.9517230000033,0.6903630782849405,1573.879403250001,964.3819566717175,-1.216577158670134
3,4,40,1,1228.7583000000009,1321.689600000001,840.6956250000007,3645.665100000004,2725.2328950000024,0.6997072870826571,1565.5892175000017,1158.943970212918,-213.89066733173559
3,4,41,1,1351.634130000002,1453.8585600000015,805.8463875000008,3740.034375000004,2909.6590792500033,0.7091444157918978,1557.5866267500012,1351.3633080842103,-422.94095209824445
3,4,42,1,1441.5854805821984,1550.6129539035405,695.5368472838821,3792.157853421227,3008.205221429797,0.7161066283200656,1557.381532246226,1450.1075825552507,-504.74589185078366
3,4,43,1,1474.5099600000024,1586.0275200000012,648.7519500000022,3809.9546100000057,3041.5198275000043,0.718654974971922,1557.7337160000022,1483.0674565250304,-529.3051831958664
3,4,44,1,1441.5854805821982,1550.6129539035405,695.536847283882,3792.1578534212267,3008.205221429797,0.7161066283200658,1557.381532246226,1450.1075825552507,-504.7458918507832
3,4,45,1,1351.634130000002,1453.858560000002,805.8463875000007,3740.034375000004,2909.6590792500037,0.7091444157918977,1557.5866267500016,1351.3633080842103,-422.940952098244
3,4,46,1,1228.7583000000013,1321.689600000001,840.6956250000007,3645.6651000000043,2725.232895000003,0.6997072870826571,1565.589217500002,1158.9439702129182,-213.8906673317365
3,4,47,1,1105.8824700000011,1189.5206400000015,871.2309375000011,3550.433040000003,2538.9517230000033,0.6903630782849406,1573.8794032500005,964.381956671718,-1.2165771586710434
3,4,48,1,1015.931119417805,1092.766246096462,800.365902902682,3437.351067354539,2358.791976761198,0.6780556200413538,1568.8562972582513,789.2576238829051,203.92459351201114
3,7,1,1,303.4785600000006,298.6830000000006,170.4780000000004,867.5874900000015,635.2561215000012,0.1552422997502903,380.39324400000055,254.70763520025037,-17.493848983624957
3,7,2,1,313.64316438402045,303.7337350976502,176.18793030340942,962.7052428763533,663.2224178735057,0.17881752304488757,440.9851649478118,222.05843540264897,65.03703764597458
3,7,3,1,341.4133800000004,317.53260000000057,191.78775000000053,1034.849970000002,711.4694895000013,0.1927792949994469,475.120107000001,236.1566032050008,71.44798417749996
3,7,4,1,379.3482000000007,336.38220000000086,213.09750000000048,1083.3495750000022,769.8684262500018,0.19840085509215785,486.71295750000104,282.9570678949086,21.79589516427427
3,7,5,1,417.28302000000093,355.2318000000008,234.40725000000063,1129.9001175000026,827.9750036250019,0.20349863889674327,496.94146425000116,330.8300407361041,-30.130711171287203
3,7,6,1,445.0532356159809,369.0306649023512,250.00706969659154,1163.977479729897,870.5119705174342,0.20723047564770158,504.42925087656243,365.875489165224,-68.14362527354592
3,7,7,1,455.21784000000105,374.0814000000006,255.7170000000006,1176.4506600000025,886.0815810000018,0.20859642270132878,507.1699710000012,378.70301357729926,-82.05731750684845
3,7,8,1,445.0532356159809,369.0306649023512,250.00706969659154,1163.977479729897,870.5119705174342,0.20723047564770158,504.4292508765624,365.87548916522405,-68.14362527354592
3,7,9,1,417.28302000000076,355.23180000000093,234.40725000000063,1129.9001175000026,827.9750036250017,0.20349863889674336,496.94146425000116,330.83004073610385,-30.130711171286976
3,7,10,1,379.3482000000007,336.38220000000075,213.0975000000005,1083.3495750000025,769.8684262500016,0.19840085509215785,486.7129575000011,282.95706789490833,21.795895164274498
3,7,11,1,341.4133800000004,317.53260000000057,191.78775000000053,1034.849970000002,711.4694895000013,0.19277929499944696,475.120107000001,236.1566032050008,71.44798417749985
3,7,12,1,313.64316438402045,303.7337350976502,176.18793030340942,962.7052428763532,663.2224178735057,0.17881752304488757,440.98516494781177,222.05843540264902,65.03703764597446
3,7,13,1,303.4785600000006,298.6830000000007,170.47800000000043,936.2984400000021,645.5627640000014,0.17370715982767385,428.490909000001,216.89814784017267,62.69046835313236
3,7,14,1,313.64316438402057,303.7337350976502,176.18793030340942,962.7052428763534,663.2224178735058,0.17881752304488757,440.98516494781177,222.05843540264914,65.03703764597446
3,7,15,1,341.4133800000004,317.53260000000057,191.78775000000053,1034.849970000002,711.4694895000013,0.1927792949994469,475.120107000001,236.1566032050008,71.44798417749996
3,7,16,1,379.3482000000007,336.3822000000009,213.09750000000048,1083.3495750000022,769.8684262500018,0.19840085509215785,486.71295750000104,282.9570678949086,21.795895164274043
3,7,17,1,417.2830200000009,355.23180000000093,234.40725000000063,1129.9001175000028,827.9750036250019,0.20349863889674333,496.94146425000116,330.8300407361041,-30.13071117128743
3,7,18,1,445.0532356159809,369.0306649023512,250.00706969659154,1163.977479729897,870.5119705174342,0.2072304756477016,504.4292508765624,365.87548916522405,-68.14362527354592
3,7,19,1,455.21784000000105,374.0814000000006,255.71700000000067,1176.4506600000025,886.0815810000018,0.20859642270132872,507.16997100000117,378.7030135772993,-82.05731750684845
3,7,20,1,445.0532356159809,369.0306649023512,250.00706969659154,1163.977479729897,870.5119705174342,0.20723047564770167,504.4292508765624,365.87548916522405,-68.14362527354592
3,7,21,1,417.28302000000076,355.23180000000093,234.40725000000063,1129.9001175000026,827.9750036250017,0.20349863889674336,496.94146425000116,330.83004073610385,-30.130711171286748
3,7,22,1,379.34820000000076,336.38220000000075,213.0975000000005,1083.3495750000025,769.8684262500017,0.19840085509215782,486.71295750000104,282.9570678949085,21.795895164274043
3,7,23,1,341.4133800000004,317.53260000000057,191.78775000000053,1034.849970000002,711.4694895000013,0.1927792949994469,475.120107000001,236.1566032050008,71.44798417749996
3,7,24,1,313.64316438402057,303.7337350976502,176.18793030340942,962.7052428763534,663.2224178735058,0.17881752304488757,440.98516494781177,222.05843540264914,65.03703764597446
3,7,25,1,303.4785600000006,298.6830000000007,170.47800000000043,936.2984400000021,645.5627640000014,0.17370715982767385,428.49090900000095,216.89814784017273,62.69046835313236
3,7,26,1,313.64316438402057,303.7337350976502,176.18793030340942,962.7052428763534,663.2224178735058,0.1788175230448876,440.98516494781177,222.05843540264914,65.03703764597458
3,7,27,1,341.4133800000004,317.53260000000057,191.78775000000053,1034.849970000002,711.4694895000013,0.19277929499944696,475.1201070000009,236.15660320500086,71.44798417749985
3,7,28,1,379.3482000000007,336.3822000000009,213.0975000000005,1083.3495750000025,769.8684262500018,0.19840085509215782,486.7129575000011,282.95706789490856,21.795895164274043
3,7,29,1,417.2830200000008,355.2318000000008,234.40725000000066,1129.9001175000026,827.9750036250018,0.20349863889674336,496.9414642500012,330.8300407361039,-30.130711171287203
3,7,30,1,445.0532356159809,369.0306649023512,250.00706969659154,1163.977479729897,870.5119705174342,0.2072304756477016,504.4292508765623,365.8754891652241,-68.14362527354592
3,7,31,1,455.21784000000105,374.0814000000006,255.7170000000005,1176.4506600000027,886.0815810000017,0.20859642270132878,507.1699710000012,378.70301357729915,-82.05731750684868
3,7,32,1,445.0532356159809,369.0306649023512,250.00706969659154,1163.977479729897,870.5119705174342,0.2072304756477016,504.4292508765623,365.8754891652241,-68.14362527354592
3,7,33,1,417.2830200000008,355.2318000000008,234.40725000000066,1129.9001175000026,827.9750036250018,0.20349863889674333,496.94146425000116,330.83004073610397,-30.130711171287203
3,7,34,1,379.34820000000076,336.38220000000086,213.09750000000048,1083.3495750000022,769.8684262500018,0.19840085509215782,486.71295750000104,282.9570678949086,21.795895164274043
3,7,35,1,341.4133800000004,317.5326000000006,191.78775000000053,1034.849970000002,711.4694895000013,0.19277929499944696,475.120107000001,236.1566032050008,71.44798417749962
3,7,36,1,313.64316438402045,303.73373509765025,176.18793030340942,962.7052428763534,663.2224178735058,0.1788175230448876,440.98516494781177,222.05843540264914,65.03703764597446
3,7,37,1,303.4785600000006,298.6830000000007,170.47800000000043,936.2984400000021,645.5627640000014,0.17370715982767382,428.49090900000095,216.89814784017273,62.690468353132246
3,7,38,1,313.64316438402057,303.7337350976502,176.18793030340942,962.7052428763534,663.2224178735058,0.17881752304488763,440.9851649478118,222.05843540264908,65.03703764597458
3,7,39,1,341.4133800000004,317.53260000000057,191.7877500000005,1034.849970000002,711.4694895000013,0.1927792949994469,475.1201070000009,236.15660320500086,71.44798417749985
3,7,40,1,379.3482000000007,336.3822000000009,213.09750000000048,1083.3495750000022,769.8684262500018,0.19840085509215785,486.71295750000104,282.9570678949086,21.795895164274043
3,7,41,1,417.2830200000009,355.23180000000093,234.40725000000063,1129.9001175000026,827.9750036250019,0.20349863889674333,496.94146425000116,330.8300407361041,-30.130711171287203
3,7,42,1,445.0532356159809,369.0306649023512,250.00706969659154,1163.977479729897,870.5119705174342,0.20723047564770158,504.42925087656243,365.875489165224,-68.1436252735457
3,7,43,1,455.21784000000105,374.0814000000007,255.71700000000055,1176.4506600000025,886.081581000002,0.20859642270132878,507.16997100000117,378.70301357729943,-82.05731750684845
3,7,44,1,445.0532356159809,369.0306649023512,250.00706969659154,1163.977479729897,870.5119705174342,0.2072304756477016,504.4292508765625,365.87548916522394,-68.14362527354592
3,7,45,1,417.2830200000009,355.23180000000093,234.40725000000063,1129.9001175000028,827.9750036250019,0.20349863889674327,496.94146425000116,330.8300407361041,-30.130711171287203
3,7,46,1,379.3482000000007,336.38220000000075,213.09750000000048,1083.3495750000025,769.8684262500016,0.19840085509215785,486.7129575000011,282.95706789490833,21.79589516427427
3,7,47,1,341.4133800000004,317.53260000000057,191.78775000000053,1034.849970000002,711.4694895000013,0.19277929499944696,475.1201070000009,236.15660320500086,71.44798417749985
3,7,48,1,313.64316438402045,303.73373509765025,176.18793030340942,962.7052428763534,663.2224178735058,0.1788175230448876,440.98516494781177,222.05843540264914,65.03703764597446
3,8,1,1,2789.033940000004,2999.2208400000013,1861.3287000000012,8082.348120000005,6137.604396000005,1.6312262150173746,3428.6999670000023,2707.273202784985,-658.8827977491492
3,8,2,1,2913.7623878937566,3109.389604810302,1920.1997941800573,9394.729219730125,6529.402454073243,2.045127080064994,4260.509267577767,2266.8480594154107,476.77486092045
3,8,3,1,3174.7733325000017,3311.015400000009,2032.3134562500002,10036.88445375001,7010.436726562508,2.1977861861344885,4539.945390750005,2468.293549626369,444.6610950088234
3,8,4,1,2350.7218349999994,2326.7059199999994,1142.8003125000002,6587.223142499999,4838.139912374999,1.1752722262312294,2885.8259430000003,1951.1386971487677,-115.98891881939653
3,8,5,1,2585.794018500001,2463.9365520000015,1085.27698125,6927.589919250003,5143.443253987502,1.237729923227096,3018.083676300001,2124.1218477642747,-198.545958481237
3,8,6,1,2757.8788002681567,2556.388828979583,1050.6740282786373,7161.194837441809,5362.4046159789805,1.2799277508691134,3105.0614445885385,2256.0632436395726,-275.45543409763013
3,8,7,1,2820.8662019999997,2585.0341439999984,1042.878375,7238.590820999999,5439.905128349998,1.2940874663154216,3131.902758599999,2306.708282283684,-311.9756419892983
3,8,8,1,2757.8788002681576,2556.388828979584,1050.6740282786373,7161.194837441811,5362.404615978982,1.2799277508691134,3105.0614445885385,2256.0632436395745,-275.45543409763195
3,8,9,1,2585.794018500001,2463.9365520000015,1085.27698125,6927.589919250003,5143.443253987502,1.2377299232270957,3018.083676300001,2124.1218477642747,-198.54595848123608
3,8,10,1,2350.721835,2326.70592,1142.8003125,6587.2231425,4838.139912375,1.1752722262312296,2885.825943,1951.138697148769,-115.98891881939653
3,8,11,1,2115.6496515000003,2178.8030879999983,1197.9198,6210.136894499998,4519.430182574999,1.1062838972530458,2731.8298391999997,1786.4940594777463,-60.71424572820433
3,8,12,1,1943.5648697318475,2066.494569945088,1171.6696695526164,5905.493362588408,4252.565238459093,1.0532777610185906,2614.1546235636347,1637.3573371344396,22.778307032849625
3,8,13,1,1880.5774680000027,2022.0575760000002,1145.6329500000006,5789.868084000004,4145.532791400003,1.033876168600322,2572.677122400002,1571.8217928313998,70.21817806336912
3,8,14,1,1943.5648697318475,2066.494569945088,1171.6696695526164,5905.493362588407,4252.565238459093,1.0532777610185908,2614.154623563635,1637.3573371344391,22.778307032849625
3,8,15,1,2115.6496515000013,2178.8030879999988,1197.9198,6210.1368944999995,4519.430182575,1.106283897253046,2731.8298391999997,1786.4940594777472,-60.71424572820524
3,8,16,1,2350.7218349999994,2326.70592,1142.8003125000002,6587.223142499999,4838.139912375,1.1752722262312296,2885.8259429999994,1951.1386971487696,-115.98891881939653
3,8,17,1,2585.7940185000016,2463.9365520000015,1085.2769812500003,6927.589919250004,5143.443253987502,1.2377299232270957,3018.083676300001,2124.1218477642747,-198.54595848123517
3,8,18,1,2757.8788002681567,2556.3888289795827,1050.674028278637,7161.194837441808,5362.4046159789805,1.2799277508691134,3105.0614445885385,2256.0632436395726,-275.4554340976283
3,8,19,1,2820.8662019999997,2585.0341439999984,1042.878375,7238.590820999999,5439.905128349998,1.2940874663154218,3131.9027585999993,2306.7082822836837,-311.9756419892974
3,8,20,1,2757.8788002681563,2556.3888289795836,1050.6740282786366,7161.194837441808,5362.4046159789805,1.2799277508691134,3105.0614445885376,2256.0632436395736,-275.45543409763013
3,8,21,1,2585.794018500002,2463.9365520000015,1085.2769812500003,6927.589919250004,5143.443253987503,1.2377299232270957,3018.0836763000007,2124.121847764276,-198.5459584812379
3,8,22,1,2350.7218349999994,2326.70592,1142.8003125,6587.223142499998,4838.139912375,1.1752722262312294,2885.825943,1951.138697148769,-115.98891881939562
3,8,23,1,2115.649651500001,2178.803087999998,1197.9198,6210.136894499998,4519.430182574999,1.1062838972530453,2731.8298391999997,1786.4940594777463,-60.71424572820433
3,8,24,1,1943.5648697318472,2066.494569945088,1171.6696695526166,5905.493362588408,4252.565238459092,1.0532777610185913,2614.154623563635,1637.3573371344382,22.778307032850535
3,8,25,1,1880.5774680000025,2022.0575760000002,1145.6329500000008,5789.868084000004,4145.532791400003,1.0338761686003213,2572.677122400002,1571.8217928313998,70.2181780633673
3,8,26,1,1943.564869731848,2066.4945699450877,1171.6696695526166,5905.493362588409,4252.565238459094,1.0532777610185913,2614.154623563635,1637.35733713444,22.778307032848716
3,8,27,1,2115.649651500001,2178.8030879999988,1197.9198,6210.136894499999,4519.430182575,1.1062838972530453,2731.8298391999992,1786.4940594777477,-60.71424572820524
3,8,28,1,2350.7218350000003,2326.7059200000003,1142.8003125000002,6587.223142500001,4838.139912375001,1.1752722262312296,2885.825943,1951.13869714877,-115.98891881939744
3,8,29,1,2585.794018500001,2463.9365520000006,1085.2769812499998,6927.589919250002,5143.4432539875015,1.237729923227095,3018.083676300001,2124.1218477642738,-198.54595848123336
3,8,30,1,2757.878800268156,2556.388828979583,1050.6740282786368,7161.194837441808,5362.40461597898,1.2799277508691134,3105.0614445885385,2256.0632436395717,-275.4554340976283
3,8,31,1,2820.866202,2585.0341439999984,1042.878375,7238.590820999999,5439.905128349998,1.2940874663154216,3131.9027585999993,2306.7082822836837,-311.97564198930104
3,8,32,1,2757.878800268157,2556.3888289795836,1050.6740282786375,7161.194837441811,5362.404615978982,1.2799277508691136,3105.061444588539,2256.063243639574,-275.4554340976292
3,8,33,1,2585.7940185000016,2463.936552000001,1085.27698125,6927.589919250003,5143.443253987502,1.2377299232270957,3018.0836763000007,2124.121847764275,-198.54595848123517
3,8,34,1,2350.721835,2326.7059200000003,1142.8003125000005,6587.223142500001,4838.139912375001,1.1752722262312296,2885.825943,1951.13869714877,-115.98891881939744
3,8,35,1,2115.649651500001,2178.803087999999,1197.9198,6210.1368944999995,4519.430182575,1.1062838972530455,2731.8298391999992,1786.4940594777477,-60.71424572820524
3,8,36,1,1943.564869731848,2066.4945699450886,1171.6696695526164,5905.493362588409,4252.565238459094,1.0532777610185913,2614.154623563635,1637.35733713444,22.778307032850535
3,8,37,1,1880.577468000003,2022.0575760000006,1145.6329500000008,5789.868084000005,4145.532791400004,1.0338761686003215,2572.677122400002,1571.8217928314007,70.2181780633664
3,8,38,1,1943.564869731847,2066.494569945088,1171.6696695526164,5905.493362588408,4252.565238459092,1.0532777610185913,2614.154623563635,1637.3573371344382,22.778307032850535
3,8,39,1,2115.649651500001,2178.8030879999988,1197.9198,6210.136894499999,4519.430182575,1.1062838972530455,2731.8298391999997,1786.4940594777472,-60.71424572820342
3,8,40,1,2350.7218349999994,2326.7059199999994,1142.8003125,6587.223142499999,4838.139912374999,1.1752722262312294,2885.825943,1951.1386971487682,-115.98891881939653
3,8,41,1,2585.7940185000025,2463.9365520000015,1085.27698125,6927.589919250004,5143.443253987503,1.2377299232270955,3018.083676300001,2124.1218477642756,-198.545958481237
3,8,42,1,2757.878800268156,2556.388828979583,1050.6740282786375,7161.194837441809,5362.4046159789805,1.2799277508691136,3105.061444588539,2256.063243639572,-275.4554340976283
3,8,43,1,2820.8662019999997,2585.0341439999975,1042.878375,7238.590820999997,5439.9051283499975,1.2940874663154216,3131.9027585999993,2306.708282283683,-311.9756419892983
3,8,44,1,2757.878800268156,2556.388828979583,1050.6740282786375,7161.194837441809,5362.4046159789805,1.279927750869113,3105.0614445885385,2256.0632436395726,-275.4554340976283
3,8,45,1,2585.794018500002,2463.936552000001,1085.27698125,6927.589919250004,5143.443253987503,1.2377299232270955,3018.0836763000007,2124.121847764276,-198.54595848123517
3,8,46,1,2350.7218349999994,2326.705919999999,1142.8003125,6587.223142499999,4838.139912374999,1.1752722262312294,2885.825943,1951.1386971487682,-115.98891881939562
3,8,47,1,2115.649651500001,2178.8030879999983,1197.9198,6210.136894499998,4519.430182574999,1.1062838972530455,2731.8298391999992,1786.4940594777468,-60.71424572820433
3,8,48,1,1943.5648697318475,2066.494569945088,1171.6696695526164,5905.493362588408,4252.565238459093,1.053277761018591,2614.1546235636347,1637.3573371344396,22.778307032850535
3,9,1,1,65.64373200000006,70.60838400000002,51.71512500000003,187.9672410000001,147.29157135000008,0.05858753789516986,77.47615260000003,69.75683121210488,-26.630443072455705
3,9,2,1,67.84238012219566,72.97331643395835,53.44725324752809,245.57231292130913,159.92130801703706,0.08192038303249001,115.987665847569,43.85172178643556,32.36346214084563
3,9,3,1,73.84919850000004,79.43443200000003,58.17951562500002,267.31548112500013,174.0808680187501,0.08917367900220709,126.25730617500008,47.7343881647478,35.22894885883596
3,9,4,1,82.05466500000006,88.26048000000004,64.64390625000003,297.0172012500002,193.42318668750013,0.09908186555800785,140.2858957500001,53.03820907194202,39.14327650981767
3,9,5,1,90.26013150000009,97.08652800000006,71.10829687500005,326.71892137500026,212.76550535625015,0.10899005211380869,154.31448532500013,58.342029979136214,43.057604160799485
3,9,6,1,96.26694987780445,103.54764356604173,75.84055925247198,348.4620895786913,226.92506535796315,0.11624334808352574,164.58412565243123,62.22469635744841,45.923090878789935
3,9,7,1,98.46559800000006,105.91257600000003,77.57268750000004,356.4206415000002,232.10782402500013,0.11889823866960944,168.34307490000015,63.64585088633038,46.971931811781246
3,9,8,1,96.26694987780445,103.5476435660417,75.84055925247198,348.4620895786912,226.92506535796315,0.11624334808352571,164.58412565243117,62.224696357448465,45.923090878789765
3,9,9,1,90.26013150000009,97.08652800000004,71.10829687500005,326.7189213750002,212.76550535625015,0.10899005211380866,154.3144853250001,58.34202997913624,43.05760416079943
3,9,10,1,82.05466500000006,88.26048000000003,64.64390625000001,297.01720125000014,193.4231866875001,0.09908186555800785,140.28589575000007,53.03820907194202,39.143276509817724
3,9,11,1,73.84919850000003,79.43443200000002,58.179515625000015,267.3154811250001,174.08086801875004,0.08917367900220706,126.25730617500005,47.73438816474777,35.22894885883596
3,9,12,1,67.84238012219566,72.97331643395836,53.447253247528096,245.57231292130908,159.92130801703706,0.08192038303249001,115.98766584756896,43.851721786435604,32.36346214084554
3,9,13,1,65.64373200000004,70.60838400000002,51.715125000000015,237.61376100000007,154.73854935000006,0.07926549244640628,112.22871660000004,42.430567257553605,31.314621207854117
3,9,14,1,67.84238012219568,72.97331643395835,53.447253247528096,245.57231292130908,159.9213080170371,0.08192038303249,115.98766584756896,43.85172178643563,32.36346214084554
3,9,15,1,73.84919850000006,79.43443200000002,58.17951562500003,267.31548112500013,174.08086801875007,0.08917367900220707,126.25730617500005,47.7343881647478,35.228948858835906
3,9,16,1,82.05466500000006,88.26048000000003,64.64390625000003,297.01720125000014,193.42318668750013,0.09908186555800785,140.2858957500001,53.03820907194202,39.14327650981767
3,9,17,1,90.26013150000006,97.08652800000004,71.10829687500005,326.7189213750002,212.76550535625015,0.10899005211380866,154.31448532500008,58.34202997913627,43.057604160799485
3,9,18,1,96.26694987780445,103.5476435660417,75.84055925247198,348.4620895786912,226.92506535796315,0.11624334808352571,164.58412565243117,62.224696357448465,45.923090878789765
3,9,19,1,98.46559800000006,105.91257600000004,77.57268750000003,356.42064150000016,232.1078240250001,0.11889823866960941,168.34307490000006,63.645850886330436,46.97193181178119
3,9,20,1,96.26694987780445,103.5476435660417,75.84055925247198,348.46208957869123,226.92506535796315,0.11624334808352571,164.58412565243117,62.224696357448465,45.923090878789765
3,9,21,1,90.26013150000006,97.08652800000006,71.10829687500005,326.7189213750002,212.76550535625015,0.10899005211380865,154.31448532500008,58.34202997913627,43.057604160799485
3,9,22,1,82.05466500000006,88.26048000000003,64.64390625000001,297.01720125000014,193.4231866875001,0.09908186555800787,140.28589575000007,53.03820907194202,39.143276509817724
3,9,23,1,73.84919850000006,79.43443200000003,58.179515625000036,267.31548112500013,174.0808680187501,0.08917367900220706,126.25730617500005,47.73438816474783,35.228948858835906
3,9,24,1,67.84238012219568,72.97331643395836,53.447253247528096,245.57231292130908,159.9213080170371,0.08192038303249001,115.98766584756896,43.85172178643563,32.36346214084551
3,9,25,1,65.64373200000004,70.60838400000002,51.71512500000002,237.6137610000001,154.73854935000006,0.07926549244640627,112.22871660000004,42.430567257553605,31.314621207854174
3,9,26,1,67.84238012219566,72.97331643395835,53.447253247528096,245.57231292130908,159.92130801703706,0.08192038303249001,115.98766584756896,43.851721786435604,32.36346214084557
3,9,27,1,73.84919850000006,79.43443200000002,58.17951562500002,267.31548112500013,174.08086801875007,0.08917367900220706,126.25730617500005,47.7343881647478,35.228948858835906
3,9,28,1,82.05466500000006,88.26048000000003,64.64390625000003,297.01720125000014,193.42318668750013,0.09908186555800785,140.28589575000007,53.03820907194205,39.14327650981767
3,9,29,1,90.26013150000009,97.08652800000006,71.10829687500005,326.71892137500026,212.76550535625015,0.10899005211380866,154.3144853250001,58.34202997913624,43.05760416079943
3,9,30,1,96.26694987780445,103.54764356604171,75.84055925247198,348.4620895786912,226.92506535796315,0.11624334808352571,164.58412565243117,62.224696357448465,45.92309087878982
3,9,31,1,98.46559800000007,105.91257600000003,77.57268750000003,356.42064150000016,232.1078240250001,0.11889823866960941,168.34307490000006,63.645850886330436,46.97193181178119
3,9,32,1,96.26694987780442,103.5476435660417,75.84055925247199,348.4620895786912,226.92506535796312,0.11624334808352571,164.58412565243117,62.22469635744844,45.92309087878982
3,9,33,1,90.26013150000006,97.08652800000006,71.10829687500004,326.7189213750002,212.76550535625015,0.10899005211380865,154.31448532500008,58.34202997913627,43.05760416079954
3,9,34,1,82.05466500000006,88.26048000000003,64.64390625000001,297.01720125000014,193.4231866875001,0.09908186555800785,140.28589575000007,53.03820907194202,39.143276509817724
3,9,35,1,73.84919850000004,79.43443200000002,58.17951562500002,267.31548112500013,174.08086801875007,0.08917367900220706,126.25730617500005,47.7343881647478,35.228948858835935
3,9,36,1,67.84238012219568,72.97331643395836,53.447253247528096,245.5723129213091,159.9213080170371,0.08192038303249001,115.98766584756898,43.85172178643562,32.36346214084554
3,9,37,1,65.64373200000006,70.60838400000003,51.71512500000002,237.61376100000012,154.73854935000008,0.07926549244640627,112.22871660000006,42.43056725755362,31.314621207854145
3,9,38,1,67.84238012219566,72.97331643395836,53.447253247528096,245.57231292130908,159.92130801703706,0.08192038303249001,115.98766584756896,43.851721786435604,32.36346214084554
3,9,39,1,73.84919850000006,79.43443200000002,58.179515625000015,267.31548112500013,174.08086801875007,0.08917367900220706,126.25730617500005,47.7343881647478,35.228948858835906
3,9,40,1,82.05466500000006,88.26048000000003,64.64390625000001,297.01720125000014,193.4231866875001,0.09908186555800787,140.28589575000007,53.03820907194202,39.143276509817724
3,9,41,1,90.26013150000009,97.08652800000004,71.10829687500004,326.7189213750002,212.76550535625015,0.10899005211380866,154.3144853250001,58.34202997913624,43.05760416079937
3,9,42,1,96.26694987780442,103.54764356604171,75.84055925247196,348.4620895786912,226.9250653579631,0.11624334808352571,164.58412565243117,62.22469635744841,45.92309087878982
3,9,43,1,98.46559800000007,105.91257600000003,77.57268750000001,356.4206415000001,232.1078240250001,0.1188982386696094,168.34307490000006,63.645850886330436,46.97193181178119
3,9,44,1,96.26694987780442,103.54764356604173,75.84055925247198,348.4620895786912,226.92506535796315,0.11624334808352571,164.58412565243117,62.224696357448465,45.92309087878982
3,9,45,1,90.26013150000009,97.08652800000004,71.10829687500004,326.7189213750002,212.76550535625015,0.10899005211380866,154.3144853250001,58.34202997913624,43.05760416079937
3,9,46,1,82.05466500000006,88.26048000000003,64.64390625000001,297.01720125000014,193.4231866875001,0.09908186555800785,140.28589575000007,53.03820907194202,39.143276509817724
3,9,47,1,73.84919850000004,79.43443200000002,58.179515625000036,267.31548112500013,174.08086801875007,0.08917367900220705,126.25730617500005,47.7343881647478,35.228948858835906
3,9,48,1,67.84238012219566,72.97331643395835,53.447253247528096,245.57231292130908,159.92130801703706,0.08192038303249001,115.98766584756896,43.851721786435604,32.36346214084557
3,10,1,1,69.27228000000002,74.51136000000004,54.57375000000003,214.04516396283563,157.78648259442542,0.04311332687882501,92.74019577398496,65.00317349356163,-9.821906161999834
3,10,2,1,71.59246143548287,77.00701734236812,56.401624030054776,259.14666187675834,168.76117931446123,0.05483735206291976,122.39904436175621,46.3072976006421,34.11551739181843
3,10,3,1,77.93131500000004,83.82528000000003,61.395468750000035,282.0917137500001,183.70342856250008,0.059692694896829365,133.23635325000006,50.40738261760319,37.13613247737965
3,10,4,1,86.59035000000009,93.13920000000006,68.21718750000002,313.4352375000002,204.11492062500014,0.06632521655203265,148.04039250000008,56.00820290844803,41.262369419310744
3,10,5,1,95.24938500000009,102.45312000000006,75.03890625000004,336.87856125000013,223.34138268750013,0.07018483776560856,157.31429175000005,65.95690609973448,36.16847131072649
3,10,6,1,101.58823856451723,109.27138265763197,80.0327509699453,341.44626455384343,235.5270296501292,0.07006618986171913,155.28745663966498,80.16950682060252,17.743043409462018
3,10,7,1,103.90842000000004,111.76704000000007,81.86062500000003,343.1181600000001,239.9872860000001,0.07014550144551136,154.54558350000002,85.37155699855455,10.999011918353006
3,10,8,1,101.58823856451724,109.27138265763197,80.0327509699453,341.4462645538434,235.52702965012918,0.07006618986171913,155.28745663966492,80.16950682060255,17.743043409461905
3,10,9,1,95.24938500000009,102.45312000000003,75.03890625000005,336.87856125000013,223.34138268750013,0.07018483776560855,157.31429175000005,65.95690609973448,36.16847131072649
3,10,10,1,86.59035000000007,93.13920000000007,68.21718750000002,313.4352375000002,204.11492062500014,0.06632521655203265,148.04039250000008,56.00820290844803,41.26236941931069
3,10,11,1,77.93131500000007,83.82528000000003,61.395468750000035,282.09171375000017,183.7034285625001,0.059692694896829365,133.23635325000006,50.40738261760322,37.136132477379704
3,10,12,1,71.59246143548286,77.00701734236812,56.401624030054776,259.14666187675834,168.76117931446123,0.05483735206291976,122.39904436175621,46.3072976006421,34.115517391818486
3,10,13,1,69.27228000000005,74.51136000000004,54.57375000000002,250.74819000000014,163.2919365000001,0.053060173241626124,118.43231400000006,44.806562326758424,33.00989553544858
3,10,14,1,71.59246143548287,77.00701734236812,56.401624030054776,259.14666187675834,168.76117931446123,0.05483735206291976,122.3990443617562,46.307297600642116,34.11551739181837
3,10,15,1,77.93131500000004,83.82528000000003,61.39546875000001,282.0917137500001,183.70342856250008,0.05969269489682938,133.23635325000004,50.40738261760322,37.136132477379704
3,10,16,1,86.59035000000007,93.13920000000006,68.21718750000002,313.4352375000002,204.11492062500014,0.06632521655203266,148.04039250000008,56.00820290844803,41.262369419310744
3,10,17,1,95.24938500000005,102.45312000000006,75.03890625000004,336.8785612500001,223.34138268750007,0.07018483776560853,157.31429175000005,65.95690609973443,36.16847131072649
3,10,18,1,101.58823856451725,109.27138265763229,80.0327509699453,341.4462645538435,235.52702965012944,0.07006618986171914,155.28745663966492,80.1695068206028,17.743043409461677
3,10,19,1,103.90842000000002,111.76704000000007,81.86062500000004,343.1181600000001,239.98728600000013,0.0701453777264933,154.54558350000005,85.37155712227357,10.99901177401415
3,10,20,1,101.58823856451723,109.27138265763196,80.0327509699453,341.44626455384343,235.52702965012918,0.07006618986171914,155.28745663966498,80.16950682060249,17.743043409462018
3,10,21,1,95.24938500000009,102.45312000000007,75.03890625000005,336.87856125000013,223.3413826875002,0.07018483776560856,157.31429175000005,65.95690609973454,36.16847131072643
3,10,22,1,86.59035000000007,93.13920000000006,68.21718750000002,313.4352375000002,204.11492062500014,0.06632521655203265,148.04039250000008,56.00820290844803,41.2623694193108
3,10,23,1,77.93131500000005,83.82528000000005,61.39546875000002,282.09171375000017,183.7034285625001,0.05969269489682938,133.23635325000006,50.40738261760322,37.13613247737965
3,10,24,1,71.59246143548287,77.00701734236812,56.401624030054776,259.14666187675834,168.76117931446123,0.05483735206291976,122.3990443617562,46.307297600642116,34.11551739181837
3,10,25,1,69.27228000000011,74.51136000000004,54.57375000000003,250.7481900000002,163.29193650000016,0.05306017324162614,118.4323140000001,44.80656232675844,33.00989553544852
3,10,26,1,71.59246143548287,77.0070173423681,56.40162403005477,259.14666187675834,168.7611793144612,0.054837352062919745,122.3990443617562,46.30729760064209,34.1155173918184
3,10,27,1,77.93131500000005,83.82528000000015,61.39546875000002,282.0917137500002,183.7034285625002,0.05969269489682939,133.2363532500001,50.407382617603275,37.13613247737965
3,10,28,1,86.59035000000007,93.13920000000006,68.21718750000002,313.4352375000002,204.11492062500014,0.06632521655203265,148.04039250000008,56.00820290844803,41.262369419310744
3,10,29,1,95.24938500000009,102.45312000000006,75.03890625000005,336.8785612500002,223.3413826875002,0.07018483776560858,157.3142917500001,65.95690609973448,36.168471310726545
3,10,30,1,101.58823856451723,109.27138265763199,80.0327509699453,341.44626455384343,235.52702965012918,0.07006631081820297,155.28745663966495,80.16950669964604,17.743043550577852
3,10,31,1,103.90842000000004,111.76704000000004,81.86062500000001,343.1181600000001,239.98728600000007,0.0701453777264933,154.54558350000002,85.37155712227354,10.999011774014207
3,10,32,1,101.58823856451723,109.27138265763197,80.0327509699453,341.4462645538434,235.52702965012918,0.07006618986171911,155.28745663966492,80.16950682060255,17.743043409461905
3,10,33,1,95.24938500000009,102.45312000000006,75.03890625000003,336.8785612500001,223.34138268750013,0.07018483776560855,157.31429175,65.95690609973454,36.16847131072643
3,10,34,1,86.59035000000004,93.13920000000006,68.21718750000001,313.43523750000014,204.11492062500008,0.06632521655203263,148.04039250000005,56.008202908448,41.262369419310744
3,10,35,1,77.93131500000005,83.82528000000003,61.39546875000002,282.09171375000017,183.70342856250008,0.05969269489682938,133.23635325000004,50.40738261760322,37.136132477379704
3,10,36,1,71.59246143548287,77.00701734236812,56.401624030054776,259.1466618767584,168.76117931446123,0.05483735206291976,122.3990443617562,46.307297600642116,34.11551739181843
3,10,37,1,69.27228000000004,74.51136000000002,54.573750000000025,250.74819000000008,163.29193650000008,0.05306017324162612,118.43231400000008,44.80656232675838,33.00989553544858
3,10,38,1,71.59246143548287,77.0070173423681,56.401624030054776,259.14666187675834,168.76117931446123,0.05483735206291976,122.39904436175621,46.3072976006421,34.11551739181843
3,10,39,1,77.93131500000004,83.82528000000003,61.39546875000003,282.0917137500001,183.70342856250008,0.059692694896829386,133.23635325000006,50.40738261760319,37.136132477379704
3,10,40,1,86.59035000000006,93.13920000000002,68.21718750000004,313.4352375000001,204.1149206250001,0.06632521655203263,148.04039250000005,56.00820290844803,41.26236941931069
3,10,41,1,95.24938500000009,102.45312000000007,75.03890625000004,336.87856125000013,223.34138268750013,0.07018483776560856,157.31429175000005,65.95690609973448,36.16847131072643
3,10,42,1,101.58823856451723,109.27138265763197,80.0327509699453,341.4462645538433,235.52702965012918,0.07006606890523528,155.2874566396649,80.16950694155904,17.743043268346014
3,10,43,1,103.90842000000006,111.76704000000007,81.86062500000003,343.11816000000016,239.98728600000013,0.0701446354123849,154.54558350000005,85.37155786458769,10.999010907981074
3,10,44,1,101.58823856451723,109.27138265763199,80.0327509699453,341.4462645538434,235.52702965012918,0.07006618986171911,155.28745663966492,80.16950682060255,17.743043409461848
3,10,45,1,95.24938500000007,102.45312000000006,75.03890625000005,336.87856125000013,223.34138268750013,0.07018483776560856,157.31429175000005,65.95690609973448,36.16847131072649
3,10,46,1,86.59035000000006,93.13920000000003,68.21718750000001,313.43523750000014,204.11492062500008,0.06632521655203262,148.04039250000008,56.00820290844797,41.26236941931069
3,10,47,1,77.93131500000005,83.82528000000005,61.39546875000002,282.09171375000017,183.7034285625001,0.05969269489682938,133.2363532500001,50.40738261760319,37.13613247737965
3,10,48,1,71.59246143548287,77.00701734236812,56.401624030054776,259.1466618767584,168.76117931446123,0.05483735206291976,122.3990443617562,46.307297600642116,34.11551739181843
3,12,1,0,0.0,0.0,0.0,0.0,0.0,0.0,0.0,0.0,0.0
3,12,2,0,0.0,0.0,0.0,0.0,0.0,0.0,0.0,0.0,0.0
3,12,3,0,0.0,0.0,0.0,0.0,0.0,1.3923048998367446e-16,3.3651303965598344e-13,-3.3665227014596713e-13,7.459480910254487e-13
3,12,4,1,2073.2203800000016,2230.018560000001,1488.8888437500004,7132.563033750005,4773.528360562503,1.6251455868641604,3313.977455250002,1457.9257597256365,709.0316439346752
3,12,5,1,2280.5424180000023,2447.226936000001,1595.4700781250012,7644.267217125006,5199.959556618754,1.7252035982454526,3514.915178775003,1683.319174245505,597.1767473562868
3,12,6,1,2432.312683344727,2576.201679450528,1701.6487289562176,8007.8875206165385,5502.223857993592,1.7966032606647357,3658.2723996223185,1842.1548551106089,508.8085140385483
3,12,7,1,2487.8644560000007,2623.409712,1740.5128125,8114.467630500003,5608.883147175,1.8150829178754926,3692.1848733000015,1914.8831909571227,445.5213806375232
3,12,8,1,2432.312683344727,2576.201679450529,1701.6487289562174,8007.88752061654,5502.223857993594,1.7966032606647362,3658.2723996223194,1842.1548551106098,508.80851403855104
3,12,9,1,2280.542418000002,2447.226936000001,1595.4700781250015,7644.267217125005,5199.959556618753,1.725203598245453,3514.915178775003,1683.3191742455042,597.1767473562895
3,12,10,1,2073.22038,2230.01856,1488.888843750001,7132.5630337500015,4773.528360562501,1.6251455868641598,3313.977455250001,1457.9257597256355,709.0316439346743
3,12,11,1,1865.8983420000002,2007.0167040000003,1387.7389968750006,6510.9022728750015,4329.0104708812505,1.4817135329214957,3036.8305217250004,1290.6982356233289,693.772308463409
3,12,12,1,1714.1280766552757,1843.7680152258417,1313.6921697846883,6022.825981867838,3998.6524364150687,1.3637518610943735,2810.8525649404705,1186.4361196135037,644.0993766637848
3,12,13,1,1658.5763040000015,1784.0148480000014,1286.5891500000012,5843.108502000005,3877.5726297000033,1.3205598386436022,2727.390481200002,1148.861588661358,624.6704527450838
3,12,14,1,1714.128076655276,1843.768015225842,1313.6921697846885,6022.825981867839,3998.6524364150687,1.3637565195518895,2810.852564940471,1186.436114955046,644.0993820986523
3,12,15,1,1865.8983420000006,2007.0167040000008,1387.7389968750006,6510.902272875002,4329.010470881251,1.481706218230062,3036.830521725001,1290.6982429380205,693.772299929602
3,12,16,1,2073.220380000001,2230.018560000001,1488.8888437500004,7132.563033750004,4773.528360562503,1.62514558686416,3313.977455250003,1457.9257597256355,709.0316439346761
3,12,17,1,2280.542418000002,2447.2269360000014,1595.4700781250012,7644.267217125007,5199.959556618754,1.725203598245453,3514.9151787750034,1683.3191742455047,597.1767473562895
3,12,18,1,2432.3126833447263,2576.2016794505284,1701.6487289562174,8007.887520616539,5502.223857993593,1.796603260664737,3658.2723996223185,1842.1548551106098,508.8085140385483
3,12,19,1,2487.8644560000016,2623.4097119999997,1740.5128125,8114.467630500004,5608.883147175002,1.8150829178754921,3692.184873300002,1914.883190957124,445.5213806375232
3,12,20,1,2432.312683344726,2576.201679450528,1701.6487289562174,8007.887520616538,5502.223857993592,1.7966032606647364,3658.2723996223185,1842.1548551106089,508.80851403855013
3,12,21,1,2280.542418000002,2447.226936000002,1595.4700781250012,7644.267217125006,5199.959556618754,1.7252035982454526,3514.9151787750034,1683.3191742455047,597.1767473562886
3,12,22,1,2073.2203800000007,2230.0185600000004,1488.8888437500002,7132.563033750002,4773.528360562502,1.6251455868641604,3313.977455250002,1457.9257597256355,709.031643934677
3,12,23,1,1865.8983420000004,2007.0167040000006,1387.7389968749997,6510.902272875001,4329.0104708812505,1.4817617291092229,3036.8305217250004,1290.698187427141,693.7723646922941
3,12,24,1,1714.1280766552757,1843.7680152258415,1313.692169784688,6022.825981867838,3998.6524364150687,1.363718989244503,2810.852564940471,1186.436152485353,644.0993383132936
3,12,25,1,1658.5763040000015,1784.014848000002,1286.589150000001,5843.108502000005,3877.572629700004,1.320495424151169,2727.390481200002,1148.8616530758513,624.6703775948426
3,12,26,1,1714.1280766552757,1843.7680152258415,1313.6921697846883,6022.825981867838,3998.6524364150687,1.3637189892445036,2810.8525649404705,1186.4361524853534,644.0993383132936
3,12,27,1,1865.8983420000004,2007.0167040000013,1387.7389968750003,6510.902272875002,4329.010470881251,1.4817034209963238,3036.830521725001,1290.6982457352542,693.7722966661604
3,12,28,1,2073.2203800000007,2230.0185600000004,1488.8888437500004,7132.563033750004,4773.528360562502,1.6251455868641607,3313.9774552500025,1457.925759725635,709.031643934678
3,12,29,1,2280.5424180000023,2447.2269360000023,1595.4700781250012,7644.267217125007,5199.9595566187545,1.725203598245453,3514.9151787750034,1683.3191742455056,597.1767473562877
3,12,30,1,2432.3126833447272,2576.201679450528,1701.648728956218,8007.887520616539,5502.223857993593,1.796603260664737,3658.272399622319,1842.1548551106093,508.8085140385474
3,12,31,1,2487.8644560000016,2623.409712,1740.5128124999997,8114.467630500001,5608.883147175002,1.8150829178754913,3692.1848733,1914.8831909571259,445.52138063751863
3,12,32,1,2432.3126833447272,2576.2016794505275,1701.648728956218,8007.887520616539,5502.223857993592,1.7966032606647362,3658.2723996223194,1842.154855110608,508.8085140385474
3,12,33,1,2280.5424180000023,2447.226936000002,1595.4700781250012,7644.267217125005,5199.9595566187545,1.7252035982454519,3514.9151787750025,1683.3191742455065,597.1767473562877
3,12,34,1,2073.220380000001,2230.0185600000004,1488.8888437500004,7132.563033750004,4773.528360562502,1.62514558686416,3313.977455250002,1457.9257597256355,709.0316439346752
3,12,35,1,1865.8983420000002,2007.0167040000008,1387.7389968750006,6510.9022728750015,4329.0104708812505,1.4817034209963236,3036.830521725001,1290.6982457352533,693.772296666164
3,12,36,1,1714.128076655276,1843.7680152258415,1313.692169784688,6022.825981867838,3998.6524364150687,1.3637189892445027,2810.85256494047,1186.436152485354,644.0993383132918
3,12,37,1,1658.5763040000015,1784.014848000002,1286.589150000001,5843.108502000005,3877.572629700004,1.320495424151169,2727.390481200002,1148.8616530758513,624.6703775948426
3,12,38,1,1714.1280766552761,1843.7680152258417,1313.692169784688,6022.825981867839,3998.6524364150687,1.363718989244503,2810.8525649404705,1186.4361524853534,644.0993383132927
3,12,39,1,1865.8983420000009,2007.0167040000015,1387.7389968749997,6510.902272875002,4329.010470881251,1.4817034209963238,3036.830521725001,1290.6982457352542,693.7722966661622
3,12,40,1,2073.2203800000007,2230.01856,1488.88884375,7132.563033750003,4773.528360562501,1.6251455868641604,3313.977455250002,1457.9257597256346,709.031643934677
3,12,41,1,2280.5424180000023,2447.2269360000023,1595.4700781250015,7644.267217125007,5199.9595566187545,1.7252035982454526,3514.915178775003,1683.319174245506,597.1767473562859
3,12,42,1,2432.3126833447263,2576.201679450527,1701.6487289562178,8007.887520616538,5502.223857993592,1.7966032606647357,3658.272399622318,1842.1548551106093,508.8085140385492
3,12,43,1,2487.864456000001,2623.4097119999988,1740.5128124999999,8114.4676305,5608.883147175,1.8150829178754921,3692.1848733000006,1914.8831909571236,445.52138063752136
3,12,44,1,2432.312683344727,2576.2016794505275,1701.6487289562178,8007.887520616539,5502.223857993592,1.7966032606647364,3658.2723996223194,1842.154855110608,508.8085140385483
3,12,45,1,2280.5424180000014,2447.2269360000023,1595.470078125001,7644.267217125006,5199.959556618754,1.725203598245453,3514.9151787750034,1683.3191742455047,597.1767473562868
3,12,46,1,2073.2203800000007,2230.018559999999,1488.888843750001,7132.563033750002,4773.528360562501,1.62514558686416,3313.977455250002,1457.9257597256346,709.031643934677
3,12,47,1,1865.8983420000002,2007.0167040000015,1387.7389968750003,6510.902272875002,4329.010470881251,1.4817034209963238,3036.8305217250017,1290.6982457352533,693.7722966661631
3,12,48,1,1714.1280766552757,1843.7680152258415,1313.6921697846876,6022.825981867837,3998.652436415068,1.3637189892445032,2810.8525649404705,1186.436152485353,644.0993383132936
3,14,1,1,964.5340320000007,1033.7397840000026,661.3039124999982,2659.5777285000013,2107.016309475002,0.6749424664334037,1088.3618361000003,1017.979530908568,-400.523253822495
3,14,2,1,965.5262724603386,1029.6923437803196,660.1805410453927,3037.4225408471534,2161.4066389707086,0.7996617787073447,1354.0914406930735,806.5155364989275,44.99056216554027
3,14,3,1,1047.9906360000007,1101.8866320000027,660.9530812499984,3155.7520417500014,2292.362858362502,0.8232562242444157,1387.5898113,903.9497908382575,-36.97345350504929
3,14,4,1,664.2716850000002,667.5253200000026,210.23887499999762,1542.0358800000004,1280.7097380000007,0.3818257041591386,611.9335529999998,668.3943592958417,-296.6008439284817
3,14,5,1,730.6988535000006,698.7546719999998,122.34914999999933,1551.8026754999999,1320.4596809250002,0.38182570415913847,606.0750002999998,714.0028549208412,-334.6945861534814
3,14,6,1,779.3269158449391,703.4544030461534,75.03603831046078,1557.8173572015532,1344.393913560368,0.3818257041591383,603.3753944289936,740.6366934272153,-360.0839014831347
3,14,7,1,797.1260220000006,705.1746239999998,57.71823749999952,1560.0188835,1353.154450725,0.3818257041591386,602.3872700999998,750.3853549208411,-369.37703587848137
3,14,8,1,779.3269158449393,703.4544030461532,75.03603831046085,1557.8173572015532,1344.3939135603684,0.3818257041591384,603.3753944289936,740.6366934272157,-360.08390148313447
3,14,9,1,730.6988535000005,698.754672,122.34914999999923,1551.8026754999999,1320.4596809250002,0.38182570415913847,606.0750002999997,714.0028549208413,-334.6945861534814
3,14,10,1,664.2716850000002,667.5253200000026,210.2388749999976,1542.0358800000001,1280.7097380000007,0.3818257041591386,611.9335529999998,668.3943592958417,-296.6008439284815
3,14,11,1,597.8445165000002,617.6958480000023,306.321159374998,1529.2575663749997,1231.6950131062508,0.3818257041591383,620.0359530749995,611.2772343270922,-248.18374057848246
3,14,12,1,549.2164541550615,581.2181427816713,316.3992136241066,1507.8513796423158,1169.9023485281255,0.3818257041591384,629.9845922345277,539.5359305894386,-162.1223508896037
3,14,13,1,531.4173480000004,567.8663760000021,320.0880374999981,1500.0161715000002,1147.284663525001,0.38182570415913847,633.6260468999996,513.2767909208422,-130.62169597848242
3,14,14,1,549.2164541550615,581.2181427816713,316.39921362410666,1507.8513796423158,1169.9023485281255,0.3818257041591384,629.9845922345276,539.5359305894387,-162.12235088960392
3,14,15,1,597.8445165000003,617.6958480000023,306.321159374998,1529.2575663750001,1231.6950131062508,0.3818257041591384,620.0359530749996,611.2772343270921,-248.183740578482
3,14,16,1,664.2716850000002,667.5253200000027,210.23887499999768,1542.0358800000006,1280.709738000001,0.38182570415913847,611.933553,668.3943592958418,-296.6008439284817
3,14,17,1,730.6988535000007,698.7546719999998,122.3491499999992,1551.8026754999996,1320.4596809250002,0.38182570415913847,606.0750002999997,714.0028549208413,-334.6945861534814
3,14,18,1,779.3269158449392,703.4544030461533,75.03603831046088,1557.8173572015535,1344.3939135603684,0.3818257041591384,603.3753944289936,740.6366934272157,-360.08390148313447
3,14,19,1,797.1260220000006,705.1746239999998,57.71823749999953,1560.0188835,1353.154450725,0.38182570415913847,602.3872700999999,750.385354920841,-369.37703587848114
3,14,20,1,779.3269158449392,703.4544030461533,75.03603831046077,1557.8173572015532,1344.3939135603682,0.3818257041591384,603.3753944289937,740.6366934272154,-360.08390148313424
3,14,21,1,730.6988535000007,698.754672,122.34914999999924,1551.8026755,1320.4596809250002,0.38182570415913847,606.0750002999998,714.0028549208412,-334.6945861534816
3,14,22,1,664.2716850000002,667.5253200000026,210.23887499999762,1542.0358800000004,1280.7097380000007,0.3818257041591386,611.9335529999998,668.3943592958417,-296.6008439284817
3,14,23,1,597.8445165000003,617.6958480000025,306.321159374998,1529.2575663750001,1231.695013106251,0.3818257041591383,620.0359530749995,611.2772343270924,-248.18374057848246
3,14,24,1,549.2164541550615,581.2181427816712,316.3992136241066,1507.8513796423158,1169.9023485281255,0.38182570415913847,629.9845922345277,539.5359305894386,-162.12235088960347
3,14,25,1,531.4173480000004,567.8663760000021,320.0880374999981,1500.0161715000002,1147.284663525001,0.38182570415913847,633.6260468999998,513.276790920842,-130.6216959784822
3,14,26,1,549.2164541550615,581.2181427816713,316.3992136241066,1507.8513796423158,1169.9023485281255,0.3818257041591384,629.9845922345277,539.5359305894386,-162.12235088960392
3,14,27,1,597.8445165000002,617.6958480000023,306.321159374998,1529.2575663749997,1231.6950131062508,0.3818257041591384,620.0359530749996,611.2772343270921,-248.18374057848223
3,14,28,1,664.2716850000002,667.5253200000026,210.23887499999762,1542.0358800000004,1280.7097380000007,0.3818257041591386,611.9335529999998,668.3943592958417,-296.6008439284817
3,14,29,1,730.6988535000006,698.7546719999998,122.34914999999926,1551.8026754999999,1320.4596809250002,0.38182570415913847,606.0750002999998,714.0028549208412,-334.69458615348117
3,14,30,1,779.3269158449392,703.4544030461535,75.03603831046088,1557.8173572015537,1344.3939135603687,0.38182570415913847,603.3753944289938,740.6366934272157,-360.0839014831347
3,14,31,1,797.1260220000006,705.1746239999999,57.71823749999957,1560.0188835000001,1353.154450725,0.38182570415913847,602.3872700999999,750.385354920841,-369.3770358784816
3,14,32,1,779.3269158449391,703.4544030461534,75.03603831046082,1557.8173572015532,1344.3939135603682,0.38182570415913847,603.3753944289938,740.6366934272153,-360.08390148313424
3,14,33,1,730.6988535000006,698.754672,122.34914999999921,1551.8026754999996,1320.4596809250002,0.38182570415913847,606.0750002999997,714.0028549208413,-334.6945861534814
3,14,34,1,664.2716850000003,667.5253200000026,210.23887499999768,1542.0358800000006,1280.709738000001,0.3818257041591386,611.9335529999998,668.3943592958419,-296.6008439284817
3,14,35,1,597.8445165000003,617.6958480000023,306.32115937499805,1529.2575663750004,1231.6950131062508,0.38182570415913847,620.0359530749997,611.277234327092,-248.18374057848223
3,14,36,1,549.2164541550615,581.2181427816713,316.3992136241066,1507.8513796423158,1169.9023485281255,0.3818257041591384,629.9845922345277,539.5359305894386,-162.12235088960392
3,14,37,1,531.4173480000004,567.8663760000021,320.08803749999805,1500.0161715000004,1147.284663525001,0.38182570415913847,633.6260468999997,513.2767909208421,-130.62169597848242
3,14,38,1,549.2164541550615,581.2181427816713,316.39921362410666,1507.851379642316,1169.9023485281255,0.3818257041591384,629.9845922345277,539.5359305894386,-162.12235088960392
3,14,39,1,597.8445165000002,617.6958480000022,306.321159374998,1529.257566375,1231.6950131062506,0.38182570415913847,620.0359530749996,611.2772343270918,-248.183740578482
3,14,40,1,664.2716850000002,667.5253200000026,210.23887499999762,1542.0358800000004,1280.7097380000007,0.3818257041591386,611.9335529999998,668.3943592958417,-296.6008439284817
3,14,41,1,730.6988535000007,698.7546719999999,122.34914999999923,1551.8026754999999,1320.4596809250002,0.38182570415913847,606.0750002999998,714.0028549208412,-334.6945861534816
3,14,42,1,779.3269158449393,703.4544030461534,75.03603831046084,1557.8173572015535,1344.3939135603687,0.3818257041591384,603.3753944289938,740.6366934272157,-360.08390148313447
3,14,43,1,797.1260220000006,705.1746239999998,57.71823749999948,1560.0188835,1353.154450725,0.38182570415913847,602.3872700999998,750.3853549208411,-369.3770358784816
3,14,44,1,779.3269158449392,703.4544030461534,75.03603831046078,1557.8173572015535,1344.3939135603682,0.3818257041591384,603.3753944289938,740.6366934272153,-360.08390148313424
3,14,45,1,730.6988535000006,698.7546719999999,122.34914999999927,1551.8026754999999,1320.4596809250002,0.3818257041591384,606.0750002999998,714.0028549208412,-334.6945861534814
3,14,46,1,664.2716850000003,667.5253200000026,210.23887499999768,1542.0358800000006,1280.709738000001,0.3818257041591386,611.9335529999998,668.3943592958419,-296.6008439284817
3,14,47,1,597.8445165000002,617.6958480000025,306.321159374998,1529.257566375,1231.6950131062508,0.3818257041591383,620.0359530749996,611.2772343270921,-248.18374057848223
3,14,48,1,549.2164541550615,581.2181427816713,316.3992136241066,1507.8513796423158,1169.9023485281255,0.38182570415913847,629.9845922345277,539.5359305894386,-162.12235088960392
