sol,i,x,y,generado_kg,colectado_kg,cobertura_frac
1,4,935232.1996383747,6847389.587321847,382.5360000000005,248.10643879035473,0.6485832412906352
1,5,932796.2065302049,6847017.240572474,286.90199999999993,189.88283324095758,0.6618386530625706
1,18,934202.5140811859,6847035.746429175,95.63400000000013,70.686,0.7391304347826078
1,25,934096.581899661,6848230.987861096,191.26800000000026,0.0,0.0
1,35,933212.5435161008,6847781.889577894,95.63400000000013,37.36663196061759,0.39072539013967356
1,44,933795.5205956111,6849529.118970742,95.63400000000013,0.0,0.0
1,45,933749.8566987076,6847359.936184425,956.3399999999992,706.8599999999996,0.7391304347826089
1,49,934668.9242014234,6847991.059504304,95.63400000000013,70.686,0.7391304347826078
1,57,932930.2638203248,6847334.981743385,95.63400000000013,65.63665962995945,0.6863318446364197
1,61,933786.3757848325,6846570.722275133,95.63400000000013,70.68600000000002,0.739130434782608
1,65,933076.500024313,6846706.385801118,95.63400000000013,0.0,0.0
1,75,933258.946640454,6847238.2832172,95.63400000000013,70.686,0.7391304347826078
1,77,934119.8661056727,6848500.915443022,860.706,636.1740000000003,0.7391304347826091
1,79,933617.7651319009,6846354.170628882,191.26800000000026,0.0,0.0
1,81,932947.965768433,6847569.478328652,669.4379999999994,401.1952482662425,0.5993015757489758
1,82,931399.0969067597,6847985.48749921,95.63400000000013,70.68600000000002,0.739130434782608
1,84,932633.1794444442,6848632.591597222,382.5360000000005,123.76095123873996,0.3235275927984289
1,93,931021.3706214689,6848138.94180791,95.63400000000013,64.54184439517738,0.674883873885619
1,98,932095.4074515149,6848099.499488246,95.63400000000013,70.68600000000002,0.739130434782608
1,100,933254.7775111841,6847091.138974956,95.63400000000013,0.0,0.0
1,106,933920.2564890877,6846656.011966713,6981.282000000004,0.0,0.0
1,116,934687.9433918713,6848819.593295781,765.0720000000009,0.0,0.0
1,122,933307.2806719943,6848425.362298099,95.63400000000013,70.68600000000002,0.739130434782608
1,137,933064.6419871793,6846349.193040292,95.63400000000013,70.68600000000002,0.739130434782608
1,150,932857.9220418847,6846313.845314136,191.26800000000026,121.80718879035472,0.6368403956247494
1,151,934828.0199978295,6849314.347867097,669.4379999999994,0.0,0.0
1,158,934734.2457589286,6847875.135187872,286.90199999999993,0.0,0.0
1,176,933512.8108827493,6847227.481710467,286.90199999999993,193.6255331855322,0.6748838738856203
1,177,933820.3996630758,6846729.131149326,573.8039999999999,0.0,0.0
1,179,932980.5106425993,6849274.791070635,7172.55,5301.449999999998,0.7391304347826084
1,185,933545.4694397397,6849503.520859289,95.63400000000013,55.6309082963829,0.5817063836750823
1,189,933053.493765243,6848554.906648182,286.90199999999993,212.05799999999996,0.7391304347826088
1,191,934638.3861538881,6848242.91735565,1434.5100000000018,1060.2900000000016,0.7391304347826089
1,194,933920.8852708397,6849036.362538116,382.5360000000005,0.0,0.0
1,197,933407.5128596644,6847394.963580019,382.5360000000005,282.74399999999997,0.7391304347826076
1,208,934565.6985742671,6849027.874878292,382.5360000000005,282.74400000000014,0.7391304347826081
1,217,934530.0852800757,6848599.781675747,669.4379999999994,0.0,0.0
1,219,933554.8706790123,6847863.711111112,286.90199999999993,0.0,0.0
1,237,935034.8921995655,6848047.947972443,478.1699999999996,353.4299999999999,0.7391304347826091
1,240,933055.5947125347,6846696.121141081,95.63400000000013,0.0,0.0
1,243,931010.9338467777,6848472.014866717,95.63400000000013,70.68600000000002,0.739130434782608
1,244,930997.7831361728,6848465.027251136,286.90199999999993,212.05799999999994,0.7391304347826086
1,248,931416.2863824855,6848440.918788875,95.63400000000013,0.0,0.0
1,249,933976.9744957935,6849456.474430488,95.63400000000013,70.34316525404272,0.7355455722237135
1,268,932964.4078728555,6846511.444742659,95.63400000000013,61.8015513457802,0.646229911389047
1,269,933365.025647096,6849324.288715278,286.90199999999993,186.51328738914867,0.6500940648345035
1,274,932614.3487915214,6849474.061949076,95.63400000000013,65.04998884578022,0.680197302693395
1,281,933088.9539016066,6848095.000279918,95.63400000000013,34.5173706193703,0.3609319971910644
1,287,931037.6485330551,6847950.435266034,286.90199999999993,212.058,0.7391304347826089
1,291,932423.6863711667,6847675.573572203,382.5360000000005,282.74400000000014,0.7391304347826081
1,292,932832.7684579535,6849195.781608622,286.90199999999993,212.05799999999994,0.7391304347826086
1,297,932209.2999999999,6848117.800000001,95.63400000000013,0.0,0.0
1,299,933901.5093997908,6848830.598421688,286.90199999999993,0.0,0.0
1,314,933724.2550105965,6849855.246866485,191.26800000000026,129.08368879035473,0.6748838738856189
1,317,933030.3271766937,6848933.670076742,1051.9740000000002,777.5460000000003,0.7391304347826089
1,318,934354.7625384936,6847856.708324676,669.4379999999994,494.80200000000025,0.7391304347826098
1,326,932984.3861412719,6848169.383619696,95.63400000000013,70.68600000000002,0.739130434782608
1,327,933242.5160337553,6847717.454852321,478.1699999999996,0.0,0.0
1,347,934495.5902489168,6847267.845505583,286.90199999999993,212.05799999999988,0.7391304347826084
1,352,934185.0575781917,6848345.145587966,669.4379999999994,494.8020000000001,0.7391304347826094
1,355,934629.8232417952,6847992.016393966,191.26800000000026,141.37200000000004,0.739130434782608
1,356,934373.2552614163,6847881.576906391,286.90199999999993,193.6255331855321,0.67488387388562
1,363,933634.0871350362,6846887.519251824,669.4379999999994,0.0,0.0
1,364,932676.9243876464,6849572.083493077,95.63400000000013,59.430969395177364,0.6214418449001117
1,378,931806.3802779583,6848488.789984858,95.63400000000013,70.68600000000004,0.7391304347826081
1,390,935078.531320241,6849006.691026854,2008.3139999999987,1484.4059999999984,0.7391304347826083
1,393,931064.866450197,6847808.01151116,95.63400000000013,0.0,0.0
1,397,933459.2342400589,6849357.438262504,191.26800000000026,0.0,0.0
1,409,932366.1540499293,6848090.313403002,95.63400000000013,70.68600000000004,0.7391304347826081
1,411,933605.582755242,6849841.392426023,95.63400000000013,59.43096939517737,0.6214418449001118
1,417,933869.0273467229,6847085.725927674,95.63400000000013,70.68600000000004,0.7391304347826081
1,422,934049.4157225612,6849168.723189631,669.4379999999994,494.80200000000053,0.7391304347826101
1,423,931354.6071967747,6848037.414273459,95.63400000000013,70.68600000000002,0.739130434782608
1,425,934485.6168160207,6847425.680853212,765.0720000000009,561.4228443951775,0.7338170059748322
1,426,933236.6909816348,6845879.308936221,95.63400000000013,0.0,0.0
1,427,932968.2284143277,6847140.805606759,95.63400000000013,0.0,0.0
1,430,932616.6979776332,6848643.234012036,95.63400000000013,0.0,0.0
1,431,933810.3865925886,6849303.487581968,6216.210000000001,0.0,0.0
1,449,933587.2113387348,6846971.47272248,95.63400000000013,54.146844395177375,0.5661882217117061
1,450,933739.0072355473,6846120.502902829,286.90199999999993,162.39064297515614,0.5660143288480254
1,451,933328.8934048738,6847524.804068859,95.63400000000013,70.68600000000112,0.7391304347826194
1,453,933426.1828555368,6846263.199100618,95.63400000000013,39.53204151444893,0.41336806485610633
1,454,933442.9395734966,6849626.842041544,95.63400000000013,0.0,0.0
1,460,933521.3303376244,6847219.503228688,286.90199999999993,212.0580000000012,0.739130434782613
1,472,933838.9566765964,6847418.397660062,765.0720000000009,516.3347551614189,0.674883873885619
1,473,932186.3113535317,6848767.456293614,95.63400000000013,0.0,0.0
1,475,933787.9284211311,6848635.418219363,669.4379999999994,0.0,0.0
1,476,933839.8789285813,6847323.295545632,478.1699999999996,0.0,0.0
1,477,932889.517216744,6848185.645224908,95.63400000000013,0.0,0.0
1,482,934019.2394154409,6846327.922528604,573.8039999999999,0.0,0.0
1,491,933890.1396469597,6847471.335827028,382.5360000000005,0.0,0.0
1,492,933263.0265691357,6845630.469297488,95.63400000000013,70.686,0.7391304347826078
1,493,933396.2100596759,6847410.84419025,95.63400000000013,0.0,0.0
1,495,933879.9158611931,6849970.480162611,95.63400000000013,59.43096939517738,0.6214418449001119
1,501,932448.8432152005,6848229.736869752,95.63400000000013,70.68600000000002,0.739130434782608
1,502,931701.929142391,6848183.765831584,95.63400000000013,70.68599999999998,0.7391304347826074
1,513,933469.978765721,6847168.351467291,669.4379999999994,494.80200000000025,0.7391304347826098
1,527,934560.6855879471,6846926.312432653,191.26800000000026,120.85431379035475,0.6318585115667785
1,535,932859.9806287911,6847709.72563782,382.5360000000005,282.74400000000014,0.7391304347826081
1,536,933890.347572089,6849207.905624338,2486.4840000000036,800.7716653678766,0.3220497961651374
1,549,933753.9208472684,6847389.268450389,669.4379999999994,262.03541745877357,0.39142596843736654
1,550,934684.4064191513,6847779.546084131,191.26800000000026,72.14034061937014,0.37716889714625573
1,555,933016.1550341728,6845619.921870556,95.63400000000013,0.0,0.0
1,556,934909.5543770797,6846884.873698563,191.26800000000026,0.0,0.0
1,564,933181.1527078631,6847493.078566591,478.1699999999996,353.42999999999984,0.739130434782609
1,574,932219.95,6849648.500000002,95.63400000000013,0.0,0.0
1,580,933735.5426447159,6848192.352490384,286.90199999999993,169.71703318553213,0.5915505405522867
1,584,933048.7735838192,6847041.491621681,382.5360000000005,274.4280000000001,0.7173913043478254
1,589,933153.0678706901,6849382.930081506,3060.288000000004,2162.902755161419,0.7067644467322736
1,592,935253.1540796532,6846809.875615289,8415.792000000001,6220.368000000002,0.7391304347826089
1,594,934011.1508584355,6849437.003049931,191.26800000000026,0.0,0.0
1,595,934168.5749922768,6848092.06604881,9372.131999999994,6605.7528274599335,0.7048292562951458
1,600,930709.5548483403,6847896.066475518,860.706,636.1740000000002,0.7391304347826089
1,601,932831.0732350178,6847141.425009615,6885.648,0.0,0.0
1,608,935432.9429178956,6846686.671092149,765.0720000000009,455.3507551614188,0.5951737289580827
1,611,933064.6096880792,6846666.672060127,95.63400000000013,0.0,0.0
1,612,933198.6561378661,6848248.266170916,95.63400000000013,0.0,0.0
1,626,932959.2746634039,6848971.687087934,669.4379999999994,494.80200000000036,0.7391304347826099
1,635,934715.0443627223,6849303.407302236,191.26800000000026,129.08368879035473,0.6748838738856189
1,636,934161.5690118932,6849269.616546231,382.5360000000005,258.1673775807095,0.674883873885619
1,639,934767.4318470032,6848159.641986265,95.63400000000013,70.68600000000009,0.7391304347826086
1,640,933402.2752708681,6847319.732059149,382.5360000000005,282.74400000000014,0.7391304347826081
1,645,932783.6345544663,6849515.42006541,7076.916000000007,4272.8918602431295,0.6037788014218517
1,646,933226.9663082438,6847546.715651136,191.26800000000026,141.3720000000001,0.7391304347826082
1,650,932270.8081290539,6848006.907615197,95.63400000000013,70.68599999999999,0.7391304347826076
1,665,933843.1643776821,6847335.447256625,573.8039999999999,424.11600000000226,0.7391304347826129
1,669,933688.67952823,6846405.938468092,95.63400000000013,0.0,0.0
1,671,933612.2019888371,6846362.551319415,191.26800000000026,141.37200000000007,0.7391304347826081
1,676,932651.9787094913,6849007.15148572,95.63400000000013,0.0,0.0
1,681,934320.32446901,6847227.761520308,382.5360000000005,282.74400000000014,0.7391304347826081
1,684,932948.6928275862,6846253.918160919,95.63400000000013,56.14697785021423,0.5871026815799208
1,686,933134.805522209,6848886.254447662,95.63400000000013,36.62409061937029,0.3829609826983107
1,695,932208.4746863733,6847976.643349078,95.63400000000013,37.31510041291354,0.3901865488520138
1,700,933307.415138334,6846533.177090028,669.4379999999994,424.3435580746816,0.6338802967185638
1,703,932805.4099625695,6847660.265857359,382.5360000000005,229.92762758070953,0.6010614101175032
1,705,931830.9428397237,6849436.342892767,3060.288000000004,1244.2328165165413,0.40657376577516224
1,714,934296.3022916218,6848226.136029785,669.4379999999994,0.0,0.0
1,746,934427.4399261386,6848131.971932704,191.26800000000026,141.37200000000004,0.739130434782608
1,754,935287.973709087,6849093.155863338,1147.6079999999997,848.2319999999999,0.7391304347826088
1,768,933094.2233136069,6847167.248368592,95.63400000000013,26.924045103228355,0.2815321444593797
1,770,935108.4284956463,6847017.963766944,669.4379999999994,0.0,0.0
1,771,934193.5023179748,6849242.122866894,382.5360000000005,0.0,0.0
1,793,934431.8500208445,6847903.665082484,286.90199999999993,212.058,0.7391304347826089
1,795,935231.3938704177,6849023.656464077,4207.896000000001,2710.2120383878055,0.6440777144653302
1,813,935188.6108424318,6847545.990692657,765.0720000000009,516.3347551614189,0.674883873885619
1,827,934310.1698804923,6847174.635752239,478.1699999999996,353.4299999999999,0.7391304347826091
1,828,932314.5050508021,6848739.770817741,95.63400000000013,70.686,0.7391304347826078
1,829,933649.6658164571,6848980.251980261,382.5360000000005,0.0,0.0
1,835,933336.5999535138,6848858.904366966,382.5360000000005,205.45777674362733,0.5370939643422503
1,836,933132.7579393707,6846150.504788727,95.63400000000013,0.0,0.0
1,842,932934.3160961473,6847247.725783047,573.8039999999999,424.11599999999976,0.7391304347826084
1,844,932602.0364956437,6849103.953823814,95.63400000000013,70.68600000000004,0.7391304347826081
1,845,933065.9035353955,6847593.954816597,286.90199999999993,106.04691185811097,0.3696276493649783
1,846,933467.1249712785,6849475.333811448,1147.6079999999997,465.2223882943398,0.4053844067785689
1,848,933332.0001978239,6848404.997447309,95.63400000000013,0.0,0.0
1,851,934643.451469326,6847672.729698644,860.706,636.1740000000001,0.7391304347826088
1,856,932649.0430834821,6849128.895005022,191.26800000000026,141.37200000000007,0.7391304347826081
1,858,934546.5737916786,6847802.938697031,382.5360000000005,282.74400000000014,0.7391304347826081
1,876,933953.6517937218,6847406.404531865,382.5360000000005,121.56219426504175,0.31777974952695065
1,877,934233.9715114607,6846468.377719703,1721.4119999999998,1197.9099814395709,0.6958880160238055
1,880,935154.6247894499,6847865.633903365,2582.1180000000018,1120.4684155743328,0.4339338541361518
1,881,934521.0387960286,6847979.159273804,382.5360000000005,147.88634289039473,0.38659457643305345
1,883,934377.5128798318,6848054.190561218,478.1699999999996,0.0,0.0
1,890,935005.8386331592,6847994.260413038,382.5360000000005,136.96068247748119,0.3580334464664267
1,908,934117.5803222908,6848492.461851568,573.8039999999999,376.52655807468113,0.6561936795049899
1,915,935495.6521688113,6847682.145160639,95.63400000000013,0.0,0.0
1,921,933573.1016166462,6846411.526454207,95.63400000000013,60.28855689517722,0.6304092362044581
1,935,933137.5559961885,6846284.39004724,95.63400000000013,70.686,0.7391304347826078
1,951,934572.8991940076,6847519.184398493,669.4379999999994,451.7929107662421,0.6748838738856212
1,965,933036.6317441666,6845501.768490851,2295.2159999999994,1484.5552654842568,0.6468041637406925
1,975,934654.0560641311,6846831.777087376,11667.348000000002,4225.973287781594,0.3622051290303155
1,978,933470.6709731786,6847654.691551276,286.90199999999993,0.0,0.0
1,980,934822.05,6846865.15,95.63400000000013,70.68600000000004,0.7391304347826081
1,988,935019.1184095723,6846971.871297101,95.63400000000013,70.68600000000004,0.7391304347826081
1,995,934379.6125155763,6846763.367437694,95.63400000000013,70.68600000000004,0.7391304347826081
1,998,932960.1530195797,6846286.043130626,95.63400000000013,38.15164020645562,0.3989338541361395
1,999,931341.4684379499,6847922.234152553,95.63400000000013,70.686,0.7391304347826078
1,1004,933932.4340668358,6847443.647389229,573.8039999999999,424.1160000000004,0.7391304347826095
1,1005,933795.6323563766,6849703.671990263,382.5360000000005,282.74400000000014,0.7391304347826081
1,1009,935266.6090870416,6848942.933792318,2582.1180000000018,0.0,0.0
1,1025,933993.1986476866,6847239.017105575,286.90199999999993,199.72326659276604,0.6961375891167231
1,1026,933465.834754198,6845770.819694486,1338.8759999999988,989.6040000000005,0.7391304347826098
1,1038,933740.6976727274,6847253.697955554,95.63400000000013,69.28267500024243,0.7244565217416645
1,1039,933758.1952581948,6847056.684551714,286.90199999999993,207.38025,0.7228260869565218
1,1040,934325.9085450439,6847707.406116668,382.5360000000005,0.0,0.0
1,1044,933318.7682553844,6847490.930153612,95.63400000000013,70.68600000000004,0.7391304347826081
1,1050,931068.9470474722,6847864.896585939,5929.308000000018,4382.532000000009,0.739130434782608
1,1062,934057.2260247514,6846835.112146791,95.63400000000013,70.68600000000004,0.7391304347826081
1,1066,934512.3225040092,6847075.290475415,95.63400000000013,0.0,0.0
1,1067,933897.3305061894,6848588.455308608,1243.2420000000016,918.918000000006,0.7391304347826126
1,1082,933912.7547164088,6846243.365399779,95.63400000000013,30.472544559986414,0.31863714327526166
1,1103,931283.3218358442,6847897.242137166,95.63400000000013,57.308656895177386,0.5992498159146047
1,1121,932952.2440574203,6846530.429605838,669.4379999999994,0.0,0.0
1,1145,934437.7322524316,6848046.842834131,956.3399999999992,706.8599999999996,0.7391304347826089
1,1146,933929.5740249938,6849036.271214548,669.4379999999994,494.8020000000003,0.7391304347826098
1,1147,933712.2500000001,6846373.050000001,95.63400000000013,70.68600000000004,0.7391304347826081
1,1148,932698.1279332731,6847623.943821748,286.90199999999993,175.31300818553188,0.6110553714701603
1,1151,931667.3664829248,6848627.834796935,95.63400000000013,0.0,0.0
1,1152,933888.6683561014,6848426.841974185,956.3399999999992,565.7234439517742,0.5915505405522876
1,1163,934096.1139495115,6847381.689789295,860.706,0.0,0.0
1,1166,934430.7,6846623.25,286.90199999999993,212.058,0.7391304347826089
1,1170,933799.9370319635,6846052.686700913,95.63400000000013,68.60700000000001,0.7173913043478253
1,1172,932636.8223441769,6848142.292145214,95.63400000000013,70.68600000000004,0.7391304347826081
1,1176,933735.7247496987,6849736.734852579,382.5360000000005,0.0,0.0
1,1179,933182.9804949826,6848469.778739198,95.63400000000013,70.68600000000002,0.739130434782608
1,1186,934286.4694322861,6849211.215492376,478.1699999999996,172.84912654842512,0.3614804913491546
1,1187,934241.2515292519,6849265.138156173,286.90199999999993,0.0,0.0
1,1197,933144.7059530459,6847381.251215225,286.90199999999993,212.05799999999994,0.7391304347826086
1,1198,933435.0267724396,6847133.596391855,382.5360000000005,282.744,0.7391304347826078
1,1208,933127.6179365685,6847562.198753026,95.63400000000013,0.0,0.0
1,1213,933009.1283417462,6847278.315608317,286.90199999999993,212.05799999999994,0.7391304347826086
1,1225,932725.9019159782,6849190.839180875,95.63400000000013,64.54184439517735,0.6748838738856188
1,1254,933803.4770470425,6846120.682009005,286.90199999999993,212.05799999999994,0.7391304347826086
1,1259,932938.2346409564,6847749.669124478,382.5360000000005,282.74400000000014,0.7391304347826081
1,1263,932435.4635561365,6848149.724083456,95.63400000000013,60.112363845780145,0.6285668679107855
1,1264,933252.3358924738,6848097.372223148,382.5360000000005,259.9466807867519,0.6795352092005761
1,1276,933847.6820580222,6847205.185409118,191.26800000000026,0.0,0.0
1,1286,934673.991083819,6847021.510599964,95.63400000000013,0.0,0.0
1,1287,933381.9421106977,6847579.111805747,2008.3139999999987,0.0,0.0
1,1288,934585.3148619072,6847019.359524057,95.63400000000013,70.68600000000002,0.739130434782608
1,1291,933850.9116504298,6848963.505684397,191.26800000000026,0.0,0.0
1,1292,932805.0496518479,6847683.641794124,382.5360000000005,0.0,0.0
1,1293,932125.5464688848,6848876.350531478,95.63400000000013,70.686,0.7391304347826078
1,1295,933416.3940094652,6847947.310047981,573.8039999999999,0.0,0.0
1,1298,935305.043575921,6846601.857721872,95.63400000000013,37.163635516141916,0.3886027512824086
1,1315,933665.3307775545,6846952.389604265,191.26800000000026,63.179850619370306,0.33032107105930014
1,1323,933672.1940274703,6846955.293921815,382.5360000000005,282.74400000000014,0.7391304347826081
1,1324,931357.0651616496,6848640.778843057,95.63400000000013,70.686,0.7391304347826078
1,1326,933112.3811940777,6845802.219240351,95.63400000000013,36.89731020645678,0.3858179121071662
1,1332,931850.920546149,6848167.555214924,95.63400000000013,32.04830041291354,0.33511408508389795
1,1334,935025.5067839512,6847088.036877189,478.1699999999996,353.42999999999984,0.739130434782609
1,1338,933656.6983436989,6845946.59795963,95.63400000000013,33.035836954365784,0.34544029272398663
1,1341,933121.2473073711,6848487.804495212,95.63400000000013,70.68600000000002,0.739130434782608
1,1342,931339.55,6848374.75,95.63400000000013,60.42715689517724,0.6318585115667771
1,1343,935026.8568599509,6847620.248555565,95.63400000000013,60.903594395177365,0.6368403956247494
1,1352,933220.4453177034,6847986.40767698,860.706,557.3833996120221,0.6475886070412221
1,1367,934014.7477235027,6848686.654087539,382.5360000000005,205.94289758070946,0.5383621347551842
1,1371,933563.5716417324,6847244.560395807,669.4379999999994,494.8020000000004,0.73913043478261
1,1375,933085.7992403114,6846201.696737376,95.63400000000013,70.68599999999999,0.7391304347826076
1,1378,933144.390818782,6848810.53846602,95.63400000000013,70.68600000000227,0.7391304347826314
1,1379,932747.0864632871,6847074.525885944,860.706,523.5741620565968,0.6083077869290987
1,1383,933031.4044981838,6847062.862775538,382.5360000000005,282.74400000000014,0.7391304347826081
1,1390,933749.0255641763,6848921.476113366,765.0720000000009,0.0,0.0
1,1397,934030.0499999999,6846756.849999999,382.5360000000005,125.82314165165353,0.3289184329099833
1,1406,932907.2702633148,6848234.166425007,95.63400000000013,56.57234439517729,0.5915505405522848
1,1408,935279.6344126466,6847919.135186699,191.26800000000026,116.86956379035477,0.6110251782334453
1,1409,932924.2998614637,6847804.208881705,191.26800000000026,0.0,0.0
1,1413,932952.480461289,6847595.314299952,95.63400000000013,0.0,0.0
1,1428,932273.2810115218,6847902.831123747,95.63400000000013,0.0,0.0
1,1430,933696.6502082675,6847271.309655895,286.90199999999993,170.98072987843653,0.5959551689372559
1,1434,933659.4591317195,6847115.664754112,286.90199999999993,145.06366471213636,0.5056209601610877
1,1442,935390.009467688,6848052.977725397,95.63400000000013,37.60317510322839,0.39319881112604654
1,1446,935011.1163164232,6847046.170954415,573.8039999999999,234.02418123874085,0.40784689761441345
1,1449,933634.6590427163,6846490.226947354,95.63400000000013,0.0,0.0
1,1452,933314.4020489826,6847584.965353334,382.5360000000005,0.0,0.0
1,1454,932852.9522924719,6848149.85762564,382.5360000000005,0.0,0.0
1,1455,934541.6070253011,6846697.833014002,95.63400000000013,37.2339306193703,0.38933779429251364
1,1478,932657.5502919139,6848553.211605296,95.63400000000013,70.68600000000004,0.7391304347826081
1,1500,933840.4453254323,6846564.355816297,95.63400000000013,70.68600000000004,0.7391304347826081
1,1501,933496.6828042775,6847473.529898852,9754.668000000003,0.0,0.0
1,1503,932868.7502310319,6849348.737689595,7841.987999999982,4702.861490404542,0.5997027144653311
1,1512,932380.6305992709,6847657.173835214,95.63400000000013,64.54184439517736,0.6748838738856189
1,1513,931865.7612991069,6848092.720067278,95.63400000000013,64.54184439517736,0.6748838738856189
1,1518,932554.1535490454,6849089.317023758,95.63400000000013,70.68600000000004,0.7391304347826081
1,1523,932204.8918919408,6847909.595844847,95.63400000000013,59.86409439517737,0.6259708304073581
1,1527,932921.4995483749,6847510.441258074,95.63400000000013,70.68600000000002,0.739130434782608
1,1528,932486.4871053678,6847279.416509666,286.90199999999993,212.058,0.7391304347826089
1,1530,933215.144524075,6847275.104188565,478.1699999999996,353.42999999999984,0.739130434782609
1,1541,931781.4223539747,6848814.907858711,95.63400000000013,0.0,0.0
1,1543,935287.7006408168,6847253.051417401,95.63400000000013,0.0,0.0
1,1565,934070.5367666233,6846322.311360278,95.63400000000013,61.758238845780184,0.6457770128383221
1,1589,931164.2942459702,6849078.516166822,95.63400000000013,70.68600000000004,0.7391304347826081
1,1593,934812.4380036973,6847917.764875916,191.26800000000026,125.61184213295363,0.6567321357098598
1,1595,931763.8967347816,6848810.751038256,95.63400000000013,70.68600000000004,0.7391304347826081
1,1599,932947.9073431644,6845661.948920181,95.63400000000013,64.54184439517736,0.6748838738856189
1,1613,933459.2428068469,6847196.975707174,95.63400000000013,70.68599999999999,0.7391304347826076
1,1615,931562.336893256,6848719.844807776,95.63400000000013,61.336719395177376,0.6413693811319958
1,1617,934532.8407368523,6847888.548809763,382.5360000000005,157.8269124774805,0.4125805479157002
1,1618,935516.3848454683,6847596.83302522,95.63400000000013,36.28698392008149,0.37943601564382373
1,1620,931063.333698664,6848295.470524312,95.63400000000013,0.0,0.0
1,1621,933061.4,6847021.299999998,286.90199999999993,212.058,0.7391304347826089
1,1622,934336.3453574253,6847788.358546391,956.3399999999992,706.8599999999997,0.739130434782609
1,1632,932923.620198441,6847352.466002573,286.90199999999993,212.05799999999994,0.7391304347826086
1,1635,931152.2800419715,6849187.840455947,95.63400000000013,0.0,0.0
1,1643,934092.8194361806,6849325.891344383,95.63400000000013,38.035820412913495,0.3977227807360713
1,1648,933566.6833042863,6846844.517819706,95.63400000000013,67.59071109879434,0.7067644467322736
1,1653,934863.7098353475,6849051.338538339,382.5360000000005,282.74400000000014,0.7391304347826081
1,1662,933390.8603133974,6846330.840234637,669.4379999999994,494.80200000000013,0.7391304347826095
1,1671,934395.4800293685,6848089.935485986,286.90199999999993,0.0,0.0
1,1673,933403.5820387979,6846469.415412229,286.90199999999993,0.0,0.0
1,1695,933463.185499928,6847346.920452255,573.8039999999999,424.11599999999993,0.7391304347826088
1,1700,935559.5303746271,6849087.127163132,669.4379999999994,407.52753576624195,0.6087606854798239
1,1701,931199.3242956622,6849215.54846212,95.63400000000013,28.672734766443146,0.2998173742230076
1,1702,932818.55659602,6847327.823400533,286.90199999999993,205.82099999999997,0.7173913043478262
1,1707,932968.2458110051,6848023.127859831,286.90199999999993,118.47634654842587,0.4129505773693662
1,1720,932930.3444654951,6846290.010004138,382.5360000000005,0.0,0.0
1,1728,932853.3535925086,6849471.716274965,5451.1380000000045,2646.3831968130744,0.4854735280620436
1,1732,932400.7865038629,6848937.067637364,95.63400000000013,68.607,0.7173913043478252
1,1738,932925.7213391722,6848269.128598682,95.63400000000013,64.54184439517739,0.6748838738856192
1,1741,934885.9438487042,6847686.739913288,95.63400000000013,0.0,0.0
1,1755,934267.3723724807,6848305.474039348,573.8039999999999,0.0,0.0
1,1756,934727.2887968638,6847339.298058327,478.1699999999996,0.0,0.0
1,1758,933980.7903509858,6849895.460544048,95.63400000000013,61.10481438596722,0.6389444589368544
1,1767,932229.2917765066,6849494.96808008,95.63400000000013,0.0,0.0
1,1773,931148.5939045628,6848279.277150818,95.63400000000013,70.68600000000004,0.7391304347826081
1,1774,933895.7993839331,6848974.631798301,1434.5100000000018,1060.2900000000016,0.7391304347826089
1,1775,933496.8032141168,6847648.33905257,765.0720000000009,548.856,0.7173913043478253
1,1784,933698.0913414189,6849324.938037487,478.1699999999996,353.4299999999998,0.7391304347826089
1,1789,932604.6591669754,6847920.924021525,95.63400000000013,26.964630000000046,0.28195652173913055
1,1793,932791.9884076433,6847390.593070064,478.1699999999996,353.42999999999984,0.739130434782609
1,1795,932005.696795279,6848716.295017858,95.63400000000013,70.68599999999999,0.7391304347826076
1,1796,935658.8513291207,6847726.632741917,6694.379999999996,4517.9291076624195,0.6748838738856209
1,1797,935645.028331176,6847473.967383204,95.63400000000013,64.54184439517736,0.6748838738856189
1,1803,934292.8611387981,6846588.537202185,95.63400000000013,59.864094395177375,0.6259708304073582
1,1814,932207.1908266202,6849674.217606502,95.63400000000013,64.54184439517738,0.674883873885619
1,1817,932027.5445922345,6848735.694520581,286.90199999999993,0.0,0.0
1,1820,933402.444423173,6846573.876318966,95.63400000000013,0.0,0.0
1,1825,933885.997274446,6850026.931480075,95.63400000000013,61.25009439517734,0.6404635840305463
1,1831,934042.2204724302,6848583.094417111,191.26800000000026,141.37200000000004,0.739130434782608
1,1835,934771.9177263968,6848932.114547206,95.63400000000013,70.68600000000002,0.739130434782608
1,1841,935201.489385902,6847009.958962963,95.63400000000013,55.921919498405764,0.5847493516783329
1,1856,931655.1549237602,6848819.276517017,95.63400000000013,54.14684439517737,0.566188221711706
1,1859,934665.3767805565,6847803.695768115,95.63400000000013,56.64588905223687,0.5923195626266473
1,1866,930963.1999999998,6849052.750000001,95.63400000000013,33.782286747909005,0.35324556902261706
1,1867,932341.2123431873,6848088.670580554,95.63400000000013,70.68600000000004,0.7391304347826081
1,1870,933360.4069588096,6849480.581387225,286.90199999999993,0.0,0.0
1,1871,934703.7885432815,6847283.948746167,286.90199999999993,0.0,0.0
1,1872,933435.9231581272,6848836.125151532,95.63400000000013,0.0,0.0
1,1878,932252.2573270192,6848748.011339121,382.5360000000005,146.7181224774812,0.3835406928432383
1,1880,935358.2862071943,6846698.079555497,95.63400000000013,0.0,0.0
1,1882,933752.0325735204,6847192.626957979,95.63400000000013,0.0,0.0
1,1888,935221.8170686929,6846447.43117666,573.8039999999999,196.41507123874027,0.34230341935354286
1,1890,933368.9302095958,6849484.395273999,95.63400000000013,60.86028189517737,0.6363874970740249
1,1891,932292.3734602149,6847977.349415053,95.63400000000013,63.789520216098545,0.6670171718855058
1,1893,933519.6067936323,6849225.229774698,573.8039999999999,379.7656664819151,0.6618386530625705
1,1898,932394.8712285741,6848140.582198092,95.63400000000013,65.2642071439664,0.6824372832252789
1,1905,934921.5130440993,6848080.991273733,765.0720000000009,0.0,0.0
1,1914,933031.0010705923,6846578.046929219,573.8039999999999,424.11599999999993,0.7391304347826088
1,1919,932043.7239302841,6848828.674357556,286.90199999999993,94.52626654842581,0.32947231649980074
1,1944,933843.3150708319,6849428.417539569,382.5360000000005,282.74400000000014,0.7391304347826081
1,1953,933817.9514630907,6846512.274816846,286.90199999999993,173.22534568553206,0.6037788014218517
1,1954,932951.3227339447,6849047.545216067,191.26800000000026,0.0,0.0
1,1958,934238.2623247142,6847808.822001567,191.26800000000026,141.37200000000004,0.739130434782608
1,1966,933017.362850736,6846969.745512116,95.63400000000013,55.48931644900858,0.5802258239643694
1,1967,931440.7249662618,6848438.391902835,478.1699999999996,156.49130551614212,0.3272712748941637
1,1968,934369.6587209826,6847928.829242838,382.5360000000005,251.01770538312078,0.656193679504989
1,1971,933238.0273212845,6847228.437295821,95.63400000000013,0.0,0.0
1,1980,933152.8527642138,6845903.883869338,95.63400000000013,70.68600000000002,0.739130434782608
1,1981,934584.9261823167,6847772.549362577,286.90199999999993,212.05799999999994,0.7391304347826086
1,1982,933867.1369841449,6848673.49216118,573.8039999999999,424.11599999999993,0.7391304347826088
1,1985,932949.8723969597,6848120.041013041,95.63400000000013,55.86375189517737,0.5841411202624307
1,1986,933101.8960214544,6847404.04204379,95.63400000000013,70.68600000000002,0.739130434782608
1,1987,935159.2973042361,6846735.817089468,4781.7000000000035,1987.723020645678,0.4156937952288258
1,1991,930929.6674209344,6849003.383803096,95.63400000000013,70.68600000000004,0.7391304347826081
1,1993,934642.4641922183,6848263.352315542,4972.968000000005,0.0,0.0
1,1994,933020.0117324587,6847115.725649899,669.4379999999994,0.0,0.0
1,1999,933604.5537012517,6846134.778865583,95.63400000000013,70.68600000000004,0.7391304347826081
1,2006,932648.8423650521,6848794.01889634,95.63400000000013,70.686,0.7391304347826078
1,2010,934029.0480396533,6848677.318937064,478.1699999999996,0.0,0.0
1,2014,933893.638884413,6849793.23092325,1912.6799999999985,1413.7199999999996,0.7391304347826091
1,2015,934316.983301867,6848276.498498619,669.4379999999994,322.1148280819553,0.4811720100770431
1,2017,933655.0943946119,6849426.629276863,191.26800000000026,141.37200000000007,0.7391304347826081
1,2019,932992.0042073738,6849092.844629564,95.63400000000013,70.68600000000004,0.7391304347826081
1,2022,933253.0357546263,6847409.613920932,382.5360000000005,145.89050289039474,0.38137718512870566
1,2026,933730.5409501253,6847380.119351482,956.3399999999992,541.1691026895176,0.5658752145570801
1,2035,933879.2481645971,6850019.809688686,478.1699999999996,322.7092219758869,0.6748838738856205
1,2036,933125.4886456259,6848455.671671097,95.63400000000013,70.68599999999999,0.7391304347826076
1,2037,933789.8168700603,6848803.717846574,286.90199999999993,212.05799999999996,0.7391304347826088
1,2047,931073.3400753213,6849173.23822921,95.63400000000013,70.68600000000004,0.7391304347826081
1,2052,935235.5378735515,6847047.770678321,95.63400000000013,64.54184439517735,0.6748838738856188
1,2054,932130.4478728652,6848851.06553351,95.63400000000013,0.0,0.0
1,2057,935747.4785282523,6848910.678588116,382.5360000000005,282.7440000000006,0.7391304347826093
1,2063,932654.9910543839,6849059.426910839,95.63400000000013,0.0,0.0
1,2064,932890.7842346423,6847531.49616744,95.63400000000013,70.686,0.7391304347826078
1,2067,930899.1712648624,6849140.413777368,95.63400000000013,70.16625,0.7336956521739121
1,2071,932789.4579024279,6848633.905616297,286.90199999999993,162.44053318553213,0.566188221711707
1,2092,931641.1059172935,6848024.850983582,95.63400000000013,70.68600000000002,0.739130434782608
1,2100,932383.5859578287,6847894.576581425,95.63400000000013,64.54184439517736,0.6748838738856189
1,2109,933685.2561569852,6845967.951446232,286.90199999999993,212.0579999999999,0.7391304347826085
1,2114,931262.6673169481,6848407.904583653,95.63400000000013,70.686,0.7391304347826078
1,2142,932442.9077383422,6847638.296397463,95.63400000000013,60.383844395177306,0.6314056130160531
1,2143,933171.3466677275,6846997.67907285,95.63400000000013,70.68599999999999,0.7391304347826076
1,2148,934173.6630739766,6848650.992333114,382.5360000000005,0.0,0.0
1,2153,931823.8158694621,6848788.636210058,95.63400000000013,70.68600000000002,0.739130434782608
1,2159,932810.8920277229,6846673.162562542,95.63400000000013,66.57442219758869,0.6961375891167221
1,2162,934562.8776707597,6849630.412578059,2486.4840000000036,0.0,0.0
1,2177,932653.9587030265,6847833.173949223,95.63400000000013,64.54184439517735,0.6748838738856188
1,2181,932991.4500000001,6846551.2,382.5360000000005,0.0,0.0
1,2186,933634.8514635443,6845996.718609191,286.90199999999993,82.61455592905554,0.28795392130084685
1,2213,933777.824933748,6849932.68672658,95.63400000000013,70.68600000000002,0.739130434782608
1,2217,932720.9610788854,6847620.426721293,95.63400000000013,70.68600000000004,0.7391304347826081
1,2222,933587.9840224986,6848654.727627399,478.1699999999996,305.1096317289012,0.6380777374760053
1,2225,932937.6211413153,6846953.8374814,2199.582000000002,0.0,0.0
1,2232,934895.997112198,6848931.197521312,3634.0920000000024,1548.5904556907146,0.42612857783752134
1,2240,933959.8557286297,6849210.387702396,478.1699999999996,353.42999999999984,0.739130434782609
1,2241,933434.5744326321,6848187.087667036,669.4379999999994,494.80200000000025,0.7391304347826098
1,2246,932176.7822179435,6848940.891756868,95.63400000000013,33.48974041291352,0.35018654885201367
1,2248,933941.4357135862,6847236.117660888,286.90199999999993,115.38652592905555,0.40218097444094353
1,2255,934006.0280070463,6849384.836061255,95.63400000000013,0.0,0.0
1,2266,933228.051705964,6847216.623321312,669.4379999999994,0.0,0.0
1,2275,933108.059423806,6847993.388445793,191.26800000000026,141.37200000000007,0.7391304347826081
1,2276,933536.6525253657,6846238.666330117,191.26800000000026,141.3720000000001,0.7391304347826082
1,2284,933153.68938504,6848934.039313093,95.63400000000013,0.0,0.0
1,2288,933386.4499999998,6846483.25,95.63400000000013,0.0,0.0
1,2289,933581.579768654,6847419.41873476,478.1699999999996,353.42999999999984,0.739130434782609
1,2292,934336.9732624381,6848127.264639942,573.8039999999999,424.1159999999998,0.7391304347826085
1,2304,933011.5804336402,6846674.567549279,95.63400000000013,70.686,0.7391304347826078
1,2309,934291.1354035112,6847796.684458342,286.90199999999993,212.0579999999999,0.7391304347826085
1,2327,933299.9280721815,6847731.784210083,2008.3139999999987,1355.3787322987241,0.67488387388562
1,2332,933737.0782240883,6846254.983170826,956.3399999999992,706.8600000000015,0.7391304347826109
1,2334,934247.396492271,6847852.84560543,382.5360000000005,234.43212758070948,0.6128367724363437
1,2335,934911.1305456787,6846905.776096335,95.63400000000013,0.0,0.0
1,2342,932996.824325659,6849403.580652899,95.63400000000013,0.0,0.0
1,2355,931059.6612519325,6849082.096368605,95.63400000000013,67.08256664819153,0.701451017924498
1,2356,933365.6681938514,6849191.100049103,478.1699999999996,330.3313887349293,0.6908241603089478
1,2358,933978.3742099669,6846931.123823108,382.5360000000005,0.0,0.0
1,2359,934564.1542270199,6847449.88922913,478.1699999999996,0.0,0.0
1,2369,932845.5188069531,6847096.889654644,573.8039999999999,368.02031637106415,0.6413693811319967
1,2373,934221.8726465912,6847043.507869373,1147.6079999999997,848.2319999999999,0.7391304347826088
1,2374,935902.9296486602,6847483.477815761,95.63400000000013,70.68599999999999,0.7391304347826076
1,2375,933637.7410338114,6846483.467728802,95.63400000000013,70.68600000000004,0.7391304347826081
1,2382,933623.7655068315,6847405.007370115,191.26800000000026,0.0,0.0
1,2393,934405.7129472577,6847928.223612217,478.1699999999996,0.0,0.0
1,2403,933598.6619668251,6846635.414054655,3825.3599999999974,2827.4399999999987,0.7391304347826089
1,2409,933076.8673111195,6847322.35075584,286.90199999999993,162.4405331855321,0.5661882217117069
1,2420,933482.2238882649,6848292.001256669,95.63400000000013,70.68600000000004,0.7391304347826081
1,2421,933020.2926462662,6845610.864918936,95.63400000000013,67.59071109879437,0.7067644467322739
1,2429,933076.5998367347,6845541.219755102,1912.6799999999985,1413.719999999999,0.7391304347826088
1,2435,933737.3581051198,6849874.596146358,478.1699999999996,0.0,0.0
1,2448,931055.1553954401,6849026.072248156,95.63400000000013,42.72175155056583,0.4467213705435909
1,2449,933036.9742657819,6847291.468121953,3920.993999999992,2246.4596640917684,0.5729311659471483
1,2459,933013.0903256062,6846537.229809281,95.63400000000013,53.815032850214166,0.5627186236089058
1,2461,932127.1601602657,6848785.852961083,478.1699999999996,353.4300000000006,0.7391304347826105
1,2462,933145.8224174217,6847686.782346077,1147.6079999999997,774.5021327421285,0.6748838738856201
1,2464,933205.9429960123,6849370.980979131,95.63400000000013,57.00546939517739,0.5960795260595323
1,2470,931538.7226197714,6848644.780463163,95.63400000000013,70.68600000000002,0.739130434782608
1,2482,932711.9639220131,6848552.918094017,573.8039999999999,424.11599999999993,0.7391304347826088
1,2486,934004.6777686334,6848097.202529021,669.4379999999994,0.0,0.0
1,2523,931063.6029828484,6848157.581580908,95.63400000000013,70.686,0.7391304347826078
1,2524,932997.911461065,6846285.136529306,573.8039999999999,370.9995497782981,0.6465614561388526
1,2548,934894.7879050018,6847662.207871853,765.0720000000009,548.856,0.7173913043478253
1,2556,933470.2277299876,6849751.426386676,286.90199999999993,205.82100000000003,0.7173913043478264
1,2560,932806.1220757362,6848963.273006078,95.63400000000013,29.73467551614192,0.31092159186211893
1,2563,933895.9057904287,6848917.468076777,1338.8759999999988,792.0128215324843,0.5915505405522878
1,2566,931269.7951326586,6848407.609934053,95.63400000000013,70.68600000000004,0.7391304347826081
1,2572,932809.3801878536,6847423.830605187,382.5360000000005,0.0,0.0
1,2574,933909.4305922084,6846446.866316983,95.63400000000013,70.68600000000004,0.7391304347826081
1,2575,934259.319901933,6846628.359574985,191.26800000000026,141.37200000000004,0.739130434782608
1,2576,934014.1489775699,6849265.240250776,478.1699999999996,353.42999999999984,0.739130434782609
1,2584,933040.8783513288,6845556.531321797,765.0720000000009,320.3721241291353,0.41874767881864045
1,2586,932470.2821232965,6847645.187740461,478.1699999999996,353.42999999999967,0.7391304347826085
1,2587,934657.8281105991,6848056.242959551,382.5360000000005,282.74400000000014,0.7391304347826081
1,2602,933625.9225697203,6847455.939397058,2486.4840000000036,1017.1710807357532,0.4090800828542439
1,2607,933255.4492382691,6849604.699327238,382.5360000000005,282.74400000000014,0.7391304347826081
1,2613,935272.0285848194,6846519.313683139,95.63400000000013,61.32511384578021,0.641248027331076
1,2622,933012.3506253621,6847466.907520914,95.63400000000013,70.686,0.7391304347826078
1,2627,931138.4675792141,6848410.867938702,95.63400000000013,58.99784439517738,0.6169128593928656
1,2629,933481.7618535686,6848810.952893299,95.63400000000013,70.68600000000004,0.7391304347826081
1,2632,933475.5197803773,6849741.713825909,95.63400000000013,70.68600000000004,0.7391304347826081
1,2633,935727.6009906246,6848938.370843408,95.63400000000013,0.0,0.0
1,2635,935081.5569495565,6848060.288042907,478.1699999999996,345.6337499999999,0.7228260869565222
1,2637,934783.801844718,6846529.003490766,669.4379999999994,398.431910766242,0.5951737289580848
1,2640,935174.7597049887,6847478.814164927,669.4379999999994,494.8020000000003,0.7391304347826098
1,2648,933003.4482975306,6847786.502171392,573.8039999999999,424.1159999999999,0.7391304347826086
1,2671,932332.2791598153,6848547.571650616,95.63400000000013,60.90359439517734,0.6368403956247491
1,2679,934490.4890779282,6849183.756763681,286.90199999999993,0.0,0.0
1,2685,934307.567153058,6849262.830839285,191.26800000000026,141.37200000000004,0.739130434782608
1,2687,934132.0684756173,6849184.764989967,669.4379999999994,494.8020000000003,0.7391304347826098
1,2697,934681.3707484275,6849504.110636791,573.8039999999999,424.11599999999993,0.7391304347826088
1,2698,933483.2016762329,6846184.651943231,95.63400000000013,0.0,0.0
1,2700,934195.2555759713,6847872.74268053,956.3399999999992,0.0,0.0
1,2703,935765.3480827665,6848890.967788069,95.63400000000013,0.0,0.0
1,2712,931989.5075826109,6848815.909486438,95.63400000000013,64.54184439517738,0.674883873885619
1,2716,933919.5432474719,6848814.880862432,95.63400000000013,64.54184439517736,0.6748838738856189
1,2719,932713.6501408679,6849216.71095535,95.63400000000013,0.0,0.0
1,2733,931654.4545178118,6848355.248492203,95.63400000000013,70.68600000000002,0.739130434782608
1,2751,932725.6318672142,6849166.322288568,95.63400000000013,0.0,0.0
1,2757,933966.3308532998,6849470.133543505,382.5360000000005,230.79387758070953,0.6033259028711264
1,2759,934763.6993735573,6849121.318455808,478.1699999999996,296.0720344758871,0.6191773521464905
1,2763,934847.0716137639,6849078.020493756,95.63400000000013,0.0,0.0
1,2766,933033.5665044223,6847055.275051028,765.0720000000009,0.0,0.0
1,2772,933276.8758109809,6847099.378991149,669.4379999999994,445.5872844204627,0.6656139693600649
1,2773,931085.8753360766,6848441.261920439,95.63400000000013,0.0,0.0
1,2782,934586.3334531521,6849549.13800265,95.63400000000013,58.99784439517738,0.6169128593928656
1,2804,933108.6917934091,6848498.578453737,95.63400000000013,68.60700000000001,0.7173913043478253
1,2805,934698.8340462637,6847787.501964405,95.63400000000013,64.54184439517738,0.674883873885619
1,2815,932258.5302353167,6848065.688463129,95.63400000000013,70.68600000000008,0.7391304347826085
1,2828,933823.6704756235,6846626.130620549,95.63400000000013,70.68600000000004,0.7391304347826081
1,2829,934511.711178373,6849656.789802096,95.63400000000013,70.686,0.7391304347826078
1,2831,932834.2631588128,6845615.638849138,95.63400000000013,62.17257576549541,0.6501095401791761
1,2832,932222.5188881449,6848228.565027908,95.63400000000013,37.233930619370305,0.3893377942925137
1,2867,933938.5781766436,6849039.644582967,956.3399999999992,706.8600000000023,0.7391304347826116
1,2887,933616.0310300704,6849507.580489291,95.63400000000013,68.60700000000001,0.7173913043478253
1,2894,931551.8116248717,6848211.751710637,95.63400000000013,0.0,0.0
1,2900,934110.1617266283,6848776.536173536,478.1699999999996,0.0,0.0
1,2907,935270.6874801514,6847941.287235863,95.63400000000013,70.6860000000014,0.7391304347826223
1,2909,933417.651519094,6846385.800270402,95.63400000000013,70.68600000000085,0.7391304347826165
1,2911,934647.5631821638,6847955.287977752,95.63400000000013,67.08256664819149,0.7014510179244975
1,2912,932851.0469290006,6848640.907881066,191.26800000000026,141.37200000000004,0.739130434782608
1,2913,934469.8863960137,6846883.017687561,191.26800000000026,141.3720000000001,0.7391304347826082
1,2917,932954.6814078767,6845878.852682536,95.63400000000013,64.54184439517738,0.674883873885619
1,2919,933522.9092449782,6846206.409738901,95.63400000000013,70.68600000000004,0.7391304347826081
1,2930,934170.9875588336,6847316.382229542,19796.238000000012,8774.31792820965,0.44323158411257957
1,2940,934109.0032918499,6848525.174249901,286.90199999999993,115.11975005559403,0.4012511242709847
1,2944,932596.9345451591,6848657.971359439,95.63400000000013,70.68600000000004,0.7391304347826081
1,2945,932360.9504937518,6849056.424959948,95.63400000000013,70.68600000000002,0.739130434782608
1,2949,933674.1037125748,6847490.616872921,5164.2360000000035,0.0,0.0
1,2956,934764.9410536659,6848946.117724834,95.63400000000013,54.14684439517738,0.5661882217117062
1,2967,932377.4521713901,6848997.563900442,95.63400000000013,0.0,0.0
1,2974,935008.1288978191,6848023.676969793,1338.8759999999988,899.4472364763126,0.671792784751025
1,2975,932748.2481239472,6849090.744064007,95.63400000000013,70.68600000000002,0.739130434782608
1,2981,931000.0429503515,6848417.224562477,95.63400000000013,0.0,0.0
1,2998,933580.4949815979,6848994.802538438,286.90199999999993,212.058,0.7391304347826089
1,2999,933865.4411252944,6849365.182767268,95.63400000000013,58.997844395177374,0.6169128593928654
1,3005,932558.113478356,6849020.690788515,382.5360000000005,282.74400000000014,0.7391304347826081
1,3009,932943.9644526445,6847201.310332103,95.63400000000013,32.26213530968476,0.3373500565665424
1,3010,934469.2988666979,6849213.242572014,669.4379999999994,494.80200000000025,0.7391304347826098
1,3011,931950.9900668641,6848840.864020167,1051.9740000000002,709.9602883469511,0.6748838738856198
1,3024,935087.7188284715,6847685.164301794,95.63400000000013,36.32709572259858,0.37985544599826976
1,3035,932757.8124520397,6847034.292640529,478.1699999999996,314.26328447588673,0.6572208304073592
1,3037,934804.1614253182,6848962.162149551,95.63400000000013,64.81704002743577,0.6777614658744346
1,3038,933173.4725524306,6848594.391891371,95.63400000000013,70.686,0.7391304347826078
1,3046,933049.5437145783,6846586.842985544,286.90199999999993,212.0579999999998,0.7391304347826082
1,3048,931980.0334908093,6849693.61729619,5738.040000000007,4241.160000000006,0.7391304347826089
1,3052,935045.2539926738,6848014.818906238,191.26800000000026,60.85137061937032,0.318147158015822
1,3060,933429.8069016155,6847282.780469898,382.5360000000005,0.0,0.0
1,3071,932311.2617889594,6848221.656597645,95.63400000000013,36.538940412913526,0.3820706068230282
1,3083,933834.5509266643,6849458.143479521,95.63400000000013,70.68600000000004,0.7391304347826081
1,3084,933044.9843432135,6845746.11829151,95.63400000000013,70.68600000000002,0.739130434782608
1,3089,932687.1986175409,6845828.151471858,19126.80000000001,12930.779348195283,0.6760555528470668
1,3090,930984.0416091264,6848122.068487941,95.63400000000013,0.0,0.0
1,3093,932892.5144818043,6848153.331548346,1243.2420000000016,918.918000000002,0.7391304347826094
1,3096,933181.3689903846,6847454.546891024,95.63400000000013,60.02573884578021,0.627661070809337
1,3111,934731.2800897987,6849427.91402658,95.63400000000013,42.653792602206295,0.44601075561208603
1,3130,933357.8288500422,6848583.6812801,95.63400000000013,70.68599999999998,0.7391304347826074
1,3137,933667.9998555039,6849393.456705902,669.4379999999994,247.83087433559191,0.3702073595099055
1,3140,933936.2210248903,6849270.449769732,95.63400000000013,70.17785554939721,0.7338170059748323
1,3154,932680.0510835915,6848716.498791098,95.63400000000013,56.21299509251598,0.587792992999518
1,3158,932603.4845990295,6849499.970707498,95.63400000000013,0.0,0.0
1,3160,933159.2459904756,6847556.811415642,573.8039999999999,0.0,0.0
1,3180,931840.0364919496,6848481.373074683,95.63400000000013,0.0,0.0
1,3188,934248.338633034,6847654.755009873,382.5360000000005,231.78140258070914,0.6059074246102558
1,3190,935061.0198491276,6848867.332437529,382.5360000000005,0.0,0.0
1,3197,934879.4848362653,6847908.905125476,382.5360000000005,151.3047516516538,0.39553075175056357
1,3209,933030.5802565513,6849324.936221368,95.63400000000013,70.68600000000002,0.739130434782608
1,3221,934982.7831308224,6847125.565978128,95.63400000000013,0.0,0.0
1,3230,933207.1831924296,6845738.949504228,95.63400000000013,66.06627774698585,0.6908241603089462
1,3231,934131.7252728066,6846377.990411756,382.5360000000005,0.0,0.0
1,3241,933734.4045626945,6846694.560679891,191.26800000000026,141.37200000000007,0.7391304347826081
1,3249,934458.0315872943,6848004.816827565,1147.6079999999997,848.2319999999999,0.7391304347826088
1,3257,932101.3959918823,6848104.564417385,95.63400000000013,70.686,0.7391304347826078
1,3265,933532.3177711489,6847433.339234221,286.90199999999993,0.0,0.0
1,3266,933232.1753877427,6849218.888269838,95.63400000000013,30.652385103228195,0.3205176517057548
1,3267,932950.8641946646,6848057.336110353,382.5360000000005,0.0,0.0
1,3271,933197.3737451634,6849129.873875021,95.63400000000013,70.686,0.7391304347826078
1,3275,934089.1833912884,6848227.132253187,382.5360000000005,282.7440000000005,0.739130434782609
1,3282,933883.7502949322,6846271.549668954,95.63400000000013,56.25356439517738,0.5882172072189525
1,3284,933645.1926943954,6849528.162162034,1147.6079999999997,422.98758371622216,0.3685819406245184
1,3301,933109.6749525459,6847040.411862122,95.63400000000013,0.0,0.0
1,3308,933222.7069827308,6849373.442949225,95.63400000000013,60.86028189517737,0.6363874970740249
1,3313,932920.2532486931,6847578.21961663,95.63400000000013,0.0,0.0
1,3318,932760.2618184794,6848848.038407102,95.63400000000013,70.68600000000004,0.7391304347826081
1,3320,933045.2982306379,6845854.056857573,95.63400000000013,58.86790689517737,0.6155541637406915
1,3328,932953.5902784644,6847817.191291811,95.63400000000013,0.0,0.0
1,3337,933914.7939896334,6849495.017388902,95.63400000000013,70.68600000000004,0.7391304347826081
1,3339,934298.8101396739,6847652.166010731,573.8039999999999,168.89198938062987,0.2943374207580113
1,3340,932340.6961934872,6848548.889666506,95.63400000000013,64.54184439517738,0.674883873885619
1,3346,933454.8117433606,6847771.921535234,382.5360000000005,0.0,0.0
1,3356,932914.9467057909,6848253.138068367,95.63400000000013,0.0,0.0
1,3357,932693.4573041778,6849130.022978044,95.63400000000013,0.0,0.0
1,3369,933090.5326518745,6846116.129314355,95.63400000000013,37.25966041291354,0.3896068387070863
1,3378,931696.1871895962,6848049.034365503,95.63400000000013,70.68600000000004,0.7391304347826081
1,3382,930969.1326032159,6849015.916222512,95.63400000000013,70.68600000000002,0.739130434782608
1,3405,931508.3340447227,6848353.640708405,95.63400000000013,70.68600000000004,0.7391304347826081
1,3408,934513.7968462162,6847948.034210852,382.5360000000005,138.6753420645677,0.36251579476066964
1,3421,931632.0746740052,6848716.554849972,95.63400000000013,59.116176345780204,0.6181502012441195
1,3423,932826.6530698624,6845911.829827197,95.63400000000013,0.0,0.0
1,3428,932337.8896686888,6847900.158708976,95.63400000000013,0.0,0.0
1,3429,933418.6933125727,6848665.157352179,191.26800000000026,0.0,0.0
1,3447,933162.1044785219,6846684.22469924,286.90199999999993,171.92597068553215,0.5992498159146057
1,3448,933196.8276957653,6849158.596633975,20752.57799999998,12701.683408753495,0.6120532788144927
1,3449,933381.0130647938,6848088.87197537,3825.3599999999974,2411.542275807098,0.6304092362044618
1,3451,933160.9136418282,6848676.530128162,1147.6079999999997,0.0,0.0
1,3457,933456.3651752224,6849176.670927228,573.8039999999999,0.0,0.0
1,3471,932255.3246537161,6848666.568756543,95.63400000000013,70.68599999999998,0.7391304347826074
1,3472,934769.5591585055,6848936.769785999,95.63400000000013,0.0,0.0
1,3473,934919.4272727272,6848924.193761141,95.63400000000013,70.68600000000004,0.7391304347826081
1,3475,933131.0898075884,6847176.397231024,95.63400000000013,59.98242634578016,0.6272081722586118
1,3479,932919.45134138,6845875.644784028,95.63400000000013,70.686,0.7391304347826078
1,3488,934381.0664416045,6848107.821392968,478.1699999999996,353.4299999999997,0.7391304347826088
1,3491,933535.7175819306,6849488.034626496,1530.1440000000018,0.0,0.0
1,3492,934675.6810709912,6846934.517346116,191.26800000000026,141.37200000000007,0.7391304347826081
1,3493,932436.9229368208,6847431.792940144,286.90199999999993,212.05799999999994,0.7391304347826086
1,3499,934123.7984950583,6846706.811903033,95.63400000000013,70.68600000000002,0.739130434782608
1,3504,933140.7704660035,6847146.130810263,573.8039999999999,424.1159999999997,0.7391304347826083
1,3505,934283.9894236933,6849624.23397339,382.5360000000005,282.7440000000004,0.7391304347826089
1,3511,931740.8743534344,6848813.335889188,95.63400000000013,69.66971109879435,0.7285035771670563
1,3512,931756.8703232885,6848160.326152575,382.5360000000005,0.0,0.0
1,3517,935152.8295970311,6846549.656556708,4016.6279999999974,0.0,0.0
1,3522,931011.4232523761,6849008.240413208,95.63400000000013,70.68599999999999,0.7391304347826076
1,3531,934351.3381318733,6848060.068803197,1051.9740000000002,777.5460000000003,0.7391304347826089
1,3533,934496.770216343,6846630.009770911,2486.4840000000036,1824.3225000000027,0.7336956521739131
1,3539,934524.4559875464,6848321.037714834,478.1699999999996,353.4299999999999,0.7391304347826091
1,3540,932979.4196255435,6846475.273545639,95.63400000000013,64.54184439517738,0.674883873885619
1,3541,934046.6924758845,6847402.096848875,95.63400000000013,58.997844395177374,0.6169128593928654
1,3542,933812.9697992915,6846615.180508737,95.63400000000013,0.0,0.0
1,3544,934218.6169073643,6846595.463498896,95.63400000000013,0.0,0.0
1,3545,932081.0823280098,6848858.324612869,95.63400000000013,0.0,0.0
1,3546,934907.2159709046,6846911.548626924,95.63400000000013,70.68600000000004,0.7391304347826081
1,3554,933049.4297193069,6845647.620193922,95.63400000000013,27.553680000000004,0.28811594202898516
1,3555,933236.2659956268,6848199.545599157,382.5360000000005,282.74400000000014,0.7391304347826081
1,3561,933923.6570998712,6848951.727470415,669.4379999999994,430.10412057468153,0.6424853691823319
1,3571,933802.6818073626,6847085.425155607,95.63400000000013,38.70209551614181,0.40468970780414665
1,3581,934360.9737945496,6846700.545963623,286.90199999999993,212.05799999999996,0.7391304347826088
1,3585,932852.0690821258,6849091.496876827,95.63400000000013,0.0,0.0
1,3594,934398.7215651451,6847300.866565865,382.5360000000005,0.0,0.0
1,3595,933292.7961439796,6848570.173755133,95.63400000000013,0.0,0.0
1,3597,932737.0952229168,6847714.113365347,95.63400000000013,0.0,0.0
1,3599,933149.9903720734,6847151.400086416,95.63400000000013,58.997844395177374,0.6169128593928654
1,3614,932012.1844376358,6848270.84772118,95.63400000000013,70.68600000000004,0.7391304347826081
1,3618,932806.2164886158,6846538.039988075,95.63400000000013,0.0,0.0
1,3633,934163.9291258967,6846446.367351598,95.63400000000013,64.54184439517736,0.6748838738856189
1,3643,935272.7614041651,6847926.744899614,95.63400000000013,61.72653189517735,0.6454454680885173
1,3644,934415.8368432525,6847729.648506651,1051.9740000000002,0.0,0.0
1,3648,933502.9898960805,6849024.681840701,2390.8500000000013,815.9826224192908,0.34129394249714134
1,3649,934127.181421306,6846589.627613392,382.5360000000005,282.74400000000014,0.7391304347826081
1,3654,933450.3736755265,6847364.58267207,286.90199999999993,212.05799999999982,0.7391304347826082
1,3655,933476.732924156,6846204.566715378,765.0720000000009,565.4880000000002,0.739130434782608
1,3656,932888.4133002639,6846499.599057233,95.63400000000013,70.68600000000004,0.7391304347826081
1,3657,934311.3844453053,6847745.675093043,765.0720000000009,565.4880000000002,0.739130434782608
1,3659,933833.0285931318,6848020.341927996,286.90199999999993,0.0,0.0
1,3660,933724.3485816349,6849942.248057228,95.63400000000013,0.0,0.0
1,3663,932430.8100968391,6849257.533740496,95.63400000000013,70.68600000000063,0.7391304347826143
1,3673,933940.6442166923,6846169.365255107,478.1699999999996,353.42999999999984,0.739130434782609
1,3676,932691.5839819267,6847728.055443812,95.63400000000013,70.68599999999999,0.7391304347826076
1,3685,935156.6565052232,6846981.409591642,765.0720000000009,471.80950516141877,0.6166864101175029
1,3689,932846.8120907698,6847741.236409461,286.90199999999993,0.0,0.0
1,3698,933928.4919071437,6846767.355765039,95.63400000000013,70.686,0.7391304347826078
1,3708,933474.593117562,6846307.145334223,95.63400000000013,70.68600000000004,0.7391304347826081
1,3723,934527.6731995646,6847975.977948878,95.63400000000013,70.68600000000002,0.739130434782608
1,3727,932997.8373903161,6847396.467944797,573.8039999999999,424.11599999999993,0.7391304347826088
1,3729,932872.5172304763,6846400.151099049,95.63400000000013,70.68600000000002,0.739130434782608
1,3731,932901.5392000685,6846476.85250942,95.63400000000013,70.68600000000004,0.7391304347826081
1,3741,933243.9993525164,6849677.280442782,95.63400000000013,57.395281895177376,0.6001556130160539
1,3744,932341.7903453063,6848002.773033147,191.26800000000026,115.65681379035476,0.6046845985233004
1,3761,933444.2040126913,6847418.508992265,191.26800000000026,118.94856379035474,0.6218947434508364
1,3762,932279.5831039717,6848555.029526093,95.63400000000013,0.0,0.0
1,3767,933195.795523818,6847320.182440161,191.26800000000026,0.0,0.0
1,3776,933161.3794582745,6847285.240911226,95.63400000000013,70.68600000000002,0.739130434782608
1,3780,932560.0121586453,6847591.871910926,382.5360000000005,0.0,0.0
1,3797,934717.7342916959,6849053.281722192,382.5360000000005,282.74400000000014,0.7391304347826081
1,3804,932110.0432752873,6848937.32244041,95.63400000000013,0.0,0.0
1,3811,933776.5406718854,6848890.225653404,765.0720000000009,565.4879999999998,0.7391304347826075
1,3821,931572.9479239767,6848282.303114035,95.63400000000013,70.68600000000002,0.739130434782608
1,3823,932405.3584542188,6849347.166213853,765.0720000000009,565.488,0.7391304347826079
1,3825,935288.6000000001,6847277.95,95.63400000000013,0.0,0.0
1,3834,934217.8225799891,6847850.804458992,286.90199999999993,0.0,0.0
1,3837,933394.5542787665,6846581.815062854,95.63400000000013,37.083497063846124,0.3877647809758671
1,3839,933850.9652616823,6849200.300142374,382.5360000000005,121.92450123874062,0.31872686816074947
1,3840,934777.6225288104,6848228.240780718,286.90199999999993,212.05799999999996,0.7391304347826088
1,3842,935277.9881039662,6846599.554994655,95.63400000000013,70.68600000000004,0.7391304347826081
1,3843,934449.1654962597,6848097.665683573,1434.5100000000018,1060.2900000000016,0.7391304347826089
1,3847,932910.7390108127,6847190.169400483,669.4379999999994,494.80200000000036,0.7391304347826099
1,3849,931212.9344113304,6847915.426831516,95.63400000000013,0.0,0.0
1,3856,933598.2995934958,6846128.960365853,95.63400000000013,70.68600000000002,0.739130434782608
1,3858,934107.1124953543,6849121.242295397,95.63400000000013,70.68600000000002,0.739130434782608
1,3860,932947.8099547762,6846192.836747188,95.63400000000013,70.68600000000002,0.739130434782608
1,3861,933904.6743906136,6849256.942495551,95.63400000000013,70.686,0.7391304347826078
1,3863,933701.7216519319,6846226.789677472,95.63400000000013,36.1409451032283,0.3779089560535819
1,3865,933772.5033308029,6849225.011970352,382.5360000000005,282.74400000000014,0.7391304347826081
1,3873,934817.4113880974,6848981.461530548,95.63400000000013,70.68600000000004,0.7391304347826081
1,3874,931234.2953791309,6848009.97946585,95.63400000000013,0.0,0.0
1,3877,933439.7223227485,6848154.224511753,95.63400000000013,64.54184439517738,0.674883873885619
1,3889,932771.6177659628,6848691.798615639,191.26800000000026,0.0,0.0
1,3892,933169.0745805743,6848104.207140761,573.8039999999999,424.11599999999993,0.7391304347826088
1,3899,932837.6551992673,6847400.326568943,382.5360000000005,264.26511098794344,0.6908241603089463
1,3900,932977.6643055251,6846104.252008978,95.63400000000013,0.0,0.0
1,3918,932884.1455697662,6845616.773313474,95.63400000000013,70.686,0.7391304347826078
1,3921,935315.6144511581,6846585.044662638,286.90199999999993,212.05799999999996,0.7391304347826088
1,3922,931387.6689872103,6848436.140941389,95.63400000000013,0.0,0.0
1,3923,933026.0256850192,6848156.007797421,382.5360000000005,126.13794123874064,0.32974136091437267
1,3939,934174.7053203662,6848364.541332951,95.63400000000013,70.68600000000004,0.7391304347826081
1,3952,933586.2889571672,6849400.680219424,478.1699999999996,196.6614295303146,0.41127931390575473
1,3963,932425.3127367996,6848085.672551391,95.63400000000013,70.68600000000004,0.7391304347826081
1,3965,933976.1421642962,6849184.375329431,956.3399999999992,614.4344579638307,0.6424853691823318
1,3976,935413.5870051992,6848085.138411324,95.63400000000013,0.0,0.0
1,3985,933163.5293221035,6848430.091102514,95.63400000000013,70.686,0.7391304347826078
1,4001,933937.7588901795,6847322.69992256,478.1699999999996,353.42999999999984,0.739130434782609
1,4004,933437.4205892913,6849136.483519537,382.5360000000005,150.9275820645677,0.39454478026791595
1,4007,935503.1822231436,6847787.361868228,286.90199999999993,201.24769994457455,0.7014510179244989
1,4009,935718.3624062408,6848947.02619262,191.26800000000026,113.75106379035475,0.5947208304073582
1,4011,932763.6543180101,6847181.530907039,95.63400000000013,0.0,0.0
1,4027,932823.5612852525,6848305.796721133,95.63400000000013,0.0,0.0
1,4031,933438.299369053,6848750.909499823,478.1699999999996,353.42999999999984,0.739130434782609
1,4043,933980.6504966365,6849241.152497455,286.90199999999993,0.0,0.0
1,4045,933176.8458989897,6847299.021590907,478.1699999999996,0.0,0.0
1,4047,932014.3420732126,6848723.956369029,95.63400000000013,0.0,0.0
1,4051,932460.7877922914,6848113.678896952,95.63400000000013,0.0,0.0
1,4052,933538.0585991631,6849462.440111133,382.5360000000005,229.58112758070948,0.6001556130160538
1,4054,933054.1336213311,6845564.782146906,956.3399999999992,706.8599999999997,0.739130434782609
1,4061,931539.8736187363,6848319.353807307,95.63400000000013,37.168911514449,0.3886579199285709
1,4066,932797.7539617991,6847052.988796056,382.5360000000005,282.74400000000014,0.7391304347826081
1,4076,932931.7334359016,6848045.772245714,95.63400000000013,70.68600000000004,0.7391304347826081
1,4079,932755.8410543035,6849187.463673567,95.63400000000013,35.77836637522413,0.3741176399107439
1,4085,934694.3074562586,6848850.645359696,573.8039999999999,376.0764413710641,0.6554092362044605
1,4088,934359.8383421435,6847750.688520304,573.8039999999999,396.3976664819151,0.6908241603089473
1,4089,933882.3881043257,6847435.972226462,286.90199999999993,103.91737592905555,0.3622051290303155
1,4097,933856.2264524726,6846302.161062927,95.63400000000013,60.73034439517923,0.6350288014218703
1,4111,931659.6345146755,6848339.430057241,95.63400000000013,64.54184439517736,0.6748838738856189
1,4123,933834.1156596086,6846284.49589717,95.63400000000013,70.68600000000002,0.739130434782608
1,4127,933881.684140691,6846492.300168492,478.1699999999996,286.32672197588704,0.5987969173638816
1,4129,934108.8315992205,6847378.281686899,1243.2420000000016,439.2714686891217,0.3533274042295234
1,4132,933729.2709171921,6846323.217030109,95.63400000000013,27.88237530968484,0.2915529551172679
1,4157,934223.0662326515,6847706.505437115,191.26800000000026,0.0,0.0
1,4158,934715.3164514549,6849093.509166888,765.0720000000009,0.0,0.0
1,4159,932558.4649461847,6848587.288021044,95.63400000000013,0.0,0.0
1,4162,933986.1962906733,6849591.877016286,2582.1180000000018,1610.48336116979,0.6237063376537357
1,4173,933156.6520220682,6845659.383318992,95.63400000000013,70.68600000000004,0.7391304347826081
1,4199,934843.5699140464,6846569.725012059,191.26800000000026,0.0,0.0
1,4208,934182.8449613198,6848009.994155987,860.706,580.8765995565971,0.6748838738856207
1,4209,933909.9241867166,6848651.912046527,3155.922000000002,1817.9264586849868,0.5760365619571668
1,4210,934512.4521424564,6847510.197657671,95.63400000000013,0.0,0.0
1,4220,932999.050863917,6846207.238972266,765.0720000000009,0.0,0.0
1,4232,931616.9332989382,6848688.221359473,95.63400000000013,0.0,0.0
1,4233,933862.2053456843,6848907.518927004,95.63400000000013,70.686,0.7391304347826078
1,4254,933103.0880910406,6847214.566664913,95.63400000000013,70.68600000000004,0.7391304347826081
1,4256,935131.6915448905,6848848.003296928,382.5360000000005,259.9790997379969,0.6796199566524367
1,4258,934687.5242146167,6848808.481196061,95.63400000000013,0.0,0.0
1,4275,934355.6905611741,6846718.168332342,95.63400000000013,64.5418443951774,0.6748838738856193
1,4276,933748.7331519593,6849834.726658766,95.63400000000013,70.68600000000002,0.739130434782608
1,4285,933560.8815883835,6846850.124161596,95.63400000000013,0.0,0.0
1,4286,933334.7802740786,6847438.399425784,382.5360000000005,0.0,0.0
1,4287,934246.8145666925,6846478.548673635,1243.2420000000016,421.9339736580312,0.339382013846082
1,4293,933296.5407883215,6847765.377102107,573.8039999999999,424.11599999999993,0.7391304347826088
1,4309,934578.6919394347,6848222.1763506,478.1699999999996,316.4713887349293,0.661838653062571
1,4317,933161.5315443084,6849362.819920282,191.26800000000026,141.37200000000007,0.7391304347826081
1,4321,932770.0777518353,6849137.549944258,95.63400000000013,0.0,0.0
1,4323,932939.2311097126,6845707.792566953,95.63400000000013,37.370276168767475,0.39076349591952053
1,4324,933076.6514130065,6849433.224950629,95.63400000000013,38.56790682139297,0.4032865593972114
1,4330,933002.4203300137,6846530.704534084,95.63400000000013,55.43062689517726,0.5796121347551831
1,4338,933663.1190500818,6845984.237865989,191.26800000000026,108.29368879035476,0.5661882217117062
1,4353,932471.9381705318,6848896.719249239,95.63400000000013,57.30865689517737,0.5992498159146046
1,4361,933876.475017953,6849410.879995251,1434.5100000000018,0.0,0.0
1,4369,932492.3087528296,6848998.787449725,95.63400000000013,27.960934972899484,0.2923744167649523
1,4374,933208.0108413676,6845866.055062248,95.63400000000013,70.68600000000002,0.739130434782608
1,4382,932839.9431173669,6846379.32053405,95.63400000000013,0.0,0.0
1,4394,934888.798487575,6848268.072260047,765.0720000000009,0.0,0.0
1,4399,933447.4051903822,6847287.767507125,765.0720000000009,565.488,0.7391304347826079
1,4410,932451.1213388182,6849367.889550674,765.0720000000009,565.4880000000002,0.739130434782608
1,4411,931352.9138568937,6848607.405118445,2773.386000000001,2049.8940000000007,0.7391304347826088
1,4418,934187.577384819,6849322.106983039,478.1699999999996,353.4299999999999,0.7391304347826091
1,4427,934695.0179428688,6849278.323666255,95.63400000000013,70.68600000000002,0.739130434782608
1,4439,933059.0100007717,6847968.927705327,95.63400000000013,36.499350619370155,0.3816566348722223
1,4442,933626.465799851,6849217.779646446,4781.7000000000035,0.0,0.0
1,4443,934774.1359741944,6847908.212206185,860.706,0.0,0.0
1,4471,935130.4346409056,6847536.454625294,95.63400000000013,0.0,0.0
1,4478,933514.9943772778,6846246.025755385,95.63400000000013,0.0,0.0
1,4491,934373.8038927702,6847962.484064293,1147.6079999999997,792.7953329638303,0.6908241603089474
1,4496,933491.333416009,6847115.951092498,286.90199999999993,173.0954081855321,0.6033259028711272
1,4498,934223.7887091989,6849247.493180019,382.5360000000005,282.744,0.7391304347826078
1,4500,934530.542127347,6848098.192987867,382.5360000000005,282.744,0.7391304347826078
1,4501,935420.08927731,6846618.151872048,765.0720000000009,565.4880000000002,0.739130434782608
1,4506,933896.7066941538,6846112.271876108,95.63400000000013,0.0,0.0
1,4520,933079.9750000001,6845894.98193399,478.1699999999996,353.42999999999967,0.7391304347826085
1,4550,933246.9648894015,6847765.479237638,382.5360000000005,0.0,0.0
1,4555,932987.3610103042,6847376.601867722,765.0720000000009,0.0,0.0
1,4562,931103.0871404595,6848414.452186662,95.63400000000013,40.03859041291289,0.4186648097215722
1,4574,935278.4950887525,6846772.644231097,191.26800000000026,129.08368879035473,0.6748838738856189
1,4579,933518.9723852767,6847411.9109011,765.0720000000009,0.0,0.0
1,4583,932897.689501726,6847533.515045775,95.63400000000013,0.0,0.0
1,4586,935402.9000743862,6846793.19874535,669.4379999999994,494.80200000000025,0.7391304347826098
1,4593,932465.372596957,6849029.544595784,95.63400000000013,0.0,0.0
1,4594,931542.2040845321,6848299.948339548,95.63400000000013,0.0,0.0
1,4595,932637.1901580176,6848176.622329328,95.63400000000013,61.91988329638303,0.647467253240301
1,4599,934820.9946342953,6849062.000027484,95.63400000000013,64.54184439517738,0.674883873885619
1,4625,933564.6216146372,6849419.083692776,286.90199999999993,212.0580000000053,0.7391304347826274
1,4633,933158.987394109,6848695.378961685,573.8039999999999,424.11599999999993,0.7391304347826088
1,4634,933526.00426123,6849195.747548181,1817.0460000000007,1226.2950435083699,0.6748838738856195
1,4636,933585.5108526815,6848669.583048099,382.5360000000005,0.0,0.0
1,4639,931297.0161433134,6848149.072456758,95.63400000000013,36.46423998066719,0.38128949934821443
1,4650,933058.4722777351,6849340.18387992,95.63400000000013,0.0,0.0
1,4654,933039.5031570662,6846507.865812038,95.63400000000013,0.0,0.0
1,4655,933864.3024600805,6846763.766109526,95.63400000000013,0.0,0.0
1,4658,933433.1741127755,6849263.301694997,95.63400000000013,70.68599999999996,0.7391304347826073
1,4667,934782.0118954296,6848218.656078978,191.26800000000026,111.81412879035476,0.5845940188131554
1,4670,933556.9071390969,6848470.657215361,573.8039999999999,424.11599999999993,0.7391304347826088
1,4676,933375.1815187974,6847404.121907656,478.1699999999996,287.74039791779484,0.6017533469640401
1,4677,933763.0168587926,6846112.190194828,382.5360000000005,0.0,0.0
1,4679,933896.6454949846,6848466.520521449,765.0720000000009,0.0,0.0
1,4686,933122.0280024969,6846137.997734082,286.90199999999993,0.0,0.0
1,4689,935620.1510235113,6847696.130885374,9085.230000000005,0.0,0.0
1,4690,933568.7075951332,6847394.089981016,95.63400000000013,0.0,0.0
1,4696,932953.6114708777,6846379.886234948,286.90199999999993,120.59394123874075,0.4203314763882468
1,4698,932060.7016223507,6848089.867387282,191.26800000000026,0.0,0.0
1,4701,932889.8343392127,6846369.711506221,191.26800000000026,0.0,0.0
1,4713,932639.5086671043,6848669.22477964,286.90199999999993,116.358751858111,0.40556967835048563
1,4723,933032.3693007246,6845586.706713768,478.1699999999996,278.7470344758871,0.5829454680885194
1,4725,933543.6624678661,6846295.431159928,191.26800000000026,141.37200000000004,0.739130434782608
1,4726,932106.07787377,6848969.378828894,95.63400000000013,70.68600000000002,0.739130434782608
1,4733,933528.9739950979,6846880.889289217,191.26800000000026,129.08368879035473,0.6748838738856189
1,4734,934473.5023081516,6848089.285247386,286.90199999999993,193.6255331855321,0.67488387388562
1,4737,934817.758107613,6848879.696918805,2582.1180000000018,0.0,0.0
1,4738,932702.4908846566,6849042.083763535,95.63400000000013,0.0,0.0
1,4755,934868.1229043126,6848797.196038309,191.26800000000026,0.0,0.0
1,4759,932891.5850006872,6845622.052449514,95.63400000000013,0.0,0.0
1,4772,934118.5939995414,6848569.971263579,478.1699999999996,303.7383469758869,0.6352099608421422
1,4781,933846.8049239201,6849819.522316729,478.1699999999996,0.0,0.0
1,4793,934020.9689736258,6846283.44306959,382.5360000000005,282.74400000000014,0.7391304347826081
1,4794,934849.6014944039,6849125.310577543,95.63400000000013,39.28123020645674,0.4107454483390498
1,4800,932942.4421014294,6846638.761677137,95.63400000000013,0.0,0.0
1,4810,932957.74002707,6847567.89965547,573.8039999999999,424.11599999999993,0.7391304347826088
1,4811,934120.0251625719,6848104.522944135,382.5360000000005,282.74400000000014,0.7391304347826081
1,4821,932449.1542795288,6848914.89783994,765.0720000000009,0.0,0.0
1,4824,933354.8649427034,6848066.46254077,1147.6079999999997,0.0,0.0
1,4827,932214.4819964349,6849515.797445038,95.63400000000013,63.38090274698585,0.6627444501640187
1,4831,933692.0112829452,6849660.678238651,382.5360000000005,282.74400000000014,0.7391304347826081
1,4834,934124.170155307,6849307.198172067,191.26800000000026,0.0,0.0
1,4839,933618.3726244698,6846197.863658099,478.1699999999996,353.4299999999998,0.7391304347826089
1,4841,933700.6770383447,6846976.413659892,286.90199999999993,205.82099999999997,0.7173913043478262
1,4849,932469.5290508756,6847790.042043754,3729.726,1379.6133161036278,0.3698966937795505
1,4851,933666.8227232537,6846439.017948717,95.63400000000013,70.68599999999999,0.7391304347826076
1,4860,933052.7648914398,6845873.220013345,95.63400000000013,0.0,0.0
1,4863,934615.2813538025,6849524.40989037,95.63400000000013,0.0,0.0
1,4864,933094.3606868526,6848734.137511605,95.63400000000013,36.19691581267393,0.3784942155789142
1,4865,932913.0752271119,6846221.899078999,191.26800000000026,0.0,0.0
1,4879,933775.2349399119,6849980.128786437,191.26800000000026,0.0,0.0
1,4881,932885.6944635669,6845845.601258191,95.63400000000013,0.0,0.0
1,4887,932768.1863438654,6848640.767796473,95.63400000000013,70.68600000000004,0.7391304347826081
1,4893,933117.2737531386,6847247.534373808,382.5360000000005,205.8930073703334,0.538231715107423
1,4900,934127.6568835238,6849194.069795121,286.90199999999993,212.05799999999996,0.7391304347826088
1,4920,933482.7681024118,6846485.547075463,95.63400000000013,70.68600000000002,0.739130434782608
1,4932,931092.5238442116,6848307.145837029,478.1699999999996,353.4299999999998,0.7391304347826089
1,4935,932461.6092990123,6848253.753274865,95.63400000000013,54.81663329638299,0.5731918909214601
1,4942,932841.4955058609,6848644.728662183,286.90199999999993,212.05799999999996,0.7391304347826088
1,4943,934256.2897214432,6846417.892181716,95.63400000000013,70.686,0.7391304347826078
1,4944,934670.5421205952,6849516.740508446,478.1699999999996,353.42999999999995,0.7391304347826092
1,4947,934822.3635186439,6849175.619495189,95.63400000000013,0.0,0.0
1,4952,932772.1248958521,6848983.387741435,95.63400000000013,0.0,0.0
1,4954,932872.5258993166,6846602.888280198,95.63400000000013,70.68600000000002,0.739130434782608
1,4972,931488.0785160422,6848080.196930864,95.63400000000013,70.68600000000002,0.739130434782608
1,4982,933000.8208718342,6846071.156018994,95.63400000000013,70.68600000000004,0.7391304347826081
1,4994,930965.4056950931,6848092.363295268,1530.1440000000018,1097.712,0.7173913043478253
1,4995,933252.4311616209,6845735.050449374,95.63400000000013,0.0,0.0
1,4998,933480.4007131677,6849880.667816607,11380.446000000016,0.0,0.0
1,5003,932812.0755671716,6847055.362285755,382.5360000000005,0.0,0.0
1,5016,930831.4108460075,6848989.892761162,95.63400000000013,61.28180134578019,0.6407951287803512
1,5023,933042.7207280617,6847217.969197737,382.5360000000005,282.74400000000014,0.7391304347826081
1,5038,935043.0755419787,6848662.649934305,95.63400000000013,0.0,0.0
1,5039,933492.993441739,6847559.913548236,9754.668000000003,6686.929596231073,0.6855107315011717
1,5041,933103.7233648461,6845803.278639278,95.63400000000013,64.5418443951774,0.6748838738856193
1,5053,930916.9122225976,6848395.576523601,95.63400000000013,34.4064906193703,0.35977257690120934
1,5059,933811.495826911,6850003.431563623,95.63400000000013,70.68600000000002,0.739130434782608
1,5060,931688.0866282325,6848469.345391722,95.63400000000013,70.68600000000004,0.7391304347826081
1,5065,932741.1808926831,6849048.150910272,95.63400000000013,70.68599999999999,0.7391304347826076
1,5069,933026.3214729861,6848707.113090549,2199.582000000002,1625.7780000000005,0.7391304347826082
1,5071,933104.3782655828,6846688.011833785,95.63400000000013,70.68600000000002,0.739130434782608
1,5072,934044.8270868696,6849472.999746598,286.90199999999993,212.058,0.7391304347826089
1,5083,933803.9780728222,6846313.347958158,382.5360000000005,282.74400000000014,0.7391304347826081
1,5086,932579.4175586754,6847634.335242859,95.63400000000013,70.68600000000002,0.739130434782608
1,5087,933541.4764136748,6848534.111977984,95.63400000000013,0.0,0.0
1,5088,932211.2448262511,6848237.155712581,95.63400000000013,0.0,0.0
1,5097,932508.1217063395,6847726.941996696,95.63400000000013,65.04998884578019,0.6801973026933946
1,5098,934780.2478792366,6847300.839340106,478.1699999999996,0.0,0.0
1,5108,933100.1032269183,6847169.966899315,95.63400000000013,0.0,0.0
1,5109,932622.307778072,6847824.575224487,573.8039999999999,0.0,0.0
1,5114,935137.4266362678,6846186.76289124,95.63400000000013,64.54184439517736,0.6748838738856189
1,5116,934500.5504399807,6849199.163687231,95.63400000000013,54.14684439517738,0.5661882217117062
1,5125,932193.1092116751,6847887.949656979,95.63400000000013,31.4236917752006,0.3285828447539636
1,5126,933428.1848396481,6848673.517036389,478.1699999999996,322.7092219758869,0.6748838738856205
1,5127,935167.445077958,6847557.889598791,956.3399999999992,0.0,0.0
1,5132,933810.868260613,6847285.952970535,382.5360000000005,152.07292467506974,0.39753885823836066
1,5134,935239.2476774177,6846622.367621746,95.63400000000013,0.0,0.0
1,5146,935371.0642943742,6847676.194426831,95.63400000000013,0.0,0.0
1,5148,933691.6670822041,6850037.551790582,95.63400000000013,70.68600000000004,0.7391304347826081
1,5152,932282.6400655495,6847978.054690478,95.63400000000013,0.0,0.0
1,5153,932694.9064670046,6849508.984889697,95.63400000000013,70.68600000000004,0.7391304347826081
1,5155,932985.0176631497,6848037.578038298,191.26800000000026,141.372,0.7391304347826078
1,5157,931894.6983098185,6848159.670518425,95.63400000000013,61.23848884578161,0.6403422302296414
1,5167,931616.0622414594,6848618.720267571,95.63400000000013,70.68600000000004,0.7391304347826081
1,5169,934352.0837629318,6848087.358520077,573.8039999999999,206.88150433559213,0.36054385179537296
1,5170,934605.5337698926,6846699.866153962,95.63400000000013,70.68600000000004,0.7391304347826081
1,5171,933798.0598485774,6846097.704017585,765.0720000000009,565.4880000000002,0.739130434782608
1,5180,932724.4742450688,6847131.481140455,95.63400000000013,66.06627774698588,0.6908241603089464
1,5181,934813.4262359722,6848930.269244769,95.63400000000013,70.686,0.7391304347826078
1,5184,931160.3805791652,6848280.148634824,95.63400000000013,53.49641949840575,0.559387032837753
1,5193,934840.3857048579,6849375.145815041,95.63400000000013,0.0,0.0
1,5202,931210.9534207929,6849183.229048525,95.63400000000013,0.0,0.0
1,5206,934397.1962861614,6847659.425018273,669.4379999999994,494.80200000000025,0.7391304347826098
1,5207,934838.9140959542,6848417.560812746,286.90199999999993,212.058,0.7391304347826089
1,5213,933576.1431327388,6847816.116662793,9754.668000000003,0.0,0.0
1,5215,933583.6031221265,6846924.920666667,95.63400000000013,64.54184439517736,0.6748838738856189
1,5219,932118.4533820798,6848121.703121834,95.63400000000013,70.68600000000009,0.7391304347826086
1,5220,933273.7257651081,6849467.100617834,95.63400000000013,70.68600000000008,0.7391304347826085
1,5230,935241.7010053347,6847407.185145273,95.63400000000013,70.16625000000003,0.7336956521739124
1,5239,934231.7774952798,6849185.13052255,765.0720000000009,565.4880000000002,0.739130434782608
1,5240,933668.9917213931,6845953.538034825,191.26800000000026,141.37200000000007,0.7391304347826081
1,5246,934364.6981595092,6848081.231492843,382.5360000000005,249.42624848794313,0.6520333994393803
1,5250,932834.1936402399,6847040.484040443,95.63400000000013,0.0,0.0
1,5251,934691.5862089449,6849192.797586919,95.63400000000013,0.0,0.0
1,5252,932811.6642108993,6846465.59494257,1051.9740000000002,563.1986762567028,0.5353731900757079
1,5270,933283.7778568271,6847724.839343501,2773.386000000001,0.0,0.0
1,5281,934586.2276046178,6847931.774807472,860.706,0.0,0.0
1,5282,933440.3785495389,6845737.901649293,1338.8759999999988,820.5124465324841,0.6128367724363457
1,5291,935178.5576157322,6848969.618518271,95.63400000000013,0.0,0.0
1,5294,933670.7781079521,6847236.714408575,95.63400000000013,40.364300412913536,0.4220706068230282
1,5305,934506.3492217448,6846601.716861794,669.4379999999994,494.8020000000003,0.7391304347826098
1,5306,933889.60634214,6846108.578253586,95.63400000000013,70.686,0.7391304347826078
1,5313,931244.8915090375,6848591.172756621,95.63400000000013,59.43096939517738,0.6214418449001119
1,5333,933551.8765753388,6846392.210657614,95.63400000000013,64.5418443951774,0.6748838738856193
1,5335,932861.150919225,6846306.88832543,95.63400000000013,61.356820796382856,0.6415795720808789
1,5344,933370.8107338913,6849097.280767266,382.5360000000005,0.0,0.0
1,5346,934459.3100798144,6847545.848302132,478.1699999999996,322.7092219758869,0.6748838738856205
1,5347,932763.0411646587,6849069.415019169,95.63400000000013,59.86409439517737,0.6259708304073581
1,5350,933409.4027780357,6847378.748374966,191.26800000000026,141.37200000000007,0.7391304347826081
1,5367,934760.1941195566,6847663.296454567,956.3399999999992,0.0,0.0
1,5370,931070.7229414356,6848415.084139147,95.63400000000013,0.0,0.0
1,5376,935421.3053165795,6846561.371879298,669.4379999999994,0.0,0.0
1,5379,933840.4191397643,6846528.372452661,765.0720000000009,458.12275516141904,0.5987969173638801
1,5381,933815.6367159992,6847421.499909571,286.90199999999993,139.14967347750738,0.48500768024449953
1,5383,935039.3460816998,6849071.663105261,765.0720000000009,565.4880000000002,0.739130434782608
1,5389,933956.5453947368,6849252.234210527,286.90199999999993,0.0,0.0
1,5390,933124.9932665441,6848031.256518777,382.5360000000005,282.74400000000014,0.7391304347826081
1,5391,933662.6684442407,6849676.337924492,669.4379999999994,0.0,0.0
1,5398,932246.8999999999,6849549.800000001,95.63400000000013,54.14684439517738,0.5661882217117062
1,5399,934399.1587957396,6846696.077691404,286.90199999999993,193.62553318553222,0.6748838738856204
1,5401,932708.4304200698,6848651.706083235,95.63400000000013,0.0,0.0
1,5404,933695.2758369843,6846985.064192223,478.1699999999996,353.4299999999997,0.7391304347826088
1,5406,934088.7772531814,6848038.724639863,669.4379999999994,435.9459219204618,0.65121179544702
1,5408,935195.2776512941,6847529.7218525,382.5360000000005,253.0038609879434,0.6613857545118448
1,5409,934282.4358056887,6848257.877543615,382.5360000000005,258.1673775807096,0.6748838738856193
1,5410,935453.5051942675,6847785.410158775,95.63400000000013,0.0,0.0
1,5414,934093.4732145626,6848396.947967246,1625.7780000000016,0.0,0.0
1,5417,933701.7807758906,6848802.045545565,95.63400000000013,70.68600000000004,0.7391304347826081
1,5418,933599.6836566238,6846076.838464713,95.63400000000013,59.43096939517737,0.6214418449001118
1,5432,932670.0388085674,6847433.404404284,478.1699999999996,0.0,0.0
1,5437,933327.0068175935,6849347.849610969,95.63400000000013,58.99784439517738,0.6169128593928656
1,5452,931543.5313052717,6848239.603860976,95.63400000000013,70.68600000000002,0.739130434782608
1,5453,933574.9225252009,6849279.126659832,95.63400000000013,70.68600000000002,0.739130434782608
1,5454,933243.7154361933,6849226.609497777,1147.6079999999997,848.2319999999999,0.7391304347826088
1,5457,933140.4945544387,6847580.098365318,860.706,0.0,0.0
1,5458,933501.3725590811,6847701.488743602,286.90199999999993,0.0,0.0
1,5463,933964.5764072146,6847240.958871,286.90199999999993,0.0,0.0
1,5464,933086.3135279254,6847031.138590103,95.63400000000013,56.60699439517769,0.5919128593928689
1,5479,932536.0242424242,6848913.50909091,95.63400000000013,70.68600000000004,0.7391304347826081
1,5480,933695.4200586607,6847429.295410353,95.63400000000013,0.0,0.0
1,5495,932678.1419523472,6848841.080043084,95.63400000000013,35.985535516141795,0.37628391070269723
1,5497,934046.70826686,6849383.186721456,573.8039999999999,0.0,0.0
1,5500,932216.958568413,6849510.781980426,95.63400000000013,60.008413845781156,0.627479911389057
1,5502,933411.3476394677,6849069.738324939,95.63400000000013,35.092560619370225,0.3669464899446868
1,5503,933326.3459570418,6849465.664629929,956.3399999999992,0.0,0.0
1,5505,932511.846796136,6847491.310865453,95.63400000000013,0.0,0.0
1,5506,931388.3488366269,6848253.116789937,95.63400000000013,0.0,0.0
1,5522,932848.2395694692,6848657.49873464,286.90199999999993,0.0,0.0
1,5527,935191.7127328009,6849002.279282778,6407.4780000000155,4735.962000000008,0.7391304347826081
1,5538,932851.0625360416,6846335.330029261,95.63400000000013,70.686,0.7391304347826078
1,5548,933275.2883211052,6849597.725256359,286.90199999999993,162.4405331855321,0.5661882217117069
1,5550,933591.1307735499,6846955.928300147,95.63400000000013,37.632356821393024,0.39350395070155986
1,5555,932338.2141206411,6848066.190009497,478.1699999999996,294.1732144758868,0.6152063376537362
1,5558,933469.1164243574,6846556.919642854,191.26800000000026,141.37200000000004,0.739130434782608
1,5559,932912.5527851317,6847626.793125868,286.90199999999993,0.0,0.0
1,5560,933567.5054890745,6846812.220694413,95.63400000000013,0.0,0.0
1,5562,932739.8576993248,6848815.144113087,1817.0460000000007,1343.034,0.7391304347826084
1,5564,934127.2314175868,6848355.993954343,382.5360000000005,239.71625258071086,0.6266501782334487
1,5577,934753.7474355389,6848448.89457758,9850.301999999996,6647.809972703271,0.6748838738856203
1,5580,933365.690739536,6846567.72819345,95.63400000000013,64.5418443951774,0.6748838738856193
1,5589,932963.5704415342,6845970.049401277,6598.746000000006,4344.783661225216,0.6584256556056578
1,5591,932620.8042736923,6847872.510806173,286.90199999999993,0.0,0.0
1,5592,934020.66373057,6847257.790673576,95.63400000000013,70.686,0.7391304347826078
1,5600,932739.6369568815,6848877.337928125,95.63400000000013,28.01205510322838,0.29290895605358286
1,5612,932758.9694264068,6847205.1705763,382.5360000000005,0.0,0.0
1,5615,935349.7176469312,6848434.919826988,286.90199999999993,0.0,0.0
1,5624,931593.1038265988,6847946.559917937,95.63400000000013,25.412310000000087,0.26572463768115995
1,5630,932213.0819405756,6849563.797400186,95.63400000000013,0.0,0.0
1,5643,931073.8636709824,6848131.168955417,95.63400000000013,70.68600000000002,0.739130434782608
1,5644,933081.1674405016,6848052.142911516,191.26800000000026,141.37200000000004,0.739130434782608
1,5645,934272.7268675687,6848012.517170421,956.3399999999992,706.8599999999994,0.7391304347826088
1,5654,931387.3852049203,6848180.724935411,95.63400000000013,70.68600000000002,0.739130434782608
1,5658,933873.553462279,6846528.107284602,191.26800000000026,123.68972769156026,0.6466828099397709
1,5661,933872.0782117076,6846142.933733884,95.63400000000013,70.68600000000004,0.7391304347826081
1,5672,933698.895515542,6848260.461155728,573.8039999999999,424.11599999999993,0.7391304347826088
1,5676,932884.6751581217,6847383.949553341,1338.8759999999988,989.6040000000006,0.7391304347826098
1,5678,933191.0645209507,6848964.59346912,95.63400000000013,70.686,0.7391304347826078
1,5679,934301.0080952445,6847231.803100305,478.1699999999996,353.4299999999998,0.7391304347826089
1,5686,931592.0218681198,6848529.319085756,95.63400000000013,29.967310206456748,0.3133541439912239
1,5687,932368.6341372158,6848982.954579961,95.63400000000013,0.0,0.0
1,5703,931212.4015783307,6847986.967559668,95.63400000000013,70.68600000000004,0.7391304347826081
1,5707,933416.2648615304,6847373.233852798,95.63400000000013,64.54184439517738,0.674883873885619
1,5716,934193.428875457,6848011.001918276,765.0720000000009,497.8774107662413,0.6507588968962931
1,5721,934670.0557979485,6849138.278768991,286.90199999999993,212.058,0.7391304347826089
1,5723,932884.9634732428,6847066.709572648,95.63400000000013,70.686,0.7391304347826078
1,5732,933444.4495008476,6847235.424182833,860.706,0.0,0.0
1,5743,933446.3816728734,6848141.379591536,573.8039999999999,354.56670562006747,0.6179230288043784
1,5746,935443.1115404497,6849025.799277675,478.1699999999996,294.3395344758871,0.6155541637406933
1,5760,932134.7298925556,6849021.169474291,95.63400000000013,70.686,0.7391304347826078
1,5788,933615.3037536817,6847407.283323059,478.1699999999996,353.4300000000023,0.7391304347826141
1,5789,933456.0324145086,6848762.321108876,95.63400000000013,64.54184439517738,0.674883873885619
1,5793,932982.2164030676,6846300.519015098,95.63400000000013,70.68599999999999,0.7391304347826076
1,5796,931569.086403392,6848653.17704486,286.90199999999993,212.05799999999994,0.7391304347826086
1,5804,932241.831860448,6849560.097121179,95.63400000000013,68.60700000000001,0.7173913043478253
1,5805,933017.3989527688,6847023.033169374,382.5360000000005,0.0,0.0
1,5812,934449.3216732674,6847095.60093154,669.4379999999994,494.8020000000005,0.7391304347826101
1,5814,934862.0425199956,6848767.917183961,669.4379999999994,494.80200000000065,0.7391304347826103
1,5817,931785.5608708946,6849392.765082962,95.63400000000013,70.68600000000002,0.739130434782608
1,5819,933128.8141026678,6847072.921756859,765.0720000000009,565.488000000001,0.7391304347826091
1,5822,933058.59562636,6846344.531633294,95.63400000000013,70.686,0.7391304347826078
1,5826,933434.6303145195,6847374.144949018,95.63400000000013,0.0,0.0
1,5836,933628.7832463768,6845958.528231883,95.63400000000013,27.352710000000016,0.28601449275362295
1,5838,932731.9943913505,6847721.208995077,191.26800000000026,0.0,0.0
1,5841,933114.2085234721,6845861.693548386,95.63400000000013,70.68600000000004,0.7391304347826081
1,5843,933103.9449121306,6848975.332441404,191.26800000000026,141.37200000000007,0.7391304347826081
1,5847,932710.7314420369,6847555.819757099,286.90199999999993,0.0,0.0
1,5849,933893.322917848,6848732.867447868,765.0720000000009,553.014,0.7228260869565208
1,5850,933762.4471617483,6849117.052671231,95.63400000000013,68.607,0.7173913043478252
1,5853,933801.636587091,6849081.96158267,191.26800000000026,141.37200000000004,0.739130434782608
1,5856,933019.8977825119,6845987.348287687,286.90199999999993,110.68500061937036,0.3857937575177949
1,5858,931424.985149092,6848652.671905714,95.63400000000013,0.0,0.0
1,5868,933491.7165691103,6848968.329666113,669.4379999999994,433.13599557468166,0.6470143546895785
1,5886,932724.9142069789,6849643.852351146,191.26800000000026,71.11175103228385,0.37179115707951016
1,5901,932758.8402870906,6848633.316173784,1147.6079999999997,848.2319999999999,0.7391304347826088
1,5902,931420.3076739926,6848651.581619048,95.63400000000013,70.68600000000002,0.739130434782608
1,5904,933140.5027361823,6848610.826678046,95.63400000000013,0.0,0.0
1,5906,931552.9992930943,6848541.332441544,95.63400000000013,61.250094395177314,0.6404635840305459
1,5911,931465.4920821639,6848440.624755977,95.63400000000013,70.68600000000002,0.739130434782608
1,5917,932917.4441256544,6846040.102778359,95.63400000000013,70.68600000000002,0.739130434782608
1,5923,933879.3999999999,6846685.7,95.63400000000013,70.68600000000079,0.739130434782616
1,5927,933408.4555396711,6846310.51358113,382.5360000000005,0.0,0.0
1,5930,935143.1260724707,6848805.336730148,95.63400000000013,0.0,0.0
1,5932,933705.0502914005,6846966.399875774,286.90199999999993,0.0,0.0
1,5934,931210.4626016261,6848191.994715446,95.63400000000013,0.0,0.0
1,5940,933690.8571549249,6846927.217283323,95.63400000000013,0.0,0.0
1,5944,932923.4542739961,6846297.371801699,765.0720000000009,565.4879999999999,0.7391304347826078
1,5945,934333.625532863,6847217.278344205,573.8039999999999,193.6856106193705,0.337546637213004
1,5951,931493.9239163531,6848135.738932922,95.63400000000013,70.68600000000002,0.739130434782608
1,5952,933165.8833926383,6848825.09293678,478.1699999999996,353.42999999999984,0.739130434782609
1,5970,933997.3522433387,6847087.731109138,95.63400000000013,60.935301345780196,0.6371719403745542
1,5974,931557.385310254,6848528.886641939,95.63400000000013,70.68600000000004,0.7391304347826081
1,5975,934544.4533017157,6846796.898058158,7555.086000000009,5584.194000000006,0.7391304347826085
1,5983,933974.5233297069,6847467.471065921,95.63400000000013,0.0,0.0
1,5998,933525.3988074878,6848608.736287296,95.63400000000013,68.60700000000001,0.7173913043478253
1,6001,933579.7633020757,6848487.785829167,2869.0200000000036,1051.8162660633743,0.36661168833377705
1,6004,934627.0408349927,6847065.03109651,95.63400000000013,0.0,0.0
1,6006,931623.421058772,6848117.380073891,95.63400000000013,56.96215689517733,0.595626627508807
1,6013,934897.4902508961,6848799.851533254,95.63400000000013,70.686,0.7391304347826078
1,6018,933049.4513632366,6846691.832571094,95.63400000000013,0.0,0.0
1,6019,931059.0028700907,6848495.219680622,95.63400000000013,0.0,0.0
1,6022,933678.4252565799,6846482.522588149,95.63400000000013,64.54184439517736,0.6748838738856189
1,6028,934105.6549333486,6847985.334208728,191.26800000000026,141.37200000000004,0.739130434782608
1,6029,933857.6345606716,6846978.455617946,95.63400000000013,70.68599999999999,0.7391304347826076
1,6040,933985.5081204978,6849390.930713818,191.26800000000026,0.0,0.0
1,6042,931298.4736924276,6848167.139838668,95.63400000000013,56.87553189517738,0.5947208304073583
1,6043,932997.2258177706,6848227.900829912,5833.674000000001,4311.846000000007,0.7391304347826098
1,6048,931162.0834444556,6848445.465488767,95.63400000000013,0.0,0.0
1,6052,934940.6682251373,6847376.173166435,669.4379999999994,494.8020000000003,0.7391304347826098
1,6056,933780.2140653478,6849182.519391537,765.0720000000009,0.0,0.0
1,6068,935333.6974720057,6848013.600434445,382.5360000000005,282.74400000000014,0.7391304347826081
1,6069,933125.2765988812,6848906.966098658,95.63400000000013,70.686,0.7391304347826078
1,6070,931481.3806381179,6849345.31458703,95.63400000000013,70.68599999999999,0.7391304347826076
1,6079,932965.1742108691,6849022.323459368,382.5360000000005,0.0,0.0
1,6080,934534.2685201588,6847248.168345008,7268.184000000005,4884.7886490334795,0.6720782865477093
1,6083,934286.1019822555,6848247.869269709,669.4379999999994,426.24392192046184,0.6367190418238317
1,6086,933290.2075972194,6847819.934807199,286.90199999999993,0.0,0.0
1,6092,934899.4096826287,6848876.701129289,95.63400000000013,70.68600000000004,0.7391304347826081
1,6099,933494.6745801778,6849753.642061245,191.26800000000026,0.0,0.0
1,6105,933451.3382194007,6849536.417921248,669.4379999999994,285.2666628903947,0.42612857783752184
1,6106,932345.7781416962,6848871.657092546,95.63400000000013,39.94651020645677,0.41770197007818055
1,6107,935111.7985318919,6847598.131176063,478.1699999999996,353.42999999999984,0.739130434782609
1,6109,932588.6866373146,6849524.730710735,95.63400000000013,0.0,0.0
1,6111,932871.725607688,6848178.939363106,95.63400000000013,0.0,0.0
1,6114,933899.7543292257,6849846.228999622,95.63400000000013,64.54184439517736,0.6748838738856189
1,6122,934492.9945794576,6846592.146107893,286.90199999999993,212.05799999999994,0.7391304347826086
1,6149,933150.7387315091,6847177.653588529,95.63400000000013,70.68600000000006,0.7391304347826084
1,6155,934283.1131149273,6846520.813412752,95.63400000000013,70.68600000000144,0.7391304347826227
1,6161,933899.8576530612,6849275.605850338,382.5360000000005,282.74400000000014,0.7391304347826081
1,6181,933061.1855694099,6848255.841064006,95.63400000000013,0.0,0.0
1,6183,933655.3250893265,6847434.802916911,382.5360000000005,282.74400000000014,0.7391304347826081
1,6184,935381.0720622354,6848043.376629816,95.63400000000013,0.0,0.0
1,6186,933486.3241134753,6848208.416668955,95.63400000000013,70.68600000000005,0.7391304347826082
1,6188,934563.7075133874,6848570.070742209,860.706,279.3197277871664,0.3245239696100253
1,6210,931973.5597113997,6848700.824005771,95.63400000000013,0.0,0.0
1,6212,934227.3905616207,6846643.478828547,95.63400000000013,28.13779020645677,0.29422370920861546
1,6214,934275.8314519902,6849219.301600438,191.26800000000026,118.86193879035473,0.6214418449001117
1,6227,932919.2701308992,6848238.05514807,573.8039999999999,346.19081637106416,0.6033259028711272
1,6229,934029.1213353548,6848346.549790421,382.5360000000005,282.74400000000014,0.7391304347826081
1,6233,932270.3318938753,6849549.547155357,95.63400000000013,70.68600000000004,0.7391304347826081
1,6240,932991.4608619023,6846143.368065268,191.26800000000026,141.37200000000004,0.739130434782608
1,6244,932294.4827730118,6848578.59853157,95.63400000000013,70.68599999999999,0.7391304347826076
1,6254,933866.8796384634,6847507.112463386,382.5360000000005,282.74400000000014,0.7391304347826081
1,6263,933509.8850767995,6848796.626786365,478.1699999999996,322.7092219758869,0.6748838738856205
1,6272,932128.0257044095,6848739.481804623,1051.9740000000002,732.3186441734756,0.696137589116723
1,6275,933735.4613282373,6846962.289446429,765.0720000000009,0.0,0.0
1,6280,933530.6183558748,6846078.008053653,669.4379999999994,429.73490942046266,0.6419338451364622
1,6282,933668.8896612633,6846794.1787261,286.90199999999993,162.44053318553213,0.566188221711707
1,6287,934375.0572510493,6848203.28068825,191.26800000000026,0.0,0.0
1,6295,933693.4130022795,6848986.959626654,286.90199999999993,0.0,0.0
1,6299,935232.028883565,6846561.359070436,573.8039999999999,366.321799778298,0.638409282225809
1,6301,933073.5929935235,6847050.956693161,286.90199999999993,205.82099999999997,0.7173913043478262
1,6315,935307.3909015042,6847557.888425209,4207.896000000001,0.0,0.0
1,6318,932952.2656191771,6847424.726534804,95.63400000000013,0.0,0.0
1,6320,934960.7367099591,6849038.603916625,95.63400000000013,0.0,0.0
1,6329,931469.8309066801,6849369.496446234,95.63400000000013,70.68600000000002,0.739130434782608
1,6332,934140.2102104366,6846346.045158163,669.4379999999994,400.8574107662416,0.5987969173638813
1,6335,932781.1425941166,6848694.264892343,95.63400000000013,70.68600000000008,0.7391304347826085
1,6345,933335.3567001898,6847651.279026594,573.8039999999999,424.11599999999993,0.7391304347826088
1,6346,933570.3440752587,6846895.074151272,382.5360000000005,130.9731624774812,0.34238127255338324
1,6351,934686.5063761343,6848834.298915762,382.5360000000005,282.74400000000014,0.7391304347826081
1,6363,933279.8825424595,6849654.720825134,95.63400000000013,66.65294853116505,0.6969587022519707
1,6365,935301.2648187785,6848511.340898157,382.5360000000005,188.1118993820724,0.4917495330689717
1,6387,933002.2545978574,6845597.455279916,95.63400000000013,0.0,0.0
1,6396,934219.5605775184,6847906.661568057,382.5360000000005,258.1673775807095,0.674883873885619
1,6399,933246.3,6845841.25,95.63400000000013,0.0,0.0
1,6403,934012.3161739131,6849175.675478261,95.63400000000013,0.0,0.0
1,6406,933001.9296693858,6845562.334615143,1147.6079999999997,848.2319999999999,0.7391304347826088
1,6408,935015.5718700814,6848749.891143224,286.90199999999993,212.058,0.7391304347826089
1,6409,933839.074847515,6847002.055027477,95.63400000000013,70.68600000000004,0.7391304347826081
1,6432,933435.0553363682,6847265.928603945,478.1699999999996,190.3044753276955,0.3979849746485469
1,6433,934451.2333374373,6846749.590221887,860.706,424.1711484945196,0.49281769674490433
1,6434,933854.2412037265,6846661.454123635,191.26800000000026,118.86193879035478,0.621441844900112
1,6446,933040.7048794649,6846170.583299255,286.90199999999993,212.05799999999996,0.7391304347826088
1,6448,934316.6787169485,6846484.824794105,95.63400000000013,61.4117388457802,0.6421538244325252
1,6449,935143.3438872882,6847040.927819312,191.26800000000026,141.37200000000004,0.739130434782608
1,6452,933705.8051787235,6845971.406808041,95.63400000000013,70.68600000000002,0.739130434782608
1,6454,932950.4264683077,6848888.624733624,1243.2420000000016,918.9180000000014,0.7391304347826089
1,6456,933202.1418940984,6848234.529947683,382.5360000000005,282.74400000000014,0.7391304347826081
1,6460,934911.0298388692,6847000.244226968,286.90199999999993,210.53356664819145,0.7338170059748329
1,6466,932965.7294848573,6846269.210401373,95.63400000000013,70.68600000000004,0.7391304347826081
1,6471,931731.4829065069,6848674.702917014,191.26800000000026,129.08368879035473,0.6748838738856189
1,6474,933727.2522423044,6846993.878951887,1051.9740000000002,777.5460000000003,0.7391304347826089
1,6480,934178.1717717717,6847262.673142708,382.5360000000005,282.74400000000014,0.7391304347826081
1,6500,931385.1796321841,6848619.52954023,95.63400000000013,70.68600000000004,0.7391304347826081
1,6510,933949.3725285209,6849453.247300288,286.90199999999993,177.77315818553214,0.6196302506972143
1,6511,934828.3128997213,6849171.465197676,95.63400000000013,0.0,0.0
1,6522,933998.5046981863,6849870.215371429,286.90199999999993,0.0,0.0
1,6525,933719.3415132306,6846421.40037535,95.63400000000013,0.0,0.0
1,6526,932838.709477161,6849119.621753492,95.63400000000013,0.0,0.0
1,6527,933358.0624526951,6846581.632463946,95.63400000000013,63.112531895177305,0.6599382217117052
1,6531,933157.8291146972,6847083.249240128,95.63400000000013,0.0,0.0
1,6534,933793.5983591273,6846363.759637019,478.1699999999996,343.03499999999985,0.7173913043478264
1,6548,934523.746931953,6847589.964032345,4781.7000000000035,3073.653357258867,0.642795105769677
1,6549,933110.8638473084,6847137.840951686,95.63400000000013,36.554790619370216,0.3822363450171505
1,6557,933157.3441708344,6845790.211036353,1912.6799999999985,1082.936887903548,0.5661882217117076
1,6560,934616.984738774,6849087.311035685,95.63400000000013,70.68600000000004,0.7391304347826081
1,6561,934022.8377868248,6846747.334554651,478.1699999999996,353.4299999999998,0.7391304347826089
1,6563,933123.1865806777,6846222.395492885,95.63400000000013,70.68600000000002,0.739130434782608
1,6565,933281.4369228928,6849534.968551151,95.63400000000013,0.0,0.0
1,6579,934504.8330871024,6847875.857259229,860.706,636.1740000000003,0.7391304347826091
1,6586,934242.588932675,6847720.181085999,478.1699999999996,353.4299999999999,0.7391304347826091
1,6590,933065.7492157589,6845662.312523156,95.63400000000013,70.686,0.7391304347826078
1,6596,933001.7177964004,6846018.523850524,2008.3139999999987,1484.4059999999984,0.7391304347826083
1,6605,933043.5159946238,6847436.858485662,95.63400000000013,60.796701345780086,0.6357226650122342
1,6608,933240.2277989681,6847413.13972029,95.63400000000013,0.0,0.0
1,6611,931039.8684725357,6848147.109029345,95.63400000000013,0.0,0.0
1,6617,934208.7361021435,6847129.418883487,286.90199999999993,212.058,0.7391304347826089
1,6633,933149.1491426929,6849051.067750515,1721.4119999999998,1272.3480000000004,0.739130434782609
1,6635,932925.8086074952,6848312.517148165,669.4379999999994,494.8020000000004,0.73913043478261
1,6641,935258.9996562648,6847177.00802829,382.5360000000005,152.08386123874052,0.39756744787089404
1,6643,932546.3608217592,6849087.456539351,95.63400000000013,0.0,0.0
1,6655,932819.5316208268,6849365.742449403,191.26800000000026,141.37200000000004,0.739130434782608
1,6656,933091.720083536,6848620.572153076,956.3399999999992,706.8599999999998,0.7391304347826091
1,6661,931428.6276969735,6848021.054328635,191.26800000000026,0.0,0.0
1,6662,934048.1758727882,6848497.687125094,669.4379999999994,0.0,0.0
1,6664,932528.0892304826,6848058.09562139,286.90199999999993,0.0,0.0
1,6665,934304.8870819428,6846478.144634779,95.63400000000013,0.0,0.0
1,6666,934050.4078345363,6848638.829700521,956.3399999999992,0.0,0.0
1,6667,932701.8654552494,6847734.643245934,191.26800000000026,141.37200000000004,0.739130434782608
1,6678,933100.0981413772,6846174.517535039,286.90199999999993,181.2466540373405,0.6317371577658593
1,6681,934008.3250371189,6848635.421730069,286.90199999999993,0.0,0.0
1,6682,932685.165799722,6847656.72978365,573.8039999999999,424.11599999999993,0.7391304347826088
1,6683,933130.0448697095,6847281.762732541,95.63400000000013,70.68600000000004,0.7391304347826081
1,6692,933986.5318636164,6846750.590648472,95.63400000000013,70.686,0.7391304347826078
1,6698,933435.792001201,6848549.100044604,95.63400000000013,32.683913439214535,0.34176039315739687
1,6706,931084.6258892306,6848130.906039555,95.63400000000013,70.68600000000004,0.7391304347826081
1,6707,934022.1932843138,6849492.239544818,382.5360000000005,282.74400000000014,0.7391304347826081
1,6718,933169.2654154476,6845537.702644828,4112.261999999999,0.0,0.0
1,6743,933263.0284647145,6849536.433528916,95.63400000000013,70.686,0.7391304347826078
1,6746,933338.7175620955,6849481.43947796,956.3399999999992,0.0,0.0
1,6749,932598.7166413182,6845822.72210811,191.26800000000026,141.372,0.7391304347826078
1,6752,933155.5815263413,6846202.153650277,95.63400000000013,70.68600000000004,0.7391304347826081
1,6753,935224.4982829819,6846914.921703011,95.63400000000013,0.0,0.0
1,6765,931595.4157212607,6848344.918707553,95.63400000000013,70.68600000000004,0.7391304347826081
1,6770,935535.5892017501,6846459.174949478,191.26800000000026,129.08368879035473,0.6748838738856189
1,6771,933701.0470321462,6846389.577126407,95.63400000000013,70.68600000000002,0.739130434782608
1,6776,934752.8242465911,6849447.785493298,95.63400000000013,0.0,0.0
1,6781,931813.8032149015,6848758.710840367,95.63400000000013,37.85415902330973,0.3958232325669707
1,6788,934884.880021952,6847773.25128084,95.63400000000013,70.68600000000004,0.7391304347826081
1,6797,933764.1517397589,6846643.638782329,95.63400000000013,35.67714392008166,0.3730592040496227
1,6806,931665.6268825568,6848321.235769392,95.63400000000013,68.60700000000001,0.7173913043478253
1,6808,933919.5234054702,6846389.242056376,478.1699999999996,212.2729488013181,0.44392778468184596
1,6815,935103.8061993435,6848606.61529212,8607.060000000005,0.0,0.0
1,6817,931309.2524208266,6848292.589788512,382.5360000000005,282.74400000000014,0.7391304347826081
1,6820,933759.4096831179,6846222.6180965,95.63400000000013,70.68600000000004,0.7391304347826081
1,6829,933893.2394971984,6846593.217219446,286.90199999999993,177.6432206855321,0.6191773521464895
1,6837,933250.5436277493,6849228.294987027,95.63400000000013,0.0,0.0
1,6844,931025.897341728,6848140.918380554,95.63400000000013,61.08534024698556,0.6387408269756099
1,6846,934477.1508505408,6846799.975496573,95.63400000000013,70.68600000000004,0.7391304347826081
1,6849,933007.8374810114,6847615.170892217,95.63400000000013,37.924940412913536,0.39656336044621665
1,6861,934590.4664508252,6847775.357150018,573.8039999999999,371.1388163710642,0.6468041637406925
1,6870,934364.510273029,6848060.352744643,669.4379999999994,0.0,0.0
1,6876,933358.8401548715,6846469.963425346,95.63400000000013,0.0,0.0
1,6877,932169.666679002,6848120.309888422,95.63400000000013,0.0,0.0
1,6882,932004.5173808351,6848686.284545505,95.63400000000013,57.55293939517736,0.6018041637406915
1,6884,935512.5592425808,6847783.955677517,95.63400000000013,0.0,0.0
1,6885,934043.0528542092,6848624.178247774,382.5360000000005,282.74400000000014,0.7391304347826081
1,6886,932526.1207252719,6847207.32584846,669.4379999999994,494.8020000000007,0.7391304347826104
1,6893,934447.1822135358,6846772.991579802,382.5360000000005,282.744,0.7391304347826078
1,6895,934759.1465624191,6848320.685585006,191.26800000000026,141.37200000000004,0.739130434782608
1,6899,935049.166825543,6847643.84980103,3729.726,0.0,0.0
1,6917,932246.0140061565,6849019.068293756,95.63400000000013,70.68600000000004,0.7391304347826081
1,6925,932604.0239725816,6847891.254850967,95.63400000000013,30.965230206456763,0.3237889265999197
1,6927,933068.0651623281,6847972.966761279,95.63400000000013,0.0,0.0
1,6929,932354.7317858372,6848084.284554136,95.63400000000013,61.475152746985806,0.6428169139321342
1,6931,934458.1042204817,6849233.476438074,478.1699999999996,353.42999999999984,0.739130434782609
1,6938,933121.4146890449,6848097.504553734,95.63400000000013,0.0,0.0
1,6939,933875.3212383471,6846288.453472945,765.0720000000009,491.2939107662415,0.6421538244325252
1,6944,932995.8659464187,6848445.096577559,286.90199999999993,189.35085042933832,0.659984421263492
1,6945,932559.7426821194,6847680.562356512,478.1699999999996,353.42999999999984,0.739130434782609
1,6947,932948.3551228007,6849373.104482574,95.63400000000013,38.46448530968502,0.40220512903031314
1,6950,934222.965014302,6847798.515555726,765.0720000000009,0.0,0.0
1,6951,933940.0689274684,6847204.127933196,286.90199999999993,0.0,0.0
1,6952,933436.7775390883,6848349.129789121,95.63400000000013,0.0,0.0
1,6966,931421.330103748,6848003.213149828,95.63400000000013,70.68600000000004,0.7391304347826081
1,6967,933338.1946258262,6848272.611512127,95.63400000000013,61.81315689517738,0.6463512651899669
1,6970,932559.6541933386,6847959.099863157,95.63400000000013,70.686,0.7391304347826078
1,6972,932982.5241114312,6848177.027761767,95.63400000000013,70.686,0.7391304347826078
1,6975,933855.6108843538,6849008.080456183,573.8039999999999,0.0,0.0
1,6980,934460.2729048119,6848074.945641982,573.8039999999999,424.11599999999993,0.7391304347826088
1,6982,934054.8616417609,6848405.573936456,286.90199999999993,212.05799999999996,0.7391304347826088
1,7023,934878.1594623458,6847924.559675164,860.706,636.1740000000003,0.7391304347826091
1,7050,931815.0452031238,6848811.106971413,286.90199999999993,212.05799999999994,0.7391304347826086
1,7060,932948.7569168821,6848170.667644519,95.63400000000013,0.0,0.0
1,7065,931343.4658147945,6848258.015493044,286.90199999999993,212.05799999999996,0.7391304347826088
1,7077,931286.6626177025,6848440.804977133,95.63400000000013,70.686,0.7391304347826078
1,7078,933357.3813896409,6849694.307994808,95.63400000000013,70.68599999999999,0.7391304347826076
1,7098,934050.7605411013,6849365.527042871,286.90199999999993,0.0,0.0
1,7106,932721.3847057547,6847589.42608469,478.1699999999996,0.0,0.0
1,7110,933509.3949238706,6849343.200602847,860.706,0.0,0.0
1,7119,934288.5629762847,6847899.654664797,286.90199999999993,212.05799999999996,0.7391304347826088
1,7122,933350.5600221903,6848612.427836422,95.63400000000013,0.0,0.0
1,7125,933308.0696404267,6847139.169347735,382.5360000000005,282.74400000000014,0.7391304347826081
1,7126,933883.1916723639,6848269.124111265,478.1699999999996,322.7092219758869,0.6748838738856205
1,7143,933836.5034170076,6848648.734369126,382.5360000000005,0.0,0.0
1,7160,935252.715570657,6848118.02181957,3347.1899999999973,1423.9395622210081,0.4254134250583353
1,7161,932739.0346562676,6848643.884345064,95.63400000000013,70.686,0.7391304347826078
1,7168,932887.1593169762,6847496.24426761,95.63400000000013,62.605700765495385,0.6546385256864222
1,7170,933315.6109183372,6848522.792796878,286.90199999999993,205.82099999999994,0.717391304347826
1,7171,933708.190273659,6846211.260795436,478.1699999999996,174.7301775807097,0.3654143454853082
1,7173,934706.377377197,6848155.164398379,860.706,636.1740000000003,0.7391304347826091
1,7176,934663.5334730387,6848003.805638011,669.4379999999994,494.80200000000036,0.7391304347826099
1,7182,932857.7350872493,6849408.434392832,95.63400000000013,70.68600000000005,0.7391304347826082
1,7185,932957.6829981967,6845770.824578952,95.63400000000013,68.607,0.7173913043478252
1,7187,932485.9392684487,6848699.369037916,191.26800000000026,141.37200000000007,0.7391304347826081
1,7188,933085.5516283831,6846599.124648621,191.26800000000026,141.372,0.7391304347826078
1,7193,934376.4303766242,6847911.708054173,286.90199999999993,193.62553318553208,0.6748838738856199
1,7200,932851.3726241369,6847576.478633672,95.63400000000013,70.68599999999999,0.7391304347826076
1,7202,933305.5855781129,6848328.631858483,95.63400000000013,0.0,0.0
1,7203,933261.1880165729,6848471.3656718,286.90199999999993,162.4405331855321,0.5661882217117069
1,7209,934370.5844460832,6847946.385892442,1051.9740000000002,777.5460000000003,0.7391304347826089
1,7210,934601.777083748,6847732.677280348,4877.334000000002,3604.9860000000026,0.739130434782609
1,7212,933113.1242634862,6847329.558634127,286.90199999999993,103.67386654842583,0.3613563744708153
1,7217,933696.8444323933,6846394.728773501,95.63400000000013,70.686,0.7391304347826078
1,7227,934226.9179839634,6847664.753837341,95.63400000000013,0.0,0.0
1,7234,933330.9063679734,6849081.50819747,382.5360000000005,282.74400000000014,0.7391304347826081
1,7251,932903.1505353746,6847535.820314219,95.63400000000013,55.155159395177336,0.5767316999725752
1,7260,933592.2313236168,6847178.316297927,95.63400000000013,64.54184439517738,0.674883873885619
1,7261,933816.1178728945,6850110.60183166,95.63400000000013,64.54184439517738,0.674883873885619
1,7262,934043.3641461659,6846302.167473459,1147.6079999999997,0.0,0.0
1,7265,931309.9144446043,6848359.750107867,95.63400000000013,63.3608013457802,0.662534259215134
1,7271,933470.7144812362,6847375.94410596,286.90199999999993,122.46802654842587,0.4268636208476271
1,7272,933413.490684528,6849309.431975828,382.5360000000005,282.74400000000014,0.7391304347826081
1,7277,934392.2386887921,6849689.520588312,95.63400000000013,0.0,0.0
1,7284,934231.99876516,6847673.714455834,573.8039999999999,424.1159999999999,0.7391304347826086
1,7285,932980.6,6848184.1,95.63400000000013,70.68600000000004,0.7391304347826081
1,7297,933204.1440989191,6847348.850166348,286.90199999999993,0.0,0.0
1,7305,932857.5316554658,6846480.794778951,286.90199999999993,212.058,0.7391304347826089
1,7314,933372.6173220007,6849807.781452062,95.63400000000013,0.0,0.0
1,7323,934494.9974549763,6848071.210505207,478.1699999999996,0.0,0.0
1,7328,932667.856543374,6847868.254170398,191.26800000000026,141.37200000000007,0.7391304347826081
1,7329,933889.8470966779,6849479.699979875,95.63400000000013,43.866371511707854,0.45869012601907055
1,7350,932977.6256833533,6846359.223079677,95.63400000000013,70.68600000000004,0.7391304347826081
1,7352,933157.8064630779,6848046.808836995,286.90199999999993,212.05799999999982,0.7391304347826082
1,7353,933440.3178267129,6846287.25460704,478.1699999999996,353.4299999999998,0.7391304347826089
1,7357,935275.1534015927,6846662.058022229,286.90199999999993,0.0,0.0
1,7381,932977.281876627,6846051.924615733,95.63400000000013,53.49641949840575,0.559387032837753
1,7388,931180.9122219507,6848276.767416281,95.63400000000013,70.68600000000167,0.7391304347826252
1,7390,932982.204264392,6846047.18315565,95.63400000000013,70.68600000000002,0.739130434782608
1,7395,934266.6670230335,6847058.845046502,191.26800000000026,141.37200000000007,0.7391304347826081
1,7407,933066.9428781666,6849502.281774939,286.90199999999993,212.05799999999996,0.7391304347826088
1,7408,932465.5301099297,6849264.204670519,95.63400000000013,70.68600000000004,0.7391304347826081
1,7412,933222.410691955,6848759.564458585,286.90199999999993,198.19883324095753,0.6908241603089472
1,7413,932960.5045903904,6846229.097996617,95.63400000000013,64.54184439517735,0.6748838738856188
1,7420,932194.7008605361,6849505.398613186,95.63400000000013,0.0,0.0
1,7424,933112.1066925138,6847830.431256347,286.90199999999993,195.1499665373406,0.6801973026933957
1,7429,933612.9587464649,6849393.439615405,573.8039999999999,285.21300004364326,0.4970564862629806
1,7436,932267.404654321,6848740.679935528,95.63400000000013,70.68600000000006,0.7391304347826084
1,7455,934495.2558665659,6848363.995169082,478.1699999999996,0.0,0.0
1,7458,934520.6310776942,6848016.626453634,478.1699999999996,301.70265947588706,0.630952714465331
1,7460,933787.5305787695,6848912.983990352,669.4379999999994,426.4658705746815,0.6370505865736362
1,7467,933306.3418210993,6845798.080384553,382.5360000000005,0.0,0.0
1,7474,931572.9991859567,6848490.9543836,95.63400000000013,64.5418443951774,0.6748838738856193
1,7477,932554.5982048819,6848692.404067381,95.63400000000013,0.0,0.0
1,7482,935127.859324254,6848039.236484771,4207.896000000001,0.0,0.0
1,7485,932676.451173316,6849425.092113932,9659.034000000009,0.0,0.0
1,7494,933883.1002775782,6848996.248913653,669.4379999999994,217.0835154954147,0.32427725270363333
1,7509,934413.6518490941,6847679.67852238,860.706,636.1740000000003,0.7391304347826091
1,7515,934074.6128181393,6849107.426057626,1051.9740000000002,0.0,0.0
1,7521,933568.1261384258,6847414.160192087,95.63400000000013,70.68600000000009,0.7391304347826086
1,7527,934737.1210720293,6848302.617941938,95.63400000000013,0.0,0.0
1,7528,933396.3123973892,6847690.784654179,286.90199999999993,0.0,0.0
1,7536,932659.2668047957,6847696.916929112,95.63400000000013,64.54184439517739,0.6748838738856192
1,7541,933660.9626266093,6848517.098673598,2199.582000000002,1625.7780000000005,0.7391304347826082
1,7553,933470.5691177697,6845880.127699412,573.8039999999999,0.0,0.0
1,7555,934502.2395902204,6846762.600936638,478.1699999999996,190.1791020645678,0.3977227807360728
1,7556,932387.4556430188,6848716.310252488,4686.065999999996,3047.945500363692,0.6504273521464902
1,7557,933813.4095045064,6848801.090820673,382.5360000000005,238.52949008070914,0.6235478231609805
1,7562,933618.0228667863,6847190.665052912,95.63400000000013,70.68600000000002,0.739130434782608
1,7563,931123.8825238544,6849073.944357109,95.63400000000013,70.68600000000002,0.739130434782608
1,7565,933748.5892751615,6847397.147197873,765.0720000000009,565.4880000000004,0.7391304347826083
1,7566,932994.877124748,6845818.989956065,95.63400000000013,70.68600000000006,0.7391304347826084
1,7567,934003.1331696671,6847334.195356246,478.1699999999996,343.0349999999998,0.7173913043478263
1,7600,933781.3987089236,6848660.295912911,382.5360000000005,282.74400000000014,0.7391304347826081
1,7616,932822.2057255614,6845604.043979555,191.26800000000026,72.05821144519737,0.3767395039692854
1,7622,933313.9888831187,6849316.475639795,478.1699999999996,257.428621975887,0.5383621347551858
1,7624,934150.4305301871,6849221.13391562,765.0720000000009,0.0,0.0
1,7625,933311.4465447355,6848453.914536169,286.90199999999993,212.05799999999996,0.7391304347826088
1,7632,934823.428041961,6849071.318474605,286.90199999999993,0.0,0.0
1,7637,933103.3035015194,6847036.81972299,382.5360000000005,282.74400000000014,0.7391304347826081
1,7644,934076.0079279958,6848450.747479996,382.5360000000005,0.0,0.0
1,7646,935057.4127937912,6849040.523600082,12241.152000000016,4742.575853397376,0.38742888360485755
1,7651,935803.6774035451,6848865.140792492,95.63400000000013,38.22787020645678,0.39973095558542704
1,7661,933167.2418960244,6848592.19266055,95.63400000000013,70.68600000000002,0.739130434782608
1,7666,934585.0826798955,6846686.59797301,382.5360000000005,226.80912758071008,0.5929092362044612
1,7669,934241.5056378229,6847789.805344572,382.5360000000005,282.74400000000014,0.7391304347826081
1,7677,932802.9507304117,6847145.252384637,95.63400000000013,68.60700000000001,0.7173913043478253
1,7678,934268.9000000001,6846393.0,95.63400000000013,27.96553530968489,0.29242252033465976
1,7680,934088.1168209387,6848181.369988298,95.63400000000013,0.0,0.0
1,7681,932562.4542083007,6848055.335395383,191.26800000000026,141.37200000000004,0.739130434782608
1,7684,933015.0417141208,6848072.139522814,95.63400000000013,0.0,0.0
1,7688,933205.2310986965,6848811.496975021,95.63400000000013,0.0,0.0
1,7689,934384.0306407174,6848010.754827364,286.90199999999993,0.0,0.0
1,7691,934519.0524983058,6846735.097287649,95.63400000000013,0.0,0.0
1,7693,930925.7773559724,6848336.515454389,95.63400000000013,0.0,0.0
1,7694,932347.9956099989,6848719.571181132,669.4379999999994,0.0,0.0
1,7695,933611.5076817493,6847310.300227692,478.1699999999996,0.0,0.0
1,7700,933970.4444828309,6848511.669417002,669.4379999999994,494.802000000001,0.7391304347826108
1,7701,933688.6750897729,6849643.208475415,573.8039999999999,0.0,0.0
1,7705,935771.0021361737,6848820.129519956,4016.6279999999974,2968.812000000002,0.7391304347826098
1,7709,932209.6417677643,6849525.617966494,95.63400000000013,0.0,0.0
1,7718,933069.3621332491,6847319.061466704,382.5360000000005,0.0,0.0
1,7721,935182.7267581425,6846747.283743559,95.63400000000013,0.0,0.0
1,7731,933054.9300797356,6846977.108830277,765.0720000000009,548.856,0.7173913043478253
1,7732,933745.0535112806,6846685.236129648,95.63400000000013,68.607,0.7173913043478252
1,7734,934851.6273060028,6848789.019289897,382.5360000000005,274.4280000000002,0.7173913043478257
1,7736,934842.2417396986,6849067.983864316,95.63400000000013,68.607,0.7173913043478252
1,7739,933717.6023728618,6847026.191925136,2008.3139999999987,0.0,0.0
1,7741,934057.245450246,6846271.856822831,573.8039999999999,341.51306637106416,0.5951737289580836
1,7743,931533.7315243995,6848163.878926983,95.63400000000013,70.68600000000002,0.739130434782608
1,7746,933468.8075978712,6847244.078423601,573.8039999999999,232.98180309685162,0.40603028751429354
1,7751,933982.0664387033,6846756.497355623,95.63400000000013,0.0,0.0
1,7753,933605.0915773922,6846081.023095326,95.63400000000013,60.71500188596752,0.6348683719803359
1,7758,934472.5347616748,6846568.077559766,669.4379999999994,0.0,0.0
1,7759,933695.809993285,6847261.155482979,382.5360000000005,0.0,0.0
1,7768,933646.9143829533,6845971.439247311,382.5360000000005,0.0,0.0
1,7770,934217.2139092973,6846981.857704712,765.0720000000009,0.0,0.0
1,7772,935001.095973997,6848045.9857319,478.1699999999996,161.12747551614206,0.33696692706807657
1,7779,933937.4979945115,6847176.633488496,1051.9740000000002,0.0,0.0
1,7793,933503.2405561537,6845982.29041263,860.706,636.1740000000002,0.7391304347826089
1,7807,933118.3468238376,6847816.46502947,478.1699999999996,0.0,0.0
1,7824,934322.0829301811,6849708.763289887,95.63400000000013,65.0499888457802,0.6801973026933948
1,7834,933114.2736771879,6848071.379017973,95.63400000000013,0.0,0.0
1,7835,931645.4662741815,6848669.489252232,95.63400000000013,70.68600000000002,0.739130434782608
1,7837,935359.5665159508,6848068.502612409,95.63400000000013,70.686,0.7391304347826078
1,7853,933478.4230132707,6846549.675102784,95.63400000000013,0.0,0.0
1,7855,934803.8580437395,6846907.377702476,95.63400000000013,70.68599999999996,0.7391304347826073
1,7877,931823.8778151674,6848086.655925017,95.63400000000013,0.0,0.0
1,7880,932598.4948466017,6848475.45091437,95.63400000000013,0.0,0.0
1,7885,931310.7915487962,6847972.019858407,95.63400000000013,70.68600000000002,0.739130434782608
1,7889,934103.0935644928,6846765.882138934,95.63400000000013,0.0,0.0
1,7890,934877.8816730374,6848778.262058923,95.63400000000013,0.0,0.0
1,7898,934233.5750428109,6847813.323856355,573.8039999999999,424.1159999999999,0.7391304347826086
1,7905,934624.5728042515,6848375.762071613,95.63400000000013,0.0,0.0
1,7907,931523.6794832773,6847925.242754725,95.63400000000013,67.08256664819152,0.7014510179244978
1,7914,934317.8287841164,6848321.404455936,2486.4840000000036,0.0,0.0
1,7922,933161.6518608789,6848111.189508128,669.4379999999994,403.88928576624164,0.6033259028711278
1,7926,933953.3677268436,6846401.24001631,1817.0460000000007,0.0,0.0
1,7927,934114.0991041962,6849368.048533711,95.63400000000013,70.68600000000002,0.739130434782608
1,7929,931697.1239755966,6848204.255233705,95.63400000000013,70.686,0.7391304347826078
1,7945,934099.1616143121,6849329.353643706,95.63400000000013,70.68600000000004,0.7391304347826081
1,7951,933972.7545408328,6846378.435423783,382.5360000000005,230.79387758070956,0.6033259028711265
1,7954,934491.9729373951,6848329.287616658,95.63400000000013,70.68599999999999,0.7391304347826076
1,7955,933291.5464439718,6847966.613641286,765.0720000000009,565.4880000000002,0.739130434782608
1,7965,933144.560460745,6848012.301595144,95.63400000000013,0.0,0.0
1,7966,933976.8933857958,6848225.271857744,956.3399999999992,0.0,0.0
1,7971,933857.2102019569,6847122.229710598,478.1699999999996,343.03499999999985,0.7173913043478264
1,7974,933440.184470113,6845711.735296588,95.63400000000013,70.68600000000005,0.7391304347826082
1,7976,933874.0441733858,6846440.220732541,382.5360000000005,282.74400000000026,0.7391304347826084
1,7985,935077.2184025437,6847042.450292048,478.1699999999996,257.428621975887,0.5383621347551858
1,7986,933791.3300117084,6848621.148610271,478.1699999999996,290.2248469758871,0.6069490912769252
1,7992,933311.9524453791,6846666.436307401,95.63400000000013,70.68600000000004,0.7391304347826081
1,7998,933834.4826130051,6848600.349649016,1912.6799999999985,0.0,0.0
1,8000,934599.383238315,6848506.498915108,765.0720000000009,0.0,0.0
1,8003,933197.7293215147,6847395.339172686,95.63400000000013,70.68600000000002,0.739130434782608
1,8005,933139.0386787971,6845686.748064922,95.63400000000013,70.68600000000002,0.739130434782608
1,8015,932266.3387375978,6848887.174857506,191.26800000000026,129.0836887903548,0.6748838738856193
1,8019,932354.7580509415,6848029.43712071,95.63400000000013,70.68600000000002,0.739130434782608
1,8033,935001.6653242535,6848769.677513601,286.90199999999993,0.0,0.0
1,8036,931652.643913686,6848584.576267612,95.63400000000013,42.433329767561716,0.44370547888367795
1,8039,934239.7233812353,6847065.166359652,765.0720000000009,386.48841170984457,0.5051660650368124
1,8040,931643.1574128527,6847995.721641661,95.63400000000013,0.0,0.0
1,8049,932390.6997814205,6848990.594440663,95.63400000000013,0.0,0.0
1,8071,933198.2490518166,6848040.739691245,478.1699999999996,182.05127861299343,0.380725011215663
1,8072,934152.9355332914,6849191.549646184,95.63400000000013,33.648135309685095,0.3518428101897343
1,8074,934926.9306315384,6848903.534403494,286.90199999999993,173.0954081855321,0.6033259028711272
1,8094,934421.1375879868,6847663.255396527,382.5360000000005,282.74400000000014,0.7391304347826081
1,8100,933511.9647458706,6849183.290257165,191.26800000000026,122.67343879035477,0.6413693811319959
1,8114,933921.2643788636,6847348.170172826,956.3399999999992,0.0,0.0
1,8115,932624.7943534629,6847551.85968384,95.63400000000013,70.68600000000002,0.739130434782608
1,8118,931750.9974135848,6848810.675009497,95.63400000000013,0.0,0.0
1,8121,932196.4586625021,6848034.444755751,191.26800000000026,141.372,0.7391304347826078
1,8123,933857.233289993,6848954.605001519,286.90199999999993,119.42970123874072,0.4162735053737539
1,8130,933932.4705453733,6849279.217211634,95.63400000000013,39.47726041291355,0.4127952445041878
1,8132,930946.2219094957,6848416.245022264,95.63400000000013,70.68600000000002,0.739130434782608
1,8139,932256.65,6849529.899999999,95.63400000000013,57.36063189517892,0.5997932941754903
1,8158,933027.2522777625,6848716.850099599,478.1699999999996,0.0,0.0
1,8161,933050.9546962103,6847463.317620681,765.0720000000009,486.8822551614189,0.6363874970740249
1,8163,931901.1991037689,6848299.922625108,95.63400000000013,70.686,0.7391304347826078
1,8165,934461.2431614145,6849662.254828627,95.63400000000013,37.798719023310085,0.3952435224220469
1,8175,935178.612276814,6846954.797687222,669.4379999999994,0.0,0.0
1,8181,933230.3532055493,6847337.924168518,860.706,527.4722870565968,0.612836772436345
1,8184,933630.4950083472,6849520.182327688,191.26800000000026,123.44440129035448,0.6454001782334438
1,8185,933631.7331487143,6846176.800629182,573.8039999999999,424.11599999999993,0.7391304347826088
1,8194,934471.3460160496,6847426.627042804,286.90199999999993,173.0954081855321,0.6033259028711272
1,8226,931648.7,6848629.05,95.63400000000013,53.49641949840575,0.559387032837753
1,8233,933757.6555516416,6849415.49774412,286.90199999999993,0.0,0.0
1,8234,933774.3630458927,6846027.659194101,573.8039999999999,0.0,0.0
1,8235,933722.6817228245,6847065.672524528,382.5360000000005,258.1673775807095,0.674883873885619
1,8237,933914.2677693326,6847281.40260529,765.0720000000009,0.0,0.0
1,8248,935328.4965527308,6847946.349565775,95.63400000000013,64.54184439517738,0.674883873885619
1,8249,934722.1216022585,6848162.867207026,286.90199999999993,0.0,0.0
1,8250,933163.9449462921,6848124.12429393,478.1699999999996,353.4299999999998,0.7391304347826089
1,8253,932565.0627405872,6847560.699470899,382.5360000000005,282.74400000000014,0.7391304347826081
1,8261,933349.6347736815,6848442.928690509,95.63400000000013,64.5418443951774,0.6748838738856193
1,8263,933716.083107154,6846367.197975644,95.63400000000013,0.0,0.0
1,8269,934202.3757959687,6848014.43600756,573.8039999999999,0.0,0.0
1,8270,932725.3190265659,6847577.808113245,382.5360000000005,282.74400000000014,0.7391304347826081
1,8271,932913.0841921397,6846322.078204756,286.90199999999993,212.05799999999996,0.7391304347826088
1,8295,933865.6669149917,6846137.134918552,286.90199999999993,169.02056818553214,0.5891230043204028
1,8306,933992.4018218517,6848726.365917427,573.8039999999999,0.0,0.0
1,8323,935068.6365005559,6847054.173193167,286.90199999999993,193.62553318553208,0.6748838738856199
1,8324,932958.0940823302,6847203.189769655,860.706,580.8765995565971,0.6748838738856207
1,8333,934608.4406153638,6847583.868874502,2677.751999999998,1730.4434376818476,0.6462299113890491
1,8334,934650.7635395249,6848215.472759269,1051.9740000000002,777.5460000000003,0.7391304347826089
1,8336,934297.9091332478,6847157.429116633,860.706,555.5820995565967,0.6454957901497105
1,8341,935528.0232824454,6846480.941904241,95.63400000000013,70.1778555493972,0.7338170059748321
1,8345,932764.1228977403,6847191.013580248,95.63400000000013,56.16347439517879,0.58727517823346
1,8356,932591.3157012248,6848241.596955417,95.63400000000013,37.13894818194743,0.38834460737757887
1,8357,933131.1369081588,6847786.357533579,286.90199999999993,185.81995409276598,0.6476774441891866
1,8358,931163.3914562312,6848030.370770397,95.63400000000013,64.54184439517738,0.674883873885619
1,8360,933307.2757061883,6847929.467845337,1051.9740000000002,687.057081673476,0.6531122267978827
1,8371,932204.3215544575,6849480.607909741,95.63400000000013,70.68600000000004,0.7391304347826081
1,8372,932868.1041368494,6846413.298549162,95.63400000000013,0.0,0.0
1,8375,933317.4154607771,6846468.473918162,95.63400000000013,64.54184439517736,0.6748838738856189
1,8380,933041.159436996,6847427.216116692,382.5360000000005,282.74400000000014,0.7391304347826081
1,8381,934603.9775981564,6849534.601282749,95.63400000000013,70.68600000000004,0.7391304347826081
1,8387,933799.3325260205,6846589.546491293,382.5360000000005,0.0,0.0
1,8392,933478.7402501903,6847220.730597327,478.1699999999996,0.0,0.0
1,8394,931796.8219873207,6848088.986102011,1721.4119999999998,0.0,0.0
1,8398,931396.4325600928,6848406.502796511,95.63400000000013,70.68599999999999,0.7391304347826076
1,8399,934473.4896012899,6848046.238025199,573.8039999999999,424.1159999999995,0.739130434782608
1,8401,932686.7269514629,6849073.606989667,286.90199999999993,175.31300818553183,0.6110553714701601
1,8408,933680.690402571,6848482.317733078,573.8039999999999,424.11599999999993,0.7391304347826088
1,8420,932984.1647373277,6847461.455881176,95.63400000000013,37.5992304129129,0.39315756334476076
1,8421,933084.3999999999,6846111.749999999,191.26800000000026,141.37200000000004,0.739130434782608
1,8422,932146.5828900646,6847940.285827475,95.63400000000013,70.68600000000002,0.739130434782608
1,8428,934378.6535335308,6848179.54098902,860.706,636.1740000000003,0.7391304347826091
1,8430,932874.0380589463,6845600.955081376,286.90199999999993,95.00443654842566,0.3311389831664669
1,8432,932826.0103711031,6846003.116236217,95.63400000000013,0.0,0.0
1,8434,933582.409433329,6847302.862838103,1338.8759999999988,0.0,0.0
1,8438,933612.915620513,6847427.687928204,382.5360000000005,0.0,0.0
1,8440,933165.1831188619,6848050.682516024,382.5360000000005,282.74400000000014,0.7391304347826081
1,8441,931013.6814262227,6848060.091713933,95.63400000000013,70.68600000000004,0.7391304347826081
1,8445,933181.4371386848,6848217.74848602,765.0720000000009,565.4880000000002,0.739130434782608
1,8446,934383.3971948732,6848120.713355753,573.8039999999999,424.11600000000004,0.739130434782609
1,8448,932563.7727892044,6848049.004605507,95.63400000000013,62.35300829638302,0.6519962387475472
1,8451,931109.4522092268,6849180.907399286,95.63400000000013,70.68600000000002,0.739130434782608
1,8456,931443.2378608419,6848115.427682921,95.63400000000013,64.54184439517736,0.6748838738856189
1,8466,933237.5853500232,6848466.022985628,95.63400000000013,0.0,0.0
1,8470,934912.3010000002,6846958.533083335,95.63400000000013,70.686,0.7391304347826078
1,8471,934298.2265203837,6848079.021799779,1434.5100000000018,1060.2900000000016,0.7391304347826089
1,8476,931466.0513306742,6848056.131973234,95.63400000000013,0.0,0.0
1,8482,932444.748067383,6847924.957802811,95.63400000000013,70.68600000000004,0.7391304347826081
1,8497,932525.1237564873,6848599.35661749,95.63400000000013,30.566275516141932,0.3196172440360321
1,8498,933266.1406474146,6848699.371372608,286.90199999999993,95.07565530968452,0.3313872169231464
1,8505,933559.8554338375,6847336.035114842,573.8039999999999,211.45125247748012,0.3685078048906598
1,8511,934915.4083467819,6846821.145210296,4303.5300000000025,3180.8700000000017,0.7391304347826086
1,8520,933128.4981753447,6846142.149343569,95.63400000000013,70.68600000000004,0.7391304347826081
1,8524,932135.056156064,6847883.956143281,573.8039999999999,424.11599999999953,0.7391304347826081
1,8535,932786.7655357562,6848265.11304738,95.63400000000013,0.0,0.0
1,8541,934464.2430889267,6847639.085981499,286.90199999999993,0.0,0.0
1,8547,933354.061003418,6847235.352155694,191.26800000000026,141.37200000000007,0.7391304347826081
1,8571,933846.2122589592,6848505.326521356,669.4379999999994,0.0,0.0
1,8597,932954.43998494,6846241.010998998,95.63400000000013,58.99784439517738,0.6169128593928656
1,8601,933369.6155443175,6849545.654322853,191.26800000000026,141.37200000000007,0.7391304347826081
1,8602,933435.2365809655,6845822.382716886,382.5360000000005,0.0,0.0
1,8608,931557.0448122656,6848209.429425689,95.63400000000013,0.0,0.0
1,8609,933156.8391916587,6848139.150791411,95.63400000000013,0.0,0.0
1,8610,934613.6071718485,6846963.579526737,95.63400000000013,70.68600000000004,0.7391304347826081
1,8614,934424.2319064714,6848440.103687224,286.90199999999993,0.0,0.0
1,8622,932847.8273694199,6847426.427479608,478.1699999999996,353.42999999999984,0.739130434782609
1,8626,932925.5257643813,6848116.221737588,95.63400000000013,36.71912041291345,0.38395466479404183
1,8628,934569.0372947415,6847786.565337678,478.1699999999996,192.59962654842587,0.40278483917524316
1,8639,933992.1369195174,6848184.327681374,286.90199999999993,0.0,0.0
1,8646,935398.4852655368,6848103.412894269,95.63400000000013,0.0,0.0
1,8670,935219.2847683438,6846724.48823397,478.1699999999996,353.42999999999984,0.739130434782609
1,8675,933349.0709510513,6849478.14751971,191.26800000000026,0.0,0.0
1,8683,933088.0328096867,6847605.646083644,95.63400000000013,70.68600000000004,0.7391304347826081
1,8688,934998.771835206,6848708.182172284,95.63400000000013,65.558133296383,0.6855107315011703
1,8691,933542.9012353518,6847861.408507261,191.26800000000026,141.37200000000007,0.7391304347826081
1,8720,934626.4175099585,6849554.088397321,95.63400000000013,59.43096939517738,0.6214418449001119
1,8726,933109.7006220842,6845867.794401244,95.63400000000013,0.0,0.0
1,8727,933848.384093849,6847455.614081805,191.26800000000026,141.37200000000004,0.739130434782608
1,8730,932700.0705633296,6849020.421738069,573.8039999999999,424.1159999999999,0.7391304347826086
1,8733,933314.9569372364,6847979.465213663,573.8039999999999,387.2510663710642,0.67488387388562
1,8749,933068.60045873,6845618.733295629,95.63400000000013,58.997844395177374,0.6169128593928654
1,8755,933389.8771485487,6849168.143551508,95.63400000000013,70.686,0.7391304347826078
1,8759,933563.4435284907,6848130.220306752,95.63400000000013,70.68600000000004,0.7391304347826081
1,8764,933054.5647283241,6846662.756207916,95.63400000000013,36.451835722598574,0.38115979382435666
1,8765,933632.4426424192,6849317.671852021,95.63400000000013,70.68600000000004,0.7391304347826081
1,8766,933454.2923697528,6848303.181217674,3825.3599999999974,2827.4399999999987,0.7391304347826089
1,8797,933530.7670490759,6849180.634955032,95.63400000000013,70.686,0.7391304347826078
1,8799,933529.6598300778,6846421.878484463,95.63400000000013,0.0,0.0
1,8805,933099.610813381,6845609.220678101,95.63400000000013,70.68599999999999,0.7391304347826076
1,8817,933550.646034568,6849172.741935803,286.90199999999993,0.0,0.0
1,8818,934683.8836178582,6848462.055068239,382.5360000000005,229.06137758070952,0.5987969173638801
1,8824,931535.2354373204,6848508.218751173,95.63400000000013,0.0,0.0
1,8848,934289.3531218079,6846594.981500166,95.63400000000013,37.008190206456774,0.3869773323970212
1,8849,933040.259989761,6845789.257321754,95.63400000000013,37.067610619370306,0.3875986638577311
1,8858,934801.1635928474,6847882.217614341,95.63400000000013,32.49182041291353,0.33975176624331815
1,8864,932904.5633777081,6848202.429951565,95.63400000000013,0.0,0.0
1,8868,933868.0900671583,6848324.659773187,2677.751999999998,1700.4496430649685,0.635028801421853
1,8874,932429.6386396842,6849205.572152633,95.63400000000013,0.0,0.0
1,8876,934759.0109193546,6847318.697423592,286.90199999999993,0.0,0.0
1,8910,933647.3448400145,6847361.497750724,478.1699999999996,353.4299999999998,0.7391304347826089
1,8911,932378.8356571377,6848503.831823085,95.63400000000013,70.68600000000002,0.739130434782608
1,8924,933422.189753399,6849797.605412095,95.63400000000013,0.0,0.0
1,8931,932601.3679216652,6847534.27020764,95.63400000000013,0.0,0.0
1,8932,934902.9469997021,6846893.090356362,286.90199999999993,94.9924953096854,0.33109736185068567
1,8939,934857.8930091906,6849096.091004769,191.26800000000026,141.37200000000007,0.7391304347826081
1,8942,933420.9787298809,6846276.363860397,765.0720000000009,565.4880000000002,0.739130434782608
1,8947,934979.9888165118,6847007.016291006,191.26800000000026,141.372,0.7391304347826078
1,8948,932999.952570412,6846403.33360597,191.26800000000026,130.86299199639757,0.6841865445155352
1,8953,932142.3645812105,6849022.156708104,95.63400000000013,0.0,0.0
1,8959,933198.4384741255,6845802.823967637,95.63400000000013,70.68600000000002,0.739130434782608
1,8966,931354.7342636031,6848174.530301937,95.63400000000013,70.68600000000006,0.7391304347826084
1,8972,933982.2891619555,6847292.421076738,286.90199999999993,0.0,0.0
1,8985,933794.9021312679,6847061.708782583,1147.6079999999997,687.4353452421286,0.5990158183300646
1,8989,931218.7623161215,6848409.774236616,95.63400000000013,70.68600000000002,0.739130434782608
1,8994,934519.958208636,6848125.727690299,95.63400000000013,0.0,0.0
1,8995,932921.3482780898,6848302.464973743,95.63400000000013,27.276480000000006,0.28521739130434753
1,9000,932735.7666666667,6847212.316666666,860.706,636.1740000000005,0.7391304347826093
1,9003,933638.8002798595,6846944.146723391,95.63400000000013,0.0,0.0
1,9020,933928.1679994811,6846892.498182343,286.90199999999993,0.0,0.0
1,9024,933825.3609502506,6847394.216624832,956.3399999999992,706.8600000000037,0.7391304347826131
1,9034,933474.1067058247,6849703.321096428,95.63400000000013,64.54184439517738,0.674883873885619
1,9036,934441.0407099766,6847720.224236898,478.1699999999996,353.42999999999984,0.739130434782609
1,9038,933896.9074524172,6848844.04078873,478.1699999999996,165.22914758070917,0.3455447802679158
1,9039,933830.1945710884,6848522.843570617,573.8039999999999,393.976256204042,0.6866042345540325
1,9043,933641.4994848465,6847369.09739652,382.5360000000005,138.76145165165377,0.3627408966780998
1,9045,933613.5891159096,6846032.684690617,95.63400000000013,25.16222271582262,0.26310959194243244
1,9048,933834.2000000001,6846322.7,95.63400000000013,64.54184439517738,0.674883873885619
1,9054,933735.8790818749,6849327.605299231,765.0720000000009,0.0,0.0
1,9056,932937.8480546792,6847199.653627761,95.63400000000013,70.68599999999999,0.7391304347826076
1,9057,933176.4112269594,6848244.696754173,95.63400000000013,29.387180412913523,0.30728799812737606
1,9064,933898.8445982226,6846873.557331976,95.63400000000013,54.25128314191303,0.5672802888294222
1,9074,934382.4217869822,6847696.392819725,860.706,0.0,0.0
1,9104,934007.3793494481,6848540.530289466,191.26800000000026,0.0,0.0
1,9121,934279.73140909,6847819.329563,4303.5300000000025,2804.026202782979,0.6515642281529297
1,9122,933935.3187257384,6848757.692229536,382.5360000000005,282.74400000000014,0.7391304347826081
1,9123,933724.0641456582,6846831.204304088,478.1699999999996,294.12297197588714,0.6151012651899688
1,9125,934001.936841644,6848716.452199992,573.8039999999999,424.1159999999999,0.7391304347826086
1,9128,934636.0087185978,6847848.269897883,1625.7780000000016,636.915664523917,0.3917605383538936
1,9130,933011.9114070815,6846178.136512979,95.63400000000013,0.0,0.0
1,9136,935165.8443311484,6847483.664554505,382.5360000000005,154.0074516516535,0.4025959691418671
1,9143,933788.0748894706,6849420.167897857,478.1699999999996,288.466359475887,0.6032715550450409
1,9144,933899.3627336943,6848562.190056587,191.26800000000026,114.60372709092162,0.599178781034577
1,9146,933432.8257991156,6846603.028351231,95.63400000000013,0.0,0.0
1,9147,933804.8187105008,6848682.145873416,286.90199999999993,181.15153318553212,0.6314056130160548
1,9149,934429.8884249167,6848426.554477732,286.90199999999993,173.0954081855321,0.6033259028711272
1,9152,934163.7570546377,6847881.00247088,573.8039999999999,200.6949330968516,0.34976217157226447
1,9155,933592.7392701757,6849389.002624562,95.63400000000013,70.686,0.7391304347826078
1,9157,935138.9340256242,6848383.990684601,2677.751999999998,1700.44964306497,0.6350288014218535
1,9166,934376.3993146991,6848112.048875798,382.5360000000005,256.6885331855321,0.6710179778779821
1,9172,934065.7124304416,6846203.891039238,2582.1180000000018,1619.3052118762541,0.6271228549106792
1,9179,934338.4288781064,6849239.564977579,382.5360000000005,247.2062053831208,0.646229911389047
1,9180,931410.400561564,6848405.874507765,95.63400000000013,60.02573884578019,0.6276610708093368
1,9187,934053.7892047536,6849415.119283071,1051.9740000000002,709.9602883469511,0.6748838738856198
1,9189,934111.6031747174,6848406.475276892,1243.2420000000016,792.0080453529808,0.6370505865736356
1,9198,933194.075802682,6849233.889285439,191.26800000000026,141.37200000000007,0.7391304347826081
1,9199,933489.3435308615,6846476.866143909,95.63400000000013,70.68600000000004,0.7391304347826081
1,9204,933011.0357581475,6845657.513852492,3825.3599999999974,2683.30266592766,0.7014510179244992
1,9215,932481.7143689306,6847608.264521274,95.63400000000013,69.12675000000003,0.7228260869565211
1,9222,932767.7414068385,6847106.663548726,191.26800000000026,141.37200000000004,0.739130434782608
1,9231,933348.6153171083,6848001.412234737,1051.9740000000002,777.5460000000003,0.7391304347826089
1,9232,932933.1544194107,6846176.687579434,95.63400000000013,70.68600000000004,0.7391304347826081
1,9233,933345.9269978303,6847584.659561582,669.4379999999994,0.0,0.0
1,9241,933186.3994703293,6848240.906524053,191.26800000000026,141.37200000000013,0.7391304347826084
1,9244,935382.6396922193,6848344.233538127,5164.2360000000035,0.0,0.0
1,9272,932790.2488873758,6848815.683678506,1147.6079999999997,0.0,0.0
1,9273,933479.842281483,6847410.668018815,286.90199999999993,0.0,0.0
1,9277,933080.2993109125,6847856.770796124,1817.0460000000007,1343.034,0.7391304347826084
1,9279,931371.8132468523,6848641.923726313,95.63400000000013,70.68600000000004,0.7391304347826081
1,9286,933702.6025398904,6846444.197827322,95.63400000000013,70.68600000000002,0.739130434782608
1,9288,934203.4537274227,6849224.024360101,286.90199999999993,212.058,0.7391304347826089
1,9291,933319.5148877258,6845707.307078452,669.4379999999994,494.802,0.7391304347826093
1,9308,933737.616417395,6848794.337488061,765.0720000000009,0.0,0.0
1,9325,935457.1304919556,6849106.014237591,765.0720000000009,0.0,0.0
1,9329,932810.1631009214,6849341.378222642,95.63400000000013,59.43096939517737,0.6214418449001118
1,9336,933092.8918291458,6848601.746040203,95.63400000000013,70.68600000000004,0.7391304347826081
1,9345,934510.3043922022,6847453.172754253,286.90199999999993,108.66048123874063,0.37873727348969566
1,9349,933322.6229725014,6847200.662741181,191.26800000000026,141.37200000000013,0.7391304347826084
1,9350,931817.0728210781,6848149.895225343,95.63400000000013,70.68600000000012,0.739130434782609
1,9352,933508.9284347806,6847194.85002342,95.63400000000013,70.68600000000004,0.7391304347826081
1,9353,933849.033502981,6847394.847236684,765.0720000000009,548.8560000000001,0.7173913043478254
1,9369,932800.4303134355,6846514.6118947,573.8039999999999,0.0,0.0
1,9371,934453.8213258594,6848284.029653195,573.8039999999999,424.11599999999993,0.7391304347826088
1,9372,933034.6583434807,6849388.919194238,95.63400000000013,70.68600000000002,0.739130434782608
1,9383,934600.0145158338,6847851.622655439,669.4379999999994,0.0,0.0
1,9391,933316.1142829718,6847504.723990528,95.63400000000013,61.5617777469855,0.6437227110335803
1,9394,934069.3026333862,6846818.362310395,95.63400000000013,64.54184439517736,0.6748838738856189
1,9401,933920.1326987508,6849411.016661447,5833.674000000001,0.0,0.0
1,9404,933895.0022483516,6846173.472171994,1051.9740000000002,428.9247106775613,0.40773318606501796
1,9405,933889.5850125992,6847424.591257662,382.5360000000005,0.0,0.0
1,9409,933777.1998197576,6846330.578615828,382.5360000000005,229.40787758070945,0.5997027144653291
1,9413,933383.7168116878,6849257.775757319,860.706,636.1740000000003,0.7391304347826091
1,9416,934026.5670009527,6849459.764228154,765.0720000000009,565.4880000000002,0.739130434782608
1,9423,931230.1226901917,6848041.034566496,95.63400000000013,0.0,0.0
1,9425,933478.5198638608,6847723.836831384,478.1699999999996,0.0,0.0
1,9426,933843.1656723593,6846147.705588868,95.63400000000013,0.0,0.0
1,9427,933017.2098458523,6846296.718670019,573.8039999999999,244.27077309685174,0.425704200557772
1,9466,934641.0666442368,6848099.899262052,382.5360000000005,282.74400000000014,0.7391304347826081
1,9474,932902.9286118735,6845628.136695123,95.63400000000013,28.636793439214436,0.29944155257768573
1,9476,935034.4419981173,6847073.74689926,1625.7780000000016,645.888807281581,0.3972798298916459
1,9478,932917.3502647016,6847543.119632437,95.63400000000013,60.45886384578012,0.6321900563165824
1,9479,933312.6712786306,6845698.036852042,191.26800000000026,141.37200000000007,0.7391304347826081
1,9480,933172.9908564492,6848317.582986598,95.63400000000013,0.0,0.0
1,9484,932186.9757067574,6848751.958959376,95.63400000000013,70.68600000000004,0.7391304347826081
1,9485,931846.1543600562,6848076.485183147,95.63400000000013,70.68600000000004,0.7391304347826081
1,9486,931339.777359498,6848343.608677079,95.63400000000013,65.15671524698585,0.6813132907437288
1,9489,934408.2387966935,6847351.609360432,95.63400000000013,70.68600000000004,0.7391304347826081
1,9499,932827.3776647861,6847732.823771074,95.63400000000013,70.68600000000002,0.739130434782608
1,9509,935018.4736657833,6847022.579785961,2869.0200000000036,1203.8305592905556,0.419596433378141
1,9511,931077.1399302931,6848504.923813723,95.63400000000013,37.58289392008048,0.39298674028149433
1,9516,932559.8292910674,6849544.942357213,95.63400000000013,58.47809439517738,0.6114780767841699
1,9532,933100.8603282952,6845883.815585893,382.5360000000005,282.74400000000014,0.7391304347826081
1,9538,933556.7486525704,6846282.953171641,95.63400000000013,60.84867634578019,0.6362661432731048
1,9541,933957.1508405452,6849006.306014607,286.90199999999993,212.05799999999994,0.7391304347826086
1,9542,933653.8901441869,6848992.822723123,95.63400000000013,70.686,0.7391304347826078
1,9558,932035.3913814462,6848736.484588305,95.63400000000013,33.989695516141865,0.3554143454853067
1,9560,933860.9605831502,6848866.336707572,669.4379999999994,494.8020000000003,0.7391304347826098
1,9562,934476.6588086744,6848575.581773383,382.5360000000005,282.74400000000014,0.7391304347826081
1,9563,934837.5500829674,6848861.004079617,1147.6079999999997,848.2319999999993,0.7391304347826082
1,9569,932225.2546326333,6848888.941757594,95.63400000000013,70.68600000000004,0.7391304347826081
1,9570,932668.8641417644,6847613.400459321,382.5360000000005,0.0,0.0
1,9572,935162.9804507786,6846810.761040582,191.26800000000026,0.0,0.0
1,9575,934379.9252731247,6847735.954673465,95.63400000000013,0.0,0.0
1,9588,933174.1601802228,6847152.319082395,286.90199999999993,0.0,0.0
1,9598,934672.2265272655,6847865.879827798,573.8039999999999,232.4016018581105,0.40501913869215017
1,9599,935041.9333404225,6847613.857128172,382.5360000000005,258.16737758071105,0.6748838738856231
1,9605,932828.127798571,6847438.990257458,382.5360000000005,282.744,0.7391304347826078
1,9608,932749.5801922827,6847692.635494687,765.0720000000009,493.01530516141986,0.6444038014218522
1,9610,934527.2332083356,6849123.639648515,95.63400000000013,0.0,0.0
1,9626,934486.8112002981,6847366.567606422,1243.2420000000016,0.0,0.0
1,9627,931823.8106544222,6848488.444537565,95.63400000000013,0.0,0.0
1,9630,932781.8804892112,6848636.280908345,286.90199999999993,0.0,0.0
1,9631,933552.9178986769,6849367.906476273,1147.6079999999997,754.8535829638303,0.6577625661060488
1,9633,933897.0026970241,6848904.131752467,956.3399999999992,337.3723020645679,0.35277443384629753
1,9649,933453.0603918822,6848652.721151154,95.63400000000013,0.0,0.0
1,9653,933645.9485293892,6847142.813542869,95.63400000000013,57.39528189517733,0.6001556130160534
1,9659,933904.1237440612,6849835.978325042,95.63400000000013,70.68600000000002,0.739130434782608
1,9671,933075.5146944139,6848016.07788378,765.0720000000009,0.0,0.0
1,9684,932684.2081060847,6849549.691150677,95.63400000000013,66.06627774698586,0.6908241603089463
1,9693,931475.9745950553,6848234.47195226,95.63400000000013,62.30969579638301,0.6515433401968226
1,9703,932869.460184015,6846462.293713474,573.8039999999999,374.37792477829805,0.6524491372982728
1,9711,930970.360272886,6849079.574625839,95.63400000000013,57.24108939517761,0.5985432941754767
1,9712,935285.1876892692,6847286.968597762,95.63400000000013,0.0,0.0
1,9719,934008.7697183099,6846182.598943664,95.63400000000013,70.68600000000002,0.739130434782608
1,9724,932505.5369410196,6848172.261810506,95.63400000000013,70.68600000000004,0.7391304347826081
1,9725,934022.0184690699,6848635.983412226,382.5360000000005,0.0,0.0
1,9743,934304.097670554,6846704.511047528,95.63400000000013,0.0,0.0
1,9748,934027.0969785834,6846240.90842442,95.63400000000013,70.686,0.7391304347826078
1,9753,934593.9833821954,6848516.20400429,191.26800000000026,141.37200000000007,0.7391304347826081
1,9775,932698.8471915089,6848846.145692466,191.26800000000026,0.0,0.0
1,9776,933556.6192238712,6848142.326545657,95.63400000000013,34.00057020645674,0.3555280570347021
1,9777,934158.0519946992,6849186.131553764,382.5360000000005,282.74400000000014,0.7391304347826081
1,9784,933117.0506957475,6848916.632426517,95.63400000000013,54.14684439517738,0.5661882217117062
1,9789,933147.4526855156,6847604.768045262,573.8039999999999,417.8789999999999,0.7282608695652174
1,9793,935422.245332073,6848939.361711178,95.63400000000013,0.0,0.0
1,9794,935545.7185188608,6849079.182672826,478.1699999999996,0.0,0.0
1,9801,933211.3990501465,6847170.561980582,860.706,0.0,0.0
1,9802,933523.8992902167,6846287.317988239,95.63400000000013,0.0,0.0
1,9805,931259.5701789795,6848534.360298697,1817.0460000000007,1226.2950435083699,0.6748838738856195
1,9806,934803.6729152919,6849092.808915292,95.63400000000013,64.54184439517738,0.674883873885619
1,9807,933213.1632337016,6847836.001602771,95.63400000000013,70.68600000000002,0.739130434782608
1,9813,932379.0059244466,6848187.339723749,95.63400000000013,70.68599999999999,0.7391304347826076
1,9825,933976.2117452964,6848283.644952261,286.90199999999993,212.05799999999985,0.7391304347826083
1,9828,933638.3201898618,6846859.374868455,191.26800000000026,141.37200000000004,0.739130434782608
1,9831,933420.4363337873,6849341.712400015,286.90199999999993,196.67439988914913,0.6855107315011717
1,9833,933139.2845027762,6848961.120915364,95.63400000000013,0.0,0.0
1,9840,933034.9212445075,6846685.264054148,95.63400000000013,0.0,0.0
1,9847,933038.7335152994,6846423.62251273,286.90199999999993,0.0,0.0
1,9849,932528.7442236226,6847689.468524802,382.5360000000005,148.0921812387406,0.38713266526219864
1,9858,934693.3810613484,6847701.111812317,1243.2420000000016,0.0,0.0
1,9869,933243.3351651938,6847210.795217996,382.5360000000005,0.0,0.0
1,9872,933701.2285636517,6848755.127025639,382.5360000000005,282.74400000000014,0.7391304347826081
1,9881,932918.6136369663,6847072.489498806,95.63400000000013,59.86409439517737,0.6259708304073581
1,9886,932821.6600551809,6847545.7673147,286.90199999999993,212.05799999999994,0.7391304347826086
1,9892,933769.9586777443,6850059.645767407,95.63400000000013,0.0,0.0
1,9896,932910.5663018344,6846327.921514823,95.63400000000013,0.0,0.0
1,9903,932987.5190669243,6847736.609107622,382.5360000000005,0.0,0.0
1,9904,933367.7204425648,6848348.913714654,573.8039999999999,424.11599999999993,0.7391304347826088
1,9905,934127.0862403624,6849546.923577938,95.63400000000013,70.686,0.7391304347826078
1,9906,934932.2084613116,6848846.548867627,95.63400000000013,70.68600000000004,0.7391304347826081
1,9907,933029.6251592926,6847489.419073618,3347.1899999999973,2474.0100000000007,0.7391304347826095
1,9909,931658.9020902332,6848667.192102743,191.26800000000026,141.37200000000007,0.7391304347826081
1,9910,935183.6351913924,6846874.189318192,191.26800000000026,141.37200000000007,0.7391304347826081
1,9920,935021.3193951537,6847060.948187368,95.63400000000013,56.962156895177316,0.5956266275088069
1,9936,931580.4797240508,6848422.013481351,95.63400000000013,60.42715689517737,0.6318585115667784
1,9953,934153.4091633352,6849255.552389321,191.26800000000026,114.79056379035475,0.6001556130160539
1,9954,934777.57848551,6848323.258075425,573.8039999999999,353.146803871064,0.6154484874121896
1,9955,933915.9412443208,6849974.515257486,191.26800000000026,0.0,0.0
1,9960,933115.5829392676,6848983.280574871,95.63400000000013,0.0,0.0
1,9961,933466.2104633002,6848276.559558509,95.63400000000013,0.0,0.0
1,9975,933653.551036247,6849769.137802846,573.8039999999999,0.0,0.0
1,9977,933790.3463130037,6846787.666965213,95.63400000000013,0.0,0.0
1,9985,934329.1029525546,6848149.315003604,669.4379999999994,266.486327167796,0.39807469424770664
1,9993,935237.2176932336,6847413.114733124,478.1699999999996,313.39703447588704,0.6554092362044613
1,10012,930950.3510605812,6848307.282271661,95.63400000000013,60.6927513457799,0.6346357084904931
1,10016,932697.4555062825,6847811.833185514,765.0720000000009,0.0,0.0
1,10022,933041.251930469,6848842.916617294,95.63400000000013,56.485719395177284,0.5906447434508356
1,10025,932268.7588525165,6848860.279793774,95.63400000000013,0.0,0.0
1,10026,935518.8488085081,6847613.339809049,382.5360000000005,0.0,0.0
1,10027,932913.2688383283,6845934.601647124,95.63400000000013,0.0,0.0
1,10028,933074.2026367594,6846159.369719025,95.63400000000013,62.38471524698584,0.652327783497352
1,10029,933315.6296249937,6847761.260458282,478.1699999999996,353.4299999999999,0.7391304347826091
1,10030,933430.7928059918,6849517.208437085,191.26800000000026,141.37200000000004,0.739130434782608
1,10035,931173.3083009078,6847988.01854734,95.63400000000013,36.357765309685156,0.3801761435230682
1,10040,932546.568065723,6848144.921343746,95.63400000000013,70.68599999999998,0.7391304347826074
1,10048,933074.9631935684,6848904.638629617,95.63400000000013,70.68600000000002,0.739130434782608
1,10049,933898.5379517489,6847507.18885444,286.90199999999993,212.05799999999988,0.7391304347826084
1,10050,932699.2435105143,6848568.01285431,95.63400000000013,0.0,0.0
1,10051,933207.8928756897,6847441.51757546,382.5360000000005,0.0,0.0
1,10066,933434.5341283992,6847388.346410935,382.5360000000005,0.0,0.0
1,10072,932689.1764501187,6847753.651461754,191.26800000000026,141.372,0.7391304347826078
1,10076,931398.4864702271,6847937.279521179,95.63400000000013,70.68600000000004,0.7391304347826081
1,10077,933451.4261663748,6847221.415403123,191.26800000000026,141.37200000000007,0.7391304347826081
1,10089,933244.9804023418,6847884.668053168,286.90199999999993,0.0,0.0
1,10094,933333.8463684933,6847621.563796838,669.4379999999994,494.8020000000003,0.7391304347826098
1,10101,934661.0746705633,6847927.146260514,1243.2420000000016,0.0,0.0
1,10102,933182.3723918039,6847365.409096451,95.63400000000013,0.0,0.0
1,10104,933645.0818323198,6847382.788648151,95.63400000000013,59.43096939517738,0.6214418449001119
1,10107,935118.3419542372,6847550.591577848,95.63400000000013,58.99784439517738,0.6169128593928656
1,10110,933873.7439605257,6846920.031637437,95.63400000000013,66.57442219758869,0.6961375891167221
1,10111,934086.314125427,6849358.656490865,191.26800000000026,141.37200000000004,0.739130434782608
1,10117,933891.4550647598,6848409.384873224,573.8039999999999,424.1159999999999,0.7391304347826086
1,10119,933260.2538825228,6848978.801936929,191.26800000000026,141.37200000000007,0.7391304347826081
1,10123,934167.9046258238,6849171.896459407,191.26800000000026,141.37200000000004,0.739130434782608
1,10139,934354.8441173997,6849245.40042241,573.8039999999999,390.29993307468123,0.6801973026933958
1,10142,931269.0468687299,6848265.568116044,95.63400000000013,70.68599999999999,0.7391304347826076
1,10143,932681.7054088366,6847499.789849972,95.63400000000013,70.68600000000076,0.7391304347826156
1,10154,933154.0458711435,6847282.093194191,95.63400000000013,0.0,0.0
1,10161,933159.8497843541,6848831.24469511,95.63400000000013,30.828620412913533,0.3223604618954921
1,10162,933733.431662689,6847329.336038186,286.90199999999993,86.96949953447442,0.30313312397429937
1,10164,935374.7753691487,6848050.43605314,95.63400000000013,70.68600000000004,0.7391304347826081
1,10173,933672.737071853,6849253.814889249,286.90199999999993,119.88015123873997,0.4178435536829301
1,10177,935157.9324551178,6847512.36086889,478.1699999999996,0.0,0.0
1,10178,933029.8393245293,6847952.304881992,95.63400000000013,38.17243020645679,0.39915124544049957
1,10185,934452.3930591646,6846982.408543744,6120.57600000001,3962.129775807097,0.6473458994393813
1,10186,932811.2529094083,6847114.024862955,95.63400000000013,0.0,0.0
1,10187,933830.1283487022,6847487.364353392,95.63400000000013,35.58558572259867,0.3721018228098649
1,10189,932692.7608121308,6848600.786785667,95.63400000000013,70.68600000000004,0.7391304347826081
1,10192,934760.1893078903,6848955.691837043,95.63400000000013,70.68600000000004,0.7391304347826081
1,10193,933433.231115292,6847271.347054163,478.1699999999996,0.0,0.0
1,10201,933994.031683922,6849876.24627233,95.63400000000013,70.686,0.7391304347826078
1,10210,934025.57521851,6848684.330151873,860.706,0.0,0.0
1,10212,934223.228326024,6847246.36702921,286.90199999999993,0.0,0.0
1,10215,934715.7413427237,6848884.871152102,5259.870000000004,0.0,0.0
1,10219,932814.6403510185,6847606.673858789,95.63400000000013,39.573285309685154,0.41379933192886525
1,10221,934192.1546529793,6847160.79217386,95.63400000000013,70.68600000000008,0.7391304347826085
1,10224,934101.8349083216,6848430.838183671,95.63400000000013,70.686,0.7391304347826078
1,10231,933671.135091272,6849465.781675143,573.8039999999999,373.4776913710641,0.650880250697214
1,10236,932939.7348871337,6849336.387709871,765.0720000000009,0.0,0.0
1,10244,932955.3463291693,6849306.320118343,95.63400000000013,64.54184439517739,0.6748838738856192
1,10246,933101.7466479187,6846209.283491303,95.63400000000013,0.0,0.0
1,10254,931715.8660304986,6848789.426176444,95.63400000000013,64.54184439517739,0.6748838738856192
1,10261,934262.5455395225,6847854.326373196,1338.8759999999988,535.6061257807894,0.4000416213157827
1,10267,931307.3631568019,6848330.083236414,95.63400000000013,54.146844395177375,0.5661882217117061
1,10272,933050.787936171,6847155.721703347,95.63400000000013,36.28153530968415,0.37937904207378237
1,10275,934103.8180663389,6849612.034001067,382.5360000000005,282.74400000000014,0.7391304347826081
1,10278,935876.0935123041,6847470.826040269,95.63400000000013,55.03394900510714,0.5754642596263574
1,10291,934284.5500000002,6846610.3,95.63400000000013,0.0,0.0
1,10299,933740.5253062717,6849275.135905407,191.26800000000026,137.21400000000003,0.7173913043478253
1,10300,934120.4241034845,6846629.078009482,95.63400000000013,68.607,0.7173913043478252
1,10303,933087.2978634115,6846713.989915521,95.63400000000013,44.756354561104814,0.46799626242868386
1,10310,933662.6090495399,6846292.376274694,95.63400000000013,54.14684439517738,0.5661882217117062
1,10313,934132.743795555,6847290.517010921,95.63400000000013,66.57442219758869,0.6961375891167221
1,10316,931779.9315980398,6849405.252024197,95.63400000000013,70.68600000000002,0.739130434782608
1,10320,933000.1808626615,6848052.982253033,286.90199999999993,212.05799999999994,0.7391304347826086
1,10325,933933.3593358105,6847103.226567579,382.5360000000005,205.94289758070943,0.5383621347551842
1,10329,934211.8488995229,6848298.599634069,765.0720000000009,565.4880000000002,0.739130434782608
1,10330,932761.3497296126,6848687.233713076,95.63400000000013,70.68600000000002,0.739130434782608
1,10331,934245.3325944173,6847776.919350368,765.0720000000009,0.0,0.0
1,10337,932669.9809045001,6848743.352639446,382.5360000000005,0.0,0.0
1,10338,932819.5235869985,6847596.232389081,765.0720000000009,565.4880000000002,0.739130434782608
1,10356,934755.1647191114,6849505.936368641,95.63400000000013,70.68600000000004,0.7391304347826081
1,10357,933594.0673698266,6846179.894955099,478.1699999999996,189.27322654842587,0.39582831743611274
1,10368,933273.4500000001,6845822.250000001,95.63400000000013,70.68600000000002,0.739130434782608
1,10370,933012.0465866763,6847905.965653049,669.4379999999994,275.28062552862156,0.4112115319545974
1,10374,931030.5528103395,6848142.981544934,95.63400000000013,0.0,0.0
1,10380,932092.0952888138,6848868.161414484,95.63400000000013,0.0,0.0
1,10388,931223.2975225939,6848216.051498234,191.26800000000026,119.72818879035474,0.6259708304073581
1,10391,932160.8910216669,6849523.456921224,95.63400000000013,0.0,0.0
1,10398,932973.4767872419,6846487.694820562,95.63400000000013,70.68600000000004,0.7391304347826081
1,10405,934748.6770908297,6849227.935873953,95.63400000000013,68.60700000000001,0.7173913043478253
1,10409,932393.2999999999,6847704.149999999,286.90199999999993,195.1499665373406,0.6801973026933957
1,10411,935307.2119135937,6847977.691781219,191.26800000000026,0.0,0.0
1,10421,932032.6508674923,6848826.974459034,478.1699999999996,335.4128332409575,0.7014510179244993
1,10425,933180.2154002321,6848831.060508506,382.5360000000005,0.0,0.0
1,10442,933869.8817272248,6847159.91917443,765.0720000000009,465.74575516141886,0.6087606854798219
1,10462,935541.1205694418,6847753.314055408,95.63400000000013,70.686,0.7391304347826078
1,10464,932992.9944962687,6846165.912888682,95.63400000000013,70.68600000000002,0.739130434782608
1,10465,932674.5601500267,6848443.125949285,95.63400000000013,34.80942572259866,0.36398588078087935
1,10475,932845.257473753,6846359.379475065,95.63400000000013,28.747630206456773,0.3006005208028184
1,10493,933901.9838593975,6848751.763656873,573.8039999999999,387.2510663710645,0.6748838738856205
1,10500,933910.6782394458,6848825.046646248,382.5360000000005,0.0,0.0
1,10503,932847.3752738778,6845588.838022961,95.63400000000013,70.68600000000002,0.739130434782608
1,10537,934565.0597091323,6847573.169047379,2964.6540000000055,0.0,0.0
1,10547,934010.1106600659,6847338.339636963,382.5360000000005,111.70761958708653,0.29201858017830057
1,10549,933204.9174926303,6849522.805189388,286.90199999999993,193.62553318553208,0.6748838738856199
1,10555,933170.3422954335,6848220.548965163,286.90199999999993,198.19883324095755,0.6908241603089473
1,10562,931230.4214972666,6848067.418111924,95.63400000000013,70.68600000000004,0.7391304347826081
1,10563,935089.212538584,6848064.79112075,1051.9740000000002,0.0,0.0
1,10569,934192.0295085977,6849166.774747741,382.5360000000005,0.0,0.0
1,10580,931570.9273035374,6848026.883605152,95.63400000000013,0.0,0.0
1,10582,933343.2188047252,6846608.578209919,95.63400000000013,57.78509439517794,0.6042316999725815
1,10585,935392.5634098974,6848004.26043507,95.63400000000013,70.68600000000002,0.739130434782608
1,10590,932949.0562491376,6847370.847654149,95.63400000000013,70.68600000000002,0.739130434782608
1,10607,933080.9934037914,6849559.776799788,2964.6540000000055,2191.2660000000046,0.7391304347826089
1,10608,933148.0137206174,6849253.722196233,95.63400000000013,0.0,0.0
1,10609,933961.6175904901,6847336.707163529,1051.9740000000002,0.0,0.0
1,10613,931090.5221468927,6849075.137943504,95.63400000000013,70.68600000000004,0.7391304347826081
1,10619,931199.9475576491,6847834.40883758,95.63400000000013,69.80242500022939,0.7298913043502238
1,10620,933006.3872127756,6847940.830005328,573.8039999999999,417.8789999999999,0.7282608695652174
1,10641,933618.5495567304,6845949.816784601,95.63400000000013,64.54184439517738,0.674883873885619
1,10651,935303.0832217956,6848495.682583652,95.63400000000013,0.0,0.0
1,10662,935410.8654036904,6846558.059920525,669.4379999999994,494.80200000000025,0.7391304347826098
1,10667,933289.509010497,6848511.64560853,286.90199999999993,0.0,0.0
1,10687,934790.3272831906,6848262.031098935,1338.8759999999988,989.6040000000006,0.7391304347826098
1,10704,932618.6834430138,6848676.68353203,95.63400000000013,0.0,0.0
1,10705,934593.8839643653,6849033.421997486,191.26800000000026,0.0,0.0
1,10706,933178.2564459642,6847530.197297186,286.90199999999993,94.25002592905544,0.3285094768564021
1,10707,931100.6890796068,6848502.682120318,765.0720000000009,565.4880000000002,0.739130434782608
1,10708,932314.0485551335,6848091.231062108,95.63400000000013,70.68599999999998,0.7391304347826074
1,10712,933932.9273408051,6847496.112223556,669.4379999999994,379.0279107662423,0.5661882217117084
1,10715,933206.5364450956,6848635.394541356,573.8039999999999,0.0,0.0
1,10716,932329.5473498235,6848222.228194593,95.63400000000013,0.0,0.0
1,10717,932787.6636477805,6846571.54040967,286.90199999999993,0.0,0.0
1,10720,933071.8074762358,6845654.239038638,95.63400000000013,60.38384439517736,0.6314056130160537
1,10721,933538.6863561075,6849758.822360248,95.63400000000013,57.00546939517739,0.5960795260595323
1,10723,934922.0298054328,6848062.564122118,669.4379999999994,494.80200000000025,0.7391304347826098
1,10727,932996.0291976448,6848060.925243887,95.63400000000013,70.68600000000002,0.739130434782608
1,10740,935223.0435184409,6846668.69049947,382.5360000000005,282.74400000000014,0.7391304347826081
1,10744,934420.5845786422,6847359.675571478,286.90199999999993,0.0,0.0
1,10745,934783.7033348619,6848206.342971057,95.63400000000013,70.68600000000004,0.7391304347826081
1,10749,933350.6995585539,6849630.02425454,95.63400000000013,70.68600000000004,0.7391304347826081
1,10755,934013.572114857,6846855.799252171,286.90199999999993,212.05799999999994,0.7391304347826086
1,10763,933099.7228025193,6848489.913169091,765.0720000000009,0.0,0.0
1,10764,933030.8619651675,6848248.476359443,95.63400000000013,0.0,0.0
1,10778,934272.1187838147,6848275.613042464,478.1699999999996,196.15862551614194,0.4102277966332938
1,10784,932907.9710056181,6847307.408352931,669.4379999999994,0.0,0.0
1,10789,933947.6206629792,6849942.884581173,95.63400000000013,70.68600000000049,0.7391304347826129
1,10790,934709.4548967746,6849178.505855558,95.63400000000013,0.0,0.0
1,10791,933926.4514099269,6846882.645480853,286.90199999999993,0.0,0.0
1,10792,935064.1262530087,6848076.66842184,286.90199999999993,170.6179331855323,0.5946906371706449
1,10800,933122.8094200674,6847214.199364153,95.63400000000013,68.60700000000001,0.7173913043478253
1,10801,934326.8250105851,6848155.412731725,286.90199999999993,205.821,0.7173913043478263
1,10802,934391.0506607586,6848088.064553827,286.90199999999993,205.821,0.7173913043478263
1,10805,931107.6443241632,6847992.610688341,95.63400000000013,0.0,0.0
1,10821,934670.493620137,6847969.939784245,286.90199999999993,0.0,0.0
1,10825,932632.5074517889,6847638.085569143,478.1699999999996,343.03499999999985,0.7173913043478264
1,10835,933567.5776380091,6847151.879099971,286.90199999999993,212.058,0.7391304347826089
1,10836,931459.2481565505,6849390.536569461,95.63400000000013,70.686,0.7391304347826078
1,10839,932783.44678062,6848662.060247829,95.63400000000013,70.686,0.7391304347826078
1,10841,933790.7626390469,6847957.519436067,573.8039999999999,287.4866661278899,0.5010189300316659
1,10844,933787.5975829937,6846077.420675597,478.1699999999996,0.0,0.0
1,10856,933492.4761698648,6847750.886533542,573.8039999999999,346.97044137106417,0.604684598523301
1,10857,931342.8429019653,6848380.478179439,95.63400000000013,70.68600000000004,0.7391304347826081
1,10863,932181.0091540006,6847967.08628369,191.26800000000026,76.4260302064568,0.3995756227202496
1,10865,932993.5375275939,6847694.607284768,191.26800000000026,71.63644082582708,0.37453437493897035
1,10866,931694.2,6848474.499999999,95.63400000000013,0.0,0.0
1,10867,933336.0183469573,6847859.057493187,286.90199999999993,0.0,0.0
1,10875,933903.8749482951,6849476.791297495,95.63400000000013,34.86781530968448,0.36459643337813363
1,10880,934084.1532894667,6847400.970260704,573.8039999999999,424.11599999999993,0.7391304347826088
1,10882,933552.7722178089,6848950.684925357,765.0720000000009,0.0,0.0
1,10893,931960.2687470067,6848888.357584777,1338.8759999999988,0.0,0.0
1,10894,932788.856334563,6847123.221260645,95.63400000000013,64.54184439517736,0.6748838738856189
1,10900,933801.892984292,6848917.631345217,860.706,580.8765995565971,0.6748838738856207
1,10907,931560.3243351991,6848054.624164364,95.63400000000013,0.0,0.0
1,10919,933463.7403563416,6846327.891952175,95.63400000000013,0.0,0.0
1,10920,932828.1163182983,6849205.620132012,95.63400000000013,0.0,0.0
1,10921,932686.2373901769,6848700.01557711,95.63400000000013,61.83325829638302,0.6465614561388516
1,10928,933128.4786638141,6847553.766799572,286.90199999999993,0.0,0.0
1,10930,932605.5078188747,6847523.013925129,95.63400000000013,0.0,0.0
1,10931,933977.1412456308,6847304.45231967,286.90199999999993,0.0,0.0
1,10937,933868.2251422699,6848989.82475498,191.26800000000026,69.39016144519734,0.36279022860696636
1,10940,933235.3160363933,6847177.078446332,573.8039999999999,424.1159999999999,0.7391304347826086
1,10941,933274.3514069407,6849529.554750339,95.63400000000013,70.686,0.7391304347826078
1,10942,933522.9913464648,6848747.05814743,382.5360000000005,282.744,0.7391304347826078
1,10946,934148.9968668595,6848036.441341041,382.5360000000005,0.0,0.0
1,10947,932385.4227281783,6848932.439488466,95.63400000000013,26.66664,0.2788405797101446
1,10948,933642.5335300484,6848960.408539747,573.8039999999999,187.94160000000016,0.32753623188405834
1,10950,934159.6402440774,6846298.201649804,382.5360000000005,0.0,0.0
1,10967,933031.4281738362,6846270.667052431,4016.6279999999974,2840.1710956016445,0.7071033452940243
1,10976,933580.1251928865,6847213.431670446,956.3399999999992,371.98676412913545,0.38896915754766687
1,10982,935106.5646240305,6847697.48168422,669.4379999999994,0.0,0.0
1,10986,934163.312717972,6846707.314192688,95.63400000000013,70.68600000000004,0.7391304347826081
1,10988,932175.1532324326,6849545.478774776,95.63400000000013,70.68599999999998,0.7391304347826074
1,10993,934520.831810092,6848515.228453046,95.63400000000013,57.35196939517736,0.5997027144653291
1,11001,933562.0420599754,6845908.990599112,382.5360000000005,242.1355331855321,0.6329744996171126
1,11003,934110.4589797315,6846650.202818413,765.0720000000009,0.0,0.0
1,11008,935423.9287421444,6848083.792982969,95.63400000000013,0.0,0.0
1,11010,934407.2718981794,6848091.05532142,573.8039999999999,285.7118466357358,0.49792585383813265
1,11012,932600.5186585278,6848957.901340018,478.1699999999996,0.0,0.0
1,11017,933708.533268859,6846433.149838814,95.63400000000013,0.0,0.0
1,11020,932787.3772524479,6846930.385452416,478.1699999999996,0.0,0.0
1,11021,933334.7971248536,6845731.981853013,95.63400000000013,54.14684439517739,0.5661882217117062
1,11037,933371.3360533119,6846478.282567724,2677.751999999998,1979.2080000000014,0.7391304347826098
1,11038,933355.7642298404,6845764.822981515,669.4379999999994,412.984910766242,0.6169128593928674
1,11040,934086.8303328733,6848557.892030689,478.1699999999996,353.42999999999984,0.739130434782609
1,11042,933824.4048263264,6848672.632151724,95.63400000000013,0.0,0.0
1,11045,933894.4496371041,6847107.338590901,478.1699999999996,282.3766219758874,0.590536047798665
1,11046,934022.903557385,6848699.643211972,478.1699999999996,353.42999999999984,0.739130434782609
1,11047,933191.4688202129,6848599.682546951,95.63400000000013,70.68600000000002,0.739130434782608
1,11048,933790.9135501591,6850083.658549914,3920.993999999992,2898.125999999997,0.7391304347826094
1,11051,933691.004398809,6849274.760431463,573.8039999999999,424.11599999999993,0.7391304347826088
1,11052,933134.1092489517,6847201.484623021,191.26800000000026,124.49256379035474,0.6508802506972132
1,11057,933330.4352848117,6847590.746253682,573.8039999999999,0.0,0.0
1,11059,931716.851151302,6848713.601967679,95.63400000000013,64.54184439517739,0.6748838738856192
1,11067,934849.8323244895,6849070.522426867,95.63400000000013,0.0,0.0
1,11083,935533.9453384775,6846466.434519704,95.63400000000013,64.54184439517736,0.6748838738856189
1,11084,934285.0433006865,6847635.85757438,382.5360000000005,282.66540036835613,0.7389249648878948
1,11085,933397.6720834061,6846466.175805231,95.63400000000013,56.57234439517738,0.5915505405522858
1,11086,934913.1488629093,6848141.085168434,1147.6079999999997,702.7766327421284,0.61238387388562
1,11088,932937.0130365919,6847550.304211921,95.63400000000013,70.68600000000002,0.739130434782608
1,11089,933208.049097842,6848731.947647459,95.63400000000013,70.68600000000004,0.7391304347826081
1,11093,933603.8703580889,6847218.896608897,382.5360000000005,0.0,0.0
1,11095,933701.7367827522,6849253.897202456,765.0720000000009,498.13106637106404,0.651090441646098
1,11110,933626.356736186,6849842.351743978,95.63400000000013,64.56489808634271,0.6751249355495181
1,11116,932762.35708033,6847656.359072071,573.8039999999999,395.9680483648887,0.6900754410301929
1,11120,931817.8503504773,6848729.640530782,95.63400000000013,70.68600000000002,0.739130434782608
1,11121,932752.9783047739,6849024.716809633,669.4379999999994,0.0,0.0
1,11122,932964.5861293214,6847079.838725011,4112.261999999999,0.0,0.0
1,11126,935783.6848341026,6848869.050412048,95.63400000000013,58.997844395177374,0.6169128593928654
1,11134,934191.46455773,6846570.979277296,382.5360000000005,282.74400000000014,0.7391304347826081
1,11137,932628.1070805661,6847830.052160059,478.1699999999996,294.2788969758866,0.6154273521464894
1,11139,932663.5252354431,6849180.777255322,191.26800000000026,65.64103144519584,0.34318877933159625
1,11148,935308.1485213583,6848002.842679809,382.5360000000005,232.35312758071052,0.6074019898276507
1,11153,934281.9568133344,6849274.458140452,191.26800000000026,0.0,0.0
1,11160,932690.6461495479,6849121.646340885,573.8039999999999,0.0,0.0
1,11163,932940.5557132188,6846341.455041076,95.63400000000013,54.146844395177375,0.5661882217117061
1,11165,933861.0951079903,6848457.614604188,382.5360000000005,0.0,0.0
1,11176,935101.4347727883,6846995.50502278,95.63400000000013,0.0,0.0
1,11179,934368.7029705,6847631.454550785,1817.0460000000007,0.0,0.0
1,11180,933236.7052983538,6847725.129570842,286.90199999999993,0.0,0.0
1,11182,932535.7873714685,6847580.936166018,382.5360000000005,0.0,0.0
1,11183,934324.324196389,6847757.485351535,860.706,0.0,0.0
1,11190,933297.7942344948,6845685.203516345,1051.9740000000002,777.5460000000003,0.7391304347826089
1,11197,933580.4809995937,6849894.469596793,956.3399999999992,0.0,0.0
1,11199,933017.7124962235,6847786.805566308,382.5360000000005,0.0,0.0
1,11208,933619.9405598794,6849514.287396782,478.1699999999996,353.42999999999984,0.739130434782609
1,11214,932907.4384695006,6846007.813545347,95.63400000000013,0.0,0.0
1,11218,933143.6086546704,6848542.333068474,95.63400000000013,70.68599999999999,0.7391304347826076
1,11221,933547.2788288288,6848521.706180081,191.26800000000026,124.87926659276604,0.6529020358489965
1,11222,933575.536125393,6846886.14006942,95.63400000000013,36.43499041291291,0.3809836503012826
1,11226,933099.2373433234,6847990.031660032,382.5360000000005,0.0,0.0
1,11240,933087.8528660246,6847818.196485026,382.5360000000005,153.90144000000006,0.4023188405797098
1,11247,932909.1487910191,6846379.977815496,95.63400000000013,54.146844395177375,0.5661882217117061
1,11248,934581.3042816435,6849554.946740974,95.63400000000013,70.68600000000002,0.739130434782608
1,11252,933795.6970153346,6848711.09973874,382.5360000000005,235.29837758070954,0.615101265189967
1,11256,934695.3404643448,6846867.846654605,95.63400000000013,68.60700000000001,0.7173913043478253
1,11258,934917.4944103613,6848940.310702113,95.63400000000013,70.68600000000002,0.739130434782608
1,11262,934693.1452476189,6848326.362377102,573.8039999999999,424.11599999999993,0.7391304347826088
1,11264,933331.0897013152,6848848.255821113,95.63400000000013,70.68600000000002,0.739130434782608
1,11266,935508.4079660876,6847613.294046253,286.90199999999993,212.05799999999982,0.7391304347826082
1,11270,932455.2344141554,6848064.924580273,191.26800000000026,141.37200000000007,0.7391304347826081
1,11275,931535.8471580356,6848356.913106472,95.63400000000013,43.357274218164626,0.45336673377841114
1,11276,933021.2250877669,6848007.374724997,191.26800000000026,87.23455332647612,0.45608545771627246
1,11287,934017.0838332808,6849092.734641967,95.63400000000013,0.0,0.0
1,11297,932612.326658424,6847579.222255423,286.90199999999993,173.0954081855321,0.6033259028711272
1,11301,934802.6454994741,6849001.550778128,95.63400000000013,70.68600000000005,0.7391304347826082
1,11303,933907.0182534903,6847154.591277964,669.4379999999994,451.7929107662421,0.6748838738856212
1,11311,933111.0469321583,6848606.864194659,95.63400000000013,70.686,0.7391304347826078
1,11314,932992.6662511281,6848277.991710825,669.4379999999994,494.8020000000003,0.7391304347826098
1,11319,935252.8956692584,6846631.217866397,860.706,636.1740000000003,0.7391304347826091
1,11324,933916.2782345891,6847355.817980945,860.706,559.7314370565966,0.6503166436118681
1,11325,931076.7176761018,6849213.309867774,95.63400000000013,70.68600000000002,0.739130434782608
1,11339,931565.2211995849,6849106.134140654,7555.086000000009,4953.651173892996,0.6556710504543548
1,11350,932780.3380585546,6849368.353891645,95.63400000000013,0.0,0.0
1,11352,933470.7084637084,6848312.771088119,382.5360000000005,258.1673775807095,0.674883873885619
1,11355,934065.5972533431,6846279.094073002,382.5360000000005,268.3302665927662,0.7014510179244982
1,11356,932969.9641389311,6847636.737805939,191.26800000000026,71.03058123874062,0.3713667797997602
1,11370,933254.8717267177,6847745.788954518,382.5360000000005,137.28076131486873,0.35887017513349995
1,11380,932652.1588803587,6848868.648040485,95.63400000000013,33.733285516141414,0.35273318606501214
1,11381,932893.6075560863,6846613.595105208,95.63400000000013,70.68600000000008,0.7391304347826085
1,11388,933527.842648775,6846125.999377675,191.26800000000026,78.84364082582707,0.4122155343592601
1,11404,933157.8613185683,6847152.940804186,95.63400000000013,32.665070412912954,0.34156336044621066
1,11409,933061.1850262486,6845612.112950922,95.63400000000013,0.0,0.0
1,11418,933795.9848186946,6848565.981810369,286.90199999999993,0.0,0.0
1,11427,931875.6790740185,6848474.384014585,286.90199999999993,212.05799999999994,0.7391304347826086
1,11430,934706.9080803797,6847351.625474486,765.0720000000009,494.5052551614189,0.6463512651899669
1,11431,934071.8875250914,6848486.249037665,382.5360000000005,282.74400000000014,0.7391304347826081
1,11432,933381.5936246613,6849184.113313008,95.63400000000013,70.68599999999999,0.7391304347826076
1,11433,933892.7118457608,6848710.352548743,573.8039999999999,424.11599999999993,0.7391304347826088
1,11434,933145.7131591543,6848424.825248219,95.63400000000013,70.68600000000004,0.7391304347826081
1,11435,932217.2651684707,6847998.795190485,860.706,0.0,0.0
1,11436,933800.6329214474,6846165.348749631,95.63400000000013,68.607,0.7173913043478252
1,11437,933596.6233845784,6848350.521208176,95.63400000000013,68.60700000000001,0.7173913043478253
1,11442,933820.5190289677,6846663.498305453,95.63400000000013,70.68599999999998,0.7391304347826074
1,11454,932939.0972523902,6847608.929564651,95.63400000000013,70.68600000000004,0.7391304347826081
1,11456,931228.0898341822,6849212.367446987,95.63400000000013,70.686,0.7391304347826078
1,11460,932882.0884591112,6845950.054278242,95.63400000000013,70.68600000000002,0.739130434782608
1,11464,935362.7070629236,6849104.403700855,4016.6279999999974,2968.8119999999967,0.7391304347826083
1,11465,933608.9015723271,6848380.281934506,478.1699999999996,353.42999999999984,0.739130434782609
1,11466,933301.1771067743,6849247.46410439,1051.9740000000002,358.96927454204854,0.34123397968205343
1,11468,931898.1430237908,6849094.0476578,2295.2159999999994,808.3629649549632,0.3521947237013699
1,11476,933360.5713417655,6847237.218500486,286.90199999999993,212.05799999999982,0.7391304347826082
1,11477,933344.4437821744,6846412.617864598,95.63400000000013,0.0,0.0
1,11479,931616.2440178898,6848050.259932516,95.63400000000013,0.0,0.0
1,11483,933846.5900676299,6847115.129026932,765.0720000000009,565.4880000000002,0.739130434782608
1,11488,933540.0392621885,6846506.542019381,1147.6079999999997,848.2319999999999,0.7391304347826088
1,11490,932444.8320794185,6849033.607658509,95.63400000000013,0.0,0.0
1,11492,934500.6603224111,6848591.77751805,478.1699999999996,0.0,0.0
1,11494,933671.0753891615,6847277.41516015,191.26800000000026,129.0836887903548,0.6748838738856193
1,11509,932044.3631886762,6848761.958629645,95.63400000000013,70.686,0.7391304347826078
1,11512,933045.4611337518,6846178.688488086,95.63400000000013,70.68599999999999,0.7391304347826076
1,11514,933171.8689990361,6846665.043731241,95.63400000000013,70.68600000000002,0.739130434782608
1,11519,934208.0994199179,6848302.834424711,1147.6079999999997,0.0,0.0
1,11521,932952.7789609226,6845742.730186989,95.63400000000013,70.686,0.7391304347826078
1,11524,933807.1712426898,6849104.903991227,286.90199999999993,0.0,0.0
1,11528,935305.9173911627,6848922.060160853,478.1699999999996,0.0,0.0
1,11531,933748.2780433838,6847080.083130765,95.63400000000013,70.68600000000006,0.7391304347826084
1,11540,935217.8543693587,6846609.582170842,95.63400000000013,70.68600000000002,0.739130434782608
1,11542,933090.3027948017,6845674.311779024,95.63400000000013,58.867906895177384,0.6155541637406916
1,11551,933880.1291124261,6847485.328852071,478.1699999999996,0.0,0.0
1,11560,933614.128747189,6846936.987400799,382.5360000000005,0.0,0.0
1,11561,933096.8264051978,6848895.335951966,95.63400000000013,70.68600000000004,0.7391304347826081
1,11566,933741.5449604633,6846249.308764896,95.63400000000013,0.0,0.0
1,11567,932709.4143324831,6849105.269341798,191.26800000000026,0.0,0.0
1,11578,933447.7647311293,6846401.748932225,95.63400000000013,68.60700000000001,0.7173913043478253
1,11586,932540.180231313,6848021.346269723,95.63400000000013,36.609235516141915,0.38280564983313325
1,11590,933474.1369349232,6848820.327521113,95.63400000000013,0.0,0.0
1,11603,934790.8430728376,6849375.454945166,573.8039999999999,424.11599999999993,0.7391304347826088
1,11625,932202.2923009626,6849584.568110237,95.63400000000013,64.54184439517738,0.674883873885619
1,11631,932956.7923964943,6847263.730764581,95.63400000000013,67.08256664819149,0.7014510179244975
1,11633,932502.1599793449,6849232.59338002,95.63400000000013,0.0,0.0
1,11634,934019.4029098696,6846239.103571204,382.5360000000005,282.74400000000014,0.7391304347826081
1,11638,934568.0054498934,6847196.949654583,573.8039999999999,424.11599999999993,0.7391304347826088
1,11644,935273.6505481242,6846587.649830702,95.63400000000013,70.68600000000002,0.739130434782608
1,11647,932679.7402290115,6849022.372695952,382.5360000000005,282.74400000000014,0.7391304347826081
1,11648,933304.5147171163,6848043.545676749,4112.261999999999,3039.4979999999973,0.7391304347826082
1,11652,933197.246989845,6847312.210579515,95.63400000000013,70.68600000000004,0.7391304347826081
1,11653,933526.3205378389,6846085.998587972,765.0720000000009,565.488,0.7391304347826079
1,11666,933627.7334137191,6846340.661913183,95.63400000000013,70.68600000000002,0.739130434782608
1,11667,933843.130100863,6848886.877794658,1051.9740000000002,777.5460000000003,0.7391304347826089
1,11673,932201.0268891826,6849590.38963428,95.63400000000013,58.08828189517737,0.607401989827648
1,11690,935492.2573552256,6847651.077749962,95.63400000000013,70.68600000000002,0.739130434782608
1,11692,934872.5988058833,6848823.849483037,382.5360000000005,282.74400000000014,0.7391304347826081
1,11695,932845.7158167756,6845970.387059423,95.63400000000013,0.0,0.0
1,11702,935170.9270380392,6847502.985704954,286.90199999999993,186.92908738914906,0.6515433401968237
1,11703,935437.6072759333,6846618.3781444,95.63400000000013,59.86409439517737,0.6259708304073581
1,11704,934557.6493335387,6847928.406579563,765.0720000000009,0.0,0.0
1,11715,932759.604150998,6846941.964557721,2008.3139999999987,1484.4059999999984,0.7391304347826083
1,11719,933803.297750584,6850042.060227317,95.63400000000013,0.0,0.0
1,11724,933173.0895508613,6848860.491694792,669.4379999999994,494.8020000000003,0.7391304347826098
1,11725,932737.3442845547,6847753.738043933,95.63400000000013,70.68600000000002,0.739130434782608
1,11726,933556.2750550054,6847259.879668593,191.26800000000026,141.3720000000001,0.7391304347826082
1,11730,935263.0456722508,6847183.285658291,95.63400000000013,33.72042061937021,0.35259866385773014
1,11736,934517.4441071984,6849215.819529569,286.90199999999993,212.05799999999996,0.7391304347826088
1,11741,931275.4445654494,6848755.18651242,6024.942,4296.08565764813,0.7130501268971768
1,11762,934856.9928259512,6847648.653649407,478.1699999999996,0.0,0.0
1,11771,934824.8932919559,6849304.244320762,95.63400000000013,0.0,0.0
1,11773,933856.7674792102,6846503.803783785,286.90199999999993,0.0,0.0
1,11774,930919.3133515279,6848415.021975098,191.26800000000026,0.0,0.0
1,11775,933059.5940181899,6848494.90674505,1147.6079999999997,0.0,0.0
1,11778,931545.6878766624,6848233.036110246,95.63400000000013,70.68600000000005,0.7391304347826082
1,11779,931701.3371368598,6848758.317333331,95.63400000000013,70.68600000000005,0.7391304347826082
1,11786,935405.6582003772,6848971.549064538,95.63400000000013,0.0,0.0
1,11787,933014.4779283418,6847983.86235135,95.63400000000013,0.0,0.0
1,11793,935709.4449480695,6848961.277869345,191.26800000000026,141.37200000000004,0.739130434782608
1,11800,932813.8070452575,6848627.381137106,286.90199999999993,212.05799999999994,0.7391304347826086
1,11802,933438.5463714008,6848100.190536831,95.63400000000013,0.0,0.0
1,11804,933243.6791149575,6847406.747570577,382.5360000000005,282.74400000000014,0.7391304347826081
1,11807,933850.5364469191,6846987.95683398,95.63400000000013,70.68600000000004,0.7391304347826081
1,11808,933835.5218938673,6848535.868822688,573.8039999999999,424.1159999999999,0.7391304347826086
1,11809,934060.9041241088,6847119.885017985,382.5360000000005,282.74400000000014,0.7391304347826081
1,11816,933757.8237716258,6847321.111410153,382.5360000000005,282.74400000000014,0.7391304347826081
1,11817,932955.5138341632,6847272.33142816,95.63400000000013,54.14684439517739,0.5661882217117062
1,11829,933261.8786386311,6847599.792704888,3634.0920000000024,2194.187712016741,0.6037788014218516
1,11830,932423.3668021144,6847458.154847094,1243.2420000000016,427.491274736146,0.34385202135718185
1,11833,933252.4975509519,6847389.089396679,573.8039999999999,0.0,0.0
1,11838,932583.2359269379,6847989.487803824,95.63400000000013,70.686,0.7391304347826078
1,11840,931165.2448511804,6848277.377203786,95.63400000000013,70.68600000000004,0.7391304347826081
1,11842,933158.091780157,6848970.793346657,286.90199999999993,0.0,0.0
1,11865,933286.3894815391,6849364.771932839,382.5360000000005,282.74400000000014,0.7391304347826081
1,11871,932898.7905500883,6846352.320104719,191.26800000000026,73.01797412653852,0.381757398658105
1,11874,934638.4331724561,6847968.899071946,765.0720000000009,521.0718094758879,0.6810755190046
1,11875,933205.7017323509,6847564.195017224,765.0720000000009,514.2308775807091,0.672133965928316
1,11882,931245.0553031162,6847905.333103501,95.63400000000013,70.68600000000002,0.739130434782608
1,11894,933923.6231191476,6846192.709288559,1530.1440000000018,0.0,0.0
1,11907,935091.9802929072,6848117.573124131,20370.04199999998,12907.990618672782,0.6336752088519403
1,11911,933445.1090075151,6849046.394249992,382.5360000000005,258.16737758071145,0.6748838738856241
1,11912,932471.0346647335,6849000.121597195,191.26800000000026,133.14884439517735,0.696137589116722
1,11919,933603.2638057689,6846171.525880805,478.1699999999996,0.0,0.0
1,11920,933470.8148004935,6848994.560015232,478.1699999999996,353.42999999999984,0.739130434782609
1,11921,935123.9799863113,6847719.031760627,286.90199999999993,0.0,0.0
1,11923,933200.2334364248,6848747.568055614,478.1699999999996,0.0,0.0
1,11924,933939.3095776936,6846160.841736075,286.90199999999993,178.29290818553204,0.6214418449001126
1,11932,933381.2331721571,6849329.709399574,765.0720000000009,0.0,0.0
1,11942,934571.2852183311,6848557.247316374,382.5360000000005,0.0,0.0
1,11945,932990.7,6846366.149999999,382.5360000000005,158.94559206456674,0.4155049251954496
1,11962,933357.337945484,6849543.346402063,95.63400000000013,70.686,0.7391304347826078
1,11966,932629.7535117454,6848614.10804936,286.90199999999993,196.6743998891491,0.6855107315011717
1,11967,931306.6222592164,6848603.309351476,95.63400000000013,70.686,0.7391304347826078
1,11972,934658.1936071818,6849524.217089832,95.63400000000013,70.686,0.7391304347826078
1,11990,932973.5433742815,6847588.870341695,382.5360000000005,258.1673775807096,0.6748838738856193
1,11992,933066.681791828,6846156.877217038,95.63400000000013,0.0,0.0
1,11999,934536.0,6849634.450000001,765.0720000000009,524.0354482540376,0.6849491920421046
1,12007,933505.2178225664,6847414.439910969,573.8039999999999,424.11599999999993,0.7391304347826088
1,12022,932167.2458411263,6848834.664583127,95.63400000000013,0.0,0.0
1,12024,933180.8412787657,6848158.592868346,478.1699999999996,353.4299999999996,0.7391304347826084
1,12025,933937.1993571521,6846416.373136018,95.63400000000013,70.68600000000004,0.7391304347826081
1,12049,934575.004268051,6849559.359121877,95.63400000000013,37.240860619370316,0.3894102580606298
1,12054,932462.1564523245,6849062.836821908,95.63400000000013,40.294005309685154,0.42133556381292325
1,12062,931459.6565101993,6848660.143132929,2677.751999999998,0.0,0.0
1,12067,931390.7894156602,6848024.97457617,95.63400000000013,0.0,0.0
1,12078,932939.9264526482,6847219.422300695,382.5360000000005,282.74400000000446,0.7391304347826194
1,12079,933865.6090244028,6846597.303816443,191.26800000000026,141.37200000000126,0.7391304347826143
1,12081,931412.3109358755,6848122.91117519,95.63400000000013,70.686,0.7391304347826078
1,12086,933630.4263904359,6849255.295806415,478.1699999999996,0.0,0.0
1,12090,933350.1452585945,6847249.026613546,95.63400000000013,0.0,0.0
1,12099,933949.386067612,6849513.846134295,95.63400000000013,68.60699999999999,0.7173913043478249
1,12101,931543.1867393631,6848173.76838762,286.90199999999993,205.82099999999997,0.7173913043478262
1,12102,932594.4843297643,6848858.203222288,95.63400000000013,0.0,0.0
1,12106,933831.6919558909,6849377.772418263,382.5360000000005,132.92241123874058,0.3474768681607493
1,12109,934104.4894871333,6848040.207640492,573.8039999999999,424.1160000000011,0.7391304347826109
1,12110,932356.5995372701,6847633.878491454,95.63400000000013,70.68599999999999,0.7391304347826076
1,12117,931164.9148862486,6847788.899281739,95.63400000000013,70.686,0.7391304347826078
1,12119,932408.7698753646,6848990.032246089,95.63400000000013,56.96215689517732,0.595626627508807
1,12127,933949.382233904,6849489.005989701,191.26800000000026,141.372,0.7391304347826078
1,12130,933123.1253973604,6845821.381651221,95.63400000000013,0.0,0.0
1,12133,931579.0548800972,6848202.899017191,95.63400000000013,0.0,0.0
1,12138,933185.2954313647,6847669.344418144,382.5360000000005,256.6421109879434,0.6708966240770622
1,12140,934401.8816861477,6846610.852964203,95.63400000000013,68.0988555493972,0.7120778755400496
1,12141,933190.6987189752,6845878.516039497,95.63400000000013,66.06627774698583,0.690824160308946
1,12143,933429.8578013721,6849465.386673525,95.63400000000013,67.08256664819154,0.7014510179244982
1,12144,934864.1134565742,6847680.535569851,573.8039999999999,0.0,0.0
1,12148,935136.9886928827,6846140.731478273,95.63400000000013,31.888449774210436,0.3334426017338017
1,12150,932996.2826427276,6845504.836181483,5738.040000000007,2757.9043832519965,0.4806352662672259
1,12157,933475.2086379013,6847351.007369819,478.1699999999996,353.42999999999984,0.739130434782609
1,12159,934048.9026141923,6849374.131250356,573.8039999999999,0.0,0.0
1,12162,933348.4328168235,6845699.201881573,95.63400000000013,62.53412688596779,0.6538901111107734
1,12178,935355.4209800308,6846874.27356083,573.8039999999999,424.11599999999964,0.7391304347826082
1,12187,933216.2539120165,6848481.821228226,286.90199999999993,0.0,0.0
1,12194,933792.3279079233,6849220.072593595,191.26800000000026,129.0836887903548,0.6748838738856193
1,12211,932812.9603782245,6848701.428963555,286.90199999999993,212.058,0.7391304347826089
1,12215,933437.1630028377,6846520.234852221,286.90199999999993,212.05799999999996,0.7391304347826088
1,12217,933802.4871437672,6847300.755170949,669.4379999999994,494.8020000000003,0.7391304347826098
1,12221,932550.5857660456,6847467.278227114,95.63400000000013,58.807269395177045,0.6149201057696736
1,12226,932683.5950595968,6849105.536096254,765.0720000000009,565.488000000003,0.7391304347826118
1,12228,933014.4401525641,6846378.43939946,191.26800000000026,141.37200000000004,0.739130434782608
1,12237,931393.2724616996,6848621.129194025,95.63400000000013,70.6860000000004,0.739130434782612
1,12238,932637.7222308298,6848608.057126487,95.63400000000013,70.68600000000002,0.739130434782608
1,12239,932911.326646335,6847736.074633358,669.4379999999994,494.80200000000025,0.7391304347826098
1,12241,932875.394130113,6849030.10948144,3060.288000000004,2261.952000000001,0.7391304347826081
1,12242,933847.9181272421,6846683.703177392,286.90199999999993,212.0579999999999,0.7391304347826085
1,12253,933136.8613346076,6847889.185033635,956.3399999999992,607.3034439517738,0.6350288014218524
1,12260,933347.5170278022,6847231.074971665,95.63400000000013,64.54184439517736,0.6748838738856189
1,12262,934055.4117533319,6848307.198454552,765.0720000000009,296.6118912581695,0.3876914738196786
1,12263,933835.1989298561,6848674.261324938,191.26800000000026,138.25350000000003,0.722826086956521
1,12266,933032.1979694155,6847414.854272984,382.5360000000005,282.744000000004,0.7391304347826182
1,12271,934013.6037028081,6849577.883799208,2199.582000000002,1625.7780000000005,0.7391304347826082
1,12287,934141.894224589,6849216.2908885,573.8039999999999,387.2510663710642,0.67488387388562
1,12288,932434.3640334093,6848515.830346248,95.63400000000013,70.68600000000004,0.7391304347826081
1,12296,933422.2066098911,6848518.215927902,1051.9740000000002,709.9602883469511,0.6748838738856198
1,12306,933045.3880057653,6849304.433308074,95.63400000000013,0.0,0.0
1,12309,934008.5426195215,6848522.552663988,860.706,358.65436778716656,0.4166978826535037
1,12329,931723.2463348417,6848528.335780794,95.63400000000013,70.68600000000002,0.739130434782608
1,12331,934674.4304884399,6848799.756787657,765.0720000000009,278.14989234715176,0.36356041306851045
1,12333,934224.3320937194,6846578.003574924,95.63400000000013,37.37054041291354,0.3907662589969414
1,12337,933244.1105656299,6845691.64293577,95.63400000000013,62.93617219758869,0.6580941108558526
1,12338,933729.0439513075,6846858.981220027,95.63400000000013,0.0,0.0
1,12345,935345.1115341039,6846792.58379787,95.63400000000013,37.88830020645731,0.3961802309477514
1,12348,934609.9535586699,6849582.830215776,765.0720000000009,326.78724247748113,0.4271326652621985
1,12357,932274.0901245109,6847977.133103284,95.63400000000013,70.686,0.7391304347826078
1,12372,935110.9831363069,6847848.047084088,956.3399999999992,577.8509439517743,0.6042316999725775
1,12379,933441.2195966117,6848007.967472055,286.90199999999993,0.0,0.0
1,12381,934955.1945034578,6847132.246746887,382.5360000000005,280.71142219758883,0.7338170059748323
1,12382,935286.3020376973,6848029.390673539,2295.2159999999994,1696.4639999999997,0.7391304347826088
1,12384,934840.190005293,6849331.210032933,95.63400000000013,0.0,0.0
1,12385,933783.2396546621,6848856.14303407,669.4379999999994,494.80200000000013,0.7391304347826095
1,12386,933818.4277509275,6846740.889909694,382.5360000000005,156.58730426215604,0.40934004711231314
1,12392,932655.5504590818,6847734.841516967,95.63400000000013,59.08446939517718,0.6178186564943127
1,12408,933189.3352226721,6848492.217121178,382.5360000000005,265.86807067332836,0.6950145101985905
1,12409,933918.5149315232,6846238.322086209,95.63400000000013,0.0,0.0
1,12413,934740.3658371974,6847285.59854337,2103.9480000000003,1555.0920000000006,0.7391304347826089
1,12415,934658.2040277019,6847756.263805358,382.5360000000005,282.74400000000014,0.7391304347826081
1,12418,934924.3164787814,6847357.501452978,95.63400000000013,0.0,0.0
1,12419,934151.6128077818,6846503.197622003,95.63400000000013,0.0,0.0
1,12425,933921.5047118881,6847285.613008515,573.8039999999999,424.11599999999993,0.7391304347826088
1,12430,935093.2573022126,6848651.657622145,2199.582000000002,0.0,0.0
1,12436,932827.6338869571,6847504.639554284,860.706,0.0,0.0
1,12438,933958.711442577,6848428.813239185,1243.2420000000016,0.0,0.0
1,12441,933272.8056424822,6846645.593415291,95.63400000000013,70.68600000000004,0.7391304347826081
1,12443,934280.1844600798,6847997.035201301,1051.9740000000002,0.0,0.0
1,12446,932907.6680556395,6849222.006642765,95.63400000000013,64.5418443951774,0.6748838738856193
1,12447,933846.3588761822,6848971.603783567,478.1699999999996,330.3313887349293,0.6908241603089478
1,12449,933963.3313185055,6849367.964612938,478.1699999999996,153.86590206456776,0.3217807517505655
1,12466,933219.9874127705,6846640.157905908,95.63400000000013,58.86790689517738,0.6155541637406916
1,12467,933876.9807595542,6846148.394948283,95.63400000000013,70.68600000000004,0.7391304347826081
1,12481,933593.1486608278,6846065.97250142,191.26800000000026,141.37200000000004,0.739130434782608
1,12486,932773.6,6847086.600000001,95.63400000000013,37.27451551614192,0.3897621715722637
1,12490,933240.4828281015,6845845.304119581,95.63400000000013,70.68600000000002,0.739130434782608
1,12504,934152.3224130055,6848148.507628645,669.4379999999994,494.8020000000009,0.7391304347826106
1,12507,934055.8181611748,6848008.13774382,478.1699999999996,322.7092219758869,0.6748838738856205
1,12509,933782.6234685213,6847101.866702586,95.63400000000013,70.68600000000004,0.7391304347826081
1,12529,933108.0392943821,6847839.697288389,191.26800000000026,74.01048123874057,0.3869464899446874
1,12535,931791.8130771414,6848764.459033606,95.63400000000013,64.54184439517738,0.674883873885619
1,12542,933806.2933433629,6846630.636546497,382.5360000000005,282.74400000000014,0.7391304347826081
1,12549,932638.5988017344,6847733.208564904,382.5360000000005,114.51269284735251,0.2993514148925914
1,12553,932742.3622926048,6848554.40697665,95.63400000000013,0.0,0.0
1,12557,933488.2267135173,6848609.671000347,95.63400000000013,54.14684439517738,0.5661882217117062
1,12559,931262.0577836306,6848182.868659276,95.63400000000013,39.15947551614193,0.40947231649980004
1,12560,932499.6559375002,6849073.209353199,95.63400000000013,64.54184439517738,0.674883873885619
1,12586,934708.7343128097,6849133.063919822,286.90199999999993,118.22694962714486,0.4120813017237415
1,12591,935047.2480266668,6848489.942930272,2295.2159999999994,1484.2767322987247,0.6466828099397726
1,12608,931629.0404118699,6848272.16028834,95.63400000000013,60.42715689517725,0.6318585115667772
1,12618,933641.8000000002,6845936.05,286.90199999999993,212.058,0.7391304347826089
1,12619,931342.3500000001,6848221.800000002,191.26800000000026,0.0,0.0
1,12624,933926.8726456594,6847500.668951431,95.63400000000013,27.353179523317056,0.28601940233930423
1,12626,934388.8783548666,6848359.015462386,286.90199999999993,89.82271530968517,0.3130780381791873
1,12628,932167.3345564739,6848040.33762351,95.63400000000013,28.31095850219069,0.29603444906822524
1,12632,935632.1199535964,6847489.232018561,95.63400000000013,70.68600000000002,0.739130434782608
1,12635,934526.281131169,6846619.277971492,95.63400000000013,70.686,0.7391304347826078
1,12646,933753.6932145539,6846584.241197353,95.63400000000013,70.68600000000002,0.739130434782608
1,12658,934067.0687779015,6848184.41020208,573.8039999999999,0.0,0.0
1,12660,934934.5755745157,6846985.517431226,191.26800000000026,0.0,0.0
1,12661,932167.066676031,6848867.240169179,95.63400000000013,38.126905516141115,0.3986752150505162
1,12672,931361.743079646,6848254.027115044,95.63400000000013,0.0,0.0
1,12673,934690.3831978714,6846918.011777939,286.90199999999993,0.0,0.0
1,12680,933285.1087925038,6847191.39790402,382.5360000000005,282.74400000000014,0.7391304347826081
1,12690,933831.793697378,6848906.405287741,286.90199999999993,212.0579999999999,0.7391304347826085
1,12693,932872.2001569439,6846452.258873068,382.5360000000005,282.74400000000014,0.7391304347826081
1,12696,931486.0238673644,6848180.541043839,6120.57600000001,3725.697503791354,0.6087168109327207
1,12697,934348.9738175626,6848092.112669995,573.8039999999999,349.3093163710642,0.6087606854798229
1,12700,933138.3938102752,6847771.639172363,382.5360000000005,282.744,0.7391304347826078
1,12705,933734.6333412172,6846335.445503192,191.26800000000026,141.37200000000004,0.739130434782608
1,12710,931547.2668307462,6848399.515940932,95.63400000000013,0.0,0.0
1,12721,932270.8333436535,6849045.758541453,95.63400000000013,56.962156895177294,0.5956266275088067
1,12729,935848.1182893746,6847881.82833974,191.26800000000026,129.08368879035473,0.6748838738856189
1,12731,933306.9854277015,6847283.977787684,5451.1380000000045,3709.2647432609665,0.6804569510551675
1,12732,934416.5307808458,6848076.111852127,1147.6079999999997,369.4502412387409,0.3219306951840184
1,12743,934930.7642607808,6848857.328457117,95.63400000000013,70.68599999999999,0.7391304347826076
1,12744,933138.4501364693,6847699.362771395,765.0720000000009,565.4880000000002,0.739130434782608
1,12756,933480.9993358967,6846163.521029942,191.26800000000026,0.0,0.0
1,12760,931681.5273723752,6848741.572498308,191.26800000000026,141.37199999999999,0.7391304347826076
1,12771,933818.2962687585,6848277.536955632,765.0720000000009,433.17475516141883,0.566188221711706
1,12773,931900.0031823805,6848510.244075723,95.63400000000013,0.0,0.0
1,12774,932460.416574787,6849261.683423164,95.63400000000013,0.0,0.0
1,12777,932495.15,6848605.699999999,95.63400000000013,57.33291189517856,0.5995034391030228
1,12779,934001.0322706961,6847358.455515476,860.706,580.8765995565972,0.6748838738856209
1,12798,931107.7107548843,6847956.341181234,95.63400000000013,70.686,0.7391304347826078
1,12808,932864.468954906,6846419.399428519,95.63400000000013,0.0,0.0
1,12815,931544.8379523159,6848226.718147858,95.63400000000013,60.99021939517738,0.6377461927261988
1,12816,933901.961920202,6849946.654899577,95.63400000000013,60.99021939517738,0.6377461927261988
1,12817,933686.1979747887,6848282.321563728,286.90199999999993,180.1120331855321,0.6277824246102577
1,12820,932819.8091663985,6845907.151564348,95.63400000000013,70.686,0.7391304347826078
1,12822,932619.5306960222,6847769.473865465,95.63400000000013,70.68599999999999,0.7391304347826076
1,12824,933946.431300075,6849532.354532472,95.63400000000013,35.53311598729422,0.371553171333356
1,12826,934299.9232934886,6847200.006168528,95.63400000000013,38.182345516141645,0.39925492519544925
1,12835,933560.9029126212,6846916.935498994,765.0720000000009,0.0,0.0
1,12841,933229.1155466025,6848231.019165536,669.4379999999994,451.7929107662421,0.6748838738856212
1,12843,934138.1509266788,6846383.066520734,478.1699999999996,353.4299999999998,0.7391304347826089
1,12856,933760.5789684204,6849444.62634332,95.63400000000013,0.0,0.0
1,12860,933578.1791957879,6847269.53761532,95.63400000000013,68.60700000000001,0.7173913043478253
1,12862,935599.3579809724,6847521.190173536,95.63400000000013,70.68599999999998,0.7391304347826074
1,12869,932722.6701513574,6847072.696511888,382.5360000000005,282.74400000000014,0.7391304347826081
1,12873,933878.7958945623,6848514.10145615,478.1699999999996,353.42999999999984,0.739130434782609
1,12876,932786.8738958893,6845746.40676154,2199.582000000002,1625.778000000003,0.7391304347826093
1,12881,933278.9998704188,6849284.949803694,478.1699999999996,232.28205106865292,0.4857729490947845
1,12884,935281.8384858953,6847295.984103339,95.63400000000013,70.68600000000002,0.739130434782608
1,12902,932719.2050704208,6848947.661530524,286.90199999999993,162.0237172452224,0.5647354052785357
1,12904,933253.5405154411,6847371.253225628,95.63400000000013,64.5418443951774,0.6748838738856193
1,12906,934534.6261574244,6849121.538979536,95.63400000000013,54.14684439517739,0.5661882217117062
1,12907,934733.1368974749,6848187.559743819,4781.7000000000035,3040.8484697588665,0.6359345985233001
1,12908,933291.9267014456,6846679.133901049,765.0720000000009,433.174755161419,0.5661882217117062
1,12917,933755.8110091923,6847281.071760647,191.26800000000026,120.39520129035432,0.6294581492479356
1,12921,932145.5086953248,6849004.415139651,95.63400000000013,62.28959439517708,0.6513331492479348
1,12932,932727.7464181287,6848989.635694247,1051.9740000000002,679.7541508469511,0.6461701057696778
1,12934,931616.41103353,6848738.237678711,95.63400000000013,70.68600000000002,0.739130434782608
1,12935,933432.9512375164,6847255.056448111,382.5360000000005,282.744,0.7391304347826078
1,12936,933471.756364679,6846372.132516929,95.63400000000013,70.68600000000004,0.7391304347826081
1,12944,933214.5395930082,6847505.786735036,382.5360000000005,117.14870041291358,0.30624228938691633
1,12946,935048.8716094169,6848060.176892265,478.1699999999996,353.42999999999984,0.739130434782609
1,12952,935305.3436890334,6848896.83965792,286.90199999999993,0.0,0.0
1,12964,932868.2361739635,6848294.281692149,4877.334000000002,1870.7832510585904,0.3835667705058931
1,12971,931543.327317726,6848692.240754893,573.8039999999999,424.1159999999999,0.7391304347826086
1,12972,934128.0252056678,6848184.830975233,765.0720000000009,565.4880000000009,0.739130434782609
1,12973,931402.0098938934,6848126.220567448,191.26800000000026,113.05806379035474,0.5910976420015611
1,12978,933124.5379755348,6847744.847232673,382.5360000000005,282.74400000000014,0.7391304347826081
1,12987,933993.2723724638,6848412.69230777,286.90199999999993,0.0,0.0
1,12989,934251.6079749545,6847843.945344226,573.8039999999999,0.0,0.0
1,12994,933432.9345654104,6847146.717629196,95.63400000000013,54.14684439517738,0.5661882217117062
1,12999,933776.0997322267,6849439.21673138,286.90199999999993,212.05799999999996,0.7391304347826088
1,13003,931338.9809203264,6848437.781463497,95.63400000000013,69.12674999999999,0.7228260869565206
1,13006,933698.4488034308,6846820.387773746,1530.1440000000018,0.0,0.0
1,13008,932889.1827268453,6848249.80157969,95.63400000000013,0.0,0.0
1,13015,933795.1883882588,6848864.585421698,765.0720000000009,0.0,0.0
1,13017,932461.3499699114,6847541.25800114,95.63400000000013,70.68600000000004,0.7391304347826081
1,13020,932794.5922813234,6845866.238380088,95.63400000000013,70.686,0.7391304347826078
1,13022,933976.0567869315,6846938.559146121,478.1699999999996,353.42999999999984,0.739130434782609
1,13029,935113.869259171,6846720.27870474,12432.420000000002,7450.125396373066,0.5992498159146059
1,13033,933661.9705158506,6848961.680850575,286.90199999999993,117.05665592905558,0.40800223047959094
1,13034,933132.9376777958,6846734.030884366,286.90199999999993,117.55561592905558,0.4097413609143736
1,13035,933644.117183587,6846025.823702201,286.90199999999993,116.43594123874072,0.4058387227650583
1,13040,931574.7320134845,6848589.685526611,95.63400000000013,0.0,0.0
1,13041,934920.9499999998,6848911.849999999,95.63400000000013,58.99784439517738,0.6169128593928656
1,13044,934411.7969881423,6846669.295330698,95.63400000000013,39.54755551614192,0.41353028751429266
1,13050,933935.7900394519,6849350.558374805,95.63400000000013,70.686,0.7391304347826078
1,13059,932194.5650501589,6848830.820143026,95.63400000000013,0.0,0.0
1,13068,933132.1094952989,6847543.322291594,95.63400000000013,65.55813329638303,0.6855107315011706
1,13077,931500.7649556918,6848276.109953157,95.63400000000013,66.06627774698586,0.6908241603089463
1,13078,934602.398152019,6849035.890666369,573.8039999999999,393.3487997782982,0.6855107315011717
1,13079,934934.0666132149,6846759.664542616,2295.2159999999994,1609.9815995565966,0.701451017924499
1,13087,932677.2125011034,6847588.015772956,1051.9740000000002,0.0,0.0
1,13088,932731.1916527218,6847124.902316127,382.5360000000005,120.2474412387407,0.3143428101897352
1,13090,933772.1498071995,6846187.650839496,956.3399999999992,706.8599999999999,0.7391304347826092
1,13092,933960.120412246,6849478.064957056,191.26800000000026,0.0,0.0
1,13094,932874.5568694976,6845793.306553355,1434.5100000000018,910.9551659276623,0.6350288014218521
1,13104,935709.1426087954,6848890.511099206,9372.131999999994,6927.228,0.7391304347826092
1,13111,935073.0208593715,6847622.078211993,1912.6799999999985,1192.9506379035483,0.6237063376537368
1,13115,934740.0879560317,6848518.465856845,12910.590000000015,5325.95663361499,0.4125262000896151
1,13122,931045.3688917586,6848416.286079931,95.63400000000013,70.68600000000002,0.739130434782608
1,13123,933051.9795185332,6846224.561015749,95.63400000000013,70.68600000000004,0.7391304347826081
1,13127,933836.7080550509,6846962.217160577,95.63400000000013,54.146844395177375,0.5661882217117061
1,13130,932722.071704056,6847139.151939518,95.63400000000013,54.14684439517739,0.5661882217117062
1,13132,932677.4935618427,6847745.929103192,191.26800000000026,141.372,0.7391304347826078
1,13159,932928.4183177111,6847339.901844024,95.63400000000013,0.0,0.0
1,13163,932900.3558032286,6846396.9497993,286.90199999999993,173.0954081855321,0.6033259028711272
1,13166,932993.3809395502,6845881.252526554,95.63400000000013,0.0,0.0
1,13170,933800.5491324743,6847011.852378317,860.706,636.1740000000003,0.7391304347826091
1,13177,933820.1285497204,6849271.317718209,286.90199999999993,212.05799999999996,0.7391304347826088
1,13178,933269.036560319,6848107.840500722,860.706,636.1740000000002,0.7391304347826089
1,13184,934144.2787132609,6848710.798647495,669.4379999999994,0.0,0.0
1,13188,933270.3583782857,6849279.406374689,286.90199999999993,0.0,0.0
1,13204,933548.0303175959,6849204.536641016,1338.8759999999988,989.6040000000006,0.7391304347826098
1,13207,934240.3644611444,6847882.041514305,573.8039999999999,424.11599999999993,0.7391304347826088
1,13210,932344.7293005188,6848483.32615196,95.63400000000013,70.68600000000002,0.739130434782608
1,13223,934074.4125646682,6848662.056885718,669.4379999999994,494.80200000000036,0.7391304347826099
1,13239,933699.9116056673,6847423.433019517,478.1699999999996,353.42999999999984,0.739130434782609
1,13240,932815.985824609,6846577.941698477,95.63400000000013,70.68600000000004,0.7391304347826081
1,13248,933226.0649361735,6849219.127028285,95.63400000000013,70.68600000000005,0.7391304347826082
1,13249,934347.5350357271,6846537.179419803,95.63400000000013,0.0,0.0
1,13250,933206.1013843265,6848867.164347005,191.26800000000026,141.37200000000007,0.7391304347826081
1,13254,932755.2379402234,6847041.904678631,286.90199999999993,0.0,0.0
1,13264,933502.8739595523,6849698.551362192,95.63400000000013,70.68600000000004,0.7391304347826081
1,13267,933882.7803210502,6846151.067764997,95.63400000000013,58.99784439517738,0.6169128593928656
1,13271,933824.8183435244,6846110.840578099,95.63400000000013,70.68600000000004,0.7391304347826081
1,13282,932919.002111553,6847285.325046593,191.26800000000026,0.0,0.0
1,13288,933961.0859938521,6848544.821848864,2677.751999999998,1759.2244822987266,0.6569781228055204
1,13289,933839.1577950937,6849374.417924003,95.63400000000013,33.877820412913515,0.35424451986650635
1,13292,935532.0044399331,6846474.905688479,95.63400000000013,60.533883296382974,0.632974499617112
1,13302,932841.4131952361,6845619.665040208,95.63400000000013,0.0,0.0
1,13303,934175.0193301167,6846279.092923731,765.0720000000009,565.4880000000002,0.739130434782608
1,13305,934219.3717321921,6849280.380306787,382.5360000000005,119.21280958708648,0.3116381453956917
1,13306,932629.3956914506,6847749.908086014,95.63400000000013,70.68600000000005,0.7391304347826082
1,13307,934585.8745045633,6849035.524895697,95.63400000000013,31.14939061936938,0.32571460588670703
1,13317,931487.342928655,6848139.624137231,95.63400000000013,0.0,0.0
1,13323,934294.8464844052,6846700.640361957,95.63400000000013,0.0,0.0
1,13324,931495.5471468272,6848085.875954918,95.63400000000013,66.57442219758866,0.6961375891167217
1,13325,934224.5598004822,6848099.594751698,382.5360000000005,282.7440000000016,0.739130434782612
1,13332,931667.9705681333,6848195.529958707,95.63400000000013,69.12675,0.7228260869565207
1,13342,932823.0504767541,6847452.878260011,286.90199999999993,0.0,0.0
1,13343,933602.6227311413,6846907.000277909,382.5360000000005,0.0,0.0
1,13345,934677.5264396229,6848174.517543081,1817.0460000000007,1343.034,0.7391304347826084
1,13373,932489.2533401776,6848093.081652327,95.63400000000013,0.0,0.0
1,13376,933224.8999999998,6845713.649999999,95.63400000000013,70.68600000000002,0.739130434782608
1,13381,932546.4080258447,6847473.760664799,95.63400000000013,0.0,0.0
1,13384,933982.1144509034,6846163.150312163,286.90199999999993,212.05799999999996,0.7391304347826088
1,13385,935403.3078943999,6848107.845085224,95.63400000000013,36.72011551614188,0.383965070122988
1,13389,933513.4043579438,6847180.397080599,95.63400000000013,70.68600000000002,0.739130434782608
1,13391,931739.6922849781,6848670.59959582,286.90199999999993,175.6941581855321,0.61238387388562
1,13393,934578.8512476191,6847506.617019047,191.26800000000026,111.64087879035475,0.5836882217117061
1,13398,934738.9961909098,6849424.757523334,382.5360000000005,247.81258038312242,0.6478150563165874
1,13400,933017.648027933,6847545.693501178,573.8039999999999,387.2510663710642,0.67488387388562
1,13409,933689.9868446111,6847052.477126108,478.1699999999996,0.0,0.0
1,13414,932636.747479184,6849010.990191235,95.63400000000013,61.325113845780166,0.6412480273310756
1,13430,935374.2334281291,6848081.647559011,95.63400000000013,31.162255516141194,0.32584912809399535
1,13432,934260.4656067159,6848283.016391079,95.63400000000013,70.68599999999999,0.7391304347826076
1,13438,933299.1090280603,6848120.651544728,286.90199999999993,212.05800000000076,0.7391304347826115
1,13443,933148.370719388,6847096.042518701,765.0720000000009,0.0,0.0
1,13448,933751.0386749521,6848064.363114643,95.63400000000013,0.0,0.0
1,13456,934115.1955862978,6847208.875494072,95.63400000000013,70.68599999999999,0.7391304347826076
1,13457,933285.5246515648,6848601.987335363,382.5360000000005,226.74675758070953,0.5927461927261989
1,13467,932404.6745713012,6848568.811220121,95.63400000000013,70.68600000000004,0.7391304347826081
1,13469,934834.9468534817,6847901.804342254,573.8039999999999,0.0,0.0
1,13480,932900.7775108336,6847303.067973066,382.5360000000005,0.0,0.0
1,13482,931298.4222665031,6848603.096304244,286.90199999999993,212.058,0.7391304347826089
1,13484,933510.8632809682,6849377.630106317,382.5360000000005,0.0,0.0
1,13488,934116.3871755434,6848129.976461522,1051.9740000000002,423.2727445420491,0.4023604618954927
1,13489,935275.1017051474,6847896.669522866,95.63400000000013,37.754640000000016,0.3947826086956518
1,13507,931402.8148861536,6848621.597431802,191.26800000000026,137.214,0.7173913043478252
1,13508,932743.0811051693,6848397.156684492,95.63400000000013,56.529031895177354,0.5910976420015609
1,13528,932395.0649411108,6849199.295639656,95.63400000000013,0.0,0.0
1,13534,935255.4649508509,6847979.510253483,3251.556000000003,2403.324000000002,0.7391304347826085
1,13545,933007.9493954045,6845795.646224927,478.1699999999996,353.43000000000194,0.7391304347826133
1,13546,932906.9193702433,6846385.675809581,95.63400000000013,70.68600000000059,0.7391304347826139
1,13549,934452.7496202714,6848561.458460757,95.63400000000013,70.68600000000004,0.7391304347826081
1,13551,933303.1246205467,6847857.463927582,286.90199999999993,212.05800000000337,0.7391304347826206
1,13552,932651.4882774714,6848402.695520136,95.63400000000013,70.68600000000175,0.7391304347826261
1,13556,932768.0109740921,6847150.859886112,95.63400000000013,70.686,0.7391304347826078
1,13563,934661.202071746,6847846.185885533,3060.288000000004,2261.9520000000016,0.7391304347826082
1,13565,933899.6066060055,6848761.545993327,478.1699999999996,322.7092219758868,0.6748838738856203
1,13568,933521.14671077,6849638.612897774,95.63400000000013,39.47726041291354,0.4127952445041877
1,13579,932810.1903551884,6847653.866084564,382.5360000000005,129.84844082582714,0.3394411005129634
1,13586,932462.5380928771,6848838.356486415,95.63400000000013,63.31308271609856,0.662035287827535
1,13587,932615.3387118431,6847572.259697731,95.63400000000013,60.860281895177344,0.6363874970740245
1,13593,932991.0984047458,6846084.871702272,382.5360000000005,0.0,0.0
1,13601,933840.6310384207,6846633.579557874,95.63400000000013,70.68600000000004,0.7391304347826081
1,13606,935876.3810709207,6847710.036871579,191.26800000000026,0.0,0.0
1,13608,934433.3100854701,6846617.331794871,286.90199999999993,208.93949999999998,0.7282608695652175
1,13609,935460.1289476485,6846552.400078875,95.63400000000013,60.77365689517927,0.6354816999725954
1,13610,933322.9328396136,6845819.901916794,95.63400000000013,0.0,0.0
1,13611,933796.6444196018,6846491.661233018,95.63400000000013,0.0,0.0
1,13619,933449.602849924,6848017.697564426,191.26800000000026,0.0,0.0
1,13625,933287.2716109104,6847475.787658889,573.8039999999999,351.6481913710642,0.6128367724363446
1,13642,932454.3775458881,6847501.505973889,382.5360000000005,0.0,0.0
1,13647,933289.9506805036,6849656.056260768,95.63400000000013,59.11045689517652,0.6180903956247406
1,13649,935270.1104387107,6846576.225549162,95.63400000000013,57.65515689517739,0.6028730043204019
1,13651,932731.3005273492,6848676.620474901,95.63400000000013,0.0,0.0
1,13655,933382.5095858673,6848141.723348605,95.63400000000013,0.0,0.0
1,13657,932993.628968254,6846627.925925925,95.63400000000013,55.57541949840576,0.5811261632725357
1,13662,932858.4994317762,6848143.216212825,95.63400000000013,70.68600000000002,0.739130434782608
1,13669,935132.8768819193,6846176.992398353,95.63400000000013,61.81315689517737,0.6463512651899669
1,13670,933918.9784403279,6846521.383135018,3251.556000000003,2118.924245756528,0.6516646939977432
1,13671,933566.4385206926,6846348.140596975,2295.2159999999994,1462.7257654842567,0.637293294175475
1,13672,932338.4420908781,6848928.074137342,95.63400000000013,0.0,0.0
1,13674,934698.6294903242,6847861.049645679,860.706,0.0,0.0
1,13683,933250.0884339834,6847128.780969483,382.5360000000005,282.74400000000014,0.7391304347826081
1,13685,935164.0918083246,6846884.453994404,95.63400000000013,57.395281895177376,0.6001556130160539
1,13691,932633.4166801722,6847836.383525526,191.26800000000026,141.37200000000004,0.739130434782608
1,13701,934821.1234706239,6849025.478526147,573.8039999999999,424.11599999999976,0.7391304347826084
1,13702,934652.9219723337,6849181.71981228,669.4379999999994,0.0,0.0
1,13706,933029.9500000001,6845902.199999999,95.63400000000013,0.0,0.0
1,13718,932386.8690218328,6849338.641775526,765.0720000000009,565.4880000000002,0.739130434782608
1,13719,934563.9485206386,6847548.099442508,1817.0460000000007,1343.034,0.7391304347826084
1,13721,933204.804879852,6847396.879950709,95.63400000000013,0.0,0.0
1,13724,933890.8546796368,6849841.733112247,95.63400000000013,64.54184439517739,0.6748838738856192
1,13735,933722.9407229715,6848231.68483332,382.5360000000005,148.32986289039476,0.3877539967229086
1,13741,934751.2154720397,6847586.906363231,2295.2159999999994,1696.4639999999997,0.7391304347826088
1,13756,931696.2557925549,6848984.412653852,13293.126000000004,8871.376694815805,0.6673657268287235
1,13760,933714.2826223718,6846850.117766009,95.63400000000013,34.46093551614173,0.36034188171718934
1,13762,933439.1436668887,6847257.730675788,478.1699999999996,353.42999999999984,0.739130434782609
1,13763,933702.667121865,6846292.387371926,2869.0200000000036,0.0,0.0
1,13765,933164.7507622632,6846674.893412856,95.63400000000013,0.0,0.0
1,13768,933082.789957508,6845907.118846833,382.5360000000005,282.74400000000014,0.7391304347826081
1,13775,933041.8955696338,6845956.895238096,286.90199999999993,118.47634654842587,0.4129505773693662
1,13781,931684.3316512364,6848681.37332551,95.63400000000013,0.0,0.0
1,13784,934027.5088440374,6848136.093520162,478.1699999999996,156.96947551614204,0.3282712748941635
1,13799,933696.5384586431,6847044.152010272,382.5360000000005,274.42800000000017,0.7173913043478256
1,13805,933424.1316446123,6847297.196050409,286.90199999999993,212.0579999999999,0.7391304347826085
1,13806,932762.7833628876,6847577.864977472,1051.9740000000002,777.5460000000003,0.7391304347826089
1,13812,933376.0154815383,6846547.770897447,286.90199999999993,0.0,0.0
1,13816,934267.6645998455,6847624.86465945,382.5360000000005,0.0,0.0
1,13825,933921.0677135431,6847050.269966506,382.5360000000005,0.0,0.0
1,13826,931094.7717320853,6848413.287190014,95.63400000000013,70.68600000000002,0.739130434782608
1,13838,932935.0902050525,6846329.43795935,95.63400000000013,70.68600000000002,0.739130434782608
1,13841,935514.37805459,6847720.523335909,478.1699999999996,353.42999999999984,0.739130434782609
1,13846,933105.692997493,6847371.495129535,95.63400000000013,70.68600000000004,0.7391304347826081
1,13847,932593.7059334806,6848115.757000268,95.63400000000013,70.68600000000002,0.739130434782608
1,13852,933024.6207548492,6847086.360577362,765.0720000000009,565.4880000000002,0.739130434782608
1,13858,931255.4499811414,6848155.807241769,95.63400000000013,27.921965103228374,0.29196692706807553
1,13862,933145.6317969158,6848515.852168917,1912.6799999999985,1290.8368879035477,0.6748838738856205
1,13874,933426.2932093437,6847289.295556294,382.5360000000005,0.0,0.0
1,13884,933189.9104049293,6847827.179742214,286.90199999999993,205.821,0.7173913043478263
1,13888,935244.5960743406,6848635.149437619,573.8039999999999,351.6481913710641,0.6128367724363445
1,13892,935363.0321080502,6846675.149743676,1147.6079999999997,848.2319999999999,0.7391304347826088
1,13901,932828.2634021346,6846465.258908803,95.63400000000013,64.54184439517738,0.674883873885619
1,13906,933736.1962547594,6846392.59894081,95.63400000000013,56.6069943951776,0.5919128593928679
1,13931,933292.9151567515,6848389.774339669,382.5360000000005,0.0,0.0
1,13932,933209.5552710091,6849363.401941728,95.63400000000013,0.0,0.0
1,13942,934107.193950391,6848589.167392488,669.4379999999994,0.0,0.0
1,13944,934811.6573405362,6847702.878400151,95.63400000000013,70.68600000000002,0.739130434782608
1,13969,934841.8046055436,6848051.241624419,95.63400000000013,70.68600000000002,0.739130434782608
1,13975,933124.0295367378,6846729.361465201,382.5360000000005,123.26789041291352,0.3222386661985103
1,13977,934243.4778964272,6848248.639759737,382.5360000000005,0.0,0.0
1,13978,933348.7952507739,6849399.463448936,95.63400000000013,0.0,0.0
1,13986,934600.928881216,6847496.966144747,478.1699999999996,0.0,0.0
1,13992,932767.7673113755,6845940.201383831,95.63400000000013,0.0,0.0
1,13993,933006.9570778395,6849373.952126184,95.63400000000013,0.0,0.0
1,13996,931147.2520584273,6849030.082673276,95.63400000000013,0.0,0.0
1,14003,934304.2458240947,6847750.180118256,573.8039999999999,424.1160000000011,0.7391304347826109
1,14008,933637.5519695318,6846593.138688398,4781.7000000000035,3534.299999999998,0.7391304347826078
1,14019,932879.5222696413,6845854.649434207,95.63400000000013,70.68600000000004,0.7391304347826081
1,14022,932969.7478177008,6848889.449143622,191.26800000000026,141.37200000000016,0.7391304347826085
1,14025,932272.6063237056,6848578.862065498,95.63400000000013,0.0,0.0
1,14026,934480.9948702476,6846837.28650171,95.63400000000013,70.68600000000004,0.7391304347826081
1,14031,933409.4625823956,6845767.270777288,382.5360000000005,258.1673775807095,0.674883873885619
1,14032,934723.4245334564,6849315.96995652,286.90199999999993,186.9290873891491,0.6515433401968238
1,14043,933302.5553673806,6849229.288252416,573.8039999999999,424.11599999999993,0.7391304347826088
1,14048,934416.2040149978,6847632.172440023,1912.6799999999985,0.0,0.0
1,14059,931536.4036698388,6848366.561515654,95.63400000000013,62.35300829638303,0.6519962387475474
1,14063,933202.5028946815,6847597.167604907,573.8039999999999,0.0,0.0
1,14066,931752.6105017583,6847968.132549292,95.63400000000013,70.68600000000002,0.739130434782608
1,14071,933881.7131876362,6846572.096078431,286.90199999999993,193.62553318553208,0.6748838738856199
1,14076,931556.3072034604,6848650.564293239,95.63400000000013,70.686,0.7391304347826078
1,14080,931111.1868374019,6848074.130557833,95.63400000000013,60.297219395177365,0.6304998159146045
1,14085,933655.7,6846512.249999999,286.90199999999993,205.821,0.7173913043478263
1,14091,933880.2847719301,6847064.313586744,573.8039999999999,161.75217061937042,0.2818944632999604
1,14113,933378.0376009376,6847242.03840844,286.90199999999993,0.0,0.0
1,14117,934265.35520281,6847033.326290962,669.4379999999994,0.0,0.0
1,14122,933410.3382034326,6846551.079077566,95.63400000000013,0.0,0.0
1,14123,934052.2781201691,6848708.408605726,286.90199999999993,0.0,0.0
1,14126,933953.3547896656,6847331.989876959,382.5360000000005,274.4280000000001,0.7173913043478254
1,14135,933064.597568389,6847209.169503546,95.63400000000013,70.68600000000004,0.7391304347826081
1,14156,933851.2892659961,6848264.258568742,765.0720000000009,0.0,0.0
1,14157,933729.1176040996,6849290.786374544,573.8039999999999,0.0,0.0
1,14159,933511.8636405409,6846448.918137061,95.63400000000013,0.0,0.0
1,14176,933112.2379580934,6849162.952161522,191.26800000000026,129.08368879035478,0.6748838738856192
1,14177,933514.666824718,6846358.218411429,95.63400000000013,64.5418443951774,0.6748838738856193
1,14178,932911.5590762793,6846373.269268319,95.63400000000013,64.54184439517739,0.6748838738856192
1,14179,933215.3636161422,6849382.481906579,95.63400000000013,70.68600000000002,0.739130434782608
1,14201,935284.3023675546,6847905.165407388,95.63400000000013,70.68600000000004,0.7391304347826081
1,14205,933669.0432291355,6847362.859611718,95.63400000000013,70.68600000000002,0.739130434782608
1,14208,933641.1155812275,6848228.706376726,765.0720000000009,548.856,0.7173913043478253
1,14210,934029.9382995445,6848065.481291579,669.4379999999994,337.9940770631968,0.5048922783935138
1,14212,933317.65,6847116.25,95.63400000000013,39.78019020645677,0.415962839643398
1,14214,934366.0390266378,6849259.435047789,382.5360000000005,230.79387758070953,0.6033259028711264
1,14224,933427.6028821577,6847212.039367738,191.26800000000026,141.37200000000004,0.739130434782608
1,14226,933261.6776076843,6848655.879320502,765.0720000000009,0.0,0.0
1,14228,931937.9454768926,6848361.99075833,95.63400000000013,64.54184439517738,0.674883873885619
1,14236,933625.4940653279,6847392.173233544,382.5360000000005,280.6650000000002,0.7336956521739125
1,14237,933641.7150935037,6846190.310963395,286.90199999999993,212.05799999999994,0.7391304347826086
1,14240,933144.3591510415,6848860.675422952,95.63400000000013,70.68599999999998,0.7391304347826074
1,14245,933460.2884423824,6848111.273689949,286.90199999999993,176.86359568553206,0.6164599608421416
1,14250,932444.8486949479,6849214.637323441,95.63400000000013,29.372325309685127,0.30713266526219846
1,14257,932670.394371238,6848807.351187571,95.63400000000013,0.0,0.0
1,14258,932939.4827206661,6845515.716043612,2295.2159999999994,0.0,0.0
1,14259,933164.3862975185,6846162.737171495,286.90199999999993,0.0,0.0
1,14260,935323.6478003156,6846737.395278601,95.63400000000013,70.68599999999998,0.7391304347826074
1,14264,933544.1037762117,6846258.783120159,286.90199999999993,118.57336654842574,0.41328874162057344
1,14279,934617.7972819753,6847816.683114726,478.1699999999996,0.0,0.0
1,14289,933782.5538140684,6848822.609027925,286.90199999999993,212.05799999999994,0.7391304347826086
1,14290,933067.4453244222,6845742.345296576,95.63400000000013,0.0,0.0
1,14323,933578.4970104507,6845889.608444706,95.63400000000013,0.0,0.0
1,14332,933789.1116190759,6846177.236607978,95.63400000000013,64.54184439517738,0.674883873885619
1,14333,932722.269238719,6848877.176612539,95.63400000000013,64.54184439517738,0.674883873885619
1,14345,934414.7027424175,6848168.816238215,765.0720000000009,0.0,0.0
1,14347,932359.9284974171,6849013.861196687,95.63400000000013,70.68600000000002,0.739130434782608
1,14350,934037.9593535354,6848466.538099456,382.5360000000005,282.74400000000014,0.7391304347826081
1,14352,933618.2623773871,6848156.566388067,286.90199999999993,193.6255331855322,0.6748838738856203
1,14363,932785.6941994681,6846937.592213529,286.90199999999993,0.0,0.0
1,14366,934411.3498780809,6847141.361509259,95.63400000000013,70.68600000000004,0.7391304347826081
1,14371,933819.926095892,6847166.931080413,478.1699999999996,286.3509769758888,0.5988476420015664
1,14372,934415.7417130996,6847069.687867585,956.3399999999992,381.36159463212425,0.39877197924600516
1,14374,933274.9213331348,6848857.887756723,95.63400000000013,70.686,0.7391304347826078
1,14391,932921.7682163,6849431.573023767,95.63400000000013,54.342723765395164,0.5682364406528545
1,14394,933520.614767315,6847384.783090327,191.26800000000026,108.29368879035478,0.5661882217117062
1,14399,934949.9000951906,6848601.130215944,3060.288000000004,2261.952000000001,0.7391304347826081
1,14404,932622.3072957739,6848138.65098864,191.26800000000026,141.37200000000007,0.7391304347826081
1,14425,932208.2594838827,6847958.936204812,669.4379999999994,0.0,0.0
1,14427,934590.852451267,6847827.113301298,669.4379999999994,494.8020000000002,0.7391304347826096
1,14444,935086.3343742476,6847035.202126279,286.90199999999993,0.0,0.0
1,14445,931635.9262736562,6848090.209137732,95.63400000000013,70.68600000000004,0.7391304347826081
1,14455,934253.605164988,6846423.1134873,95.63400000000013,36.73891530968507,0.38416165076944414
1,14461,932924.760093206,6846514.892011283,95.63400000000013,59.43096939517737,0.6214418449001118
1,14463,932042.0356355493,6848739.21073028,95.63400000000013,66.06627774698586,0.6908241603089463
1,14465,934864.1603077493,6848819.220930663,478.1699999999996,322.7092219758869,0.6748838738856205
1,14466,932229.8105861509,6848022.523931624,1912.6799999999985,0.0,0.0
1,14469,931349.9834353963,6848220.763513573,95.63400000000013,42.65219551614185,0.445994055630234
1,14470,932097.1846600259,6849024.202551678,95.63400000000013,70.68600000000002,0.739130434782608
1,14471,933286.6639953542,6845813.180023229,95.63400000000013,0.0,0.0
1,14473,933932.8359012478,6849834.883831148,95.63400000000013,0.0,0.0
1,14475,933767.7112060713,6846210.936679509,95.63400000000013,70.686,0.7391304347826078
1,14481,934580.2320326831,6849113.208237452,95.63400000000013,70.68600000000002,0.739130434782608
1,14484,933754.4184763412,6846052.678809147,95.63400000000013,0.0,0.0
1,14492,933142.4748670035,6846651.995972041,1530.1440000000018,0.0,0.0
1,14500,933027.4632402585,6847917.509121313,95.63400000000013,0.0,0.0
1,14510,933194.9890193716,6845760.183552478,95.63400000000013,70.68600000000002,0.739130434782608
1,14522,934382.8002939355,6847608.440530618,669.4379999999994,494.80200000000036,0.7391304347826099
1,14523,935037.036562001,6848129.460451779,2008.3139999999987,1484.4059999999984,0.7391304347826083
1,14528,935004.2083034606,6847089.855276741,478.1699999999996,234.2328920503204,0.48985275540146933
1,14539,933617.1094491464,6847368.183266421,478.1699999999996,0.0,0.0
1,14541,934528.3315936857,6849105.392781643,1434.5100000000018,1060.2900000000016,0.7391304347826089
1,14548,932913.4584051566,6847391.749593615,95.63400000000013,64.54184439517736,0.6748838738856189
1,14553,933087.5080421184,6847831.081669248,286.90199999999993,118.26546123874067,0.412215534359261
1,14563,935068.7264457956,6848065.981129028,286.90199999999993,0.0,0.0
1,14575,933815.3821959373,6846137.344197842,478.1699999999996,353.42999999999984,0.739130434782609
1,14579,932473.3717515005,6849222.952125322,95.63400000000013,0.0,0.0
1,14580,934994.3051626325,6848716.807735718,382.5360000000005,0.0,0.0
1,14588,933306.8557363709,6847221.133599624,382.5360000000005,0.0,0.0
1,14595,931305.988935988,6848439.475859559,95.63400000000013,31.837415103228377,0.3329089560535828
1,14601,933510.6620751341,6846253.359212882,191.26800000000026,141.37200000000206,0.7391304347826185
1,14621,933199.3331647958,6848515.11391108,191.26800000000026,141.37200000000004,0.739130434782608
1,14622,933086.9829550389,6848068.020337983,95.63400000000013,56.182531895177355,0.5874744535957639
1,14624,933637.3162471206,6846327.798979928,95.63400000000013,70.68600000000004,0.7391304347826081
1,14625,932919.1581165375,6848074.798767687,286.90199999999993,212.05799999999996,0.7391304347826088
1,14628,933663.7150317382,6848224.301242459,669.4379999999994,401.7669732662421,0.6001556130160559
1,14629,933229.2007403836,6847110.757023139,382.5360000000005,282.74400000000014,0.7391304347826081
1,14631,933181.1617263042,6848916.932910861,95.63400000000013,0.0,0.0
1,14632,933533.1557107511,6846925.038980396,286.90199999999993,0.0,0.0
1,14646,934841.1603700268,6847624.375537485,5164.2360000000035,0.0,0.0
1,14656,932936.0414694116,6848282.225923887,191.26800000000026,129.08368879035473,0.6748838738856189
1,14660,931703.2242193451,6848513.019954302,95.63400000000013,0.0,0.0
1,14663,932902.632998357,6845543.137831314,95.63400000000013,57.00546939517728,0.5960795260595312
1,14670,934991.2170824998,6848011.917854511,95.63400000000013,29.886140412913537,0.31250538943172407
1,14671,933503.7626063768,6846191.987777391,95.63400000000013,70.68600000000002,0.739130434782608
1,14677,931416.9316761923,6848401.676657897,95.63400000000013,70.686,0.7391304347826078
1,14678,933488.4705816898,6848857.302874582,765.0720000000009,495.10541076624156,0.6471357084904963
1,14684,934924.4141562333,6847978.378160945,478.1699999999996,353.4299999999999,0.7391304347826091
1,14687,932908.05,6846333.549999999,95.63400000000013,0.0,0.0
1,14689,932971.5571158984,6848181.222733622,286.90199999999993,190.93082909276563,0.6654914538510212
1,14692,932821.4095905653,6847396.860057855,382.5360000000005,282.74400000000026,0.7391304347826084
1,14694,935037.4689710609,6848076.346539579,382.5360000000005,282.74400000000014,0.7391304347826081
1,14695,934533.3427117972,6848235.447398276,765.0720000000009,453.75367021751765,0.5930862326911939
1,14702,933427.3185588436,6845793.05386715,95.63400000000013,64.54184439517739,0.6748838738856192
1,14710,934556.2134747006,6847947.507687607,765.0720000000009,565.4880000000002,0.739130434782608
1,14711,931696.4987193715,6848677.441489885,95.63400000000013,64.54184439517738,0.674883873885619
1,14715,933648.4268063823,6849270.629688937,382.5360000000005,258.1673775807095,0.674883873885619
1,14716,934046.1088793915,6847958.504173258,573.8039999999999,342.97876137106425,0.5977280767841708
1,14718,934064.8462223851,6848443.218293177,573.8039999999999,365.00543307468274,0.6361151770895338
1,14721,934234.0983803133,6847087.495060404,95.63400000000013,59.08446939517735,0.6178186564943144
1,14722,932805.5286060193,6847590.731952406,956.3399999999992,696.1011750002409,0.7278804347828612
1,14727,934669.0131633983,6847260.445434891,860.706,636.1740000000003,0.7391304347826091
1,14729,933989.9477699796,6848197.253958192,191.26800000000026,141.37200000000004,0.739130434782608
1,14738,932903.2303185608,6845842.813693767,95.63400000000013,70.68600000000002,0.739130434782608
1,14755,933051.420931494,6847355.752725661,478.1699999999996,353.42999999999984,0.739130434782609
1,14756,934825.6093416841,6847898.429700362,478.1699999999996,0.0,0.0
1,14759,934809.1306072806,6847889.400845497,95.63400000000013,70.68600000000004,0.7391304347826081
1,14760,933028.578813028,6849304.140644019,95.63400000000013,0.0,0.0
1,14761,933818.8897186377,6848543.837835697,1051.9740000000002,691.3321171919858,0.6571760492103281
1,14762,933894.6386951315,6846416.523272036,478.1699999999996,353.42999999999984,0.739130434782609
1,14771,931010.70586219,6848070.340735042,95.63400000000013,62.05554024698563,0.6488857545118425
1,14773,932964.3990413101,6847184.613822912,286.90199999999993,212.0579999999999,0.7391304347826085
1,14785,931201.192576246,6848409.002808831,95.63400000000013,35.58662818194752,0.3721127233196088
1,14787,933794.1625084251,6846708.909916005,95.63400000000013,57.395281895177355,0.6001556130160537
1,14800,932925.0390762313,6846363.428177279,191.26800000000026,113.05806379035477,0.5910976420015612
1,14803,933287.931873145,6847571.440766556,1051.9740000000002,777.5460000000003,0.7391304347826089
1,14816,932186.6897883096,6848035.373494471,95.63400000000013,64.54184439517738,0.674883873885619
1,14818,931903.348836357,6848195.261367052,95.63400000000013,64.54184439517736,0.6748838738856189
1,14825,933839.0129866155,6847769.479659413,765.0720000000009,0.0,0.0
1,14826,932417.8433301086,6848932.897495432,95.63400000000013,70.68600000000008,0.7391304347826085
1,14829,932918.1538180509,6846512.254666505,191.26800000000026,117.99568879035473,0.6169128593928653
1,14834,932701.0817876577,6847759.743290494,382.5360000000005,0.0,0.0
1,14837,933883.9080318379,6846732.082778581,95.63400000000013,70.68600000000004,0.7391304347826081
1,14843,932786.5729389086,6847382.876912811,382.5360000000005,282.7440000000004,0.7391304347826089
1,14844,931528.6055714994,6848689.784979383,95.63400000000013,0.0,0.0
1,14847,931562.5942758193,6848208.111568993,95.63400000000013,70.686,0.7391304347826078
1,14849,932948.5619155548,6847132.054537459,765.0720000000009,464.10535771751745,0.6066165768940922
1,14857,933430.8425239277,6849082.334807565,669.4379999999994,494.80200000000036,0.7391304347826099
1,14863,933122.0959624144,6847482.415637596,95.63400000000013,70.68600000000004,0.7391304347826081
1,14865,932955.4955903684,6848174.37038004,95.63400000000013,70.68600000000004,0.7391304347826081
1,14866,935043.0489191036,6849063.562666811,95.63400000000013,68.60700000000001,0.7173913043478253
1,14868,933335.9374062606,6849259.636044725,573.8039999999999,365.68144137106424,0.6372932941754751
1,14888,932371.7752686079,6848128.123648311,95.63400000000013,56.25356439517737,0.5882172072189524
1,14892,935345.1892151169,6847964.219202266,286.90199999999993,212.0579999999999,0.7391304347826085
1,14907,933256.0529146699,6845623.509112013,95.63400000000013,70.686,0.7391304347826078
1,14908,932714.6590467693,6847636.289464835,860.706,636.1740000000003,0.7391304347826091
1,14919,934288.8386904764,6849255.83154762,191.26800000000026,133.14884439517738,0.6961375891167221
1,14937,932846.0156914023,6845854.868170426,95.63400000000013,0.0,0.0
1,14940,932937.6181947307,6846370.00621764,95.63400000000013,70.68600000000002,0.739130434782608
1,14942,933214.3947949397,6848196.701352169,1051.9740000000002,669.4631008469514,0.6363874970740259
1,14946,932795.5895642601,6847676.493268457,860.706,0.0,0.0
1,14972,933629.7199776823,6847386.306318653,765.0720000000009,0.0,0.0
1,14973,931626.6186936938,6848714.32027027,95.63400000000013,0.0,0.0
1,14974,932802.7167913549,6845990.576187735,95.63400000000013,70.68600000000002,0.739130434782608
1,14987,932532.2118425341,6848980.764116101,95.63400000000013,37.540840825827054,0.39254701074750614
1,15000,933929.3000000002,6846227.300000002,95.63400000000013,66.06627774698583,0.690824160308946
1,15017,933283.8483460561,6847129.431806616,286.90199999999993,212.05800000000025,0.7391304347826098
1,15024,933767.078511154,6846063.594171706,95.63400000000013,38.52486510322697,0.40283649228545204
1,15025,934449.199083882,6847877.734010879,95.63400000000013,70.68599999999998,0.7391304347826074
1,15028,933810.1239765307,6846093.437766155,669.4379999999994,494.8020000000003,0.7391304347826098
1,15032,933150.8040718812,6847031.33041446,95.63400000000013,64.54184439517738,0.674883873885619
1,15035,933203.698224828,6848373.118362445,382.5360000000005,282.74400000000014,0.7391304347826081
1,15056,934008.4079875695,6848417.413098967,765.0720000000009,0.0,0.0
1,15066,934076.6046216354,6846328.051858351,573.8039999999999,0.0,0.0
1,15067,933207.8805606995,6847529.833440607,669.4379999999994,0.0,0.0
1,15079,933301.3408643054,6848092.151288897,1051.9740000000002,428.59789840653684,0.40742252033466303
1,15082,935010.757574486,6847996.924140439,286.90199999999993,0.0,0.0
1,15103,932939.7000000001,6848026.549999999,382.5360000000005,241.36212758070943,0.630952714465329
1,15104,934642.8699803564,6847768.917767251,478.1699999999996,353.4299999999999,0.7391304347826091
1,15105,934314.9344765358,6847125.892647146,1338.8759999999988,989.6040000000005,0.7391304347826098
1,15112,934820.398673145,6847922.949777459,478.1699999999996,353.42999999999984,0.739130434782609
1,15119,934139.8317213588,6846579.196239737,860.706,636.1740000000003,0.7391304347826091
1,15120,934449.5054912916,6847385.154640486,1051.9740000000002,777.5460000000003,0.7391304347826089
1,15122,934792.8620319987,6849186.368772842,95.63400000000013,70.68600000000004,0.7391304347826081
1,15138,934580.64691721,6849157.400886906,1530.1440000000018,0.0,0.0
1,15139,934188.6656782121,6846431.80110133,382.5360000000005,282.74400000000014,0.7391304347826081
1,15141,933102.1291035018,6849462.089251995,95.63400000000013,0.0,0.0
1,15144,932440.4865101575,6848980.98730825,95.63400000000013,0.0,0.0
1,15147,933081.2701386216,6846327.135765628,95.63400000000013,34.58766572259868,0.36166704020116935
1,15156,933476.5385578888,6848880.780302349,286.90199999999993,0.0,0.0
1,15165,934295.3130283742,6849235.305625151,95.63400000000013,0.0,0.0
1,15167,934161.5946773748,6848696.947391617,382.5360000000005,0.0,0.0
1,15183,933295.6770508745,6845708.019783105,95.63400000000013,0.0,0.0
1,15188,931851.1173783302,6848049.053672184,95.63400000000013,0.0,0.0
1,15195,932954.2014639064,6846317.394787,956.3399999999992,0.0,0.0
1,15196,933681.3119221743,6846958.276361573,95.63400000000013,70.68600000000004,0.7391304347826081
1,15201,934886.5642937375,6846913.707287278,95.63400000000013,70.68600000000004,0.7391304347826081
1,15202,934217.7067346547,6848281.480636292,1051.9740000000002,777.5460000000005,0.7391304347826091
1,15209,933586.4742934688,6849467.20101342,95.63400000000013,0.0,0.0
1,15216,933814.8428818869,6848581.850436193,765.0720000000009,516.3347551614189,0.674883873885619
1,15220,933126.404656388,6849290.658263807,95.63400000000013,70.68600000000004,0.7391304347826081
1,15226,933439.5485571234,6849565.755035692,95.63400000000013,70.68600000000002,0.739130434782608
1,15239,933291.2315429491,6849259.61764903,286.90199999999993,195.14996653734062,0.6801973026933958
1,15241,931625.1262239203,6848595.761074279,95.63400000000013,0.0,0.0
1,15246,934206.3749862864,6846521.164362772,286.90199999999993,0.0,0.0
1,15248,934528.2783015114,6848562.460948687,860.706,0.0,0.0
1,15249,933969.3228779722,6849194.762325227,382.5360000000005,230.79387758070953,0.6033259028711264
1,15253,931997.9513737912,6848818.306451745,95.63400000000013,61.36842634578021,0.6417009258818007
1,15255,933592.5251198228,6849259.808399298,1817.0460000000007,1343.034,0.7391304347826084
1,15264,934180.1456887019,6848496.078749962,286.90199999999993,0.0,0.0
1,15266,933928.7588090977,6847021.760931379,478.1699999999996,192.92047983360146,0.4034558417165477
1,15279,933011.608561336,6847028.888439241,382.5360000000005,0.0,0.0
1,15281,934160.9965931906,6849221.548705372,286.90199999999993,0.0,0.0
1,15284,934267.7501048219,6848180.720754717,382.5360000000005,0.0,0.0
1,15287,934050.941237647,6849199.567852846,382.5360000000005,0.0,0.0
1,15288,933011.0617964846,6848028.279954844,95.63400000000013,0.0,0.0
1,15289,932845.6344311592,6848438.119503441,1147.6079999999997,774.5021327421284,0.67488387388562
1,15306,932113.342289513,6848970.320405625,95.63400000000013,0.0,0.0
1,15314,933461.8872366789,6847370.064436183,95.63400000000013,57.3519693951774,0.5997027144653295
1,15321,933314.5436467564,6849586.08830825,382.5360000000005,152.79263999999998,0.3994202898550719
1,15322,933761.5440427085,6849226.76074943,573.8039999999999,0.0,0.0
1,15323,934258.7999999999,6846412.949999999,95.63400000000013,0.0,0.0
1,15324,933215.4726936871,6848378.526547777,286.90199999999993,0.0,0.0
1,15335,933897.3308139317,6848697.212279357,860.706,626.8185000000004,0.7282608695652178
1,15352,933880.366792458,6847472.81974401,191.26800000000026,141.37200000000007,0.7391304347826081
1,15355,933958.8124651324,6847395.867721409,382.5360000000005,0.0,0.0
1,15359,933264.9296883253,6848167.833280507,191.26800000000026,141.37200000000004,0.739130434782608
1,15361,934010.2197285604,6846864.567969627,956.3399999999992,347.69107206456783,0.36356428891876125
1,15365,932492.0849785977,6847358.153395051,95.63400000000013,61.41173884578021,0.6421538244325253
1,15373,931444.1094304047,6847837.530424536,95.63400000000013,60.90359439517737,0.6368403956247495
1,15380,932716.1030420834,6847598.830108827,478.1699999999996,313.5555692289011,0.6557407809542659
1,15382,933996.7492249719,6846306.086040006,765.0720000000009,516.3347551614189,0.674883873885619
1,15386,931466.0103336254,6848141.933327856,95.63400000000013,58.17490689517738,0.6083077869290974
1,15387,934299.0758811972,6849243.006860819,573.8039999999999,0.0,0.0
1,15402,933018.8283660226,6845574.669169785,573.8039999999999,424.1159999999999,0.7391304347826086
1,15403,932511.0407984911,6847498.648886896,95.63400000000013,70.68600000000004,0.7391304347826081
1,15405,933442.1674979348,6849121.859746098,382.5360000000005,282.744,0.7391304347826078
1,15406,932686.0368445052,6847600.827952576,191.26800000000026,141.372,0.7391304347826078
1,15407,933744.2968649116,6848832.486397894,478.1699999999996,322.7092219758869,0.6748838738856205
1,15412,934114.4486715643,6846323.989579657,1434.5100000000018,1060.290000000002,0.7391304347826092
1,15416,932733.6056126243,6847759.145966387,95.63400000000013,70.68600000000004,0.7391304347826081
1,15425,934794.1675695734,6848734.493531231,382.5360000000005,238.02395538312078,0.6222262882006412
1,15426,934617.2216383613,6849566.790856376,956.3399999999992,609.0359439517742,0.6368403956247514
1,15427,933788.0929793656,6849449.56518537,286.90199999999993,0.0,0.0
1,15442,933186.596517014,6847456.598062534,95.63400000000013,0.0,0.0
1,15458,931426.1177312599,6848406.884445773,95.63400000000013,70.68600000000002,0.739130434782608
1,15464,934474.72666018,6847866.295613395,382.5360000000005,274.4280000000001,0.7173913043478254
1,15468,931187.003073312,6849201.736120585,95.63400000000013,70.68600000000004,0.7391304347826081
1,15469,933199.3668726636,6847305.35768419,95.63400000000013,70.686,0.7391304347826078
1,15471,933152.35,6846184.249999999,95.63400000000013,70.68600000000002,0.739130434782608
1,15472,934463.2894871474,6849694.235142012,286.90199999999993,212.05799999999988,0.7391304347826084
1,15480,933197.569212392,6847458.258418106,286.90199999999993,0.0,0.0
1,15481,932682.5868858615,6847541.6246048,95.63400000000013,0.0,0.0
1,15488,933064.9420970929,6847478.907094472,382.5360000000005,143.77582206456768,0.3758491280940029
1,15502,934765.9314147277,6848305.281174584,382.5360000000005,232.30115258071072,0.6072661202624339
1,15517,933138.0045471737,6847645.413131431,573.8039999999999,302.04368343565307,0.5263882500569065
1,15526,935268.4644444445,6849040.401502921,3920.993999999992,2317.690307702272,0.5910976420015631
1,15530,932860.777388351,6848348.269664498,860.706,636.1740000000001,0.7391304347826088
1,15549,933432.4653420377,6847166.28831055,382.5360000000005,228.6525075807115,0.597728076784175
1,15551,933957.165128413,6848071.841002651,573.8039999999999,0.0,0.0
1,15552,933531.4034636266,6846155.225472311,191.26800000000026,0.0,0.0
1,15556,934274.8922430197,6847137.492781749,286.90199999999993,212.0579999999999,0.7391304347826085
1,15558,933456.198177693,6846405.400942224,573.8039999999999,424.1159999999999,0.7391304347826086
1,15566,931532.5917939591,6849359.891796432,1243.2420000000016,507.5000717098445,0.4082069876257751
1,15567,933613.5020474341,6849484.182945805,191.26800000000026,75.34694041291354,0.39393385413615156
1,15569,933047.246568915,6847416.12062561,95.63400000000013,70.68600000002027,0.7391304347828197
1,15573,931113.835581146,6849167.431155923,95.63400000000013,0.0,0.0
1,15576,931027.5496155132,6849031.466376908,95.63400000000013,70.68600000000002,0.739130434782608
1,15588,934826.2902293655,6848290.036006549,669.4379999999994,429.0711732662417,0.640942362498457
1,15593,933890.4575253084,6846505.766436887,95.63400000000013,68.607,0.7173913043478252
1,15596,933426.9749129906,6845697.427016048,95.63400000000013,70.686,0.7391304347826078
1,15597,932958.1082892463,6848004.998082926,95.63400000000013,70.68600000000002,0.739130434782608
1,15606,931581.252432922,6848163.509530165,956.3399999999992,0.0,0.0
1,15610,933069.2512894796,6845827.189381151,95.63400000000013,70.68600000000004,0.7391304347826081
1,15611,934372.6755700324,6847616.184473398,669.4379999999994,480.24900000000014,0.7173913043478269
1,15618,933091.4134015356,6846602.27021359,95.63400000000013,60.5771957963827,0.6334273981678339
1,15631,934194.1551832875,6847850.318657206,382.5360000000005,282.74400000000014,0.7391304347826081
1,15637,932813.5136117846,6847684.993045548,382.5360000000005,282.74400000000014,0.7391304347826081
1,15644,933494.9248945847,6846137.454582113,95.63400000000013,26.459735103228407,0.27667707199561214
1,15658,931548.0,6848137.100000001,95.63400000000013,64.54184439517738,0.674883873885619
1,15659,933190.9825280111,6847436.363375351,95.63400000000013,70.686,0.7391304347826078
1,15684,935078.2159127977,6848456.097553593,1817.0460000000007,1343.034,0.7391304347826084
1,15686,933499.1212458613,6846463.984812431,95.63400000000013,70.68600000000004,0.7391304347826081
1,15687,934787.9354094208,6848731.213257331,669.4379999999994,494.8020000000002,0.7391304347826096
1,15688,932960.5664327639,6849309.428019771,95.63400000000013,69.12675000000002,0.722826086956521
1,15696,934776.6635641053,6848162.640603814,95.63400000000013,0.0,0.0
1,15702,934829.849277752,6847755.887352418,95.63400000000013,0.0,0.0
1,15714,934038.6630374264,6848633.376018146,573.8039999999999,424.11599999999993,0.7391304347826088
1,15715,934530.2962296669,6846714.909234585,382.5360000000005,282.74400000000026,0.7391304347826084
1,15716,934279.7157533002,6847902.883601809,860.706,636.1740000000005,0.7391304347826093
1,15717,933597.1007869715,6848255.123908433,382.5360000000005,282.74400000000014,0.7391304347826081
1,15719,933716.2040226732,6847953.611885172,860.706,636.1740000000002,0.7391304347826089
1,15726,933376.4389510333,6845799.56602624,573.8039999999999,0.0,0.0
1,15734,933969.2560409317,6848454.153885601,95.63400000000013,70.68600000000002,0.739130434782608
1,15741,932861.9406354919,6846562.466430145,382.5360000000005,282.74400000000014,0.7391304347826081
1,15746,934977.8100932877,6847270.932729247,286.90199999999993,212.05799999999988,0.7391304347826084
1,15747,931291.8809735092,6848407.647075309,95.63400000000013,68.607,0.7173913043478252
1,15751,933107.1413547078,6847871.165567932,286.90199999999993,0.0,0.0
1,15781,933835.4616655102,6847084.433703299,286.90199999999993,171.01640818553213,0.5960795260595331
1,15786,933720.6512621798,6849197.765145404,382.5360000000005,0.0,0.0
1,15790,932936.0569256041,6847455.437248767,95.63400000000013,70.68599999999999,0.7391304347826076
1,15792,934523.758382069,6847874.104500802,765.0720000000009,0.0,0.0
1,15802,933191.7319033461,6847251.4065329,382.5360000000005,159.56322384924283,0.41711949685583216
1,15813,933953.1141126949,6849528.189328706,286.90199999999993,193.62553318553208,0.6748838738856199
1,15815,934866.9801782705,6847647.554401507,573.8039999999999,210.27624495496255,0.36646005422576805
1,15816,933292.6463211828,6846514.409952966,669.4379999999994,271.4758914451974,0.40552805703470324
1,15839,934062.2524651493,6849202.775762327,286.90199999999993,0.0,0.0
1,15842,932795.0870416666,6847106.259907738,95.63400000000013,70.68600000000004,0.7391304347826081
1,15845,932409.1399833891,6848230.779767444,95.63400000000013,70.68600000000254,0.7391304347826342
1,15851,934702.8007159072,6849148.905126095,95.63400000000013,70.686,0.7391304347826078
1,15852,934522.6787445091,6847471.80374569,573.8039999999999,424.11599999999993,0.7391304347826088
1,15865,934714.6753875302,6849486.278113913,95.63400000000013,58.99784439517738,0.6169128593928656
1,15867,933752.3319912577,6849653.06933548,286.90199999999993,0.0,0.0
1,15871,934174.4631484149,6846429.229170418,860.706,0.0,0.0
1,15874,933031.8870292888,6846963.31961563,95.63400000000013,56.94656439517719,0.5954635840305448
1,15875,934310.4816989917,6848068.890759074,286.90199999999993,205.82099999999997,0.7173913043478262
1,15880,931756.3238989837,6849453.522075479,95.63400000000013,0.0,0.0
1,15883,933849.0011530652,6846430.985702929,573.8039999999999,387.25106637106614,0.6748838738856234
1,15888,931309.1762500915,6848271.280262098,95.63400000000013,59.43096939517738,0.6214418449001119
1,15890,935653.9416517434,6849027.162895048,765.0720000000009,271.00177330330797,0.35421734595346277
1,15891,934749.68193695,6848148.378566696,286.90199999999993,167.72119318553212,0.5845940188131562
1,15893,933128.1740577124,6849562.295432344,286.90199999999993,0.0,0.0
1,15895,933782.8450040183,6847199.867925706,286.90199999999993,0.0,0.0
1,15898,933472.2149731836,6847424.545338331,95.63400000000013,70.686,0.7391304347826078
1,15900,934498.2450975776,6848358.493480433,573.8039999999999,424.1159999999995,0.739130434782608
1,15913,934707.8502363268,6847290.51039838,669.4379999999994,0.0,0.0
1,15917,935075.6203981071,6847154.51559672,191.26800000000026,141.37200000000004,0.739130434782608
1,15922,932306.2947337711,6847926.512530999,95.63400000000013,58.13159439517732,0.6078548883783722
1,15925,935307.0724858907,6847136.275730333,8415.792000000001,6220.368000000002,0.7391304347826089
1,15930,934371.2887024048,6846517.000679299,1434.5100000000018,0.0,0.0
1,15931,933789.1157534248,6849995.165018424,95.63400000000013,42.80816110439688,0.44762491482523814
1,15938,935180.6708461102,6847512.358955138,95.63400000000013,70.68600000000002,0.739130434782608
1,15943,935286.9000000001,6847282.4,95.63400000000013,58.807269395176895,0.614920105769672
1,15948,932367.2867522094,6848374.728887885,95.63400000000013,70.686,0.7391304347826078
1,15949,934239.5674863387,6847796.233497267,765.0720000000009,0.0,0.0
1,15955,933165.5138835252,6847189.570406923,382.5360000000005,282.74400000000014,0.7391304347826081
1,15959,934645.0240513262,6847961.504537196,478.1699999999996,353.42999999999984,0.739130434782609
1,15960,934085.3213505845,6849112.744470264,765.0720000000009,0.0,0.0
1,15962,933624.8265642395,6847346.374580338,1051.9740000000002,674.0998148035826,0.6407951287803525
1,15963,934411.337543902,6848118.329412317,765.0720000000009,499.07527887106374,0.6523245901968222
1,15976,932671.1663608562,6847498.156883936,95.63400000000013,70.68600000000002,0.739130434782608
1,15978,933388.4915527491,6849843.769641434,95.63400000000013,0.0,0.0
1,15996,933518.7058844612,6846330.563275385,669.4379999999994,494.80200000000025,0.7391304347826098
1,15997,932997.1140666628,6846441.460373376,95.63400000000013,70.68600000000002,0.739130434782608
1,16006,933016.7801554322,6847217.181409666,382.5360000000005,0.0,0.0
1,16007,933247.5539653227,6848426.489990766,95.63400000000013,0.0,0.0
1,16009,932771.5740451389,6848848.705902779,95.63400000000013,0.0,0.0
1,16018,935357.3302343851,6848293.565826396,7076.916000000007,0.0,0.0
1,16020,933127.3970284681,6848354.458747402,573.8039999999999,424.1160000000006,0.73913043478261
1,16021,934116.9596754638,6848766.052152732,573.8039999999999,424.11599999999993,0.7391304347826088
1,16023,932643.8117806681,6849034.501556408,95.63400000000013,0.0,0.0
1,16024,931568.1777607101,6848207.273544972,95.63400000000013,70.686,0.7391304347826078
1,16025,932667.2124915485,6847852.393278116,95.63400000000013,70.686,0.7391304347826078
1,16028,931343.921913487,6848636.458216717,95.63400000000013,56.95349439517855,0.5955360477986749
1,16046,932850.6697550585,6849373.51512247,95.63400000000013,70.68599999999999,0.7391304347826076
1,16052,932938.1345002025,6846598.134985834,382.5360000000005,282.74400000000014,0.7391304347826081
1,16065,933933.5201213638,6848621.507069292,478.1699999999996,185.3301753497442,0.3875821890744805
1,16068,933155.6297758584,6846244.185585672,573.8039999999999,424.1159999999999,0.7391304347826086
1,16071,934083.650749562,6848486.155207996,382.5360000000005,146.21518206456767,0.38222593968820573
1,16072,934931.719189158,6847227.180982457,382.5360000000005,154.4203020645677,0.4036752150505246
1,16079,935414.6161735181,6848074.158078031,95.63400000000013,68.607,0.7173913043478252
1,16081,932831.1418406566,6847433.228336968,382.5360000000005,274.4280000000001,0.7173913043478254
1,16090,931660.802223811,6848330.309894402,95.63400000000013,62.32850076549589,0.6517399749617898
1,16096,932930.4364210839,6847745.437935221,669.4379999999994,494.80200000000025,0.7391304347826098
1,16099,934419.8791072081,6848499.86169045,382.5360000000005,258.1673775807095,0.674883873885619
1,16107,934517.7483405414,6847773.701692577,1912.6799999999985,1082.9368879035478,0.5661882217117075
1,16108,932988.1659813845,6847536.77486926,286.90199999999993,0.0,0.0
1,16114,931401.474925926,6848645.668864197,95.63400000000013,66.57442219758869,0.6961375891167221
1,16115,934231.7831912303,6847003.10042921,95.63400000000013,66.57442219758869,0.6961375891167221
1,16117,935572.223438918,6847543.994652821,478.1699999999996,322.7092219758869,0.6748838738856205
1,16128,930940.4243756596,6849043.990491265,95.63400000000013,0.0,0.0
1,16131,931950.1074140543,6848158.094414704,95.63400000000013,0.0,0.0
1,16133,933025.957986711,6846219.11580731,95.63400000000013,0.0,0.0
1,16134,932153.4320623917,6849491.597631428,95.63400000000013,0.0,0.0
1,16153,935398.7481198158,6846811.345016899,95.63400000000013,68.60700000000001,0.7173913043478253
1,16159,931278.9687507884,6847935.677917681,95.63400000000013,60.297219395177365,0.6304998159146045
1,16161,932204.6421487604,6849535.76815427,95.63400000000013,70.68600000000002,0.739130434782608
1,16166,933655.3172943105,6849842.27320462,95.63400000000013,64.54184439517738,0.674883873885619
1,16167,932938.1239104755,6847645.644861409,573.8039999999999,387.2510663710642,0.67488387388562
1,16172,931125.5172328749,6848399.43751861,1147.6079999999997,0.0,0.0
1,16174,934023.2826181225,6847095.148308638,1721.4119999999998,1128.8000492240444,0.6557407809542658
1,16175,931188.7645825921,6848445.31589574,2199.582000000002,1484.4624210890806,0.6748838738856198
1,16182,933016.963303581,6848192.818106472,95.63400000000013,70.68599999999998,0.7391304347826074
1,16190,933181.7182913242,6848442.662182649,95.63400000000013,56.11248364418058,0.5867419918039662
1,16194,933694.5194645505,6846456.590977006,95.63400000000013,0.0,0.0
1,16201,931759.2739336236,6849447.488894602,95.63400000000013,70.68600000000004,0.7391304347826081
1,16204,934316.5861020022,6847942.157970636,382.5360000000005,282.74400000000014,0.7391304347826081
1,16210,933902.7342939846,6847089.401931252,478.1699999999996,0.0,0.0
1,16211,931206.5236429758,6847784.010196993,95.63400000000013,70.68599999999996,0.7391304347826073
1,16247,932785.2568937152,6846600.45609082,95.63400000000013,69.12675,0.7228260869565207
1,16248,931252.387460474,6848092.193100899,95.63400000000013,69.6465,0.7282608695652164
1,16254,931526.2594667264,6847976.536526253,95.63400000000013,64.54184439517736,0.6748838738856189
1,16255,931507.0344387928,6848669.519348931,95.63400000000013,38.38827598729418,0.4014082437971237
1,16256,934099.3642912912,6847987.951796713,191.26800000000026,141.372,0.7391304347826078
1,16268,933936.7758854307,6848648.236334185,573.8039999999999,305.67305490335826,0.532713356657253
1,16270,933849.1722790014,6848706.013700557,382.5360000000005,282.74400000000014,0.7391304347826081
1,16271,931589.5853912334,6848729.104243691,95.63400000000013,70.68600000000004,0.7391304347826081
1,16274,934500.8338715794,6848276.006421044,382.5360000000005,0.0,0.0
1,16275,934422.4690891898,6848025.833713372,573.8039999999999,228.57144495496257,0.39834411219678256
1,16277,935106.3854639555,6846918.403754583,3825.3599999999974,0.0,0.0
1,16278,933414.9119666584,6849176.657646283,95.63400000000013,0.0,0.0
1,16285,934766.7582842596,6849128.310261791,286.90199999999993,0.0,0.0
1,16288,933585.2852263767,6849696.750962297,95.63400000000013,0.0,0.0
1,16293,934557.2398989897,6848083.577269825,382.5360000000005,157.48439289039382,0.41168515614319595
1,16297,932480.3923606541,6848921.809172039,765.0720000000009,461.93425516141883,0.6037788014218508
1,16301,934552.2343316694,6847955.598307169,478.1699999999996,353.42999999999984,0.739130434782609
1,16305,932664.6565233833,6849608.479902516,286.90199999999993,174.40875659343916,0.6079035928415947
1,16306,933509.8234595396,6849756.409354121,95.63400000000013,70.68600000000005,0.7391304347826082
1,16307,934612.1115746965,6847886.526948011,1625.7780000000016,1097.2113547180159,0.6748838738856195
1,16313,935608.5471303114,6847752.465773678,191.26800000000026,0.0,0.0
1,16315,934304.953721034,6849255.681248764,382.5360000000005,0.0,0.0
1,16316,932922.55683243,6848122.682841399,95.63400000000013,58.47809439517739,0.61147807678417
1,16327,933953.1252368522,6848753.303635555,286.90199999999993,172.18584568553212,0.6001556130160548
1,16328,934320.5477837742,6847817.139173874,765.0720000000009,461.587755161419,0.6033259028711264
1,16329,933541.0472964526,6846061.311527016,956.3399999999992,706.8600000000029,0.7391304347826123
1,16330,933434.170434954,6848503.634960325,478.1699999999996,199.67622309685152,0.4175841711041087
1,16345,931169.5959939101,6849220.19215149,95.63400000000013,0.0,0.0
1,16346,932903.9067673011,6846002.073729309,95.63400000000013,0.0,0.0
1,16347,934385.9999469635,6847862.202124399,1243.2420000000016,918.9180000000014,0.7391304347826089
1,16348,933333.3272675993,6847713.875373047,382.5360000000005,0.0,0.0
1,16364,934091.9437982147,6848454.307491183,382.5360000000005,0.0,0.0
1,16366,931969.0492649929,6848296.799434111,191.26800000000026,113.23131379035472,0.5920034391030102
1,16376,932110.0489285282,6848821.84937993,95.63400000000013,62.35300829638303,0.6519962387475474
1,16379,933597.3848985702,6846519.536146685,4303.5300000000025,2878.083647782983,0.6687727627745087
1,16380,934084.1048580463,6848452.450114137,382.5360000000005,124.78244741729496,0.32619791971813056
1,16401,933844.0418943827,6846628.513028624,95.63400000000013,59.43096939517738,0.6214418449001119
1,16413,933852.9446906076,6847149.261390764,95.63400000000013,64.54184439517739,0.6748838738856192
1,16419,931646.5343907234,6847928.376438623,95.63400000000013,70.686,0.7391304347826078
1,16423,934518.4292808832,6847789.995392732,1721.4119999999998,974.643199113193,0.566188221711707
1,16425,933664.8071210136,6849423.999650503,95.63400000000013,64.54184439517739,0.6748838738856192
1,16439,935444.4536346424,6846664.338491302,191.26800000000026,137.21400000000003,0.7173913043478253
1,16452,935355.8152816853,6847086.482252252,8893.962,0.0,0.0
1,16455,933795.0563553639,6846548.339013409,191.26800000000026,0.0,0.0
1,16456,931638.9987194783,6848216.62572974,95.63400000000013,70.68600000000002,0.739130434782608
1,16457,932402.0806618601,6848144.010140507,95.63400000000013,0.0,0.0
1,16467,934382.0697967333,6848266.797888277,286.90199999999993,212.058,0.7391304347826089
1,16493,933738.1500000001,6846038.25,382.5360000000005,149.11487165165443,0.3898061140694058
1,16509,934019.956165386,6846844.545203074,95.63400000000013,70.68599999999999,0.7391304347826076
1,16515,933587.9516040689,6848341.264169602,95.63400000000013,0.0,0.0
1,16517,933932.3075305187,6848669.18537696,286.90199999999993,205.821,0.7173913043478263
1,16518,932729.9631829973,6847009.650973041,1817.0460000000007,1303.533,0.7173913043478257
1,16531,931210.890606561,6848579.76447565,286.90199999999993,196.6743998891491,0.6855107315011717
1,16535,931096.9014865728,6848442.769479966,95.63400000000013,69.28267500020151,0.7244565217412365
1,16541,935272.231809132,6847088.824460907,573.8039999999999,387.2510663710642,0.67488387388562
1,16551,934378.3665848683,6848531.477670094,382.5360000000005,145.4310612387406,0.38017614352306817
1,16553,931088.174985,6849214.530678954,95.63400000000013,68.60700000000001,0.7173913043478253
1,16555,932568.8981662212,6847458.424557529,95.63400000000013,70.68600000000004,0.7391304347826081
1,16558,933022.8125490444,6848725.480944828,478.1699999999996,353.42999999999984,0.739130434782609
1,16561,932934.581992977,6847418.729665124,95.63400000000013,44.32882295177153,0.46352576439102694
1,16563,933523.9859591528,6848964.956168265,669.4379999999994,475.8327526117275,0.7107943567764721
1,16564,933366.6151056341,6848004.454616334,573.8039999999999,424.1159999999999,0.7391304347826086
1,16576,934860.4588210348,6849155.950593723,95.63400000000013,34.034012645176134,0.35587774897187285
1,16580,932684.5139160462,6848841.412275817,95.63400000000013,61.3684263457802,0.6417009258818006
1,16581,933148.1334521082,6847018.171014677,95.63400000000013,0.0,0.0
1,16582,931647.5820678562,6848839.357310634,95.63400000000013,0.0,0.0
1,16586,933657.9132644271,6849004.97329888,95.63400000000013,70.68600000000004,0.7391304347826081
1,16588,935103.5012380567,6846096.788502514,573.8039999999999,246.2427306193706,0.42914084011155496
1,16591,933688.373407994,6847432.424111648,191.26800000000026,112.19181379035476,0.5865686564943148
1,16595,932934.9809160669,6848142.148148681,765.0720000000009,433.1747551614191,0.5661882217117064
1,16597,932372.6345756847,6848543.751638954,95.63400000000013,70.68600000000002,0.739130434782608
1,16603,932991.9664659231,6846511.061805099,286.90199999999993,0.0,0.0
1,16613,932302.9753747933,6847913.668101219,95.63400000000013,37.09334041291356,0.38786770827230393
1,16614,933152.4606170199,6849600.282674942,669.4379999999994,494.8020000000004,0.73913043478261
1,16615,932506.3500543669,6848925.881628395,95.63400000000013,70.68600000000012,0.739130434782609
1,16618,932956.3139632043,6846079.369254074,765.0720000000009,565.4880000000002,0.739130434782608
1,16620,934748.7647761018,6848103.74392193,95.63400000000013,55.749406895177344,0.5829454680885173
1,16621,933501.345551353,6847432.726910978,286.90199999999993,173.09540818553145,0.603325902871125
1,16626,933463.3590918952,6849716.971233997,95.63400000000013,0.0,0.0
1,16645,934906.9334095927,6849263.299885536,478.1699999999996,353.42999999999984,0.739130434782609
1,16654,933526.3711439531,6849795.926915721,956.3399999999992,706.8599999999997,0.739130434782609
1,16656,931290.1660515185,6848384.232833525,95.63400000000013,66.57442219758867,0.696137589116722
1,16661,934284.9662534044,6849249.639663657,95.63400000000013,70.68599999999998,0.7391304347826074
1,16662,935366.2652818271,6846885.205238703,286.90199999999993,212.058,0.7391304347826089
1,16671,932741.9538956517,6847749.595233981,286.90199999999993,172.1858456855321,0.6001556130160547
1,16673,934336.2145465265,6847704.783071958,860.706,355.92799964527745,0.41353028751429344
1,16675,931151.8999999998,6848139.449999999,95.63400000000013,58.76967634578005,0.6145270128383208
1,16685,933279.2954241609,6847961.188857879,478.1699999999996,302.2943192289012,0.632190056316585
1,16687,932462.6591375164,6848079.886894325,95.63400000000013,32.29188874889889,0.3376611743616167
1,16698,934513.193932271,6848596.201427703,765.0720000000009,0.0,0.0
1,16699,935060.1921558104,6847110.813501487,95.63400000000013,70.68600000000002,0.739130434782608
1,16701,934358.4662265977,6847903.82525744,286.90199999999993,0.0,0.0
1,16704,933908.7729552595,6848133.911799022,1721.4119999999998,1272.3480000000004,0.739130434782609
1,16706,933378.2819047619,6847138.585714285,95.63400000000013,0.0,0.0
1,16713,933899.8434218424,6847387.358795356,573.8039999999999,424.11600000000084,0.7391304347826103
1,16714,934632.3301878565,6847706.290932353,95.63400000000013,0.0,0.0
1,16731,934644.4933896819,6849242.823534004,191.26800000000026,0.0,0.0
1,16736,933628.5153164588,6845926.189813086,286.90199999999993,112.23337592905547,0.39119063627669204
1,16753,933994.2160700945,6846217.154386561,382.5360000000005,0.0,0.0
1,16769,933374.3533921466,6848134.18859367,573.8039999999999,424.11599999999993,0.7391304347826088
1,16771,934033.7982606207,6849085.458657188,669.4379999999994,451.7929107662436,0.6748838738856234
1,16773,931978.4567463495,6849505.979255846,7268.184000000005,4202.446630525111,0.5781976117452596
1,16775,933279.7021719292,6845849.517199001,95.63400000000013,70.68599999999995,0.7391304347826072
1,16776,931537.4734114193,6848325.220990043,95.63400000000013,36.26572082582706,0.3792136774141729
1,16778,933175.0686933424,6847305.552843698,286.90199999999993,0.0,0.0
1,16782,933922.1795997692,6847505.422729341,286.90199999999993,212.05799999999996,0.7391304347826088
1,16783,931010.4078134038,6848134.249603922,95.63400000000013,70.68600000000004,0.7391304347826081
1,16787,932216.0629027048,6847961.543249792,95.63400000000013,33.385177999200444,0.3490931886065667
1,16800,933700.2088184912,6849773.867257651,95.63400000000013,70.68600000000002,0.739130434782608
1,16801,933552.8762413863,6849018.956506923,1147.6079999999997,848.2319999999999,0.7391304347826088
1,16802,931626.4517643505,6848259.744234988,95.63400000000013,64.54184439517735,0.6748838738856188
1,16808,933556.9670995668,6848989.629645092,573.8039999999999,379.765666481915,0.6618386530625703
1,16816,932944.5117555348,6845952.351380252,95.63400000000013,0.0,0.0
1,16820,933417.8092371807,6849405.769192496,1243.2420000000016,540.1857059941719,0.4344976327972923
1,16821,934888.453762538,6848795.326973438,95.63400000000013,34.89059551614192,0.36483463534037974
1,16822,934791.5448048896,6848203.097461211,478.1699999999996,194.81722654842585,0.4074225203346634
1,16824,933000.3910945021,6846632.0101125,95.63400000000013,27.741703398962304,0.2900820147537724
1,16825,934865.9875696526,6849152.793908651,95.63400000000013,70.68600000000004,0.7391304347826081
1,16831,933604.1676092023,6846298.083162506,382.5360000000005,0.0,0.0
1,16833,933111.9463599322,6848933.587265375,95.63400000000013,70.68600000000004,0.7391304347826081
1,16838,932446.8115612607,6847606.142505875,478.1699999999996,353.4299999999998,0.7391304347826089
1,16839,931704.8,6848478.900000001,95.63400000000013,0.0,0.0
1,16841,932854.3686057079,6845634.259795913,95.63400000000013,59.430969395177364,0.6214418449001117
1,16846,933684.0843454209,6848782.327291341,1721.4119999999998,974.643199113193,0.566188221711707
1,16855,932208.8021063943,6848791.688472147,95.63400000000013,70.68600000000002,0.739130434782608
1,16856,934851.6994397356,6849131.971134416,95.63400000000013,0.0,0.0
1,16865,932437.2040344788,6847652.387984356,95.63400000000013,70.68600000000002,0.739130434782608
1,16866,933389.5611956277,6849296.718172413,286.90199999999993,212.05799999999988,0.7391304347826084
1,16876,933633.7617099226,6848887.413317223,95.63400000000013,70.68599999999999,0.7391304347826076
1,16881,932656.7426955877,6848670.049085402,382.5360000000005,282.74400000000014,0.7391304347826081
1,16882,931714.2626070527,6848765.328338058,95.63400000000013,0.0,0.0
1,16884,933439.7155787217,6847895.312825177,95.63400000000013,70.6860000000001,0.7391304347826089
1,16911,933240.8199411723,6847937.809724258,573.8039999999999,387.25106637106575,0.6748838738856227
1,16927,934686.4866968266,6847649.778814475,2295.2159999999994,0.0,0.0
1,16936,934275.127944479,6849631.820391295,95.63400000000013,64.54184439517739,0.6748838738856192
1,16942,931054.179605539,6848153.408099034,95.63400000000013,64.54184439517736,0.6748838738856189
1,16945,933615.4281570333,6849473.517700227,1530.1440000000018,923.8685103228379,0.603778801421851
1,16949,933819.3737772334,6848684.894711975,382.5360000000005,282.74400000000014,0.7391304347826081
1,16957,932730.7030858806,6849141.26308588,95.63400000000013,64.54184439517739,0.6748838738856192
1,16969,932888.2916539556,6847050.170144396,95.63400000000013,70.686,0.7391304347826078
1,16979,931721.213906606,6848038.87008663,95.63400000000013,70.68600000000004,0.7391304347826081
1,16986,934396.3642173148,6846775.489255422,191.26800000000026,0.0,0.0
1,16988,932324.3122037234,6848174.241416171,956.3399999999992,706.8600000000022,0.7391304347826115
1,16989,931233.1270677091,6848304.981365016,2295.2159999999994,1549.0042654842568,0.67488387388562
1,16993,932228.988887188,6848543.81055666,95.63400000000013,70.68600000000004,0.7391304347826081
1,17010,933903.6507769069,6846115.123477342,95.63400000000013,0.0,0.0
1,17013,935077.1476855049,6847984.058804292,95.63400000000013,62.86115274698578,0.6573096675553224
1,17016,934031.7145953631,6849345.843146818,3060.288000000004,1320.3908833033086,0.43145968069126395
1,17043,933405.069035753,6846429.895492957,95.63400000000013,70.68600000000004,0.7391304347826081
1,17050,934126.7199203188,6846372.90708278,286.90199999999993,212.05799999999994,0.7391304347826086
1,17054,931154.2108756949,6848279.081908516,95.63400000000013,70.68600000000004,0.7391304347826081
1,17068,931345.3001354537,6847988.136681674,95.63400000000013,0.0,0.0
1,17074,933400.0726176827,6847142.061160327,573.8039999999999,424.11599999999993,0.7391304347826088
1,17076,932312.1444911363,6848928.819290439,286.90199999999993,0.0,0.0
1,17078,934050.9913830718,6848646.908845986,286.90199999999993,0.0,0.0
1,17108,933801.2702252403,6849431.283696984,478.1699999999996,0.0,0.0
1,17113,932993.629153866,6846112.825764851,382.5360000000005,0.0,0.0
1,17117,934315.2397275526,6848074.061965033,191.26800000000026,0.0,0.0
1,17119,932912.1674300539,6845962.183642764,95.63400000000013,0.0,0.0
1,17123,933038.2377412377,6847956.85406519,286.90199999999993,94.93609592905553,0.33090078120422844
1,17124,931565.0108755089,6848017.804916606,95.63400000000013,0.0,0.0
1,17128,933857.4184558211,6846729.455328202,382.5360000000005,0.0,0.0
1,17131,931109.7890006606,6848021.343191279,95.63400000000013,64.54184439517739,0.6748838738856192
1,17138,932449.062265887,6848420.138372603,95.63400000000013,0.0,0.0
1,17143,933747.5669388049,6846116.738706983,382.5360000000005,229.06137758070955,0.5987969173638801
1,17146,930862.2872005533,6849050.509940853,95.63400000000013,0.0,0.0
1,17151,933838.3522772645,6847135.786433765,286.90199999999993,0.0,0.0
1,17158,932500.0603896771,6848045.76372859,95.63400000000013,64.54184439517738,0.674883873885619
1,17161,933642.2510054569,6845993.122504913,669.4379999999994,451.79291076624196,0.674883873885621
1,17170,934434.5000000001,6846796.550000001,95.63400000000013,70.686,0.7391304347826078
1,17173,935354.6334245328,6848064.047606017,95.63400000000013,33.54197889009643,0.35073278217052917
1,17174,931600.5563392108,6848708.595382032,95.63400000000013,70.68600000000004,0.7391304347826081
1,17176,932360.0330434021,6847589.108063713,95.63400000000013,0.0,0.0
1,17187,935175.9144144144,6847499.616317569,286.90199999999993,212.05799999999994,0.7391304347826086
1,17194,933426.5325966764,6846361.375745296,573.8039999999999,249.26037309685174,0.434399852731685
1,17196,933130.0421976758,6848723.018279437,382.5360000000005,0.0,0.0
1,17199,931183.3070176403,6847908.277212439,95.63400000000013,0.0,0.0
1,17200,933759.7966374267,6850048.496123373,95.63400000000013,0.0,0.0
1,17207,933088.9550223053,6845599.584369611,95.63400000000013,0.0,0.0
1,17208,934419.1386265889,6848262.125188014,286.90199999999993,0.0,0.0
1,17209,933385.0426549353,6848878.198326356,573.8039999999999,0.0,0.0
1,17230,933107.0820396489,6847628.211577274,382.5360000000005,0.0,0.0
1,17237,932900.6603993346,6847349.281087078,286.90199999999993,212.058,0.7391304347826089
1,17238,932957.2738462418,6845718.923105129,95.63400000000013,70.68600000000004,0.7391304347826081
1,17242,933404.9118847447,6847403.758697454,669.4379999999994,494.8020000000003,0.7391304347826098
1,17243,934319.3349226225,6848030.96950962,1051.9740000000002,362.73517840653676,0.344813824682489
1,17251,933226.7329064326,6847202.982347165,860.706,0.0,0.0
1,17267,933258.5942162675,6845669.256651918,95.63400000000013,70.68600000000004,0.7391304347826081
1,17270,932242.933529072,6848166.306351249,95.63400000000013,70.68600000000004,0.7391304347826081
1,17271,935314.2089686048,6847933.408905311,95.63400000000013,60.297219395177365,0.6304998159146045
1,17287,933601.2439295733,6847169.924788705,478.1699999999996,165.91415103228394,0.3469773323970221
1,17291,932632.875832744,6848704.051845,95.63400000000013,61.36842634578013,0.6417009258817998
1,17296,934248.9142687038,6847860.070650605,478.1699999999996,353.4300000000007,0.7391304347826108
1,17299,934000.9288718364,6848413.476227786,382.5360000000005,282.74400000000014,0.7391304347826081
1,17302,935052.699523711,6848553.710754574,4303.5300000000025,2090.107187612594,0.4856727355479322
1,17305,933836.2463343509,6846697.077080364,286.90199999999993,185.43947068553211,0.6463512651899679
1,17309,932187.7326868266,6849022.537744178,95.63400000000013,70.686,0.7391304347826078
1,17314,935381.0701617664,6848421.567119298,1243.2420000000016,0.0,0.0
1,17316,933358.0294320844,6847130.243786988,95.63400000000013,0.0,0.0
1,17317,934572.579314863,6849061.82987682,765.0720000000009,565.4880000000002,0.739130434782608
1,17319,933751.798692793,6848203.282449256,382.5360000000005,0.0,0.0
1,17326,933763.0527306967,6849359.21850955,382.5360000000005,282.74400000000014,0.7391304347826081
1,17327,932556.7006751593,6848069.536042854,95.63400000000013,70.68600000000004,0.7391304347826081
1,17333,934146.100949235,6849208.211120564,382.5360000000005,0.0,0.0
2,4,935232.1996383747,6847389.587321847,382.5360000000005,200.97000000000006,0.5253623188405792
2,5,932796.2065302049,6847017.240572474,286.90199999999993,150.72750000000008,0.5253623188405802
2,18,934202.5140811859,6847035.746429175,95.63400000000013,50.60060554939719,0.5291068610472961
2,25,934096.581899661,6848230.987861096,191.26800000000026,100.48500000000003,0.5253623188405792
2,35,933212.5435161008,6847781.889577894,95.63400000000013,38.39817061937028,0.40151170733599173
2,44,933795.5205956111,6849529.118970742,95.63400000000013,48.94165020645678,0.5117599410926732
2,45,933749.8566987076,6847359.936184425,956.3399999999992,506.0060554939722,0.5291068610472976
2,49,934668.9242014234,6847991.059504304,95.63400000000013,50.60060554939718,0.5291068610472961
2,57,932930.2638203248,6847334.981743385,95.63400000000013,50.60060554939717,0.529106861047296
2,61,933786.3757848325,6846570.722275133,95.63400000000013,50.60060554939719,0.5291068610472961
2,65,933076.500024313,6846706.385801118,95.63400000000013,50.600605549397194,0.5291068610472962
2,75,933258.946640454,6847238.2832172,95.63400000000013,50.60060554939718,0.5291068610472961
2,77,934119.8661056727,6848500.915443022,860.706,452.18250000000035,0.5253623188405802
2,79,933617.7651319009,6846354.170628882,191.26800000000026,59.66140082582706,0.31192567928679643
2,81,932947.965768433,6847569.478328652,669.4379999999994,354.2042388457807,0.5291068610472979
2,82,931399.0969067597,6847985.48749921,95.63400000000013,50.60060554939717,0.529106861047296
2,84,932633.1794444442,6848632.591597222,382.5360000000005,142.82936165165415,0.3733749546491153
2,93,931021.3706214689,6848138.94180791,95.63400000000013,50.24250000000001,0.525362318840579
2,98,932095.4074515149,6848099.499488246,95.63400000000013,50.60060554939718,0.5291068610472961
2,100,933254.7775111841,6847091.138974956,95.63400000000013,50.60060554939726,0.5291068610472969
2,106,933920.2564890877,6846656.011966713,6981.282000000004,3358.315747607018,0.48104570874046
2,116,934687.9433918713,6848819.593295781,765.0720000000009,404.8048443951775,0.5291068610472962
2,122,933307.2806719943,6848425.362298099,95.63400000000013,50.60060554939718,0.5291068610472961
2,137,933064.6419871793,6846349.193040292,95.63400000000013,50.60060554939719,0.5291068610472961
2,150,932857.9220418847,6846313.845314136,191.26800000000026,100.48499999999993,0.5253623188405786
2,151,934828.0199978295,6849314.347867097,669.4379999999994,351.6975000000005,0.5253623188405809
2,158,934734.2457589286,6847875.135187872,286.90199999999993,150.72750000000008,0.5253623188405802
2,176,933512.8108827493,6847227.481710467,286.90199999999993,151.8018166481916,0.5291068610472971
2,177,933820.3996630758,6846729.131149326,573.8039999999999,301.4550000000001,0.52536231884058
2,179,932980.5106425993,6849274.791070635,7172.55,3795.0454162047868,0.5291068610472965
2,185,933545.4694397397,6849503.520859289,95.63400000000013,48.92679510322839,0.5116046082274958
2,189,933053.493765243,6848554.906648182,286.90199999999993,151.8018166481859,0.5291068610472772
2,191,934638.3861538881,6848242.91735565,1434.5100000000018,759.0090832409584,0.5291068610472965
2,194,933920.8852708397,6849036.362538116,382.5360000000005,200.97000000000006,0.5253623188405792
2,197,933407.5128596644,6847394.963580019,382.5360000000005,202.40242219758875,0.5291068610472961
2,208,934565.6985742671,6849027.874878292,382.5360000000005,202.40242219758875,0.5291068610472961
2,217,934530.0852800757,6848599.781675747,669.4379999999994,354.2042388457807,0.5291068610472979
2,219,933554.8706790123,6847863.711111112,286.90199999999993,94.27380123874057,0.32859234595346354
2,237,935034.8921995655,6848047.947972443,478.1699999999996,253.0030277469861,0.5291068610472976
2,240,933055.5947125347,6846696.121141081,95.63400000000013,50.2425,0.525362318840579
2,243,931010.9338467777,6848472.014866717,95.63400000000013,50.60060554939718,0.5291068610472961
2,244,930997.7831361728,6848465.027251136,286.90199999999993,151.8018166481916,0.5291068610472971
2,248,931416.2863824855,6848440.918788875,95.63400000000013,50.242500000000014,0.5253623188405792
2,249,933976.9744957935,6849456.474430488,95.63400000000013,50.60060554939718,0.5291068610472961
2,268,932964.4078728555,6846511.444742659,95.63400000000013,50.24250000000001,0.525362318840579
2,269,933365.025647096,6849324.288715278,286.90199999999993,150.72750000000005,0.52536231884058
2,274,932614.3487915214,6849474.061949076,95.63400000000013,50.60060554939719,0.5291068610472961
2,281,933088.9539016066,6848095.000279918,95.63400000000013,36.4577706193703,0.38122185226352817
2,287,931037.6485330551,6847950.435266034,286.90199999999993,151.8018166481916,0.5291068610472971
2,291,932423.6863711667,6847675.573572203,382.5360000000005,202.40242219758872,0.5291068610472961
2,292,932832.7684579535,6849195.781608622,286.90199999999993,151.8018166481916,0.5291068610472971
2,297,932209.2999999999,6848117.800000001,95.63400000000013,50.24249999999999,0.5253623188405789
2,299,933901.5093997908,6848830.598421688,286.90199999999993,151.80181664819156,0.529106861047297
2,314,933724.2550105965,6849855.246866485,191.26800000000026,100.4850000000001,0.5253623188405795
2,317,933030.3271766937,6848933.670076742,1051.9740000000002,556.6066610433694,0.5291068610472971
2,318,934354.7625384936,6847856.708324676,669.4379999999994,354.2042388457803,0.5291068610472973
2,326,932984.3861412719,6848169.383619696,95.63400000000013,50.60060554939712,0.5291068610472954
2,327,933242.5160337553,6847717.454852321,478.1699999999996,251.21250000000012,0.5253623188405804
2,347,934495.5902489168,6847267.845505583,286.90199999999993,151.8018166481916,0.5291068610472971
2,352,934185.0575781917,6848345.145587966,669.4379999999994,354.2042388457807,0.5291068610472979
2,355,934629.8232417952,6847992.016393966,191.26800000000026,101.20121109879436,0.5291068610472961
2,356,934373.2552614163,6847881.576906391,286.90199999999993,150.72750000000008,0.5253623188405802
2,363,933634.0871350362,6846887.519251824,669.4379999999994,354.2042388457806,0.5291068610472978
2,364,932676.9243876464,6849572.083493077,95.63400000000013,50.242500000000014,0.5253623188405792
2,378,931806.3802779583,6848488.789984858,95.63400000000013,50.60060554939719,0.5291068610472961
2,390,935078.531320241,6849006.691026854,2008.3139999999987,1062.6127165373407,0.5291068610472971
2,393,931064.866450197,6847808.01151116,95.63400000000013,48.92679510322837,0.5116046082274955
2,397,933459.2342400589,6849357.438262504,191.26800000000026,100.48500000000001,0.525362318840579
2,409,932366.1540499293,6848090.313403002,95.63400000000013,50.60060554939717,0.529106861047296
2,411,933605.582755242,6849841.392426023,95.63400000000013,50.60060554939719,0.5291068610472961
2,417,933869.0273467229,6847085.725927674,95.63400000000013,50.60060554939715,0.5291068610472958
2,422,934049.4157225612,6849168.723189631,669.4379999999994,354.2042388457807,0.5291068610472979
2,423,931354.6071967747,6848037.414273459,95.63400000000013,50.60060554939719,0.5291068610472961
2,425,934485.6168160207,6847425.680853212,765.0720000000009,404.8048443951774,0.5291068610472961
2,426,933236.6909816348,6845879.308936221,95.63400000000013,44.174805309685155,0.4619152739578507
2,427,932968.2284143277,6847140.805606759,95.63400000000013,50.60060554939726,0.5291068610472969
2,430,932616.6979776332,6848643.234012036,95.63400000000013,50.60060554939721,0.5291068610472963
2,431,933810.3865925886,6849303.487581968,6216.210000000001,3265.762500000002,0.5253623188405799
2,449,933587.2113387348,6846971.47272248,95.63400000000013,50.60060554939719,0.5291068610472961
2,450,933739.0072355473,6846120.502902829,286.90199999999993,151.8018166481916,0.5291068610472971
2,451,933328.8934048738,6847524.804068859,95.63400000000013,50.60060554939719,0.5291068610472961
2,453,933426.1828555368,6846263.199100618,95.63400000000013,36.52806572259868,0.3819568952736332
2,454,933442.9395734966,6849626.842041544,95.63400000000013,50.60060554939721,0.5291068610472963
2,460,933521.3303376244,6847219.503228688,286.90199999999993,151.80181664819156,0.529106861047297
2,472,933838.9566765964,6847418.397660062,765.0720000000009,401.9400000000003,0.5253623188405795
2,473,932186.3113535317,6848767.456293614,95.63400000000013,50.60060554939718,0.5291068610472961
2,475,933787.9284211311,6848635.418219363,669.4379999999994,354.2042388457807,0.5291068610472979
2,476,933839.8789285813,6847323.295545632,478.1699999999996,253.0030277469861,0.5291068610472976
2,477,932889.517216744,6848185.645224908,95.63400000000013,50.60060554939719,0.5291068610472961
2,482,934019.2394154409,6846327.922528604,573.8039999999999,291.4817706193705,0.5079814198216996
2,491,933890.1396469597,6847471.335827028,382.5360000000005,200.97000000000003,0.525362318840579
2,492,933263.0265691357,6845630.469297488,95.63400000000013,50.60060554939718,0.5291068610472961
2,493,933396.2100596759,6847410.84419025,95.63400000000013,50.600605549397244,0.5291068610472968
2,495,933879.9158611931,6849970.480162611,95.63400000000013,50.60060554939719,0.5291068610472961
2,501,932448.8432152005,6848229.736869752,95.63400000000013,50.600605549397166,0.5291068610472959
2,502,931701.929142391,6848183.765831584,95.63400000000013,50.60060554939719,0.5291068610472961
2,513,933469.978765721,6847168.351467291,669.4379999999994,354.2042388457807,0.5291068610472979
2,527,934560.6855879471,6846926.312432653,191.26800000000026,100.48500000000003,0.5253623188405792
2,535,932859.9806287911,6847709.72563782,382.5360000000005,202.40242219758872,0.5291068610472961
2,536,933890.347572089,6849207.905624338,2486.4840000000036,858.5891377150263,0.345302498513976
2,549,933753.9208472684,6847389.268450389,669.4379999999994,278.13384318137213,0.41547364084705735
2,550,934684.4064191513,6847779.546084131,191.26800000000026,68.8622381613179,0.36003010519960377
2,555,933016.1550341728,6845619.921870556,95.63400000000013,46.2298966814468,0.48340440305170485
2,556,934909.5543770797,6846884.873698563,191.26800000000026,101.20121109879439,0.5291068610472962
2,564,933181.1527078631,6847493.078566591,478.1699999999996,253.0030277469861,0.5291068610472976
2,574,932219.95,6849648.500000002,95.63400000000013,46.2298966814468,0.48340440305170485
2,580,933735.5426447159,6848192.352490384,286.90199999999993,151.8018166481916,0.5291068610472971
2,584,933048.7735838192,6847041.491621681,382.5360000000005,200.97000000000006,0.5253623188405792
2,589,933153.0678706901,6849382.930081506,3060.288000000004,1607.760000000001,0.5253623188405793
2,592,935253.1540796532,6846809.875615289,8415.792000000001,4452.853288346953,0.5291068610472969
2,594,934011.1508584355,6849437.003049931,191.26800000000026,92.4597933628936,0.48340440305170485
2,595,934168.5749922768,6848092.06604881,9372.131999999994,4923.765000000003,0.5253623188405804
2,600,930709.5548483403,6847896.066475518,860.706,455.4054499445749,0.5291068610472971
2,601,932831.0732350178,6847141.425009615,6885.648,3617.4600000000028,0.5253623188405802
2,608,935432.9429178956,6846686.671092149,765.0720000000009,404.8048443951773,0.529106861047296
2,611,933064.6096880792,6846666.672060127,95.63400000000013,46.2298966814468,0.48340440305170485
2,612,933198.6561378661,6848248.266170916,95.63400000000013,46.229896681446796,0.4834044030517048
2,626,932959.2746634039,6848971.687087934,669.4379999999994,354.2042388457808,0.5291068610472981
2,635,934715.0443627223,6849303.407302236,191.26800000000026,100.4850000000001,0.5253623188405795
2,636,934161.5690118932,6849269.616546231,382.5360000000005,200.97000000000006,0.5253623188405792
2,639,934767.4318470032,6848159.641986265,95.63400000000013,50.60060554939723,0.5291068610472965
2,640,933402.2752708681,6847319.732059149,382.5360000000005,202.40242219758872,0.5291068610472961
2,645,932783.6345544663,6849515.42006541,7076.916000000007,3744.4448106553923,0.5291068610472963
2,646,933226.9663082438,6847546.715651136,191.26800000000026,101.20121109879437,0.5291068610472961
2,650,932270.8081290539,6848006.907615197,95.63400000000013,50.600605549397166,0.5291068610472959
2,665,933843.1643776821,6847335.447256625,573.8039999999999,303.6036332963831,0.529106861047297
2,669,933688.67952823,6846405.938468092,95.63400000000013,50.60060554939719,0.5291068610472961
2,671,933612.2019888371,6846362.551319415,191.26800000000026,101.2012110987944,0.5291068610472963
2,676,932651.9787094913,6849007.15148572,95.63400000000013,50.60060554939717,0.529106861047296
2,681,934320.32446901,6847227.761520308,382.5360000000005,202.40242219758875,0.5291068610472961
2,684,932948.6928275862,6846253.918160919,95.63400000000013,48.276370206456775,0.5048034193535428
2,686,933134.805522209,6848886.254447662,95.63400000000013,34.447075516141915,0.36019695418095937
2,695,932208.4746863733,6847976.643349078,95.63400000000013,34.351050619370305,0.35919286675628187
2,700,933307.415138334,6846533.177090028,669.4379999999994,351.69750000000033,0.5253623188405807
2,703,932805.4099625695,6847660.265857359,382.5360000000005,198.30888000000004,0.5184057971014487
2,705,931830.9428397237,6849436.342892767,3060.288000000004,1241.496783123157,0.4056797213605894
2,714,934296.3022916218,6848226.136029785,669.4379999999994,323.6092767701278,0.4834044030517062
2,746,934427.4399261386,6848131.971932704,191.26800000000026,101.20121109879437,0.5291068610472961
2,754,935287.973709087,6849093.155863338,1147.6079999999997,602.9100000000003,0.5253623188405802
2,768,933094.2233136069,6847167.248368592,95.63400000000013,27.005214896771605,0.28238089901887997
2,770,935108.4284956463,6847017.963766944,669.4379999999994,289.9514857807893,0.4331267208924345
2,771,934193.5023179748,6849242.122866894,382.5360000000005,148.61104330330838,0.38848903973301385
2,793,934431.8500208445,6847903.665082484,286.90199999999993,151.8018166481916,0.5291068610472971
2,795,935231.3938704177,6849023.656464077,4207.896000000001,2226.4266441734767,0.5291068610472969
2,813,935188.6108424318,6847545.990692657,765.0720000000009,401.94,0.525362318840579
2,827,934310.1698804923,6847174.635752239,478.1699999999996,253.0030277469861,0.5291068610472976
2,828,932314.5050508021,6848739.770817741,95.63400000000013,50.60060554939718,0.5291068610472961
2,829,933649.6658164571,6848980.251980261,382.5360000000005,202.40242219758892,0.5291068610472965
2,835,933336.5999535138,6848858.904366966,382.5360000000005,202.40242219758875,0.5291068610472961
2,836,933132.7579393707,6846150.504788727,95.63400000000013,47.177334943780295,0.49331132174519765
2,842,932934.3160961473,6847247.725783047,573.8039999999999,303.6036332963832,0.5291068610472971
2,844,932602.0364956437,6849103.953823814,95.63400000000013,50.60060554939715,0.5291068610472958
2,845,933065.9035353955,6847593.954816597,286.90199999999993,105.73410247748116,0.368537348911758
2,846,933467.1249712785,6849475.333811448,1147.6079999999997,503.10840619370333,0.4383974372727477
2,848,933332.0001978239,6848404.997447309,95.63400000000013,50.60060554939718,0.5291068610472961
2,851,934643.451469326,6847672.729698644,860.706,455.40544994457474,0.5291068610472969
2,856,932649.0430834821,6849128.895005022,191.26800000000026,101.20121109879437,0.5291068610472961
2,858,934546.5737916786,6847802.938697031,382.5360000000005,202.4024221975888,0.5291068610472963
2,876,933953.6517937218,6847406.404531865,382.5360000000005,131.4761028903947,0.3436960257084158
2,877,934233.9715114607,6846468.377719703,1721.4119999999998,910.8108998891496,0.5291068610472971
2,880,935154.6247894499,6847865.633903365,2582.1180000000018,1013.2016145101641,0.3923916778823289
2,881,934521.0387960286,6847979.159273804,382.5360000000005,151.43450289039475,0.3958699387518941
2,883,934377.5128798318,6848054.190561218,478.1699999999996,247.96037551614208,0.5185611299666275
2,890,935005.8386331592,6847994.260413038,382.5360000000005,147.75467289039432,0.38625037353450165
2,908,934117.5803222908,6848492.461851568,573.8039999999999,301.45500000000015,0.5253623188405802
2,915,935495.6521688113,6847682.145160639,95.63400000000013,50.60060554939719,0.5291068610472961
2,921,933573.1016166462,6846411.526454207,95.63400000000013,50.242499999999986,0.5253623188405788
2,935,933137.5559961885,6846284.39004724,95.63400000000013,50.60060554939717,0.529106861047296
2,951,934572.8991940076,6847519.184398493,669.4379999999994,351.6975000000002,0.5253623188405805
2,965,933036.6317441666,6845501.768490851,2295.2159999999994,1205.8200000000006,0.5253623188405802
2,975,934654.0560641311,6846831.777087376,11667.348000000002,4552.442250375458,0.39018654885201476
2,978,933470.6709731786,6847654.691551276,286.90199999999993,148.7316600000001,0.5184057971014497
2,980,934822.05,6846865.15,95.63400000000013,50.60060554939721,0.5291068610472963
2,988,935019.1184095723,6846971.871297101,95.63400000000013,50.60060554939718,0.5291068610472961
2,995,934379.6125155763,6846763.367437694,95.63400000000013,50.60060554939719,0.5291068610472961
2,998,932960.1530195797,6846286.043130626,95.63400000000013,37.2339306193703,0.38933779429251364
2,999,931341.4684379499,6847922.234152553,95.63400000000013,50.60060554939717,0.529106861047296
2,1004,933932.4340668358,6847443.647389229,573.8039999999999,303.6036332963831,0.529106861047297
2,1005,933795.6323563766,6849703.671990263,382.5360000000005,202.40242219758875,0.5291068610472961
2,1009,935266.6090870416,6848942.933792318,2582.1180000000018,1366.2163498337245,0.5291068610472967
2,1025,933993.1986476866,6847239.017105575,286.90199999999993,151.80181664819156,0.529106861047297
2,1026,933465.834754198,6845770.819694486,1338.8759999999988,708.4084776915607,0.5291068610472974
2,1038,933740.6976727274,6847253.697955554,95.63400000000013,50.2425,0.525362318840579
2,1039,933758.1952581948,6847056.684551714,286.90199999999993,150.72750000000005,0.52536231884058
2,1040,934325.9085450439,6847707.406116668,382.5360000000005,202.40242219758872,0.5291068610472961
2,1044,933318.7682553844,6847490.930153612,95.63400000000013,50.60060554939718,0.5291068610472961
2,1050,931068.9470474722,6847864.896585939,5929.308000000018,3137.237544062628,0.5291068610472957
2,1062,934057.2260247514,6846835.112146791,95.63400000000013,50.60060554939717,0.529106861047296
2,1066,934512.3225040092,6847075.290475415,95.63400000000013,50.60060554939721,0.5291068610472963
2,1067,933897.3305061894,6848588.455308608,1243.2420000000016,657.8078721421642,0.5291068610472969
2,1082,933912.7547164088,6846243.365399779,95.63400000000013,32.73931020645674,0.34233965123760063
2,1103,931283.3218358442,6847897.242137166,95.63400000000013,49.93532554939715,0.5221503393081653
2,1121,932952.2440574203,6846530.429605838,669.4379999999994,351.69750000000045,0.5253623188405808
2,1145,934437.7322524316,6848046.842834131,956.3399999999992,506.0060554939722,0.5291068610472976
2,1146,933929.5740249938,6849036.271214548,669.4379999999994,354.2042388457807,0.5291068610472979
2,1147,933712.2500000001,6846373.050000001,95.63400000000013,50.60060554939719,0.5291068610472961
2,1148,932698.1279332731,6847623.943821748,286.90199999999993,151.8018166481916,0.5291068610472971
2,1151,931667.3664829248,6848627.834796935,95.63400000000013,50.242499999999986,0.5253623188405788
2,1152,933888.6683561014,6848426.841974185,956.3399999999992,506.00605549397216,0.5291068610472975
2,1163,934096.1139495115,6847381.689789295,860.706,393.84085592905154,0.45757884333216164
2,1166,934430.7,6846623.25,286.90199999999993,151.8018166481916,0.5291068610472971
2,1170,933799.9370319635,6846052.686700913,95.63400000000013,50.24250000000001,0.525362318840579
2,1172,932636.8223441769,6848142.292145214,95.63400000000013,50.60060554939716,0.5291068610472959
2,1176,933735.7247496987,6849736.734852579,382.5360000000005,202.40242219758875,0.5291068610472961
2,1179,933182.9804949826,6848469.778739198,95.63400000000013,50.60060554939719,0.5291068610472961
2,1186,934286.4694322861,6849211.215492376,478.1699999999996,156.91510206456775,0.3281575633447683
2,1187,934241.2515292519,6849265.138156173,286.90199999999993,144.78454530968526,0.5046480864883663
2,1197,933144.7059530459,6847381.251215225,286.90199999999993,151.80181664819156,0.529106861047297
2,1198,933435.0267724396,6847133.596391855,382.5360000000005,202.40242219758875,0.5291068610472961
2,1208,933127.6179365685,6847562.198753026,95.63400000000013,50.60060554939718,0.5291068610472961
2,1213,933009.1283417462,6847278.315608317,286.90199999999993,151.80181664819156,0.529106861047297
2,1225,932725.9019159782,6849190.839180875,95.63400000000013,50.242500000000014,0.5253623188405792
2,1254,933803.4770470425,6846120.682009005,286.90199999999993,151.8018166481916,0.5291068610472971
2,1259,932938.2346409564,6847749.669124478,382.5360000000005,202.40242219758872,0.5291068610472961
2,1263,932435.4635561365,6848149.724083456,95.63400000000013,50.24249999999998,0.5253623188405788
2,1264,933252.3358924738,6848097.372223148,382.5360000000005,202.40242219758872,0.5291068610472961
2,1276,933847.6820580222,6847205.185409118,191.26800000000026,100.48500000000003,0.5253623188405792
2,1286,934673.991083819,6847021.510599964,95.63400000000013,50.24249999999999,0.5253623188405789
2,1287,933381.9421106977,6847579.111805747,2008.3139999999987,1007.3531108729326,0.5015914398211302
2,1288,934585.3148619072,6847019.359524057,95.63400000000013,50.60060554939717,0.529106861047296
2,1291,933850.9116504298,6848963.505684397,191.26800000000026,93.44757192462139,0.48856877221815076
2,1292,932805.0496518479,6847683.641794124,382.5360000000005,200.97000000000006,0.5253623188405792
2,1293,932125.5464688848,6848876.350531478,95.63400000000013,50.60060554939718,0.5291068610472961
2,1295,933416.3940094652,6847947.310047981,573.8039999999999,301.45500000000015,0.5253623188405802
2,1298,935305.043575921,6846601.857721872,95.63400000000013,38.4941955161419,0.4025157947606693
2,1315,933665.3307775545,6846952.389604265,191.26800000000026,60.69795123873791,0.31734504066931124
2,1323,933672.1940274703,6846955.293921815,382.5360000000005,202.40242219758875,0.5291068610472961
2,1324,931357.0651616496,6848640.778843057,95.63400000000013,50.60060554939719,0.5291068610472961
2,1326,933112.3811940777,6845802.219240351,95.63400000000013,35.797430412912554,0.37431698363461224
2,1332,931850.920546149,6848167.555214924,95.63400000000013,30.37651966321167,0.31763305585055135
2,1334,935025.5067839512,6847088.036877189,478.1699999999996,253.0030277469861,0.5291068610472976
2,1338,933656.6983436989,6845946.59795963,95.63400000000013,36.342910206456466,0.38002081065788756
2,1341,933121.2473073711,6848487.804495212,95.63400000000013,50.60060554939719,0.5291068610472961
2,1342,931339.55,6848374.75,95.63400000000013,50.242500000000014,0.5253623188405792
2,1343,935026.8568599509,6847620.248555565,95.63400000000013,50.242499999999964,0.5253623188405786
2,1352,933220.4453177034,6847986.40767698,860.706,452.18250000000023,0.5253623188405799
2,1367,934014.7477235027,6848686.654087539,382.5360000000005,202.40242219758872,0.5291068610472961
2,1371,933563.5716417324,6847244.560395807,669.4379999999994,354.2042388457807,0.5291068610472979
2,1375,933085.7992403114,6846201.696737376,95.63400000000013,50.60060554939718,0.5291068610472961
2,1378,933144.390818782,6848810.53846602,95.63400000000013,50.60060554939717,0.529106861047296
2,1379,932747.0864632871,6847074.525885944,860.706,455.4054499445749,0.5291068610472971
2,1383,933031.4044981838,6847062.862775538,382.5360000000005,202.40242219758875,0.5291068610472961
2,1390,933749.0255641763,6848921.476113366,765.0720000000009,401.94,0.525362318840579
2,1397,934030.0499999999,6846756.849999999,382.5360000000005,129.19908247748123,0.33774359139396304
2,1406,932907.2702633148,6848234.166425007,95.63400000000013,50.60060554939718,0.5291068610472961
2,1408,935279.6344126466,6847919.135186699,191.26800000000026,101.20121109879435,0.529106861047296
2,1409,932924.2998614637,6847804.208881705,191.26800000000026,92.4597933628936,0.48340440305170485
2,1413,932952.480461289,6847595.314299952,95.63400000000013,46.229896681446796,0.4834044030517048
2,1428,932273.2810115218,6847902.831123747,95.63400000000013,33.65420027301545,0.3519062286740636
2,1430,933696.6502082675,6847271.309655895,286.90199999999993,150.72750000000008,0.5253623188405802
2,1434,933659.4591317195,6847115.664754112,286.90199999999993,137.55655530968514,0.4794548497733901
2,1442,935390.009467688,6848052.977725397,95.63400000000013,36.77850510322744,0.38457562272023954
2,1446,935011.1163164232,6847046.170954415,573.8039999999999,230.0434830968519,0.4009095145674341
2,1449,933634.6590427163,6846490.226947354,95.63400000000013,37.152760825827094,0.38848903973301385
2,1452,933314.4020489826,6847584.965353334,382.5360000000005,202.40242219758872,0.5291068610472961
2,1454,932852.9522924719,6848149.85762564,382.5360000000005,129.15750247748105,0.3376348957417887
2,1455,934541.6070253011,6846697.833014002,95.63400000000013,37.884355516141916,0.39613898316646656
2,1478,932657.5502919139,6848553.211605296,95.63400000000013,50.60060554939718,0.5291068610472961
2,1500,933840.4453254323,6846564.355816297,95.63400000000013,50.60060554939721,0.5291068610472963
2,1501,933496.6828042775,6847473.529898852,9754.668000000003,4349.458186266851,0.4458847995920363
2,1503,932868.7502310319,6849348.737689595,7841.987999999982,4149.249655050568,0.529106861047298
2,1512,932380.6305992709,6847657.173835214,95.63400000000013,50.24250000000005,0.5253623188405795
2,1513,931865.7612991069,6848092.720067278,95.63400000000013,50.24250000000005,0.5253623188405795
2,1518,932554.1535490454,6849089.317023758,95.63400000000013,50.6006055493972,0.5291068610472963
2,1523,932204.8918919408,6847909.595844847,95.63400000000013,50.60060554939717,0.529106861047296
2,1527,932921.4995483749,6847510.441258074,95.63400000000013,50.60060554939717,0.529106861047296
2,1528,932486.4871053678,6847279.416509666,286.90199999999993,151.80181664819156,0.529106861047297
2,1530,933215.144524075,6847275.104188565,478.1699999999996,253.0030277469861,0.5291068610472976
2,1541,931781.4223539747,6848814.907858711,95.63400000000013,50.24249999999999,0.5253623188405789
2,1543,935287.7006408168,6847253.051417401,95.63400000000013,47.34450065262556,0.495059295361749
2,1565,934070.5367666233,6846322.311360278,95.63400000000013,50.24249999999996,0.5253623188405786
2,1589,931164.2942459702,6849078.516166822,95.63400000000013,50.60060554939719,0.5291068610472961
2,1593,934812.4380036973,6847917.764875916,191.26800000000026,100.48500000000003,0.5253623188405792
2,1595,931763.8967347816,6848810.751038256,95.63400000000013,50.60060554939719,0.5291068610472961
2,1599,932947.9073431644,6845661.948920181,95.63400000000013,50.24250000000004,0.5253623188405795
2,1613,933459.2428068469,6847196.975707174,95.63400000000013,50.600605549397166,0.5291068610472959
2,1615,931562.336893256,6848719.844807776,95.63400000000013,50.242500000000014,0.5253623188405792
2,1617,934532.8407368523,6847888.548809763,382.5360000000005,149.91285247748033,0.3918921421185983
2,1618,935516.3848454683,6847596.83302522,95.63400000000013,37.89622530968505,0.39626310004480625
2,1620,931063.333698664,6848295.470524312,95.63400000000013,46.2298966814468,0.48340440305170485
2,1621,933061.4,6847021.299999998,286.90199999999993,151.8018166481916,0.5291068610472971
2,1622,934336.3453574253,6847788.358546391,956.3399999999992,506.00605549397216,0.5291068610472975
2,1632,932923.620198441,6847352.466002573,286.90199999999993,151.80181664819156,0.529106861047297
2,1635,931152.2800419715,6849187.840455947,95.63400000000013,50.60060554939718,0.5291068610472961
2,1643,934092.8194361806,6849325.891344383,95.63400000000013,37.37054041291355,0.39076625899694145
2,1648,933566.6833042863,6846844.517819706,95.63400000000013,50.60060554939718,0.5291068610472961
2,1653,934863.7098353475,6849051.338538339,382.5360000000005,202.40242219758875,0.5291068610472961
2,1662,933390.8603133974,6846330.840234637,669.4379999999994,354.2042388457807,0.5291068610472979
2,1671,934395.4800293685,6848089.935485986,286.90199999999993,150.72750000000008,0.5253623188405802
2,1673,933403.5820387979,6846469.415412229,286.90199999999993,150.72750000000005,0.52536231884058
2,1695,933463.185499928,6847346.920452255,573.8039999999999,303.6036332963832,0.5291068610472971
2,1700,935559.5303746271,6849087.127163132,669.4379999999994,351.6975000000005,0.5253623188405809
2,1701,931199.3242956622,6849215.54846212,95.63400000000013,32.340355516141926,0.3381679686737131
2,1702,932818.55659602,6847327.823400533,286.90199999999993,150.72750000000008,0.5253623188405802
2,1707,932968.2458110051,6848023.127859831,286.90199999999993,113.48674654842586,0.39555927302154004
2,1720,932930.3444654951,6846290.010004138,382.5360000000005,200.97,0.525362318840579
2,1728,932853.3535925086,6849471.716274965,5451.1380000000045,2625.519894188625,0.48164619831466804
2,1732,932400.7865038629,6848937.067637364,95.63400000000013,50.242500000000014,0.5253623188405792
2,1738,932925.7213391722,6848269.128598682,95.63400000000013,50.60060554939721,0.5291068610472963
2,1741,934885.9438487042,6847686.739913288,95.63400000000013,43.71049530968362,0.45706020149406656
2,1755,934267.3723724807,6848305.474039348,573.8039999999999,303.6036332963832,0.5291068610472971
2,1756,934727.2887968638,6847339.298058327,478.1699999999996,253.0030277469861,0.5291068610472976
2,1758,933980.7903509858,6849895.460544048,95.63400000000013,50.242500000000014,0.5253623188405792
2,1767,932229.2917765066,6849494.96808008,95.63400000000013,50.24250000000001,0.525362318840579
2,1773,931148.5939045628,6848279.277150818,95.63400000000013,50.60060554939719,0.5291068610472961
2,1774,933895.7993839331,6848974.631798301,1434.5100000000018,759.0090832409584,0.5291068610472965
2,1775,933496.8032141168,6847648.33905257,765.0720000000009,401.94,0.525362318840579
2,1784,933698.0913414189,6849324.938037487,478.1699999999996,253.00302774698602,0.5291068610472974
2,1789,932604.6591669754,6847920.924021525,95.63400000000013,27.83088000000001,0.2910144927536229
2,1793,932791.9884076433,6847390.593070064,478.1699999999996,253.0030277469861,0.5291068610472976
2,1795,932005.696795279,6848716.295017858,95.63400000000013,50.60060554939714,0.5291068610472957
2,1796,935658.8513291207,6847726.632741917,6694.379999999996,3516.975000000001,0.5253623188405802
2,1797,935645.028331176,6847473.967383204,95.63400000000013,50.24250000000005,0.5253623188405795
2,1803,934292.8611387981,6846588.537202185,95.63400000000013,50.60060554939719,0.5291068610472961
2,1814,932207.1908266202,6849674.217606502,95.63400000000013,50.24250000000005,0.5253623188405795
2,1817,932027.5445922345,6848735.694520581,286.90199999999993,151.80181664819156,0.529106861047297
2,1820,933402.444423173,6846573.876318966,95.63400000000013,50.242500000000014,0.5253623188405792
2,1825,933885.997274446,6850026.931480075,95.63400000000013,50.24250000000001,0.525362318840579
2,1831,934042.2204724302,6848583.094417111,191.26800000000026,101.20121109879437,0.5291068610472961
2,1835,934771.9177263968,6848932.114547206,95.63400000000013,50.60060554939719,0.5291068610472961
2,1841,935201.489385902,6847009.958962963,95.63400000000013,47.611090206456765,0.49784689761441225
2,1856,931655.1549237602,6848819.276517017,95.63400000000013,50.60060554939717,0.529106861047296
2,1859,934665.3767805565,6847803.695768115,95.63400000000013,49.59207510322839,0.5185611299666261
2,1866,930963.1999999998,6849052.750000001,95.63400000000013,34.248842645175976,0.3581241257834654
2,1867,932341.2123431873,6848088.670580554,95.63400000000013,50.60060554939719,0.5291068610472961
2,1870,933360.4069588096,6849480.581387225,286.90199999999993,148.77622530968523,0.5185611299666272
2,1871,934703.7885432815,6847283.948746167,286.90199999999993,150.38792999999984,0.5241787439613522
2,1872,933435.9231581272,6848836.125151532,95.63400000000013,50.242500000000014,0.5253623188405792
2,1878,932252.2573270192,6848748.011339121,382.5360000000005,144.21934206456766,0.3770085483838579
2,1880,935358.2862071943,6846698.079555497,95.63400000000013,50.600605549397194,0.5291068610472962
2,1882,933752.0325735204,6847192.626957979,95.63400000000013,50.600605549397194,0.5291068610472962
2,1888,935221.8170686929,6846447.43117666,573.8039999999999,187.93872185810827,0.32753121598683227
2,1890,933368.9302095958,6849484.395273999,95.63400000000013,50.242500000000014,0.5253623188405792
2,1891,932292.3734602149,6847977.349415053,95.63400000000013,50.2425,0.525362318840579
2,1893,933519.6067936323,6849225.229774698,573.8039999999999,301.4550000000001,0.52536231884058
2,1898,932394.8712285741,6848140.582198092,95.63400000000013,50.60060554939717,0.529106861047296
2,1905,934921.5130440993,6848080.991273733,765.0720000000009,391.41436082582703,0.5116046082274956
2,1914,933031.0010705923,6846578.046929219,573.8039999999999,303.6036332963832,0.5291068610472971
2,1919,932043.7239302841,6848828.674357556,286.90199999999993,102.94920185810825,0.3588305479156934
2,1944,933843.3150708319,6849428.417539569,382.5360000000005,202.4024221975888,0.5291068610472963
2,1953,933817.9514630907,6846512.274816846,286.90199999999993,151.8018166481916,0.5291068610472971
2,1954,932951.3227339447,6849047.545216067,191.26800000000026,98.46144000000002,0.5147826086956516
2,1958,934238.2623247142,6847808.822001567,191.26800000000026,101.20121109879437,0.5291068610472961
2,1966,933017.362850736,6846969.745512116,95.63400000000013,49.16990521542533,0.5141466969427742
2,1967,931440.7249662618,6848438.391902835,478.1699999999996,150.70920545237263,0.31517913179909396
2,1968,934369.6587209826,6847928.829242838,382.5360000000005,200.97000000000003,0.525362318840579
2,1971,933238.0273212845,6847228.437295821,95.63400000000013,50.60060554939719,0.5291068610472961
2,1980,933152.8527642138,6845903.883869338,95.63400000000013,50.60060554939719,0.5291068610472961
2,1981,934584.9261823167,6847772.549362577,286.90199999999993,151.8018166481916,0.5291068610472971
2,1982,933867.1369841449,6848673.49216118,573.8039999999999,303.6036332963832,0.5291068610472971
2,1985,932949.8723969597,6848120.041013041,95.63400000000013,49.93532554939716,0.5221503393081655
2,1986,933101.8960214544,6847404.04204379,95.63400000000013,50.60060554939719,0.5291068610472961
2,1987,935159.2973042361,6846735.817089468,4781.7000000000035,1918.7124235761316,0.4012615646268336
2,1991,930929.6674209344,6849003.383803096,95.63400000000013,50.60060554939718,0.5291068610472961
2,1993,934642.4641922183,6848263.352315542,4972.968000000005,2631.2314885686565,0.5291068610472969
2,1994,933020.0117324587,6847115.725649899,669.4379999999994,354.2042388457806,0.5291068610472978
2,1999,933604.5537012517,6846134.778865583,95.63400000000013,50.600605549397244,0.5291068610472968
2,2006,932648.8423650521,6848794.01889634,95.63400000000013,50.60060554939719,0.5291068610472961
2,2010,934029.0480396533,6848677.318937064,478.1699999999996,251.21250000000015,0.5253623188405805
2,2014,933893.638884413,6849793.23092325,1912.6799999999985,1012.0121109879441,0.5291068610472974
2,2015,934316.983301867,6848276.498498619,669.4379999999994,315.8834386129936,0.47186362084762723
2,2017,933655.0943946119,6849426.629276863,191.26800000000026,101.20121109879437,0.5291068610472961
2,2019,932992.0042073738,6849092.844629564,95.63400000000013,50.60060554939721,0.5291068610472963
2,2022,933253.0357546263,6847409.613920932,382.5360000000005,150.57415206456747,0.3936208672244371
2,2026,933730.5409501253,6847380.119351482,956.3399999999992,506.00605549397216,0.5291068610472975
2,2035,933879.2481645971,6850019.809688686,478.1699999999996,251.21250000000018,0.5253623188405805
2,2036,933125.4886456259,6848455.671671097,95.63400000000013,50.60060554939718,0.5291068610472961
2,2037,933789.8168700603,6848803.717846574,286.90199999999993,151.80181664819156,0.529106861047297
2,2047,931073.3400753213,6849173.23822921,95.63400000000013,50.60060554939718,0.5291068610472961
2,2052,935235.5378735515,6847047.770678321,95.63400000000013,50.24249999999999,0.5253623188405789
2,2054,932130.4478728652,6848851.06553351,95.63400000000013,50.60060554939719,0.5291068610472961
2,2057,935747.4785282523,6848910.678588116,382.5360000000005,202.40242219758875,0.5291068610472961
2,2063,932654.9910543839,6849059.426910839,95.63400000000013,47.84545085908144,0.5002974973239787
2,2064,932890.7842346423,6847531.49616744,95.63400000000013,50.60060554939718,0.5291068610472961
2,2067,930899.1712648624,6849140.413777368,95.63400000000013,50.2425,0.525362318840579
2,2071,932789.4579024279,6848633.905616297,286.90199999999993,151.80181664819156,0.529106861047297
2,2092,931641.1059172935,6848024.850983582,95.63400000000013,50.60060554939718,0.5291068610472961
2,2100,932383.5859578287,6847894.576581425,95.63400000000013,50.60060554939718,0.5291068610472961
2,2109,933685.2561569852,6845967.951446232,286.90199999999993,151.8018166481916,0.5291068610472971
2,2114,931262.6673169481,6848407.904583653,95.63400000000013,50.24249999999999,0.5253623188405789
2,2142,932442.9077383422,6847638.296397463,95.63400000000013,50.242500000000014,0.5253623188405792
2,2143,933171.3466677275,6846997.67907285,95.63400000000013,50.600605549397166,0.5291068610472959
2,2148,934173.6630739766,6848650.992333114,382.5360000000005,200.97000000000003,0.525362318840579
2,2153,931823.8158694621,6848788.636210058,95.63400000000013,50.60060554939717,0.529106861047296
2,2159,932810.8920277229,6846673.162562542,95.63400000000013,50.60060554939719,0.5291068610472961
2,2162,934562.8776707597,6849630.412578059,2486.4840000000036,1306.3050000000014,0.5253623188405795
2,2177,932653.9587030265,6847833.173949223,95.63400000000013,50.60060554939717,0.529106861047296
2,2181,932991.4500000001,6846551.2,382.5360000000005,202.4024221975888,0.5291068610472963
2,2186,933634.8514635443,6845996.718609191,286.90199999999993,79.41087000000003,0.27678743961352675
2,2213,933777.824933748,6849932.68672658,95.63400000000013,50.600605549397166,0.5291068610472959
2,2217,932720.9610788854,6847620.426721293,95.63400000000013,50.60060554939725,0.5291068610472968
2,2222,933587.9840224986,6848654.727627399,478.1699999999996,251.21250000000023,0.5253623188405806
2,2225,932937.6211413153,6846953.8374814,2199.582000000002,1132.3065600000004,0.5147826086956518
2,2232,934895.997112198,6848931.197521312,3634.0920000000024,1473.313029613393,0.40541434548530747
2,2240,933959.8557286297,6849210.387702396,478.1699999999996,253.00302774698608,0.5291068610472975
2,2241,933434.5744326321,6848187.087667036,669.4379999999994,354.20423884578037,0.5291068610472974
2,2246,932176.7822179435,6848940.891756868,95.63400000000013,30.73259551614192,0.32135637447081455
2,2248,933941.4357135862,6847236.117660888,286.90199999999993,108.40407123873999,0.3778435536829301
2,2255,934006.0280070463,6849384.836061255,95.63400000000013,50.60060554939717,0.529106861047296
2,2266,933228.051705964,6847216.623321312,669.4379999999994,340.33734456837925,0.5083926286950838
2,2275,933108.059423806,6847993.388445793,191.26800000000026,101.20121109879436,0.5291068610472961
2,2276,933536.6525253657,6846238.666330117,191.26800000000026,101.20121109879437,0.5291068610472961
2,2284,933153.68938504,6848934.039313093,95.63400000000013,50.60060554939721,0.5291068610472963
2,2288,933386.4499999998,6846483.25,95.63400000000013,48.91194000000001,0.5114492753623182
2,2289,933581.579768654,6847419.41873476,478.1699999999996,253.00302774698608,0.5291068610472975
2,2292,934336.9732624381,6848127.264639942,573.8039999999999,303.6036332963832,0.5291068610472971
2,2304,933011.5804336402,6846674.567549279,95.63400000000013,50.60060554939719,0.5291068610472961
2,2309,934291.1354035112,6847796.684458342,286.90199999999993,151.8018166481916,0.5291068610472971
2,2327,933299.9280721815,6847731.784210083,2008.3139999999987,1055.0925,0.52536231884058
2,2332,933737.0782240883,6846254.983170826,956.3399999999992,506.0060554939722,0.5291068610472976
2,2334,934247.396492271,6847852.84560543,382.5360000000005,202.40242219758872,0.5291068610472961
2,2335,934911.1305456787,6846905.776096335,95.63400000000013,48.27637020645676,0.5048034193535427
2,2342,932996.824325659,6849403.580652899,95.63400000000013,50.60060554939721,0.5291068610472963
2,2355,931059.6612519325,6849082.096368605,95.63400000000013,50.60060554939719,0.5291068610472961
2,2356,933365.6681938514,6849191.100049103,478.1699999999996,253.00302774698608,0.5291068610472975
2,2358,933978.3742099669,6846931.123823108,382.5360000000005,184.9195867257872,0.48340440305170485
2,2359,934564.1542270199,6847449.88922913,478.1699999999996,231.14948340723413,0.4834044030517061
2,2369,932845.5188069531,6847096.889654644,573.8039999999999,301.45500000000015,0.5253623188405802
2,2373,934221.8726465912,6847043.507869373,1147.6079999999997,607.2072665927662,0.529106861047297
2,2374,935902.9296486602,6847483.477815761,95.63400000000013,50.60060554939718,0.5291068610472961
2,2375,933637.7410338114,6846483.467728802,95.63400000000013,50.60060554939717,0.529106861047296
2,2382,933623.7655068315,6847405.007370115,191.26800000000026,101.20121109879437,0.5291068610472961
2,2393,934405.7129472577,6847928.223612217,478.1699999999996,231.1494834072341,0.48340440305170607
2,2403,933598.6619668251,6846635.414054655,3825.3599999999974,2009.7000000000019,0.5253623188405806
2,2409,933076.8673111195,6847322.35075584,286.90199999999993,151.8018166481916,0.5291068610472971
2,2420,933482.2238882649,6848292.001256669,95.63400000000013,50.60060554939719,0.5291068610472961
2,2421,933020.2926462662,6845610.864918936,95.63400000000013,50.60060554939717,0.529106861047296
2,2429,933076.5998367347,6845541.219755102,1912.6799999999985,1012.0121109879444,0.5291068610472976
2,2435,933737.3581051198,6849874.596146358,478.1699999999996,253.00302774698608,0.5291068610472975
2,2448,931055.1553954401,6849026.072248156,95.63400000000013,40.92762061937024,0.42796098269831007
2,2449,933036.9742657819,6847291.468121953,3920.993999999992,2074.624827525285,0.5291068610472981
2,2459,933013.0903256062,6846537.229809281,95.63400000000013,49.41089999999977,0.5166666666666636
2,2461,932127.1601602657,6848785.852961083,478.1699999999996,253.00302774698608,0.5291068610472975
2,2462,933145.8224174217,6847686.782346077,1147.6079999999997,607.2072665927664,0.5291068610472971
2,2464,933205.9429960123,6849370.980979131,95.63400000000013,50.60060554939719,0.5291068610472961
2,2470,931538.7226197714,6848644.780463163,95.63400000000013,50.60060554939717,0.529106861047296
2,2482,932711.9639220131,6848552.918094017,573.8039999999999,303.6036332963831,0.529106861047297
2,2486,934004.6777686334,6848097.202529021,669.4379999999994,255.592474335592,0.38180156240845636
2,2523,931063.6029828484,6848157.581580908,95.63400000000013,50.60060554939715,0.5291068610472958
2,2524,932997.911461065,6846285.136529306,573.8039999999999,301.45500000000015,0.5253623188405802
2,2548,934894.7879050018,6847662.207871853,765.0720000000009,401.94,0.525362318840579
2,2556,933470.2277299876,6849751.426386676,286.90199999999993,150.72750000000008,0.5253623188405802
2,2560,932806.1220757362,6848963.273006078,95.63400000000013,30.746455516136017,0.3215013020069847
2,2563,933895.9057904287,6848917.468076777,1338.8759999999988,708.4084776915614,0.5291068610472979
2,2566,931269.7951326586,6848407.609934053,95.63400000000013,50.60060554939719,0.5291068610472961
2,2572,932809.3801878536,6847423.830605187,382.5360000000005,202.4024221975888,0.5291068610472963
2,2574,933909.4305922084,6846446.866316983,95.63400000000013,50.60060554939717,0.529106861047296
2,2575,934259.319901933,6846628.359574985,191.26800000000026,101.20121109879437,0.5291068610472961
2,2576,934014.1489775699,6849265.240250776,478.1699999999996,253.0030277469861,0.5291068610472976
2,2584,933040.8783513288,6845556.531321797,765.0720000000009,309.1652833033082,0.40409959233027454
2,2586,932470.2821232965,6847645.187740461,478.1699999999996,253.0030277469861,0.5291068610472976
2,2587,934657.8281105991,6848056.242959551,382.5360000000005,202.40242219758875,0.5291068610472961
2,2602,933625.9225697203,6847455.939397058,2486.4840000000036,1018.5325961036286,0.4096276493649777
2,2607,933255.4492382691,6849604.699327238,382.5360000000005,202.40242219758875,0.5291068610472961
2,2613,935272.0285848194,6846519.313683139,95.63400000000013,50.2425,0.525362318840579
2,2622,933012.3506253621,6847466.907520914,95.63400000000013,50.60060554939716,0.5291068610472959
2,2627,931138.4675792141,6848410.867938702,95.63400000000013,50.60060554939719,0.5291068610472961
2,2629,933481.7618535686,6848810.952893299,95.63400000000013,50.60060554939719,0.5291068610472961
2,2632,933475.5197803773,6849741.713825909,95.63400000000013,50.60060554939717,0.529106861047296
2,2633,935727.6009906246,6848938.370843408,95.63400000000013,50.242500000000014,0.5253623188405792
2,2635,935081.5569495565,6848060.288042907,478.1699999999996,251.21250000000023,0.5253623188405806
2,2637,934783.801844718,6846529.003490766,669.4379999999994,354.20423884578065,0.5291068610472979
2,2640,935174.7597049887,6847478.814164927,669.4379999999994,354.20423884578076,0.529106861047298
2,2648,933003.4482975306,6847786.502171392,573.8039999999999,303.6036332963831,0.529106861047297
2,2671,932332.2791598153,6848547.571650616,95.63400000000013,50.24249999999992,0.5253623188405782
2,2679,934490.4890779282,6849183.756763681,286.90199999999993,150.72750000000005,0.52536231884058
2,2685,934307.567153058,6849262.830839285,191.26800000000026,101.20121109879436,0.5291068610472961
2,2687,934132.0684756173,6849184.764989967,669.4379999999994,354.20423884578076,0.529106861047298
2,2697,934681.3707484275,6849504.110636791,573.8039999999999,303.6036332963832,0.5291068610472971
2,2698,933483.2016762329,6846184.651943231,95.63400000000013,50.24250000000001,0.525362318840579
2,2700,934195.2555759713,6847872.74268053,956.3399999999992,489.384006526256,0.511725962028417
2,2703,935765.3480827665,6848890.967788069,95.63400000000013,50.242500000000014,0.5253623188405792
2,2712,931989.5075826109,6848815.909486438,95.63400000000013,50.24250000000005,0.5253623188405795
2,2716,933919.5432474719,6848814.880862432,95.63400000000013,50.242500000000014,0.5253623188405792
2,2719,932713.6501408679,6849216.71095535,95.63400000000013,50.60060554939718,0.5291068610472961
2,2733,931654.4545178118,6848355.248492203,95.63400000000013,50.60060554939719,0.5291068610472961
2,2751,932725.6318672142,6849166.322288568,95.63400000000013,50.60060554939717,0.529106861047296
2,2757,933966.3308532998,6849470.133543505,382.5360000000005,202.40242219758872,0.5291068610472961
2,2759,934763.6993735573,6849121.318455808,478.1699999999996,253.00302774698608,0.5291068610472975
2,2763,934847.0716137639,6849078.020493756,95.63400000000013,50.600605549397194,0.5291068610472962
2,2766,933033.5665044223,6847055.275051028,765.0720000000009,404.8048443951775,0.5291068610472962
2,2772,933276.8758109809,6847099.378991149,669.4379999999994,351.6975000000005,0.5253623188405809
2,2773,931085.8753360766,6848441.261920439,95.63400000000013,30.25542061937028,0.3163667797997599
2,2782,934586.3334531521,6849549.13800265,95.63400000000013,50.60060554939719,0.5291068610472961
2,2804,933108.6917934091,6848498.578453737,95.63400000000013,50.24250000000001,0.525362318840579
2,2805,934698.8340462637,6847787.501964405,95.63400000000013,50.24250000000004,0.5253623188405795
2,2815,932258.5302353167,6848065.688463129,95.63400000000013,50.60060554939723,0.5291068610472965
2,2828,933823.6704756235,6846626.130620549,95.63400000000013,50.60060554939721,0.5291068610472963
2,2829,934511.711178373,6849656.789802096,95.63400000000013,50.60060554939718,0.5291068610472961
2,2831,932834.2631588128,6845615.638849138,95.63400000000013,50.24250000000001,0.525362318840579
2,2832,932222.5188881449,6848228.565027908,95.63400000000013,36.16571551614192,0.37816796867371305
2,2867,933938.5781766436,6849039.644582967,956.3399999999992,506.00605549397216,0.5291068610472975
2,2887,933616.0310300704,6849507.580489291,95.63400000000013,50.24249999999999,0.5253623188405789
2,2894,931551.8116248717,6848211.751710637,95.63400000000013,49.592075103228396,0.5185611299666262
2,2900,934110.1617266283,6848776.536173536,478.1699999999996,217.61692654842588,0.45510367975495336
2,2907,935270.6874801514,6847941.287235863,95.63400000000013,50.600605549397166,0.5291068610472959
2,2909,933417.651519094,6846385.800270402,95.63400000000013,50.60060554939717,0.529106861047296
2,2911,934647.5631821638,6847955.287977752,95.63400000000013,50.60060554939717,0.529106861047296
2,2912,932851.0469290006,6848640.907881066,191.26800000000026,101.20121109879436,0.5291068610472961
2,2913,934469.8863960137,6846883.017687561,191.26800000000026,101.20121109879436,0.5291068610472961
2,2917,932954.6814078767,6845878.852682536,95.63400000000013,50.24250000000004,0.5253623188405795
2,2919,933522.9092449782,6846206.409738901,95.63400000000013,50.60060554939719,0.5291068610472961
2,2930,934170.9875588336,6847316.382229542,19796.238000000012,9550.720214137313,0.4824512725163896
2,2940,934109.0032918499,6848525.174249901,286.90199999999993,114.77274123874066,0.4000416213157827
2,2944,932596.9345451591,6848657.971359439,95.63400000000013,50.60060554939719,0.5291068610472961
2,2945,932360.9504937518,6849056.424959948,95.63400000000013,50.60060554939719,0.5291068610472961
2,2949,933674.1037125748,6847490.616872921,5164.2360000000035,2732.432699667447,0.5291068610472963
2,2956,934764.9410536659,6848946.117724834,95.63400000000013,50.600605549397194,0.5291068610472962
2,2967,932377.4521713901,6848997.563900442,95.63400000000013,49.71067237485316,0.5198012461556883
2,2974,935008.1288978191,6848023.676969793,1338.8759999999988,703.395000000001,0.5253623188405809
2,2975,932748.2481239472,6849090.744064007,95.63400000000013,50.60060554939715,0.5291068610472958
2,2981,931000.0429503515,6848417.224562477,95.63400000000013,28.4447004129135,0.29743292566360774
2,2998,933580.4949815979,6848994.802538438,286.90199999999993,151.80181664819156,0.529106861047297
2,2999,933865.4411252944,6849365.182767268,95.63400000000013,50.60060554939719,0.5291068610472961
2,3005,932558.113478356,6849020.690788515,382.5360000000005,202.4024221975887,0.529106861047296
2,3009,932943.9644526445,6847201.310332103,95.63400000000013,31.722590412910982,0.3317082879824219
2,3010,934469.2988666979,6849213.242572014,669.4379999999994,354.2042388457803,0.5291068610472973
2,3011,931950.9900668641,6848840.864020167,1051.9740000000002,552.6675000000004,0.5253623188405799
2,3024,935087.7188284715,6847685.164301794,95.63400000000013,35.06185530968444,0.3666254188853796
2,3035,932757.8124520397,6847034.292640529,478.1699999999996,251.21250000000023,0.5253623188405806
2,3037,934804.1614253182,6848962.162149551,95.63400000000013,50.60060554939717,0.529106861047296
2,3038,933173.4725524306,6848594.391891371,95.63400000000013,50.60060554939718,0.5291068610472961
2,3046,933049.5437145783,6846586.842985544,286.90199999999993,151.80181664819148,0.5291068610472967
2,3048,931980.0334908093,6849693.61729619,5738.040000000007,3036.0363329638335,0.5291068610472965
2,3052,935045.2539926738,6848014.818906238,191.26800000000026,59.0584908258238,0.30877350537373593
2,3060,933429.8069016155,6847282.780469898,382.5360000000005,202.40242219758875,0.5291068610472961
2,3071,932311.2617889594,6848221.656597645,95.63400000000013,35.47072530968516,0.3709007812042277
2,3083,933834.5509266643,6849458.143479521,95.63400000000013,50.60060554939719,0.5291068610472961
2,3084,933044.9843432135,6845746.11829151,95.63400000000013,50.60060554939719,0.5291068610472961
2,3089,932687.1986175409,6845828.151471858,19126.80000000001,10048.500000000004,0.5253623188405796
2,3090,930984.0416091264,6848122.068487941,95.63400000000013,49.592075103228375,0.518561129966626
2,3093,932892.5144818043,6848153.331548346,1243.2420000000016,657.8078721421646,0.5291068610472971
2,3096,933181.3689903846,6847454.546891024,95.63400000000013,50.24249999999997,0.5253623188405787
2,3111,934731.2800897987,6849427.91402658,95.63400000000013,40.84848701395102,0.4271335196054852
2,3130,933357.8288500422,6848583.6812801,95.63400000000013,50.60060554939719,0.5291068610472961
2,3137,933667.9998555039,6849393.456705902,669.4379999999994,276.2368371677961,0.4126399116390112
2,3140,933936.2210248903,6849270.449769732,95.63400000000013,50.60060554939718,0.5291068610472961
2,3154,932680.0510835915,6848716.498791098,95.63400000000013,47.62594530968516,0.4980022304795898
2,3158,932603.4845990295,6849499.970707498,95.63400000000013,50.24249999999999,0.5253623188405789
2,3160,933159.2459904756,6847556.811415642,573.8039999999999,301.45500000000015,0.5253623188405802
2,3180,931840.0364919496,6848481.373074683,95.63400000000013,50.60060554939721,0.5291068610472963
2,3188,934248.338633034,6847654.755009873,382.5360000000005,202.40242219758872,0.5291068610472961
2,3190,935061.0198491276,6848867.332437529,382.5360000000005,184.9195867257872,0.48340440305170485
2,3197,934879.4848362653,6847908.905125476,382.5360000000005,159.7717659846493,0.4176646537440897
2,3209,933030.5802565513,6849324.936221368,95.63400000000013,50.60060554939719,0.5291068610472961
2,3221,934982.7831308224,6847125.565978128,95.63400000000013,46.2298966814468,0.48340440305170485
2,3230,933207.1831924296,6845738.949504228,95.63400000000013,50.60060554939719,0.5291068610472961
2,3231,934131.7252728066,6846377.990411756,382.5360000000005,202.40242219758883,0.5291068610472963
2,3241,933734.4045626945,6846694.560679891,191.26800000000026,101.20121109879436,0.5291068610472961
2,3249,934458.0315872943,6848004.816827565,1147.6079999999997,607.2072665927664,0.5291068610472971
2,3257,932101.3959918823,6848104.564417385,95.63400000000013,50.60060554939717,0.529106861047296
2,3265,933532.3177711489,6847433.339234221,286.90199999999993,138.68969004434047,0.4834044030517058
2,3266,933232.1753877427,6849218.888269838,95.63400000000013,30.51083551614192,0.3190375338911044
2,3267,932950.8641946646,6848057.336110353,382.5360000000005,176.49277698066987,0.4613756012000691
2,3271,933197.3737451634,6849129.873875021,95.63400000000013,50.60060554939719,0.5291068610472961
2,3275,934089.1833912884,6848227.132253187,382.5360000000005,202.40242219758875,0.5291068610472961
2,3282,933883.7502949322,6846271.549668954,95.63400000000013,50.19173554939884,0.5248314987284729
2,3284,933645.1926943954,6849528.162162034,1147.6079999999997,402.2006761937007,0.35046869331139274
2,3301,933109.6749525459,6847040.411862122,95.63400000000013,50.24250000000001,0.525362318840579
2,3308,933222.7069827308,6849373.442949225,95.63400000000013,50.242500000000014,0.5253623188405792
2,3313,932920.2532486931,6847578.21961663,95.63400000000013,29.512915516141913,0.3086027512824087
2,3318,932760.2618184794,6848848.038407102,95.63400000000013,50.60060554939721,0.5291068610472963
2,3320,933045.2982306379,6845854.056857573,95.63400000000013,50.60060554939718,0.5291068610472961
2,3328,932953.5902784644,6847817.191291811,95.63400000000013,45.44866596231071,0.4752354388848177
2,3337,933914.7939896334,6849495.017388902,95.63400000000013,50.60060554939718,0.5291068610472961
2,3339,934298.8101396739,6847652.166010731,573.8039999999999,182.5302293806299,0.3181055367000403
2,3340,932340.6961934872,6848548.889666506,95.63400000000013,50.24250000000005,0.5253623188405795
2,3346,933454.8117433606,6847771.921535234,382.5360000000005,202.40242219758875,0.5291068610472961
2,3356,932914.9467057909,6848253.138068367,95.63400000000013,42.44131020645677,0.44378892659991964
2,3357,932693.4573041778,6849130.022978044,95.63400000000013,46.229896681446796,0.4834044030517048
2,3369,933090.5326518745,6846116.129314355,95.63400000000013,35.23411020645676,0.36842660775933994
2,3378,931696.1871895962,6848049.034365503,95.63400000000013,50.60060554939719,0.5291068610472961
2,3382,930969.1326032159,6849015.916222512,95.63400000000013,50.2425,0.525362318840579
2,3405,931508.3340447227,6848353.640708405,95.63400000000013,50.60060554939719,0.5291068610472961
2,3408,934513.7968462162,6847948.034210852,382.5360000000005,153.59759818194752,0.40152455764149597
2,3421,931632.0746740052,6848716.554849972,95.63400000000013,50.242500000000014,0.5253623188405792
2,3423,932826.6530698624,6845911.829827197,95.63400000000013,48.94165020645675,0.511759941092673
2,3428,932337.8896686888,6847900.158708976,95.63400000000013,46.2298966814468,0.48340440305170485
2,3429,933418.6933125727,6848665.157352179,191.26800000000026,101.20121109879436,0.5291068610472961
2,3447,933162.1044785219,6846684.22469924,286.90199999999993,151.80181664819156,0.529106861047297
2,3448,933196.8276957653,6849158.596633975,20752.57799999998,10980.331404219189,0.5291068610472973
2,3449,933381.0130647938,6848088.87197537,3825.3599999999974,2024.0242219758888,0.5291068610472975
2,3451,933160.9136418282,6848676.530128162,1147.6079999999997,607.2072665927665,0.5291068610472972
2,3457,933456.3651752224,6849176.670927228,573.8039999999999,277.37938008868093,0.4834044030517058
2,3471,932255.3246537161,6848666.568756543,95.63400000000013,50.600605549397166,0.5291068610472959
2,3472,934769.5591585055,6848936.769785999,95.63400000000013,50.600605549397194,0.5291068610472962
2,3473,934919.4272727272,6848924.193761141,95.63400000000013,50.60060554939721,0.5291068610472963
2,3475,933131.0898075884,6847176.397231024,95.63400000000013,50.24249999999998,0.5253623188405788
2,3479,932919.45134138,6845875.644784028,95.63400000000013,50.60060554939719,0.5291068610472961
2,3488,934381.0664416045,6848107.821392968,478.1699999999996,253.00302774698608,0.5291068610472975
2,3491,933535.7175819306,6849488.034626496,1530.1440000000018,739.6783469031486,0.4834044030517048
2,3492,934675.6810709912,6846934.517346116,191.26800000000026,101.20121109879436,0.5291068610472961
2,3493,932436.9229368208,6847431.792940144,286.90199999999993,151.80181664819153,0.5291068610472969
2,3499,934123.7984950583,6846706.811903033,95.63400000000013,50.60060554939719,0.5291068610472961
2,3504,933140.7704660035,6847146.130810263,573.8039999999999,303.6036332963832,0.5291068610472971
2,3505,934283.9894236933,6849624.23397339,382.5360000000005,202.40242219758875,0.5291068610472961
2,3511,931740.8743534344,6848813.335889188,95.63400000000013,50.60060554939718,0.5291068610472961
2,3512,931756.8703232885,6848160.326152575,382.5360000000005,191.72432302341505,0.5011928890964897
2,3517,935152.8295970311,6846549.656556708,4016.6279999999974,2097.907587410273,0.522305672173344
2,3522,931011.4232523761,6849008.240413208,95.63400000000013,50.60060554939719,0.5291068610472961
2,3531,934351.3381318733,6848060.068803197,1051.9740000000002,556.6066610433692,0.5291068610472969
2,3533,934496.770216343,6846630.009770911,2486.4840000000036,1306.305000000002,0.5253623188405798
2,3539,934524.4559875464,6848321.037714834,478.1699999999996,253.0030277469861,0.5291068610472976
2,3540,932979.4196255435,6846475.273545639,95.63400000000013,50.24250000000005,0.5253623188405795
2,3541,934046.6924758845,6847402.096848875,95.63400000000013,50.60060554939719,0.5291068610472961
2,3542,933812.9697992915,6846615.180508737,95.63400000000013,42.34080615484133,0.44273800274840824
2,3544,934218.6169073643,6846595.463498896,95.63400000000013,50.24250000000001,0.525362318840579
2,3545,932081.0823280098,6848858.324612869,95.63400000000013,50.24249999999998,0.5253623188405788
2,3546,934907.2159709046,6846911.548626924,95.63400000000013,50.60060554939717,0.529106861047296
2,3554,933049.4297193069,6845647.620193922,95.63400000000013,27.67096442008869,0.2893423303436921
2,3555,933236.2659956268,6848199.545599157,382.5360000000005,202.40242219758872,0.5291068610472961
2,3561,933923.6570998712,6848951.727470415,669.4379999999994,351.6975000000005,0.5253623188405809
2,3571,933802.6818073626,6847085.425155607,95.63400000000013,37.06068061937021,0.38752620008961414
2,3581,934360.9737945496,6846700.545963623,286.90199999999993,151.8018166481916,0.5291068610472971
2,3585,932852.0690821258,6849091.496876827,95.63400000000013,50.600605549397194,0.5291068610472962
2,3594,934398.7215651451,6847300.866565865,382.5360000000005,202.40242219758875,0.5291068610472961
2,3595,933292.7961439796,6848570.173755133,95.63400000000013,50.6006055493972,0.5291068610472963
2,3597,932737.0952229168,6847714.113365347,95.63400000000013,50.600605549397194,0.5291068610472962
2,3599,933149.9903720734,6847151.400086416,95.63400000000013,50.60060554939719,0.5291068610472961
2,3614,932012.1844376358,6848270.84772118,95.63400000000013,50.60060554939719,0.5291068610472961
2,3618,932806.2164886158,6846538.039988075,95.63400000000013,45.10032515023679,0.47159300196830345
2,3633,934163.9291258967,6846446.367351598,95.63400000000013,50.24250000000005,0.5253623188405795
2,3643,935272.7614041651,6847926.744899614,95.63400000000013,50.242500000000014,0.5253623188405792
2,3644,934415.8368432525,6847729.648506651,1051.9740000000002,528.4343994499058,0.502326482831235
2,3648,933502.9898960805,6849024.681840701,2390.8500000000013,807.3408307150248,0.33767941556978665
2,3649,934127.181421306,6846589.627613392,382.5360000000005,202.40242219758872,0.5291068610472961
2,3654,933450.3736755265,6847364.58267207,286.90199999999993,151.80181664819156,0.529106861047297
2,3655,933476.732924156,6846204.566715378,765.0720000000009,404.8048443951773,0.529106861047296
2,3656,932888.4133002639,6846499.599057233,95.63400000000013,50.600605549397166,0.5291068610472959
2,3657,934311.3844453053,6847745.675093043,765.0720000000009,404.8048443951774,0.5291068610472961
2,3659,933833.0285931318,6848020.341927996,286.90199999999993,151.80181664819165,0.5291068610472973
2,3660,933724.3485816349,6849942.248057228,95.63400000000013,50.60060554939721,0.5291068610472963
2,3663,932430.8100968391,6849257.533740496,95.63400000000013,50.60060554939719,0.5291068610472961
2,3673,933940.6442166923,6846169.365255107,478.1699999999996,253.00302774698602,0.5291068610472974
2,3676,932691.5839819267,6847728.055443812,95.63400000000013,50.60060554939718,0.5291068610472961
2,3685,935156.6565052232,6846981.409591642,765.0720000000009,401.77367999999973,0.5251449275362309
2,3689,932846.8120907698,6847741.236409461,286.90199999999993,148.77622530968523,0.5185611299666272
2,3698,933928.4919071437,6846767.355765039,95.63400000000013,50.60060554939718,0.5291068610472961
2,3708,933474.593117562,6846307.145334223,95.63400000000013,50.60060554939721,0.5291068610472963
2,3723,934527.6731995646,6847975.977948878,95.63400000000013,50.60060554939719,0.5291068610472961
2,3727,932997.8373903161,6847396.467944797,573.8039999999999,303.6036332963832,0.5291068610472971
2,3729,932872.5172304763,6846400.151099049,95.63400000000013,50.60060554939719,0.5291068610472961
2,3731,932901.5392000685,6846476.85250942,95.63400000000013,50.60060554939716,0.5291068610472959
2,3741,933243.9993525164,6849677.280442782,95.63400000000013,50.60060554939719,0.5291068610472961
2,3744,932341.7903453063,6848002.773033147,191.26800000000026,99.87065109879438,0.5221503393081658
2,3761,933444.2040126913,6847418.508992265,191.26800000000026,100.48499999999999,0.5253623188405789
2,3762,932279.5831039717,6848555.029526093,95.63400000000013,50.60060554939719,0.5291068610472961
2,3767,933195.795523818,6847320.182440161,191.26800000000026,101.20121109879435,0.529106861047296
2,3776,933161.3794582745,6847285.240911226,95.63400000000013,50.60060554939718,0.5291068610472961
2,3780,932560.0121586453,6847591.871910926,382.5360000000005,202.40242219758883,0.5291068610472963
2,3797,934717.7342916959,6849053.281722192,382.5360000000005,202.40242219758872,0.5291068610472961
2,3804,932110.0432752873,6848937.32244041,95.63400000000013,50.60060554939719,0.5291068610472961
2,3811,933776.5406718854,6848890.225653404,765.0720000000009,404.8048443951774,0.5291068610472961
2,3821,931572.9479239767,6848282.303114035,95.63400000000013,50.2425,0.525362318840579
2,3823,932405.3584542188,6849347.166213853,765.0720000000009,404.8048443951774,0.5291068610472961
2,3825,935288.6000000001,6847277.95,95.63400000000013,46.2298966814468,0.48340440305170485
2,3834,934217.8225799891,6847850.804458992,286.90199999999993,146.78038530968524,0.5116046082274968
2,3837,933394.5542787665,6846581.815062854,95.63400000000013,36.51848661767734,0.3818567310546175
2,3839,933850.9652616823,6849200.300142374,382.5360000000005,128.41496165165415,0.3356937952288255
2,3840,934777.6225288104,6848228.240780718,286.90199999999993,151.8018166481916,0.5291068610472971
2,3842,935277.9881039662,6846599.554994655,95.63400000000013,50.60060554939716,0.5291068610472959
2,3843,934449.1654962597,6848097.665683573,1434.5100000000018,759.0090832409584,0.5291068610472965
2,3847,932910.7390108127,6847190.169400483,669.4379999999994,354.2042388457805,0.5291068610472975
2,3849,931212.9344113304,6847915.426831516,95.63400000000013,50.60060554939719,0.5291068610472961
2,3856,933598.2995934958,6846128.960365853,95.63400000000013,50.24250000000001,0.525362318840579
2,3858,934107.1124953543,6849121.242295397,95.63400000000013,50.60060554939718,0.5291068610472961
2,3860,932947.8099547762,6846192.836747188,95.63400000000013,50.60060554939718,0.5291068610472961
2,3861,933904.6743906136,6849256.942495551,95.63400000000013,50.60060554939717,0.529106861047296
2,3863,933701.7216519319,6846226.789677472,95.63400000000013,36.37634889009586,0.38037046332994345
2,3865,933772.5033308029,6849225.011970352,382.5360000000005,202.40242219758872,0.5291068610472961
2,3873,934817.4113880974,6848981.461530548,95.63400000000013,50.60060554939718,0.5291068610472961
2,3874,931234.2953791309,6848009.97946585,95.63400000000013,49.59207510322838,0.5185611299666261
2,3877,933439.7223227485,6848154.224511753,95.63400000000013,50.24249999999974,0.5253623188405763
2,3889,932771.6177659628,6848691.798615639,191.26800000000026,101.2012110987944,0.5291068610472963
2,3892,933169.0745805743,6848104.207140761,573.8039999999999,303.6036332963831,0.529106861047297
2,3899,932837.6551992673,6847400.326568943,382.5360000000005,202.40242219758872,0.5291068610472961
2,3900,932977.6643055251,6846104.252008978,95.63400000000013,50.600605549397166,0.5291068610472959
2,3918,932884.1455697662,6845616.773313474,95.63400000000013,50.60060554939718,0.5291068610472961
2,3921,935315.6144511581,6846585.044662638,286.90199999999993,151.80181664819156,0.529106861047297
2,3922,931387.6689872103,6848436.140941389,95.63400000000013,46.229896681446796,0.4834044030517048
2,3923,933026.0256850192,6848156.007797421,382.5360000000005,124.60154289039471,0.32572501121566216
2,3939,934174.7053203662,6848364.541332951,95.63400000000013,50.60060554939721,0.5291068610472963
2,3952,933586.2889571672,6849400.680219424,478.1699999999996,204.79583909515864,0.42829085700725433
2,3963,932425.3127367996,6848085.672551391,95.63400000000013,50.60060554939719,0.5291068610472961
2,3965,933976.1421642962,6849184.375329431,956.3399999999992,502.42500000000047,0.5253623188405806
2,3976,935413.5870051992,6848085.138411324,95.63400000000013,50.242499999999986,0.5253623188405788
2,3985,933163.5293221035,6848430.091102514,95.63400000000013,50.60060554939718,0.5291068610472961
2,4001,933937.7588901795,6847322.69992256,478.1699999999996,251.21250000000023,0.5253623188405806
2,4004,933437.4205892913,6849136.483519537,382.5360000000005,153.91736165165412,0.40236046189549196
2,4007,935503.1822231436,6847787.361868228,286.90199999999993,151.8018166481916,0.5291068610472971
2,4009,935718.3624062408,6848947.02619262,191.26800000000026,101.20121109879437,0.5291068610472961
2,4011,932763.6543180101,6847181.530907039,95.63400000000013,50.24250000000001,0.525362318840579
2,4027,932823.5612852525,6848305.796721133,95.63400000000013,50.60060554939719,0.5291068610472961
2,4031,933438.299369053,6848750.909499823,478.1699999999996,253.0030277469861,0.5291068610472976
2,4043,933980.6504966365,6849241.152497455,286.90199999999993,151.80181664819156,0.529106861047297
2,4045,933176.8458989897,6847299.021590907,478.1699999999996,253.0030277469861,0.5291068610472976
2,4047,932014.3420732126,6848723.956369029,95.63400000000013,50.60060554939718,0.5291068610472961
2,4051,932460.7877922914,6848113.678896952,95.63400000000013,49.222853702274655,0.5147003545002258
2,4052,933538.0585991631,6849462.440111133,382.5360000000005,202.4024221975887,0.529106861047296
2,4054,933054.1336213311,6845564.782146906,956.3399999999992,506.0060554939722,0.5291068610472976
2,4061,931539.8736187363,6848319.353807307,95.63400000000013,37.662331271995846,0.39381737950933554
2,4066,932797.7539617991,6847052.988796056,382.5360000000005,200.97000000000006,0.5253623188405792
2,4076,932931.7334359016,6848045.772245714,95.63400000000013,50.60060554939719,0.5291068610472961
2,4079,932755.8410543035,6849187.463673567,95.63400000000013,37.7883306193703,0.395134895741789
2,4085,934694.3074562586,6848850.645359696,573.8039999999999,301.4550000000001,0.52536231884058
2,4088,934359.8383421435,6847750.688520304,573.8039999999999,303.6036332963832,0.5291068610472971
2,4089,933882.3881043257,6847435.972226462,286.90199999999993,115.26775654842552,0.4017670024901379
2,4097,933856.2264524726,6846302.161062927,95.63400000000013,50.242499999999964,0.5253623188405786
2,4111,931659.6345146755,6848339.430057241,95.63400000000013,50.24250000000005,0.5253623188405795
2,4123,933834.1156596086,6846284.49589717,95.63400000000013,50.60060554939719,0.5291068610472961
2,4127,933881.684140691,6846492.300168492,478.1699999999996,253.0030277469861,0.5291068610472976
2,4129,934108.8315992205,6847378.281686899,1243.2420000000016,458.42966536787617,0.36873727348969515
2,4132,933729.2709171921,6846323.217030109,95.63400000000013,32.5215306193703,0.34006243197367314
2,4157,934223.0662326515,6847706.505437115,191.26800000000026,91.12161061937032,0.4764080275810391
2,4158,934715.3164514549,6849093.509166888,765.0720000000009,404.8048443951774,0.5291068610472961
2,4159,932558.4649461847,6848587.288021044,95.63400000000013,48.94165020645675,0.511759941092673
2,4162,933986.1962906733,6849591.877016286,2582.1180000000018,1366.2163498337234,0.5291068610472962
2,4173,933156.6520220682,6845659.383318992,95.63400000000013,50.60060554939721,0.5291068610472963
2,4199,934843.5699140464,6846569.725012059,191.26800000000026,101.20121109879436,0.5291068610472961
2,4208,934182.8449613198,6848009.994155987,860.706,452.18250000000035,0.5253623188405802
2,4209,933909.9241867166,6848651.912046527,3155.922000000002,1560.4489732381935,0.4944510584349653
2,4210,934512.4521424564,6847510.197657671,95.63400000000013,50.600605549397194,0.5291068610472962
2,4220,932999.050863917,6846207.238972266,765.0720000000009,404.80484439517755,0.5291068610472963
2,4232,931616.9332989382,6848688.221359473,95.63400000000013,50.242500000000014,0.5253623188405792
2,4233,933862.2053456843,6848907.518927004,95.63400000000013,50.60060554939719,0.5291068610472961
2,4254,933103.0880910406,6847214.566664913,95.63400000000013,50.60060554939721,0.5291068610472963
2,4256,935131.6915448905,6848848.003296928,382.5360000000005,202.40242219758875,0.5291068610472961
2,4258,934687.5242146167,6848808.481196061,95.63400000000013,50.60060554939717,0.529106861047296
2,4275,934355.6905611741,6846718.168332342,95.63400000000013,50.60060554939717,0.529106861047296
2,4276,933748.7331519593,6849834.726658766,95.63400000000013,50.60060554939719,0.5291068610472961
2,4285,933560.8815883835,6846850.124161596,95.63400000000013,42.84325020645677,0.4479918251506443
2,4286,933334.7802740786,6847438.399425784,382.5360000000005,174.82222206456768,0.45700854838385785
2,4287,934246.8145666925,6846478.548673635,1243.2420000000016,424.42307856038167,0.3413841219652981
2,4293,933296.5407883215,6847765.377102107,573.8039999999999,303.6036332963832,0.5291068610472971
2,4309,934578.6919394347,6848222.1763506,478.1699999999996,251.21250000000018,0.5253623188405805
2,4317,933161.5315443084,6849362.819920282,191.26800000000026,101.20121109879436,0.5291068610472961
2,4321,932770.0777518353,6849137.549944258,95.63400000000013,50.60060554939726,0.5291068610472969
2,4323,932939.2311097126,6845707.792566953,95.63400000000013,37.80318572259867,0.39529022860696633
2,4324,933076.6514130065,6849433.224950629,95.63400000000013,40.636560619370066,0.4249175044374387
2,4330,933002.4203300137,6846530.704534084,95.63400000000013,50.600605549397095,0.5291068610472952
2,4338,933663.1190500818,6845984.237865989,191.26800000000026,101.20121109879436,0.5291068610472961
2,4353,932471.9381705318,6848896.719249239,95.63400000000013,49.935325549397184,0.5221503393081657
2,4361,933876.475017953,6849410.879995251,1434.5100000000018,759.0090832409584,0.5291068610472965
2,4369,932492.3087528296,6848998.787449725,95.63400000000013,31.50776041290834,0.3294619111708001
2,4374,933208.0108413676,6845866.055062248,95.63400000000013,50.60060554939719,0.5291068610472961
2,4382,932839.9431173669,6846379.32053405,95.63400000000013,50.6006055493972,0.5291068610472963
2,4394,934888.798487575,6848268.072260047,765.0720000000009,347.023873303306,0.45358328798244557
2,4399,933447.4051903822,6847287.767507125,765.0720000000009,404.8048443951774,0.5291068610472961
2,4410,932451.1213388182,6849367.889550674,765.0720000000009,404.8048443951776,0.5291068610472963
2,4411,931352.9138568937,6848607.405118445,2773.386000000001,1467.4175609325187,0.5291068610472968
2,4418,934187.577384819,6849322.106983039,478.1699999999996,253.0030277469861,0.5291068610472976
2,4427,934695.0179428688,6849278.323666255,95.63400000000013,50.60060554939719,0.5291068610472961
2,4439,933059.0100007717,6847968.927705327,95.63400000000013,36.91515061937004,0.38600446095917756
2,4442,933626.465799851,6849217.779646446,4781.7000000000035,2478.8610000000012,0.5184057971014492
2,4443,934774.1359741944,6847908.212206185,860.706,455.4054499445749,0.5291068610472971
2,4471,935130.4346409056,6847536.454625294,95.63400000000013,41.60775572259727,0.4350728373026038
2,4478,933514.9943772778,6846246.025755385,95.63400000000013,50.60060554939719,0.5291068610472961
2,4491,934373.8038927702,6847962.484064293,1147.6079999999997,607.2072665927664,0.5291068610472971
2,4496,933491.333416009,6847115.951092498,286.90199999999993,151.8018166481916,0.5291068610472971
2,4498,934223.7887091989,6849247.493180019,382.5360000000005,202.40242219758872,0.5291068610472961
2,4500,934530.542127347,6848098.192987867,382.5360000000005,202.40242219758872,0.5291068610472961
2,4501,935420.08927731,6846618.151872048,765.0720000000009,404.8048443951773,0.529106861047296
2,4506,933896.7066941538,6846112.271876108,95.63400000000013,49.57721999999999,0.5184057971014485
2,4520,933079.9750000001,6845894.98193399,478.1699999999996,253.0030277469861,0.5291068610472976
2,4550,933246.9648894015,6847765.479237638,382.5360000000005,202.40242219758875,0.5291068610472961
2,4555,932987.3610103042,6847376.601867722,765.0720000000009,369.8391734515743,0.4834044030517048
2,4562,931103.0871404595,6848414.452186662,95.63400000000013,39.14566287226327,0.40932788414437565
2,4574,935278.4950887525,6846772.644231097,191.26800000000026,101.20121109879436,0.5291068610472961
2,4579,933518.9723852767,6847411.9109011,765.0720000000009,389.0758060468315,0.5085479615602597
2,4583,932897.689501726,6847533.515045775,95.63400000000013,49.57722,0.5184057971014485
2,4586,935402.9000743862,6846793.19874535,669.4379999999994,354.20423884578076,0.529106861047298
2,4593,932465.372596957,6849029.544595784,95.63400000000013,29.92672530968515,0.31292976671147404
2,4594,931542.2040845321,6848299.948339548,95.63400000000013,50.60060554939719,0.5291068610472961
2,4595,932637.1901580176,6848176.622329328,95.63400000000013,50.2425,0.525362318840579
2,4599,934820.9946342953,6849062.000027484,95.63400000000013,50.24250000000006,0.5253623188405796
2,4625,933564.6216146372,6849419.083692776,286.90199999999993,151.80181664819156,0.529106861047297
2,4633,933158.987394109,6848695.378961685,573.8039999999999,303.6036332963831,0.529106861047297
2,4634,933526.00426123,6849195.747548181,1817.0460000000007,954.6075000000001,0.5253623188405795
2,4636,933585.5108526815,6848669.583048099,382.5360000000005,194.47848261050223,0.5083926286950822
2,4639,931297.0161433134,6848149.072456758,95.63400000000013,34.805445309685155,0.36394425946509723
2,4650,933058.4722777351,6849340.18387992,95.63400000000013,50.60060554939721,0.5291068610472963
2,4654,933039.5031570662,6846507.865812038,95.63400000000013,50.242500000000035,0.5253623188405794
2,4655,933864.3024600805,6846763.766109526,95.63400000000013,50.242500000000035,0.5253623188405794
2,4658,933433.1741127755,6849263.301694997,95.63400000000013,50.60060554939719,0.5291068610472961
2,4667,934782.0118954296,6848218.656078978,191.26800000000026,101.20121109879435,0.529106861047296
2,4670,933556.9071390969,6848470.657215361,573.8039999999999,303.6036332963832,0.5291068610472971
2,4676,933375.1815187974,6847404.121907656,478.1699999999996,251.0014150560987,0.5249208755381954
2,4677,933763.0168587926,6846112.190194828,382.5360000000005,202.4024221975888,0.5291068610472963
2,4679,933896.6454949846,6848466.520521449,765.0720000000009,404.8048443951774,0.5291068610472961
2,4686,933122.0280024969,6846137.997734082,286.90199999999993,150.72749999999996,0.5253623188405797
2,4689,935620.1510235113,6847696.130885374,9085.230000000005,4807.0575271927355,0.5291068610472969
2,4690,933568.7075951332,6847394.089981016,95.63400000000013,50.600605549397166,0.5291068610472959
2,4696,932953.6114708777,6846379.886234948,286.90199999999993,113.24323716779614,0.39471051846203986
2,4698,932060.7016223507,6848089.867387282,191.26800000000026,100.48500000000003,0.5253623188405792
2,4701,932889.8343392127,6846369.711506221,191.26800000000026,100.48499999999999,0.5253623188405789
2,4713,932639.5086671043,6848669.22477964,286.90199999999993,105.88059185811099,0.3690479392200508
2,4723,933032.3693007246,6845586.706713768,478.1699999999996,253.00302774698608,0.5291068610472975
2,4725,933543.6624678661,6846295.431159928,191.26800000000026,101.20121109879437,0.5291068610472961
2,4726,932106.07787377,6848969.378828894,95.63400000000013,50.600605549397166,0.5291068610472959
2,4733,933528.9739950979,6846880.889289217,191.26800000000026,100.48500000000003,0.5253623188405792
2,4734,934473.5023081516,6848089.285247386,286.90199999999993,150.72750000000008,0.5253623188405802
2,4737,934817.758107613,6848879.696918805,2582.1180000000018,1036.7506067229979,0.40151170733599206
2,4738,932702.4908846566,6849042.083763535,95.63400000000013,50.60060554939719,0.5291068610472961
2,4755,934868.1229043126,6848797.196038309,191.26800000000026,98.56980130525113,0.5153491504342127
2,4759,932891.5850006872,6845622.052449514,95.63400000000013,50.60060554939719,0.5291068610472961
2,4772,934118.5939995414,6848569.971263579,478.1699999999996,251.21250000000023,0.5253623188405806
2,4781,933846.8049239201,6849819.522316729,478.1699999999996,253.00302774698608,0.5291068610472975
2,4793,934020.9689736258,6846283.44306959,382.5360000000005,202.40242219758875,0.5291068610472961
2,4794,934849.6014944039,6849125.310577543,95.63400000000013,38.59022041291353,0.40351988218534707
2,4800,932942.4421014294,6846638.761677137,95.63400000000013,50.60060554939718,0.5291068610472961
2,4810,932957.74002707,6847567.89965547,573.8039999999999,303.6036332963832,0.5291068610472971
2,4811,934120.0251625719,6848104.522944135,382.5360000000005,202.40242219758872,0.5291068610472961
2,4821,932449.1542795288,6848914.89783994,765.0720000000009,401.94,0.525362318840579
2,4824,933354.8649427034,6848066.46254077,1147.6079999999997,523.489536193702,0.4561570991084953
2,4827,932214.4819964349,6849515.797445038,95.63400000000013,50.24249999999997,0.5253623188405787
2,4831,933692.0112829452,6849660.678238651,382.5360000000005,202.40242219758872,0.5291068610472961
2,4834,934124.170155307,6849307.198172067,191.26800000000026,92.4597933628936,0.48340440305170485
2,4839,933618.3726244698,6846197.863658099,478.1699999999996,253.0030277469861,0.5291068610472976
2,4841,933700.6770383447,6846976.413659892,286.90199999999993,150.72750000000005,0.52536231884058
2,4849,932469.5290508756,6847790.042043754,3729.726,1314.7485161036277,0.3525053894317244
2,4851,933666.8227232537,6846439.017948717,95.63400000000013,50.600605549397166,0.5291068610472959
2,4860,933052.7648914398,6845873.220013345,95.63400000000013,42.63634530968515,0.4458283174361115
2,4863,934615.2813538025,6849524.40989037,95.63400000000013,48.619620652625564,0.5083926286950823
2,4864,933094.3606868526,6848734.137511605,95.63400000000013,33.73776091590154,0.35277998322669235
2,4865,932913.0752271119,6846221.899078999,191.26800000000026,97.2689515117079,0.5085479615602597
2,4879,933775.2349399119,6849980.128786437,191.26800000000026,97.29866171816464,0.5087032944254372
2,4881,932885.6944635669,6845845.601258191,95.63400000000013,50.60060554939718,0.5291068610472961
2,4887,932768.1863438654,6848640.767796473,95.63400000000013,50.60060554939725,0.5291068610472968
2,4893,933117.2737531386,6847247.534373808,382.5360000000005,202.40242219758872,0.5291068610472961
2,4900,934127.6568835238,6849194.069795121,286.90199999999993,151.8018166481916,0.5291068610472971
2,4920,933482.7681024118,6846485.547075463,95.63400000000013,50.60060554939719,0.5291068610472961
2,4932,931092.5238442116,6848307.145837029,478.1699999999996,253.0030277469861,0.5291068610472976
2,4935,932461.6092990123,6848253.753274865,95.63400000000013,50.24250000000001,0.525362318840579
2,4942,932841.4955058609,6848644.728662183,286.90199999999993,151.80181664819156,0.529106861047297
2,4943,934256.2897214432,6846417.892181716,95.63400000000013,50.600605549397166,0.5291068610472959
2,4944,934670.5421205952,6849516.740508446,478.1699999999996,253.0030277469861,0.5291068610472976
2,4947,934822.3635186439,6849175.619495189,95.63400000000013,50.60060554939721,0.5291068610472963
2,4952,932772.1248958521,6848983.387741435,95.63400000000013,50.60060554939721,0.5291068610472963
2,4954,932872.5258993166,6846602.888280198,95.63400000000013,50.60060554939719,0.5291068610472961
2,4972,931488.0785160422,6848080.196930864,95.63400000000013,50.60060554939719,0.5291068610472961
2,4982,933000.8208718342,6846071.156018994,95.63400000000013,50.60060554939719,0.5291068610472961
2,4994,930965.4056950931,6848092.363295268,1530.1440000000018,803.88,0.525362318840579
2,4995,933252.4311616209,6845735.050449374,95.63400000000013,50.60060554939719,0.5291068610472961
2,4998,933480.4007131677,6849880.667816607,11380.446000000016,6021.472060378262,0.5291068610472958
2,5003,932812.0755671716,6847055.362285755,382.5360000000005,184.9195867257872,0.48340440305170485
2,5016,930831.4108460075,6848989.892761162,95.63400000000013,50.242500000000014,0.5253623188405792
2,5023,933042.7207280617,6847217.969197737,382.5360000000005,202.40242219758872,0.5291068610472961
2,5038,935043.0755419787,6848662.649934305,95.63400000000013,31.57619537624389,0.3301775035682273
2,5039,933492.993441739,6847559.913548236,9754.668000000003,5124.735000000004,0.5253623188405799
2,5041,933103.7233648461,6845803.278639278,95.63400000000013,50.60060554939718,0.5291068610472961
2,5053,930916.9122225976,6848395.576523601,95.63400000000013,31.404149869668466,0.3283785041896023
2,5059,933811.495826911,6850003.431563623,95.63400000000013,50.60060554939719,0.5291068610472961
2,5060,931688.0866282325,6848469.345391722,95.63400000000013,50.60060554939718,0.5291068610472961
2,5065,932741.1808926831,6849048.150910272,95.63400000000013,50.60060554939719,0.5291068610472961
2,5069,933026.3214729861,6848707.113090549,2199.582000000002,1163.8139276361353,0.5291068610472963
2,5071,933104.3782655828,6846688.011833785,95.63400000000013,50.60060554939718,0.5291068610472961
2,5072,934044.8270868696,6849472.999746598,286.90199999999993,151.8018166481916,0.5291068610472971
2,5083,933803.9780728222,6846313.347958158,382.5360000000005,202.40242219758872,0.5291068610472961
2,5086,932579.4175586754,6847634.335242859,95.63400000000013,50.60060554939719,0.5291068610472961
2,5087,933541.4764136748,6848534.111977984,95.63400000000013,50.600605549397194,0.5291068610472962
2,5088,932211.2448262511,6848237.155712581,95.63400000000013,50.600605549397194,0.5291068610472962
2,5097,932508.1217063395,6847726.941996696,95.63400000000013,50.60060554939718,0.5291068610472961
2,5098,934780.2478792366,6847300.839340106,478.1699999999996,213.8104020645678,0.44714307059114533
2,5108,933100.1032269183,6847169.966899315,95.63400000000013,48.59515020645677,0.5081367526868761
2,5109,932622.307778072,6847824.575224487,573.8039999999999,200.9356229569535,0.3501816351174853
2,5114,935137.4266362678,6846186.76289124,95.63400000000013,50.24250000000004,0.5253623188405795
2,5116,934500.5504399807,6849199.163687231,95.63400000000013,50.600605549397194,0.5291068610472962
2,5125,932193.1092116751,6847887.949656979,95.63400000000013,32.75317020645091,0.34248457877377153
2,5126,933428.1848396481,6848673.517036389,478.1699999999996,251.21250000000015,0.5253623188405805
2,5127,935167.445077958,6847557.889598791,956.3399999999992,502.42500000000047,0.5253623188405806
2,5132,933810.868260613,6847285.952970535,382.5360000000005,152.073981651654,0.3975416213157815
2,5134,935239.2476774177,6846622.367621746,95.63400000000013,46.2298966814468,0.48340440305170485
2,5146,935371.0642943742,6847676.194426831,95.63400000000013,46.229896681446796,0.4834044030517048
2,5148,933691.6670822041,6850037.551790582,95.63400000000013,50.60060554939719,0.5291068610472961
2,5152,932282.6400655495,6847978.054690478,95.63400000000013,50.60060554939719,0.5291068610472961
2,5153,932694.9064670046,6849508.984889697,95.63400000000013,50.60060554939718,0.5291068610472961
2,5155,932985.0176631497,6848037.578038298,191.26800000000026,101.20121109879437,0.5291068610472961
2,5157,931894.6983098185,6848159.670518425,95.63400000000013,50.2425,0.525362318840579
2,5167,931616.0622414594,6848618.720267571,95.63400000000013,50.60060554939719,0.5291068610472961
2,5169,934352.0837629318,6848087.358520077,573.8039999999999,234.23208123874025,0.40820921645499214
2,5170,934605.5337698926,6846699.866153962,95.63400000000013,50.60060554939719,0.5291068610472961
2,5171,933798.0598485774,6846097.704017585,765.0720000000009,404.8048443951774,0.5291068610472961
2,5180,932724.4742450688,6847131.481140455,95.63400000000013,50.60060554939718,0.5291068610472961
2,5181,934813.4262359722,6848930.269244769,95.63400000000013,50.60060554939718,0.5291068610472961
2,5184,931160.3805791652,6848280.148634824,95.63400000000013,50.600605549397194,0.5291068610472962
2,5193,934840.3857048579,6849375.145815041,95.63400000000013,46.2298966814468,0.48340440305170485
2,5202,931210.9534207929,6849183.229048525,95.63400000000013,46.2298966814468,0.48340440305170485
2,5206,934397.1962861614,6847659.425018273,669.4379999999994,354.2042388457807,0.5291068610472979
2,5207,934838.9140959542,6848417.560812746,286.90199999999993,151.8018166481916,0.5291068610472971
2,5213,933576.1431327388,6847816.116662793,9754.668000000003,5161.261766038514,0.5291068610472968
2,5215,933583.6031221265,6846924.920666667,95.63400000000013,50.24250000000001,0.525362318840579
2,5219,932118.4533820798,6848121.703121834,95.63400000000013,50.60060554939719,0.5291068610472961
2,5220,933273.7257651081,6849467.100617834,95.63400000000013,50.60060554939719,0.5291068610472961
2,5230,935241.7010053347,6847407.185145273,95.63400000000013,50.24250000000001,0.525362318840579
2,5239,934231.7774952798,6849185.13052255,765.0720000000009,404.8048443951773,0.529106861047296
2,5240,933668.9917213931,6845953.538034825,191.26800000000026,101.20121109879436,0.5291068610472961
2,5246,934364.6981595092,6848081.231492843,382.5360000000005,200.97000000000003,0.525362318840579
2,5250,932834.1936402399,6847040.484040443,95.63400000000013,42.105720619368164,0.44027982327799847
2,5251,934691.5862089449,6849192.797586919,95.63400000000013,50.600605549397216,0.5291068610472964
2,5252,932811.6642108993,6846465.59494257,1051.9740000000002,538.0442866010377,0.511461582321462
2,5270,933283.7778568271,6847724.839343501,2773.386000000001,1457.0325000000007,0.5253623188405798
2,5281,934586.2276046178,6847931.774807472,860.706,325.11219952192243,0.3777273535004083
2,5282,933440.3785495389,6845737.901649293,1338.8759999999988,708.4084776915614,0.5291068610472979
2,5291,935178.5576157322,6848969.618518271,95.63400000000013,46.229896681446796,0.4834044030517048
2,5294,933670.7781079521,6847236.714408575,95.63400000000013,34.883665516141676,0.3647621715722612
2,5305,934506.3492217448,6846601.716861794,669.4379999999994,354.2042388457807,0.5291068610472979
2,5306,933889.60634214,6846108.578253586,95.63400000000013,50.60060554939719,0.5291068610472961
2,5313,931244.8915090375,6848591.172756621,95.63400000000013,50.60060554939719,0.5291068610472961
2,5333,933551.8765753388,6846392.210657614,95.63400000000013,50.600605549397166,0.5291068610472959
2,5335,932861.150919225,6846306.88832543,95.63400000000013,50.24249999999999,0.5253623188405789
2,5344,933370.8107338913,6849097.280767266,382.5360000000005,167.45755082582554,0.4377563179042634
2,5346,934459.3100798144,6847545.848302132,478.1699999999996,251.21250000000018,0.5253623188405805
2,5347,932763.0411646587,6849069.415019169,95.63400000000013,50.60060554939718,0.5291068610472961
2,5350,933409.4027780357,6847378.748374966,191.26800000000026,101.20121109879437,0.5291068610472961
2,5367,934760.1941195566,6847663.296454567,956.3399999999992,362.61336646931505,0.3791678341064008
2,5370,931070.7229414356,6848415.084139147,95.63400000000013,49.592075103228396,0.5185611299666262
2,5376,935421.3053165795,6846561.371879298,669.4379999999994,309.9997971677963,0.46307469424770714
2,5379,933840.4191397643,6846528.372452661,765.0720000000009,404.8048443951774,0.5291068610472961
2,5381,933815.6367159992,6847421.499909571,286.90199999999993,133.57681654842568,0.4655834276109114
2,5383,935039.3460816998,6849071.663105261,765.0720000000009,404.8048443951774,0.5291068610472961
2,5389,933956.5453947368,6849252.234210527,286.90199999999993,142.12263257724706,0.49536996109210496
2,5390,933124.9932665441,6848031.256518777,382.5360000000005,202.40242219758875,0.5291068610472961
2,5391,933662.6684442407,6849676.337924492,669.4379999999994,307.66435144519767,0.4595860280491964
2,5398,932246.8999999999,6849549.800000001,95.63400000000013,50.60060554939719,0.5291068610472961
2,5399,934399.1587957396,6846696.077691404,286.90199999999993,151.8018166481916,0.5291068610472971
2,5401,932708.4304200698,6848651.706083235,95.63400000000013,45.60338041291357,0.4768532155186807
2,5404,933695.2758369843,6846985.064192223,478.1699999999996,253.0030277469861,0.5291068610472976
2,5406,934088.7772531814,6848038.724639863,669.4379999999994,351.6975000000005,0.5253623188405809
2,5408,935195.2776512941,6847529.7218525,382.5360000000005,200.97000000000006,0.5253623188405792
2,5409,934282.4358056887,6848257.877543615,382.5360000000005,202.40242219758906,0.529106861047297
2,5410,935453.5051942675,6847785.410158775,95.63400000000013,30.329660412913526,0.3171430705911442
2,5414,934093.4732145626,6848396.947967246,1625.7780000000016,728.99369840615,0.4483968281070043
2,5417,933701.7807758906,6848802.045545565,95.63400000000013,50.60060554939721,0.5291068610472963
2,5418,933599.6836566238,6846076.838464713,95.63400000000013,50.60060554939718,0.5291068610472961
2,5432,932670.0388085674,6847433.404404284,478.1699999999996,251.21250000000023,0.5253623188405806
2,5437,933327.0068175935,6849347.849610969,95.63400000000013,50.60060554939719,0.5291068610472961
2,5452,931543.5313052717,6848239.603860976,95.63400000000013,50.60060554939717,0.529106861047296
2,5453,933574.9225252009,6849279.126659832,95.63400000000013,50.60060554939717,0.529106861047296
2,5454,933243.7154361933,6849226.609497777,1147.6079999999997,607.2072665927664,0.5291068610472971
2,5457,933140.4945544387,6847580.098365318,860.706,414.89181773174107,0.4820366277587714
2,5458,933501.3725590811,6847701.488743602,286.90199999999993,151.8018166481916,0.5291068610472971
2,5463,933964.5764072146,6847240.958871,286.90199999999993,138.68969004434047,0.4834044030517058
2,5464,933086.3135279254,6847031.138590103,95.63400000000013,50.60060554939719,0.5291068610472961
2,5479,932536.0242424242,6848913.50909091,95.63400000000013,50.60060554939718,0.5291068610472961
2,5480,933695.4200586607,6847429.295410353,95.63400000000013,49.245575103228354,0.5149379415608286
2,5495,932678.1419523472,6848841.080043084,95.63400000000013,36.694385722598675,0.3836960257084157
2,5497,934046.70826686,6849383.186721456,573.8039999999999,277.37938008868093,0.4834044030517058
2,5500,932216.958568413,6849510.781980426,95.63400000000013,50.24249999999999,0.5253623188405789
2,5502,933411.3476394677,6849069.738324939,95.63400000000013,33.74121061937029,0.3528160551620788
2,5503,933326.3459570418,6849465.664629929,956.3399999999992,506.00605549397216,0.5291068610472975
2,5505,932511.846796136,6847491.310865453,95.63400000000013,49.57722000000001,0.5184057971014487
2,5506,931388.3488366269,6848253.116789937,95.63400000000013,50.2425,0.525362318840579
2,5522,932848.2395694692,6848657.49873464,286.90199999999993,124.70094229035503,0.4346464726295218
2,5527,935191.7127328009,6849002.279282778,6407.4780000000155,3390.2405718096134,0.5291068610472959
2,5538,932851.0625360416,6846335.330029261,95.63400000000013,50.60060554939719,0.5291068610472961
2,5548,933275.2883211052,6849597.725256359,286.90199999999993,151.80181664819153,0.5291068610472969
2,5550,933591.1307735499,6846955.928300147,95.63400000000013,38.5090506193703,0.40267112762584695
2,5555,932338.2141206411,6848066.190009497,478.1699999999996,251.00141505609872,0.5249208755381954
2,5558,933469.1164243574,6846556.919642854,191.26800000000026,101.20121109879436,0.5291068610472961
2,5559,932912.5527851317,6847626.793125868,286.90199999999993,151.80181664819156,0.529106861047297
2,5560,933567.5054890745,6846812.220694413,95.63400000000013,43.13019903975723,0.4509923148645583
2,5562,932739.8576993248,6848815.144113087,1817.0460000000007,961.4115054385462,0.5291068610472964
2,5564,934127.2314175868,6848355.993954343,382.5360000000005,200.97000000000003,0.525362318840579
2,5577,934753.7474355389,6848448.89457758,9850.301999999996,5211.862371587913,0.5291068610472973
2,5580,933365.690739536,6846567.72819345,95.63400000000013,50.60060554939718,0.5291068610472961
2,5589,932963.5704415342,6845970.049401277,6598.746000000006,3466.732500000001,0.5253623188405794
2,5591,932620.8042736923,6847872.510806173,286.90199999999993,128.41993716779615,0.4476090691866776
2,5592,934020.66373057,6847257.790673576,95.63400000000013,50.60060554939719,0.5291068610472961
2,5600,932739.6369568815,6848877.337928125,95.63400000000013,26.220078633720608,0.274171096406305
2,5612,932758.9694264068,6847205.1705763,382.5360000000005,165.22712165165416,0.43192567928679637
2,5615,935349.7176469312,6848434.919826988,286.90199999999993,151.80181664819156,0.529106861047297
2,5624,931593.1038265988,6847946.559917937,95.63400000000013,27.881380206456722,0.2915425497883251
2,5630,932213.0819405756,6849563.797400186,95.63400000000013,47.31877085908233,0.4947902509471764
2,5643,931073.8636709824,6848131.168955417,95.63400000000013,50.60060554939718,0.5291068610472961
2,5644,933081.1674405016,6848052.142911516,191.26800000000026,101.20121109879436,0.5291068610472961
2,5645,934272.7268675687,6848012.517170421,956.3399999999992,506.0060554939722,0.5291068610472976
2,5654,931387.3852049203,6848180.724935411,95.63400000000013,50.600605549397166,0.5291068610472959
2,5658,933873.553462279,6846528.107284602,191.26800000000026,100.48500000000003,0.5253623188405792
2,5661,933872.0782117076,6846142.933733884,95.63400000000013,50.60060554939718,0.5291068610472961
2,5672,933698.895515542,6848260.461155728,573.8039999999999,303.6036332963831,0.529106861047297
2,5676,932884.6751581217,6847383.949553341,1338.8759999999988,708.4084776915614,0.5291068610472979
2,5678,933191.0645209507,6848964.59346912,95.63400000000013,50.60060554939718,0.5291068610472961
2,5679,934301.0080952445,6847231.803100305,478.1699999999996,253.00302774698605,0.5291068610472975
2,5686,931592.0218681198,6848529.319085756,95.63400000000013,29.691105309679397,0.31046599859547186
2,5687,932368.6341372158,6848982.954579961,95.63400000000013,41.90176530968516,0.4381471580158218
2,5703,931212.4015783307,6847986.967559668,95.63400000000013,50.60060554939719,0.5291068610472961
2,5707,933416.2648615304,6847373.233852798,95.63400000000013,50.24250000000004,0.5253623188405795
2,5716,934193.428875457,6848011.001918276,765.0720000000009,401.94,0.525362318840579
2,5721,934670.0557979485,6849138.278768991,286.90199999999993,151.8018166481916,0.5291068610472971
2,5723,932884.9634732428,6847066.709572648,95.63400000000013,50.60060554939718,0.5291068610472961
2,5732,933444.4495008476,6847235.424182833,860.706,455.4054499445749,0.5291068610472971
2,5743,933446.3816728734,6848141.379591536,573.8039999999999,301.45500000000015,0.5253623188405802
2,5746,935443.1115404497,6849025.799277675,478.1699999999996,253.00302774698605,0.5291068610472975
2,5760,932134.7298925556,6849021.169474291,95.63400000000013,50.60060554939718,0.5291068610472961
2,5788,933615.3037536817,6847407.283323059,478.1699999999996,253.0030277469861,0.5291068610472976
2,5789,933456.0324145086,6848762.321108876,95.63400000000013,50.242500000000014,0.5253623188405792
2,5793,932982.2164030676,6846300.519015098,95.63400000000013,50.60060554939719,0.5291068610472961
2,5796,931569.086403392,6848653.17704486,286.90199999999993,151.8018166481916,0.5291068610472971
2,5804,932241.831860448,6849560.097121179,95.63400000000013,50.242500000000014,0.5253623188405792
2,5805,933017.3989527688,6847023.033169374,382.5360000000005,200.97000000000006,0.5253623188405792
2,5812,934449.3216732674,6847095.60093154,669.4379999999994,354.20423884578076,0.529106861047298
2,5814,934862.0425199956,6848767.917183961,669.4379999999994,354.2042388457807,0.5291068610472979
2,5817,931785.5608708946,6849392.765082962,95.63400000000013,50.60060554939714,0.5291068610472957
2,5819,933128.8141026678,6847072.921756859,765.0720000000009,404.8048443951774,0.5291068610472961
2,5822,933058.59562636,6846344.531633294,95.63400000000013,50.60060554939719,0.5291068610472961
2,5826,933434.6303145195,6847374.144949018,95.63400000000013,50.60060554939718,0.5291068610472961
2,5836,933628.7832463768,6845958.528231883,95.63400000000013,27.5596148967716,0.2881780004681553
2,5838,932731.9943913505,6847721.208995077,191.26800000000026,101.20121109879436,0.5291068610472961
2,5841,933114.2085234721,6845861.693548386,95.63400000000013,50.60060554939718,0.5291068610472961
2,5843,933103.9449121306,6848975.332441404,191.26800000000026,101.2012110987944,0.5291068610472963
2,5847,932710.7314420369,6847555.819757099,286.90199999999993,150.72750000000005,0.52536231884058
2,5849,933893.322917848,6848732.867447868,765.0720000000009,401.94,0.525362318840579
2,5850,933762.4471617483,6849117.052671231,95.63400000000013,50.242500000000014,0.5253623188405792
2,5853,933801.636587091,6849081.96158267,191.26800000000026,101.2012110987945,0.5291068610472968
2,5856,933019.8977825119,6845987.348287687,286.90199999999993,114.40054716779616,0.3987443348871607
2,5858,931424.985149092,6848652.671905714,95.63400000000013,46.66960530968515,0.4880022304795898
2,5868,933491.7165691103,6848968.329666113,669.4379999999994,351.6975000000005,0.5253623188405809
2,5886,932724.9142069789,6849643.852351146,191.26800000000026,66.91785774840437,0.3498643670054807
2,5901,932758.8402870906,6848633.316173784,1147.6079999999997,607.2072665927662,0.529106861047297
2,5902,931420.3076739926,6848651.581619048,95.63400000000013,50.60060554939719,0.5291068610472961
2,5904,933140.5027361823,6848610.826678046,95.63400000000013,47.027710859082326,0.4917467726863068
2,5906,931552.9992930943,6848541.332441544,95.63400000000013,50.242500000000014,0.5253623188405792
2,5911,931465.4920821639,6848440.624755977,95.63400000000013,50.60060554939719,0.5291068610472961
2,5917,932917.4441256544,6846040.102778359,95.63400000000013,50.60060554939719,0.5291068610472961
2,5923,933879.3999999999,6846685.7,95.63400000000013,50.60060554939719,0.5291068610472961
2,5927,933408.4555396711,6846310.51358113,382.5360000000005,202.4024221975888,0.5291068610472963
2,5930,935143.1260724707,6848805.336730148,95.63400000000013,50.60060554939721,0.5291068610472963
2,5932,933705.0502914005,6846966.399875774,286.90199999999993,151.8018166481916,0.5291068610472971
2,5934,931210.4626016261,6848191.994715446,95.63400000000013,50.600605549397194,0.5291068610472962
2,5940,933690.8571549249,6846927.217283323,95.63400000000013,49.90292999999978,0.5218115942028956
2,5944,932923.4542739961,6846297.371801699,765.0720000000009,404.8048443951774,0.5291068610472961
2,5945,934333.625532863,6847217.278344205,573.8039999999999,194.15183938062725,0.3383591598884415
2,5951,931493.9239163531,6848135.738932922,95.63400000000013,50.60060554939719,0.5291068610472961
2,5952,933165.8833926383,6848825.09293678,478.1699999999996,253.0030277469861,0.5291068610472976
2,5970,933997.3522433387,6847087.731109138,95.63400000000013,50.242500000000014,0.5253623188405792
2,5974,931557.385310254,6848528.886641939,95.63400000000013,50.60060554939721,0.5291068610472963
2,5975,934544.4533017157,6846796.898058158,7555.086000000009,3997.4478384023787,0.5291068610472963
2,5983,933974.5233297069,6847467.471065921,95.63400000000013,50.6006055493972,0.5291068610472963
2,5998,933525.3988074878,6848608.736287296,95.63400000000013,50.24250000000001,0.525362318840579
2,6001,933579.7633020757,6848487.785829167,2869.0200000000036,1123.6707185811094,0.39165663487222396
2,6004,934627.0408349927,6847065.03109651,95.63400000000013,49.592075103228396,0.5185611299666262
2,6006,931623.421058772,6848117.380073891,95.63400000000013,50.600605549397166,0.5291068610472959
2,6013,934897.4902508961,6848799.851533254,95.63400000000013,50.2425,0.525362318840579
2,6018,933049.4513632366,6846691.832571094,95.63400000000013,29.809045376243663,0.31169924269865973
2,6019,931059.0028700907,6848495.219680622,95.63400000000013,30.718735516141866,0.3212114469345821
2,6022,933678.4252565799,6846482.522588149,95.63400000000013,50.24250000000004,0.5253623188405795
2,6028,934105.6549333486,6847985.334208728,191.26800000000026,101.20121109879437,0.5291068610472961
2,6029,933857.6345606716,6846978.455617946,95.63400000000013,50.60060554939719,0.5291068610472961
2,6040,933985.5081204978,6849390.930713818,191.26800000000026,101.20121109879437,0.5291068610472961
2,6042,931298.4736924276,6848167.139838668,95.63400000000013,49.935325549397184,0.5221503393081657
2,6043,932997.2258177706,6848227.900829912,5833.674000000001,3086.6369385132325,0.5291068610472974
2,6048,931162.0834444556,6848445.465488767,95.63400000000013,50.60060554939717,0.529106861047296
2,6052,934940.6682251373,6847376.173166435,669.4379999999994,354.2042388457807,0.5291068610472979
2,6056,933780.2140653478,6849182.519391537,765.0720000000009,345.21659904523744,0.4512210602992098
2,6068,935333.6974720057,6848013.600434445,382.5360000000005,202.40242219758875,0.5291068610472961
2,6069,933125.2765988812,6848906.966098658,95.63400000000013,50.60060554939719,0.5291068610472961
2,6070,931481.3806381179,6849345.31458703,95.63400000000013,50.60060554939719,0.5291068610472961
2,6079,932965.1742108691,6849022.323459368,382.5360000000005,202.40242219758872,0.5291068610472961
2,6080,934534.2685201588,6847248.168345008,7268.184000000005,3845.6460217541858,0.5291068610472964
2,6083,934286.1019822555,6848247.869269709,669.4379999999994,351.6975000000005,0.5253623188405809
2,6086,933290.2075972194,6847819.934807199,286.90199999999993,151.80181664819162,0.5291068610472972
2,6092,934899.4096826287,6848876.701129289,95.63400000000013,50.60060554939718,0.5291068610472961
2,6099,933494.6745801778,6849753.642061245,191.26800000000026,101.2012110987944,0.5291068610472963
2,6105,933451.3382194007,6849536.417921248,669.4379999999994,275.5023286129924,0.4115427098745405
2,6106,932345.7781416962,6848871.657092546,95.63400000000013,37.093340412913534,0.3878677082723036
2,6107,935111.7985318919,6847598.131176063,478.1699999999996,253.0030277469861,0.5291068610472976
2,6109,932588.6866373146,6849524.730710735,95.63400000000013,50.60060554939719,0.5291068610472961
2,6111,932871.725607688,6848178.939363106,95.63400000000013,50.24250000000001,0.525362318840579
2,6114,933899.7543292257,6849846.228999622,95.63400000000013,50.60060554939715,0.5291068610472958
2,6122,934492.9945794576,6846592.146107893,286.90199999999993,151.8018166481916,0.5291068610472971
2,6149,933150.7387315091,6847177.653588529,95.63400000000013,50.60060554939719,0.5291068610472961
2,6155,934283.1131149273,6846520.813412752,95.63400000000013,50.60060554939718,0.5291068610472961
2,6161,933899.8576530612,6849275.605850338,382.5360000000005,202.40242219758875,0.5291068610472961
2,6181,933061.1855694099,6848255.841064006,95.63400000000013,46.2298966814468,0.48340440305170485
2,6183,933655.3250893265,6847434.802916911,382.5360000000005,202.40242219758875,0.5291068610472961
2,6184,935381.0720622354,6848043.376629816,95.63400000000013,50.60060554939719,0.5291068610472961
2,6186,933486.3241134753,6848208.416668955,95.63400000000013,50.60060554939719,0.5291068610472961
2,6188,934563.7075133874,6848570.070742209,860.706,266.95863371621857,0.31016239426263853
2,6210,931973.5597113997,6848700.824005771,95.63400000000013,50.24250000000001,0.525362318840579
2,6212,934227.3905616207,6846643.478828547,95.63400000000013,28.48628041290777,0.29786770827224346
2,6214,934275.8314519902,6849219.301600438,191.26800000000026,101.20121109879437,0.5291068610472961
2,6227,932919.2701308992,6848238.05514807,573.8039999999999,303.6036332963831,0.529106861047297
2,6229,934029.1213353548,6848346.549790421,382.5360000000005,202.40242219758875,0.5291068610472961
2,6233,932270.3318938753,6849549.547155357,95.63400000000013,50.6006055493972,0.5291068610472963
2,6240,932991.4608619023,6846143.368065268,191.26800000000026,101.20121109879437,0.5291068610472961
2,6244,932294.4827730118,6848578.59853157,95.63400000000013,50.60060554939717,0.529106861047296
2,6254,933866.8796384634,6847507.112463386,382.5360000000005,202.402422197589,0.5291068610472968
2,6263,933509.8850767995,6848796.626786365,478.1699999999996,251.21250000000023,0.5253623188405806
2,6272,932128.0257044095,6848739.481804623,1051.9740000000002,556.6066610433692,0.5291068610472969
2,6275,933735.4613282373,6846962.289446429,765.0720000000009,404.8048443951774,0.5291068610472961
2,6280,933530.6183558748,6846078.008053653,669.4379999999994,351.6975000000005,0.5253623188405809
2,6282,933668.8896612633,6846794.1787261,286.90199999999993,151.8018166481916,0.5291068610472971
2,6287,934375.0572510493,6848203.28068825,191.26800000000026,87.65595599140607,0.4582886629828615
2,6295,933693.4130022795,6848986.959626654,286.90199999999993,147.02842752112426,0.5124691620174285
2,6299,935232.028883565,6846561.359070436,573.8039999999999,301.4550000000001,0.52536231884058
2,6301,933073.5929935235,6847050.956693161,286.90199999999993,150.72750000000008,0.5253623188405802
2,6315,935307.3909015042,6847557.888425209,4207.896000000001,2197.5299030066803,0.5222395950391074
2,6318,932952.2656191771,6847424.726534804,95.63400000000013,50.60060554939719,0.5291068610472961
2,6320,934960.7367099591,6849038.603916625,95.63400000000013,50.60060554939715,0.5291068610472958
2,6329,931469.8309066801,6849369.496446234,95.63400000000013,50.60060554939718,0.5291068610472961
2,6332,934140.2102104366,6846346.045158163,669.4379999999994,354.2042388457807,0.5291068610472979
2,6335,932781.1425941166,6848694.264892343,95.63400000000013,50.60060554939719,0.5291068610472961
2,6345,933335.3567001898,6847651.279026594,573.8039999999999,303.6036332963832,0.5291068610472971
2,6346,933570.3440752587,6846895.074151272,382.5360000000005,142.82936165165418,0.37337495464911535
2,6351,934686.5063761343,6848834.298915762,382.5360000000005,202.40242219758875,0.5291068610472961
2,6363,933279.8825424595,6849654.720825134,95.63400000000013,50.60060554939718,0.5291068610472961
2,6365,935301.2648187785,6848511.340898157,382.5360000000005,173.7134220645677,0.4541099976592202
2,6387,933002.2545978574,6845597.455279916,95.63400000000013,50.242499999999986,0.5253623188405788
2,6396,934219.5605775184,6847906.661568057,382.5360000000005,200.97000000000006,0.5253623188405792
2,6399,933246.3,6845841.25,95.63400000000013,50.60060554939719,0.5291068610472961
2,6403,934012.3161739131,6849175.675478261,95.63400000000013,46.2298966814468,0.48340440305170485
2,6406,933001.9296693858,6845562.334615143,1147.6079999999997,607.2072665927664,0.5291068610472971
2,6408,935015.5718700814,6848749.891143224,286.90199999999993,151.80181664819156,0.529106861047297
2,6409,933839.074847515,6847002.055027477,95.63400000000013,50.60060554939718,0.5291068610472961
2,6432,933435.0553363682,6847265.928603945,478.1699999999996,191.44172909515868,0.40036332077537035
2,6433,934451.2333374373,6846749.590221887,860.706,391.06897335592026,0.454358367846768
2,6434,933854.2412037265,6846661.454123635,191.26800000000026,101.20121109879436,0.5291068610472961
2,6446,933040.7048794649,6846170.583299255,286.90199999999993,151.8018166481916,0.5291068610472971
2,6448,934316.6787169485,6846484.824794105,95.63400000000013,50.242500000000014,0.5253623188405792
2,6449,935143.3438872882,6847040.927819312,191.26800000000026,101.20121109879436,0.5291068610472961
2,6452,933705.8051787235,6845971.406808041,95.63400000000013,50.60060554939719,0.5291068610472961
2,6454,932950.4264683077,6848888.624733624,1243.2420000000016,657.8078721421642,0.5291068610472969
2,6456,933202.1418940984,6848234.529947683,382.5360000000005,202.40242219758875,0.5291068610472961
2,6460,934911.0298388692,6847000.244226968,286.90199999999993,151.8018166481916,0.5291068610472971
2,6466,932965.7294848573,6846269.210401373,95.63400000000013,50.60060554939719,0.5291068610472961
2,6471,931731.4829065069,6848674.702917014,191.26800000000026,100.48500000000003,0.5253623188405792
2,6474,933727.2522423044,6846993.878951887,1051.9740000000002,556.6066610433691,0.5291068610472968
2,6480,934178.1717717717,6847262.673142708,382.5360000000005,202.4024221975888,0.5291068610472963
2,6500,931385.1796321841,6848619.52954023,95.63400000000013,50.60060554939721,0.5291068610472963
2,6510,933949.3725285209,6849453.247300288,286.90199999999993,151.80181664819156,0.529106861047297
2,6511,934828.3128997213,6849171.465197676,95.63400000000013,50.60060554939721,0.5291068610472963
2,6522,933998.5046981863,6849870.215371429,286.90199999999993,151.80181664819162,0.5291068610472972
2,6525,933719.3415132306,6846421.40037535,95.63400000000013,50.24250000000001,0.525362318840579
2,6526,932838.709477161,6849119.621753492,95.63400000000013,41.26619551614191,0.43150130200704623
2,6527,933358.0624526951,6846581.632463946,95.63400000000013,50.242500000000014,0.5253623188405792
2,6531,933157.8291146972,6847083.249240128,95.63400000000013,49.79772065262463,0.5207114692747826
2,6534,933793.5983591273,6846363.759637019,478.1699999999996,251.21250000000023,0.5253623188405806
2,6548,934523.746931953,6847589.964032345,4781.7000000000035,2530.03027746986,0.5291068610472965
2,6549,933110.8638473084,6847137.840951686,95.63400000000013,37.12404572259873,0.38818877933160467
2,6557,933157.3441708344,6845790.211036353,1912.6799999999985,1012.0121109879441,0.5291068610472974
2,6560,934616.984738774,6849087.311035685,95.63400000000013,50.60060554939719,0.5291068610472961
2,6561,934022.8377868248,6846747.334554651,478.1699999999996,253.00302774698608,0.5291068610472975
2,6563,933123.1865806777,6846222.395492885,95.63400000000013,50.60060554939719,0.5291068610472961
2,6565,933281.4369228928,6849534.968551151,95.63400000000013,49.57721999999999,0.5184057971014485
2,6579,934504.8330871024,6847875.857259229,860.706,455.4054499445718,0.5291068610472934
2,6586,934242.588932675,6847720.181085999,478.1699999999996,253.0030277469861,0.5291068610472976
2,6590,933065.7492157589,6845662.312523156,95.63400000000013,50.60060554939718,0.5291068610472961
2,6596,933001.7177964004,6846018.523850524,2008.3139999999987,1062.6127165373407,0.5291068610472971
2,6605,933043.5159946238,6847436.858485662,95.63400000000013,50.242499999999986,0.5253623188405788
2,6608,933240.2277989681,6847413.13972029,95.63400000000013,49.896000000000015,0.521739130434782
2,6611,931039.8684725357,6848147.109029345,95.63400000000013,50.2425,0.525362318840579
2,6617,934208.7361021435,6847129.418883487,286.90199999999993,151.80181664819156,0.529106861047297
2,6633,933149.1491426929,6849051.067750515,1721.4119999999998,910.8108998891496,0.5291068610472971
2,6635,932925.8086074952,6848312.517148165,669.4379999999994,354.2042388457807,0.5291068610472979
2,6641,935258.9996562648,6847177.00802829,382.5360000000005,148.27044247748117,0.38759866385773095
2,6643,932546.3608217592,6849087.456539351,95.63400000000013,50.24250000000001,0.525362318840579
2,6655,932819.5316208268,6849365.742449403,191.26800000000026,101.2012110987945,0.5291068610472968
2,6656,933091.720083536,6848620.572153076,956.3399999999992,506.00605549397216,0.5291068610472975
2,6661,931428.6276969735,6848021.054328635,191.26800000000026,101.20121109879433,0.5291068610472959
2,6662,934048.1758727882,6848497.687125094,669.4379999999994,354.2042388457807,0.5291068610472979
2,6664,932528.0892304826,6848058.09562139,286.90199999999993,151.8018166481916,0.5291068610472971
2,6665,934304.8870819428,6846478.144634779,95.63400000000013,50.60060554939718,0.5291068610472961
2,6666,934050.4078345363,6848638.829700521,956.3399999999992,506.0060554939722,0.5291068610472976
2,6667,932701.8654552494,6847734.643245934,191.26800000000026,101.20121109879435,0.529106861047296
2,6678,933100.0981413772,6846174.517535039,286.90199999999993,150.72750000000008,0.5253623188405802
2,6681,934008.3250371189,6848635.421730069,286.90199999999993,151.80181664819156,0.529106861047297
2,6682,932685.165799722,6847656.72978365,573.8039999999999,303.6036332963832,0.5291068610472971
2,6683,933130.0448697095,6847281.762732541,95.63400000000013,50.60060554939721,0.5291068610472963
2,6692,933986.5318636164,6846750.590648472,95.63400000000013,50.60060554939719,0.5291068610472961
2,6698,933435.792001201,6848549.100044604,95.63400000000013,31.43846041291354,0.32873727348969506
2,6706,931084.6258892306,6848130.906039555,95.63400000000013,50.60060554939721,0.5291068610472963
2,6707,934022.1932843138,6849492.239544818,382.5360000000005,202.4024221975888,0.5291068610472963
2,6718,933169.2654154476,6845537.702644828,4112.261999999999,1987.8855573022129,0.48340440305170573
2,6743,933263.0284647145,6849536.433528916,95.63400000000013,50.60060554939719,0.5291068610472961
2,6746,933338.7175620955,6849481.43947796,956.3399999999992,414.2164082582707,0.4331267208924347
2,6749,932598.7166413182,6845822.72210811,191.26800000000026,101.20121109879435,0.529106861047296
2,6752,933155.5815263413,6846202.153650277,95.63400000000013,50.6006055493972,0.5291068610472963
2,6753,935224.4982829819,6846914.921703011,95.63400000000013,50.60060554939718,0.5291068610472961
2,6765,931595.4157212607,6848344.918707553,95.63400000000013,50.60060554939719,0.5291068610472961
2,6770,935535.5892017501,6846459.174949478,191.26800000000026,100.4850000000001,0.5253623188405795
2,6771,933701.0470321462,6846389.577126407,95.63400000000013,50.2425,0.525362318840579
2,6776,934752.8242465911,6849447.785493298,95.63400000000013,50.60060554939717,0.529106861047296
2,6781,931813.8032149015,6848758.710840367,95.63400000000013,39.709895103228384,0.41522779663329284
2,6788,934884.880021952,6847773.25128084,95.63400000000013,50.60060554939725,0.5291068610472968
2,6797,933764.1517397589,6846643.638782329,95.63400000000013,35.7776355161419,0.37410999765922004
2,6806,931665.6268825568,6848321.235769392,95.63400000000013,50.242500000000014,0.5253623188405792
2,6808,933919.5234054702,6846389.242056376,478.1699999999996,187.8872265484259,0.3929297667114751
2,6815,935103.8061993435,6848606.61529212,8607.060000000005,4554.054499445747,0.5291068610472965
2,6817,931309.2524208266,6848292.589788512,382.5360000000005,202.40242219758872,0.5291068610472961
2,6820,933759.4096831179,6846222.6180965,95.63400000000013,50.60060554939719,0.5291068610472961
2,6829,933893.2394971984,6846593.217219446,286.90199999999993,151.8018166481916,0.5291068610472971
2,6837,933250.5436277493,6849228.294987027,95.63400000000013,50.60060554939719,0.5291068610472961
2,6844,931025.897341728,6848140.918380554,95.63400000000013,50.24249999999999,0.5253623188405789
2,6846,934477.1508505408,6846799.975496573,95.63400000000013,50.60060554939719,0.5291068610472961
2,6849,933007.8374810114,6847615.170892217,95.63400000000013,38.4536106193703,0.4020914174809194
2,6861,934590.4664508252,6847775.357150018,573.8039999999999,301.4550000000001,0.52536231884058
2,6870,934364.510273029,6848060.352744643,669.4379999999994,354.2042388457807,0.5291068610472979
2,6876,933358.8401548715,6846469.963425346,95.63400000000013,46.71019020645678,0.48842660775933994
2,6877,932169.666679002,6848120.309888422,95.63400000000013,49.34034065262557,0.5159288605791403
2,6882,932004.5173808351,6848686.284545505,95.63400000000013,50.60060554939713,0.5291068610472955
2,6884,935512.5592425808,6847783.955677517,95.63400000000013,46.41787085908233,0.4853699610921039
2,6885,934043.0528542092,6848624.178247774,382.5360000000005,200.97000000000003,0.525362318840579
2,6886,932526.1207252719,6847207.32584846,669.4379999999994,354.2042388457807,0.5291068610472979
2,6893,934447.1822135358,6846772.991579802,382.5360000000005,202.40242219758872,0.5291068610472961
2,6895,934759.1465624191,6848320.685585006,191.26800000000026,101.20121109879436,0.5291068610472961
2,6899,935049.166825543,6847643.84980103,3729.726,1959.4574999999998,0.5253623188405796
2,6917,932246.0140061565,6849019.068293756,95.63400000000013,50.60060554939719,0.5291068610472961
2,6925,932604.0239725816,6847891.254850967,95.63400000000013,30.77318041291354,0.32178075175056464
2,6927,933068.0651623281,6847972.966761279,95.63400000000013,50.60060554939714,0.5291068610472957
2,6929,932354.7317858372,6848084.284554136,95.63400000000013,50.242500000000014,0.5253623188405792
2,6931,934458.1042204817,6849233.476438074,478.1699999999996,253.0030277469861,0.5291068610472976
2,6938,933121.4146890449,6848097.504553734,95.63400000000013,50.60060554939719,0.5291068610472961
2,6939,933875.3212383471,6846288.453472945,765.0720000000009,401.94,0.525362318840579
2,6944,932995.8659464187,6848445.096577559,286.90199999999993,150.72750000000002,0.5253623188405799
2,6945,932559.7426821194,6847680.562356512,478.1699999999996,253.0030277469861,0.5291068610472976
2,6947,932948.3551228007,6849373.104482574,95.63400000000013,35.55587551614192,0.3717911570795101
2,6950,934222.965014302,6847798.515555726,765.0720000000009,375.4219824774758,0.49070150584190164
2,6951,933940.0689274684,6847204.127933196,286.90199999999993,136.42696530968527,0.4755176517057577
2,6952,933436.7775390883,6848349.129789121,95.63400000000013,50.24249999999999,0.5253623188405789
2,6966,931421.330103748,6848003.213149828,95.63400000000013,50.60060554939719,0.5291068610472961
2,6967,933338.1946258262,6848272.611512127,95.63400000000013,50.24249999999998,0.5253623188405788
2,6970,932559.6541933386,6847959.099863157,95.63400000000013,50.60060554939719,0.5291068610472961
2,6972,932982.5241114312,6848177.027761767,95.63400000000013,50.60060554939719,0.5291068610472961
2,6975,933855.6108843538,6849008.080456183,573.8039999999999,303.6036332963833,0.5291068610472973
2,6980,934460.2729048119,6848074.945641982,573.8039999999999,303.60363329638307,0.5291068610472969
2,6982,934054.8616417609,6848405.573936456,286.90199999999993,150.72750000000005,0.52536231884058
2,7023,934878.1594623458,6847924.559675164,860.706,455.4054499445749,0.5291068610472971
2,7050,931815.0452031238,6848811.106971413,286.90199999999993,151.8018166481916,0.5291068610472971
2,7060,932948.7569168821,6848170.667644519,95.63400000000013,46.2298966814468,0.48340440305170485
2,7065,931343.4658147945,6848258.015493044,286.90199999999993,151.80181664819165,0.5291068610472973
2,7077,931286.6626177025,6848440.804977133,95.63400000000013,50.60060554939718,0.5291068610472961
2,7078,933357.3813896409,6849694.307994808,95.63400000000013,50.60060554939718,0.5291068610472961
2,7098,934050.7605411013,6849365.527042871,286.90199999999993,151.8018166481916,0.5291068610472971
2,7106,932721.3847057547,6847589.42608469,478.1699999999996,253.00302774698608,0.5291068610472975
2,7110,933509.3949238706,6849343.200602847,860.706,455.4054499445749,0.5291068610472971
2,7119,934288.5629762847,6847899.654664797,286.90199999999993,151.80181664819156,0.529106861047297
2,7122,933350.5600221903,6848612.427836422,95.63400000000013,50.60060554939719,0.5291068610472961
2,7125,933308.0696404267,6847139.169347735,382.5360000000005,202.40242219758872,0.5291068610472961
2,7126,933883.1916723639,6848269.124111265,478.1699999999996,251.21250000000018,0.5253623188405805
2,7143,933836.5034170076,6848648.734369126,382.5360000000005,200.97000000000006,0.5253623188405792
2,7160,935252.715570657,6848118.02181957,3347.1899999999973,1378.8631716779607,0.41194648994468847
2,7161,932739.0346562676,6848643.884345064,95.63400000000013,50.600605549397166,0.5291068610472959
2,7168,932887.1593169762,6847496.24426761,95.63400000000013,50.242500000000014,0.5253623188405792
2,7170,933315.6109183372,6848522.792796878,286.90199999999993,150.72750000000008,0.5253623188405802
2,7171,933708.190273659,6846211.260795436,478.1699999999996,173.67575103228393,0.36320921645499316
2,7173,934706.377377197,6848155.164398379,860.706,455.40544994457497,0.5291068610472972
2,7176,934663.5334730387,6848003.805638011,669.4379999999994,354.2042388457807,0.5291068610472979
2,7182,932857.7350872493,6849408.434392832,95.63400000000013,50.60060554939719,0.5291068610472961
2,7185,932957.6829981967,6845770.824578952,95.63400000000013,50.242500000000014,0.5253623188405792
2,7187,932485.9392684487,6848699.369037916,191.26800000000026,101.2012110987944,0.5291068610472963
2,7188,933085.5516283831,6846599.124648621,191.26800000000026,101.20121109879437,0.5291068610472961
2,7193,934376.4303766242,6847911.708054173,286.90199999999993,150.72750000000013,0.5253623188405803
2,7200,932851.3726241369,6847576.478633672,95.63400000000013,50.600605549397166,0.5291068610472959
2,7202,933305.5855781129,6848328.631858483,95.63400000000013,47.071545309685156,0.49220512903031444
2,7203,933261.1880165729,6848471.3656718,286.90199999999993,151.80181664819153,0.5291068610472969
2,7209,934370.5844460832,6847946.385892442,1051.9740000000002,556.6066610433692,0.5291068610472969
2,7210,934601.777083748,6847732.677280348,4877.334000000002,2580.6308830192575,0.5291068610472969
2,7212,933113.1242634862,6847329.558634127,286.90199999999993,101.79978123874068,0.3548242300114349
2,7217,933696.8444323933,6846394.728773501,95.63400000000013,50.600605549397216,0.5291068610472964
2,7227,934226.9179839634,6847664.753837341,95.63400000000013,50.60060554939721,0.5291068610472963
2,7234,933330.9063679734,6849081.50819747,382.5360000000005,202.40242219758875,0.5291068610472961
2,7251,932903.1505353746,6847535.820314219,95.63400000000013,49.935325549397135,0.5221503393081651
2,7260,933592.2313236168,6847178.316297927,95.63400000000013,50.24250000000004,0.5253623188405795
2,7261,933816.1178728945,6850110.60183166,95.63400000000013,50.24250000000004,0.5253623188405795
2,7262,934043.3641461659,6846302.167473459,1147.6079999999997,602.9100000000002,0.52536231884058
2,7265,931309.9144446043,6848359.750107867,95.63400000000013,50.24250000000001,0.525362318840579
2,7271,933470.7144812362,6847375.94410596,286.90199999999993,108.35854654842495,0.3776848768862712
2,7272,933413.490684528,6849309.431975828,382.5360000000005,202.40242219758875,0.5291068610472961
2,7277,934392.2386887921,6849689.520588312,95.63400000000013,49.592075103228396,0.5185611299666262
2,7284,934231.99876516,6847673.714455834,573.8039999999999,303.6036332963833,0.5291068610472973
2,7285,932980.6,6848184.1,95.63400000000013,50.60060554939719,0.5291068610472961
2,7297,933204.1440989191,6847348.850166348,286.90199999999993,151.80181664819165,0.5291068610472973
2,7305,932857.5316554658,6846480.794778951,286.90199999999993,151.80181664819156,0.529106861047297
2,7314,933372.6173220007,6849807.781452062,95.63400000000013,46.2298966814468,0.48340440305170485
2,7323,934494.9974549763,6848071.210505207,478.1699999999996,253.0030277469861,0.5291068610472976
2,7328,932667.856543374,6847868.254170398,191.26800000000026,101.2012110987942,0.5291068610472952
2,7329,933889.8470966779,6849479.699979875,95.63400000000013,42.53538061937012,0.44477257690120736
2,7350,932977.6256833533,6846359.223079677,95.63400000000013,50.60060554939719,0.5291068610472961
2,7352,933157.8064630779,6848046.808836995,286.90199999999993,151.80181664819156,0.529106861047297
2,7353,933440.3178267129,6846287.25460704,478.1699999999996,253.00302774698608,0.5291068610472975
2,7357,935275.1534015927,6846662.058022229,286.90199999999993,151.8018166481916,0.5291068610472971
2,7381,932977.281876627,6846051.924615733,95.63400000000013,50.60060554939719,0.5291068610472961
2,7388,931180.9122219507,6848276.767416281,95.63400000000013,50.60060554939718,0.5291068610472961
2,7390,932982.204264392,6846047.18315565,95.63400000000013,50.60060554939719,0.5291068610472961
2,7395,934266.6670230335,6847058.845046502,191.26800000000026,101.20121109879437,0.5291068610472961
2,7407,933066.9428781666,6849502.281774939,286.90199999999993,151.80181664819165,0.5291068610472973
2,7408,932465.5301099297,6849264.204670519,95.63400000000013,50.60060554939719,0.5291068610472961
2,7412,933222.410691955,6848759.564458585,286.90199999999993,151.80181664819156,0.529106861047297
2,7413,932960.5045903904,6846229.097996617,95.63400000000013,50.60060554939716,0.5291068610472959
2,7420,932194.7008605361,6849505.398613186,95.63400000000013,50.6006055493972,0.5291068610472963
2,7424,933112.1066925138,6847830.431256347,286.90199999999993,151.80181664819156,0.529106861047297
2,7429,933612.9587464649,6849393.439615405,573.8039999999999,281.230381858111,0.490115757049639
2,7436,932267.404654321,6848740.679935528,95.63400000000013,50.60060554939723,0.5291068610472965
2,7455,934495.2558665659,6848363.995169082,478.1699999999996,253.00302774698605,0.5291068610472975
2,7458,934520.6310776942,6848016.626453634,478.1699999999996,251.21250000000023,0.5253623188405806
2,7460,933787.5305787695,6848912.983990352,669.4379999999994,351.6975000000005,0.5253623188405809
2,7467,933306.3418210993,6845798.080384553,382.5360000000005,200.97000000000006,0.5253623188405792
2,7474,931572.9991859567,6848490.9543836,95.63400000000013,50.60060554939719,0.5291068610472961
2,7477,932554.5982048819,6848692.404067381,95.63400000000013,50.600605549397194,0.5291068610472962
2,7482,935127.859324254,6848039.236484771,4207.896000000001,2079.6419690840985,0.4942237092086159
2,7485,932676.451173316,6849425.092113932,9659.034000000009,5110.661160489118,0.5291068610472965
2,7494,933883.1002775782,6848996.248913653,669.4379999999994,202.4460185548027,0.3024119015574301
2,7509,934413.6518490941,6847679.67852238,860.706,455.4054499445749,0.5291068610472971
2,7515,934074.6128181393,6849107.426057626,1051.9740000000002,552.6675000000002,0.5253623188405798
2,7521,933568.1261384258,6847414.160192087,95.63400000000013,50.60060554939719,0.5291068610472961
2,7527,934737.1210720293,6848302.617941938,95.63400000000013,50.60060554939719,0.5291068610472961
2,7528,933396.3123973892,6847690.784654179,286.90199999999993,150.72750000000005,0.52536231884058
2,7536,932659.2668047957,6847696.916929112,95.63400000000013,50.60060554939718,0.5291068610472961
2,7541,933660.9626266093,6848517.098673598,2199.582000000002,1163.8139276361353,0.5291068610472963
2,7553,933470.5691177697,6845880.127699412,573.8039999999999,303.6036332963833,0.5291068610472973
2,7555,934502.2395902204,6846762.600936638,478.1699999999996,195.66570758070898,0.40919695418095897
2,7556,932387.4556430188,6848716.310252488,4686.065999999996,2461.8825,0.5253623188405802
2,7557,933813.4095045064,6848801.090820673,382.5360000000005,202.40242219758872,0.5291068610472961
2,7562,933618.0228667863,6847190.665052912,95.63400000000013,50.60060554939719,0.5291068610472961
2,7563,931123.8825238544,6849073.944357109,95.63400000000013,50.60060554939718,0.5291068610472961
2,7565,933748.5892751615,6847397.147197873,765.0720000000009,404.8048443951773,0.529106861047296
2,7566,932994.877124748,6845818.989956065,95.63400000000013,50.60060554939719,0.5291068610472961
2,7567,934003.1331696671,6847334.195356246,478.1699999999996,251.21250000000023,0.5253623188405806
2,7600,933781.3987089236,6848660.295912911,382.5360000000005,202.40242219758875,0.5291068610472961
2,7616,932822.2057255614,6845604.043979555,191.26800000000026,75.65783103228384,0.3955592730215391
2,7622,933313.9888831187,6849316.475639795,478.1699999999996,253.00302774698605,0.5291068610472975
2,7624,934150.4305301871,6849221.13391562,765.0720000000009,404.8048443951774,0.5291068610472961
2,7625,933311.4465447355,6848453.914536169,286.90199999999993,151.80181664819165,0.5291068610472973
2,7632,934823.428041961,6849071.318474605,286.90199999999993,148.77622530968523,0.5185611299666272
2,7637,933103.3035015194,6847036.81972299,382.5360000000005,202.40242219758875,0.5291068610472961
2,7644,934076.0079279958,6848450.747479996,382.5360000000005,176.8615608258271,0.4623396512376008
2,7646,935057.4127937912,6849040.523600082,12241.152000000016,4782.660152243132,0.3907034364284608
2,7651,935803.6774035451,6848865.140792492,95.63400000000013,38.050675516141865,0.39787811360124864
2,7661,933167.2418960244,6848592.19266055,95.63400000000013,50.60060554939719,0.5291068610472961
2,7666,934585.0826798955,6846686.59797301,382.5360000000005,202.40242219758875,0.5291068610472961
2,7669,934241.5056378229,6847789.805344572,382.5360000000005,202.40242219758875,0.5291068610472961
2,7677,932802.9507304117,6847145.252384637,95.63400000000013,50.242500000000014,0.5253623188405792
2,7678,934268.9000000001,6846393.0,95.63400000000013,29.449550412910334,0.3079401720403862
2,7680,934088.1168209387,6848181.369988298,95.63400000000013,50.24250000000001,0.525362318840579
2,7681,932562.4542083007,6848055.335395383,191.26800000000026,101.20121109879437,0.5291068610472961
2,7684,933015.0417141208,6848072.139522814,95.63400000000013,50.60060554939718,0.5291068610472961
2,7688,933205.2310986965,6848811.496975021,95.63400000000013,50.60060554939719,0.5291068610472961
2,7689,934384.0306407174,6848010.754827364,286.90199999999993,151.8018166481916,0.5291068610472971
2,7691,934519.0524983058,6846735.097287649,95.63400000000013,43.85602530968514,0.4585819406245172
2,7693,930925.7773559724,6848336.515454389,95.63400000000013,42.02256061936891,0.439410258060615
2,7694,932347.9956099989,6848719.571181132,669.4379999999994,300.3948171677963,0.4487268681607506
2,7695,933611.5076817493,6847310.300227692,478.1699999999996,253.00302774698608,0.5291068610472975
2,7700,933970.4444828309,6848511.669417002,669.4379999999994,354.2042388457807,0.5291068610472979
2,7701,933688.6750897729,6849643.208475415,573.8039999999999,301.45499999999987,0.5253623188405796
2,7705,935771.0021361737,6848820.129519956,4016.6279999999974,2125.225433074683,0.5291068610472975
2,7709,932209.6417677643,6849525.617966494,95.63400000000013,48.92679510322839,0.5116046082274958
2,7718,933069.3621332491,6847319.061466704,382.5360000000005,200.97000000000006,0.5253623188405792
2,7721,935182.7267581425,6846747.283743559,95.63400000000013,50.600605549397166,0.5291068610472959
2,7731,933054.9300797356,6846977.108830277,765.0720000000009,401.94,0.525362318840579
2,7732,933745.0535112806,6846685.236129648,95.63400000000013,50.242500000000014,0.5253623188405792
2,7734,934851.6273060028,6848789.019289897,382.5360000000005,200.97000000000006,0.5253623188405792
2,7736,934842.2417396986,6849067.983864316,95.63400000000013,50.24249999999999,0.5253623188405789
2,7739,933717.6023728618,6847026.191925136,2008.3139999999987,1055.0925,0.52536231884058
2,7741,934057.245450246,6846271.856822831,573.8039999999999,303.6036332963831,0.529106861047297
2,7743,931533.7315243995,6848163.878926983,95.63400000000013,50.60060554939718,0.5291068610472961
2,7746,933468.8075978712,6847244.078423601,573.8039999999999,224.1497458514353,0.3906381723575217
2,7751,933982.0664387033,6846756.497355623,95.63400000000013,50.24250000000001,0.525362318840579
2,7753,933605.0915773922,6846081.023095326,95.63400000000013,50.242500000000014,0.5253623188405792
2,7758,934472.5347616748,6846568.077559766,669.4379999999994,354.2042388457805,0.5291068610472975
2,7759,933695.809993285,6847261.155482979,382.5360000000005,202.4024221975888,0.5291068610472963
2,7768,933646.9143829533,6845971.439247311,382.5360000000005,184.9195867257872,0.48340440305170485
2,7770,934217.2139092973,6846981.857704712,765.0720000000009,276.7883233033082,0.36178075175056446
2,7772,935001.095973997,6848045.9857319,478.1699999999996,168.13175103228397,0.3516150135564425
2,7779,933937.4979945115,6847176.633488496,1051.9740000000002,556.6066610433691,0.5291068610472968
2,7793,933503.2405561537,6845982.29041263,860.706,455.4054499445749,0.5291068610472971
2,7807,933118.3468238376,6847816.46502947,478.1699999999996,251.21250000000023,0.5253623188405806
2,7824,934322.0829301811,6849708.763289887,95.63400000000013,50.60060554939719,0.5291068610472961
2,7834,933114.2736771879,6848071.379017973,95.63400000000013,50.60060554939718,0.5291068610472961
2,7835,931645.4662741815,6848669.489252232,95.63400000000013,50.60060554939719,0.5291068610472961
2,7837,935359.5665159508,6848068.502612409,95.63400000000013,50.60060554939719,0.5291068610472961
2,7853,933478.4230132707,6846549.675102784,95.63400000000013,49.488125103227645,0.5174741734448792
2,7855,934803.8580437395,6846907.377702476,95.63400000000013,50.60060554939719,0.5291068610472961
2,7877,931823.8778151674,6848086.655925017,95.63400000000013,50.60060554939721,0.5291068610472963
2,7880,932598.4948466017,6848475.45091437,95.63400000000013,50.60060554939719,0.5291068610472961
2,7885,931310.7915487962,6847972.019858407,95.63400000000013,50.60060554939719,0.5291068610472961
2,7889,934103.0935644928,6846765.882138934,95.63400000000013,50.60060554939725,0.5291068610472968
2,7890,934877.8816730374,6848778.262058923,95.63400000000013,44.14907551614187,0.4616462295432776
2,7898,934233.5750428109,6847813.323856355,573.8039999999999,303.6036332963831,0.529106861047297
2,7905,934624.5728042515,6848375.762071613,95.63400000000013,42.360140412913545,0.4429401720404196
2,7907,931523.6794832773,6847925.242754725,95.63400000000013,50.60060554939718,0.5291068610472961
2,7914,934317.8287841164,6848321.404455936,2486.4840000000036,1171.145515367875,0.47100464566346434
2,7922,933161.6518608789,6848111.189508128,669.4379999999994,354.2042388457807,0.5291068610472979
2,7926,933953.3677268436,6846401.24001631,1817.0460000000007,961.4115054385462,0.5291068610472964
2,7927,934114.0991041962,6849368.048533711,95.63400000000013,50.60060554939717,0.529106861047296
2,7929,931697.1239755966,6848204.255233705,95.63400000000013,50.60060554939719,0.5291068610472961
2,7945,934099.1616143121,6849329.353643706,95.63400000000013,50.60060554939721,0.5291068610472963
2,7951,933972.7545408328,6846378.435423783,382.5360000000005,202.40242219758875,0.5291068610472961
2,7954,934491.9729373951,6848329.287616658,95.63400000000013,50.60060554939718,0.5291068610472961
2,7955,933291.5464439718,6847966.613641286,765.0720000000009,404.8048443951773,0.529106861047296
2,7965,933144.560460745,6848012.301595144,95.63400000000013,49.57722000000002,0.5184057971014487
2,7966,933976.8933857958,6848225.271857744,956.3399999999992,502.42500000000047,0.5253623188405806
2,7971,933857.2102019569,6847122.229710598,478.1699999999996,251.21250000000023,0.5253623188405806
2,7974,933440.184470113,6845711.735296588,95.63400000000013,50.60060554939719,0.5291068610472961
2,7976,933874.0441733858,6846440.220732541,382.5360000000005,202.40242219758875,0.5291068610472961
2,7985,935077.2184025437,6847042.450292048,478.1699999999996,253.00302774698608,0.5291068610472975
2,7986,933791.3300117084,6848621.148610271,478.1699999999996,253.00302774698608,0.5291068610472975
2,7992,933311.9524453791,6846666.436307401,95.63400000000013,50.2425,0.525362318840579
2,7998,933834.4826130051,6848600.349649016,1912.6799999999985,1012.0121109879444,0.5291068610472976
2,8000,934599.383238315,6848506.498915108,765.0720000000009,401.9399999999999,0.5253623188405789
2,8003,933197.7293215147,6847395.339172686,95.63400000000013,50.60060554939719,0.5291068610472961
2,8005,933139.0386787971,6845686.748064922,95.63400000000013,50.60060554939719,0.5291068610472961
2,8015,932266.3387375978,6848887.174857506,191.26800000000026,101.20121109879436,0.5291068610472961
2,8019,932354.7580509415,6848029.43712071,95.63400000000013,50.60060554939719,0.5291068610472961
2,8033,935001.6653242535,6848769.677513601,286.90199999999993,151.8018166481916,0.5291068610472971
2,8036,931652.643913686,6848584.576267612,95.63400000000013,42.33943211717955,0.44272363507935975
2,8039,934239.7233812353,6847065.166359652,765.0720000000009,368.4781224774812,0.4816254188853869
2,8040,931643.1574128527,6847995.721641661,95.63400000000013,50.60060554939718,0.5291068610472961
2,8049,932390.6997814205,6848990.594440663,95.63400000000013,50.60060554939717,0.529106861047296
2,8071,933198.2490518166,6848040.739691245,478.1699999999996,172.88679758070938,0.36155927302153945
2,8072,934152.9355332914,6849191.549646184,95.63400000000013,38.36451572259838,0.40115979382435457
2,8074,934926.9306315384,6848903.534403494,286.90199999999993,151.8018166481916,0.5291068610472971
2,8094,934421.1375879868,6847663.255396527,382.5360000000005,202.40242219758872,0.5291068610472961
2,8100,933511.9647458706,6849183.290257165,191.26800000000026,100.48500000000001,0.525362318840579
2,8114,933921.2643788636,6847348.170172826,956.3399999999992,506.0060554939722,0.5291068610472976
2,8115,932624.7943534629,6847551.85968384,95.63400000000013,50.60060554939719,0.5291068610472961
2,8118,931750.9974135848,6848810.675009497,95.63400000000013,50.24250000000001,0.525362318840579
2,8121,932196.4586625021,6848034.444755751,191.26800000000026,101.20121109879436,0.5291068610472961
2,8123,933857.233289993,6848954.605001519,286.90199999999993,116.67945061937043,0.4066874773245584
2,8130,933932.4705453733,6849279.217211634,95.63400000000013,35.84100061937043,0.3747725769012107
2,8132,930946.2219094957,6848416.245022264,95.63400000000013,50.60060554939718,0.5291068610472961
2,8139,932256.65,6849529.899999999,95.63400000000013,50.60060554939719,0.5291068610472961
2,8158,933027.2522777625,6848716.850099599,478.1699999999996,157.57656744081157,0.32954089014537025
2,8161,933050.9546962103,6847463.317620681,765.0720000000009,401.94,0.525362318840579
2,8163,931901.1991037689,6848299.922625108,95.63400000000013,50.60060554939719,0.5291068610472961
2,8165,934461.2431614145,6849662.254828627,95.63400000000013,34.30704148265951,0.3587326838013621
2,8175,935178.612276814,6846954.797687222,669.4379999999994,354.2042388457806,0.5291068610472978
2,8181,933230.3532055493,6847337.924168518,860.706,452.18250000000035,0.5253623188405802
2,8184,933630.4950083472,6849520.182327688,191.26800000000026,100.48499999999999,0.5253623188405789
2,8185,933631.7331487143,6846176.800629182,573.8039999999999,303.6036332963832,0.5291068610472971
2,8194,934471.3460160496,6847426.627042804,286.90199999999993,151.8018166481916,0.5291068610472971
2,8226,931648.7,6848629.05,95.63400000000013,50.60060554939717,0.529106861047296
2,8233,933757.6555516416,6849415.49774412,286.90199999999993,147.57665624903143,0.5143800191320781
2,8234,933774.3630458927,6846027.659194101,573.8039999999999,301.4550000000001,0.52536231884058
2,8235,933722.6817228245,6847065.672524528,382.5360000000005,200.97000000000003,0.525362318840579
2,8237,933914.2677693326,6847281.40260529,765.0720000000009,401.93999999999994,0.525362318840579
2,8248,935328.4965527308,6847946.349565775,95.63400000000013,50.24250000000004,0.5253623188405795
2,8249,934722.1216022585,6848162.867207026,286.90199999999993,150.72750000000005,0.52536231884058
2,8250,933163.9449462921,6848124.12429393,478.1699999999996,253.0030277469861,0.5291068610472976
2,8253,932565.0627405872,6847560.699470899,382.5360000000005,202.40242219758875,0.5291068610472961
2,8261,933349.6347736815,6848442.928690509,95.63400000000013,50.60060554939718,0.5291068610472961
2,8263,933716.083107154,6846367.197975644,95.63400000000013,49.63266,0.5189855072463762
2,8269,934202.3757959687,6848014.43600756,573.8039999999999,277.37938008868093,0.4834044030517058
2,8270,932725.3190265659,6847577.808113245,382.5360000000005,202.40242219758872,0.5291068610472961
2,8271,932913.0841921397,6846322.078204756,286.90199999999993,151.80181664819165,0.5291068610472973
2,8295,933865.6669149917,6846137.134918552,286.90199999999993,151.8018166481916,0.5291068610472971
2,8306,933992.4018218517,6848726.365917427,573.8039999999999,207.5912424774814,0.3617807517505654
2,8323,935068.6365005559,6847054.173193167,286.90199999999993,150.72750000000016,0.5253623188405804
2,8324,932958.0940823302,6847203.189769655,860.706,452.1825000000002,0.5253623188405799
2,8333,934608.4406153638,6847583.868874502,2677.751999999998,1406.7900000000025,0.525362318840581
2,8334,934650.7635395249,6848215.472759269,1051.9740000000002,556.6066610433691,0.5291068610472968
2,8336,934297.9091332478,6847157.429116633,860.706,452.18250000000035,0.5253623188405802
2,8341,935528.0232824454,6846480.941904241,95.63400000000013,50.60060554939718,0.5291068610472961
2,8345,932764.1228977403,6847191.013580248,95.63400000000013,49.52645554939854,0.5178749769893393
2,8356,932591.3157012248,6848241.596955417,95.63400000000013,36.2508657225987,0.3790583445489956
2,8357,933131.1369081588,6847786.357533579,286.90199999999993,150.72750000000005,0.52536231884058
2,8358,931163.3914562312,6848030.370770397,95.63400000000013,50.24250000000004,0.5253623188405795
2,8360,933307.2757061883,6847929.467845337,1051.9740000000002,552.6675000000001,0.5253623188405797
2,8371,932204.3215544575,6849480.607909741,95.63400000000013,50.60060554939719,0.5291068610472961
2,8372,932868.1041368494,6846413.298549162,95.63400000000013,47.65167510322838,0.4982712748941623
2,8375,933317.4154607771,6846468.473918162,95.63400000000013,50.242500000000014,0.5253623188405792
2,8380,933041.159436996,6847427.216116692,382.5360000000005,202.40242219758875,0.5291068610472961
2,8381,934603.9775981564,6849534.601282749,95.63400000000013,50.60060554939719,0.5291068610472961
2,8387,933799.3325260205,6846589.546491293,382.5360000000005,202.40242219758883,0.5291068610472963
2,8392,933478.7402501903,6847220.730597327,478.1699999999996,251.21250000000023,0.5253623188405806
2,8394,931796.8219873207,6848088.986102011,1721.4119999999998,892.3899600000004,0.5184057971014496
2,8398,931396.4325600928,6848406.502796511,95.63400000000013,50.60060554939719,0.5291068610472961
2,8399,934473.4896012899,6848046.238025199,573.8039999999999,303.6036332963832,0.5291068610472971
2,8401,932686.7269514629,6849073.606989667,286.90199999999993,151.8018166481916,0.5291068610472971
2,8408,933680.690402571,6848482.317733078,573.8039999999999,303.6036332963832,0.5291068610472971
2,8420,932984.1647373277,6847461.455881176,95.63400000000013,35.42965412653831,0.3704713190553387
2,8421,933084.3999999999,6846111.749999999,191.26800000000026,101.20121109879436,0.5291068610472961
2,8422,932146.5828900646,6847940.285827475,95.63400000000013,50.60060554939719,0.5291068610472961
2,8428,934378.6535335308,6848179.54098902,860.706,455.4054499445749,0.5291068610472971
2,8430,932874.0380589463,6845600.955081376,286.90199999999993,100.6613142650397,0.35085609115670063
2,8432,932826.0103711031,6846003.116236217,95.63400000000013,50.242500000000014,0.5253623188405792
2,8434,933582.409433329,6847302.862838103,1338.8759999999988,703.395000000001,0.5253623188405809
2,8438,933612.915620513,6847427.687928204,382.5360000000005,200.97000000000006,0.5253623188405792
2,8440,933165.1831188619,6848050.682516024,382.5360000000005,202.40242219758883,0.5291068610472963
2,8441,931013.6814262227,6848060.091713933,95.63400000000013,50.60060554939719,0.5291068610472961
2,8445,933181.4371386848,6848217.74848602,765.0720000000009,404.8048443951773,0.529106861047296
2,8446,934383.3971948732,6848120.713355753,573.8039999999999,303.6036332963832,0.5291068610472971
2,8448,932563.7727892044,6848049.004605507,95.63400000000013,50.24250000000001,0.525362318840579
2,8451,931109.4522092268,6849180.907399286,95.63400000000013,50.60060554939718,0.5291068610472961
2,8456,931443.2378608419,6848115.427682921,95.63400000000013,50.24250000000004,0.5253623188405795
2,8466,933237.5853500232,6848466.022985628,95.63400000000013,37.1527608258271,0.3884890397330139
2,8470,934912.3010000002,6846958.533083335,95.63400000000013,50.60060554939718,0.5291068610472961
2,8471,934298.2265203837,6848079.021799779,1434.5100000000018,759.0090832409584,0.5291068610472965
2,8476,931466.0513306742,6848056.131973234,95.63400000000013,31.202840412913407,0.32627350537375166
2,8482,932444.748067383,6847924.957802811,95.63400000000013,50.60060554939721,0.5291068610472963
2,8497,932525.1237564873,6848599.35661749,95.63400000000013,30.924645309685154,0.3233645493201697
2,8498,933266.1406474146,6848699.371372608,286.90199999999993,96.83395654842327,0.33751579476066146
2,8505,933559.8554338375,6847336.035114842,573.8039999999999,216.41814371622198,0.3771638812490363
2,8511,934915.4083467819,6846821.145210296,4303.5300000000025,2277.0272497228725,0.5291068610472963
2,8520,933128.4981753447,6846142.149343569,95.63400000000013,50.60060554939719,0.5291068610472961
2,8524,932135.056156064,6847883.956143281,573.8039999999999,303.6036332963832,0.5291068610472971
2,8535,932786.7655357562,6848265.11304738,95.63400000000013,50.242500000000014,0.5253623188405792
2,8541,934464.2430889267,6847639.085981499,286.90199999999993,148.73166000000006,0.5184057971014496
2,8547,933354.061003418,6847235.352155694,191.26800000000026,101.2012110987944,0.5291068610472963
2,8571,933846.2122589592,6848505.326521356,669.4379999999994,237.5328228903947,0.3548242300114348
2,8597,932954.43998494,6846241.010998998,95.63400000000013,50.60060554939719,0.5291068610472961
2,8601,933369.6155443175,6849545.654322853,191.26800000000026,101.20121109879435,0.529106861047296
2,8602,933435.2365809655,6845822.382716886,382.5360000000005,202.4024221975888,0.5291068610472963
2,8608,931557.0448122656,6848209.429425689,95.63400000000013,50.242500000000014,0.5253623188405792
2,8609,933156.8391916587,6848139.150791411,95.63400000000013,50.24249999999997,0.5253623188405787
2,8610,934613.6071718485,6846963.579526737,95.63400000000013,50.6006055493972,0.5291068610472963
2,8614,934424.2319064714,6848440.103687224,286.90199999999993,151.80181664819156,0.529106861047297
2,8622,932847.8273694199,6847426.427479608,478.1699999999996,253.0030277469861,0.5291068610472976
2,8626,932925.5257643813,6848116.221737588,95.63400000000013,34.65398041291355,0.3623604618954922
2,8628,934569.0372947415,6847786.565337678,478.1699999999996,178.8881775807097,0.3741099976592213
2,8639,933992.1369195174,6848184.327681374,286.90199999999993,96.56667185811095,0.33658417110410865
2,8646,935398.4852655368,6848103.412894269,95.63400000000013,50.60060554939718,0.5291068610472961
2,8670,935219.2847683438,6846724.48823397,478.1699999999996,253.0030277469861,0.5291068610472976
2,8675,933349.0709510513,6849478.14751971,191.26800000000026,101.20121109879443,0.5291068610472964
2,8683,933088.0328096867,6847605.646083644,95.63400000000013,50.60060554939718,0.5291068610472961
2,8688,934998.771835206,6848708.182172284,95.63400000000013,50.60060554939719,0.5291068610472961
2,8691,933542.9012353518,6847861.408507261,191.26800000000026,101.2012110987944,0.5291068610472963
2,8720,934626.4175099585,6849554.088397321,95.63400000000013,50.60060554939719,0.5291068610472961
2,8726,933109.7006220842,6845867.794401244,95.63400000000013,49.577220000000004,0.5184057971014486
2,8727,933848.384093849,6847455.614081805,191.26800000000026,100.48500000000003,0.5253623188405792
2,8730,932700.0705633296,6849020.421738069,573.8039999999999,303.6036332963832,0.5291068610472971
2,8733,933314.9569372364,6847979.465213663,573.8039999999999,301.45500000000015,0.5253623188405802
2,8749,933068.60045873,6845618.733295629,95.63400000000013,50.60060554939719,0.5291068610472961
2,8755,933389.8771485487,6849168.143551508,95.63400000000013,50.60060554939717,0.529106861047296
2,8759,933563.4435284907,6848130.220306752,95.63400000000013,50.60060554939719,0.5291068610472961
2,8764,933054.5647283241,6846662.756207916,95.63400000000013,40.164325516141645,0.41997956287660865
2,8765,933632.4426424192,6849317.671852021,95.63400000000013,50.60060554939719,0.5291068610472961
2,8766,933454.2923697528,6848303.181217674,3825.3599999999974,2024.0242219758888,0.5291068610472975
2,8797,933530.7670490759,6849180.634955032,95.63400000000013,50.60060554939719,0.5291068610472961
2,8799,933529.6598300778,6846421.878484463,95.63400000000013,46.2298966814468,0.48340440305170485
2,8805,933099.610813381,6845609.220678101,95.63400000000013,50.60060554939716,0.5291068610472959
2,8817,933550.646034568,6849172.741935803,286.90199999999993,151.8018166481916,0.5291068610472971
2,8818,934683.8836178582,6848462.055068239,382.5360000000005,202.40242219758875,0.5291068610472961
2,8824,931535.2354373204,6848508.218751173,95.63400000000013,37.1527608258271,0.3884890397330139
2,8848,934289.3531218079,6846594.981500166,95.63400000000013,38.937715516141914,0.4071534759200897
2,8849,933040.259989761,6845789.257321754,95.63400000000013,37.88435551614192,0.3961389831664667
2,8858,934801.1635928474,6847882.217614341,95.63400000000013,32.70963572259547,0.3420293590417156
2,8864,932904.5633777081,6848202.429951565,95.63400000000013,48.63447575585395,0.5085479615602597
2,8868,933868.0900671583,6848324.659773187,2677.751999999998,1416.8169553831233,0.529106861047298
2,8874,932429.6386396842,6849205.572152633,95.63400000000013,50.60060554939719,0.5291068610472961
2,8876,934759.0109193546,6847318.697423592,286.90199999999993,151.80181664819162,0.5291068610472972
2,8910,933647.3448400145,6847361.497750724,478.1699999999996,253.00302774698605,0.5291068610472975
2,8911,932378.8356571377,6848503.831823085,95.63400000000013,50.60060554939719,0.5291068610472961
2,8924,933422.189753399,6849797.605412095,95.63400000000013,50.242500000000014,0.5253623188405792
2,8931,932601.3679216652,6847534.27020764,95.63400000000013,47.22175085908167,0.49377575819354635
2,8932,934902.9469997021,6846893.090356362,286.90199999999993,94.08902090195235,0.3279482921065464
2,8939,934857.8930091906,6849096.091004769,191.26800000000026,101.2012110987944,0.5291068610472963
2,8942,933420.9787298809,6846276.363860397,765.0720000000009,404.8048443951773,0.529106861047296
2,8947,934979.9888165118,6847007.016291006,191.26800000000026,101.20121109879436,0.5291068610472961
2,8948,932999.952570412,6846403.33360597,191.26800000000026,101.20121109879436,0.5291068610472961
2,8953,932142.3645812105,6849022.156708104,95.63400000000013,50.242500000000014,0.5253623188405792
2,8959,933198.4384741255,6845802.823967637,95.63400000000013,50.60060554939719,0.5291068610472961
2,8966,931354.7342636031,6848174.530301937,95.63400000000013,50.60060554939719,0.5291068610472961
2,8972,933982.2891619555,6847292.421076738,286.90199999999993,151.80181664819162,0.5291068610472972
2,8985,933794.9021312679,6847061.708782583,1147.6079999999997,607.2072665927664,0.5291068610472971
2,8989,931218.7623161215,6848409.774236616,95.63400000000013,50.60060554939719,0.5291068610472961
2,8994,934519.958208636,6848125.727690299,95.63400000000013,29.235715516141912,0.30570420055777103
2,8995,932921.3482780898,6848302.464973743,95.63400000000013,27.96748979354325,0.2924429574580506
2,9000,932735.7666666667,6847212.316666666,860.706,455.4054499445749,0.5291068610472971
2,9003,933638.8002798595,6846944.146723391,95.63400000000013,46.2298966814468,0.48340440305170485
2,9020,933928.1679994811,6846892.498182343,286.90199999999993,135.9225310516124,0.473759440685713
2,9024,933825.3609502506,6847394.216624832,956.3399999999992,506.0060554939722,0.5291068610472976
2,9034,933474.1067058247,6849703.321096428,95.63400000000013,50.24250000000005,0.5253623188405795
2,9036,934441.0407099766,6847720.224236898,478.1699999999996,253.00302774698608,0.5291068610472975
2,9038,933896.9074524172,6848844.04078873,478.1699999999996,161.97897758070965,0.33874767881864143
2,9039,933830.1945710884,6848522.843570617,573.8039999999999,301.4550000000001,0.52536231884058
2,9043,933641.4994848465,6847369.09739652,382.5360000000005,122.68810007612525,0.3207230171176702
2,9045,933613.5891159096,6846032.684690617,95.63400000000013,28.743603811875857,0.3005584186782506
2,9048,933834.2000000001,6846322.7,95.63400000000013,50.242500000000035,0.5253623188405794
2,9054,933735.8790818749,6849327.605299231,765.0720000000009,401.94,0.525362318840579
2,9056,932937.8480546792,6847199.653627761,95.63400000000013,50.60060554939718,0.5291068610472961
2,9057,933176.4112269594,6848244.696754173,95.63400000000013,30.49004551613857,0.31882014258672153
2,9064,933898.8445982226,6846873.557331976,95.63400000000013,49.577220000000004,0.5184057971014486
2,9074,934382.4217869822,6847696.392819725,860.706,303.50254964527727,0.3526204646479486
2,9104,934007.3793494481,6848540.530289466,191.26800000000026,100.48500000000001,0.525362318840579
2,9121,934279.73140909,6847819.329563,4303.5300000000025,2277.0272497228734,0.5291068610472965
2,9122,933935.3187257384,6848757.692229536,382.5360000000005,202.40242219758872,0.5291068610472961
2,9123,933724.0641456582,6846831.204304088,478.1699999999996,253.00302774698605,0.5291068610472975
2,9125,934001.936841644,6848716.452199992,573.8039999999999,303.6036332963831,0.529106861047297
2,9128,934636.0087185978,6847848.269897883,1625.7780000000016,640.7390007913459,0.3941122347524356
2,9130,933011.9114070815,6846178.136512979,95.63400000000013,46.2298966814468,0.48340440305170485
2,9136,935165.8443311484,6847483.664554505,382.5360000000005,144.2787624774812,0.3771638812490354
2,9143,933788.0748894706,6849420.167897857,478.1699999999996,251.21250000000023,0.5253623188405806
2,9144,933899.3627336943,6848562.190056587,191.26800000000026,98.73227011219697,0.5161985805895227
2,9146,933432.8257991156,6846603.028351231,95.63400000000013,50.60060554939719,0.5291068610472961
2,9147,933804.8187105008,6848682.145873416,286.90199999999993,150.72750000000008,0.5253623188405802
2,9149,934429.8884249167,6848426.554477732,286.90199999999993,151.80181664819156,0.529106861047297
2,9152,934163.7570546377,6847881.00247088,573.8039999999999,183.88467185811098,0.32046599859553265
2,9155,933592.7392701757,6849389.002624562,95.63400000000013,50.60060554939718,0.5291068610472961
2,9157,935138.9340256242,6848383.990684601,2677.751999999998,1416.8169553831233,0.529106861047298
2,9166,934376.3993146991,6848112.048875798,382.5360000000005,200.97000000000006,0.5253623188405792
2,9172,934065.7124304416,6846203.891039238,2582.1180000000018,1356.5475000000001,0.5253623188405794
2,9179,934338.4288781064,6849239.564977579,382.5360000000005,200.97000000000006,0.5253623188405792
2,9180,931410.400561564,6848405.874507765,95.63400000000013,50.24250000000001,0.525362318840579
2,9187,934053.7892047536,6849415.119283071,1051.9740000000002,552.6675000000002,0.5253623188405798
2,9189,934111.6031747174,6848406.475276892,1243.2420000000016,653.1525000000009,0.5253623188405798
2,9198,933194.075802682,6849233.889285439,191.26800000000026,101.20121109879436,0.5291068610472961
2,9199,933489.3435308615,6846476.866143909,95.63400000000013,50.60060554939719,0.5291068610472961
2,9204,933011.0357581475,6845657.513852492,3825.3599999999974,2024.0242219758888,0.5291068610472975
2,9215,932481.7143689306,6847608.264521274,95.63400000000013,50.242500000000014,0.5253623188405792
2,9222,932767.7414068385,6847106.663548726,191.26800000000026,101.20121109879437,0.5291068610472961
2,9231,933348.6153171083,6848001.412234737,1051.9740000000002,556.6066610433692,0.5291068610472969
2,9232,932933.1544194107,6846176.687579434,95.63400000000013,50.60060554939719,0.5291068610472961
2,9233,933345.9269978303,6847584.659561582,669.4379999999994,337.7377845821327,0.5045094311678348
2,9241,933186.3994703293,6848240.906524053,191.26800000000026,101.20121109879446,0.5291068610472965
2,9244,935382.6396922193,6848344.233538127,5164.2360000000035,2732.432699667447,0.5291068610472963
2,9272,932790.2488873758,6848815.683678506,1147.6079999999997,583.4612490702468,0.5084151113187142
2,9273,933479.842281483,6847410.668018815,286.90199999999993,143.91136530968524,0.5016046082274968
2,9277,933080.2993109125,6847856.770796124,1817.0460000000007,961.4115054385462,0.5291068610472964
2,9279,931371.8132468523,6848641.923726313,95.63400000000013,50.60060554939721,0.5291068610472963
2,9286,933702.6025398904,6846444.197827322,95.63400000000013,50.600605549397166,0.5291068610472959
2,9288,934203.4537274227,6849224.024360101,286.90199999999993,151.8018166481916,0.5291068610472971
2,9291,933319.5148877258,6845707.307078452,669.4379999999994,354.2042388457807,0.5291068610472979
2,9308,933737.616417395,6848794.337488061,765.0720000000009,369.8391734515743,0.4834044030517048
2,9325,935457.1304919556,6849106.014237591,765.0720000000009,401.93999999999994,0.525362318840579
2,9329,932810.1631009214,6849341.378222642,95.63400000000013,50.60060554939718,0.5291068610472961
2,9336,933092.8918291458,6848601.746040203,95.63400000000013,50.60060554939717,0.529106861047296
2,9345,934510.3043922022,6847453.172754253,286.90199999999993,112.08091592905465,0.3906592353105056
2,9349,933322.6229725014,6847200.662741181,191.26800000000026,101.20121109879437,0.5291068610472961
2,9350,931817.0728210781,6848149.895225343,95.63400000000013,50.60060554939719,0.5291068610472961
2,9352,933508.9284347806,6847194.85002342,95.63400000000013,50.60060554939719,0.5291068610472961
2,9353,933849.033502981,6847394.847236684,765.0720000000009,401.94,0.525362318840579
2,9369,932800.4303134355,6846514.6118947,573.8039999999999,301.45500000000015,0.5253623188405802
2,9371,934453.8213258594,6848284.029653195,573.8039999999999,303.6036332963831,0.529106861047297
2,9372,933034.6583434807,6849388.919194238,95.63400000000013,50.60060554939717,0.529106861047296
2,9383,934600.0145158338,6847851.622655439,669.4379999999994,351.6975000000005,0.5253623188405809
2,9391,933316.1142829718,6847504.723990528,95.63400000000013,50.242500000000014,0.5253623188405792
2,9394,934069.3026333862,6846818.362310395,95.63400000000013,50.24249999999991,0.525362318840578
2,9401,933920.1326987508,6849411.016661447,5833.674000000001,3064.7925000000064,0.5253623188405807
2,9404,933895.0022483516,6846173.472171994,1051.9740000000002,416.40109840653685,0.3958283174361123
2,9405,933889.5850125992,6847424.591257662,382.5360000000005,202.40242219758875,0.5291068610472961
2,9409,933777.1998197576,6846330.578615828,382.5360000000005,202.40242219758872,0.5291068610472961
2,9413,933383.7168116878,6849257.775757319,860.706,455.4054499445749,0.5291068610472971
2,9416,934026.5670009527,6849459.764228154,765.0720000000009,404.8048443951774,0.5291068610472961
2,9423,931230.1226901917,6848041.034566496,95.63400000000013,46.2298966814468,0.48340440305170485
2,9425,933478.5198638608,6847723.836831384,478.1699999999996,253.00302774698608,0.5291068610472975
2,9426,933843.1656723593,6846147.705588868,95.63400000000013,50.60060554939719,0.5291068610472961
2,9427,933017.2098458523,6846296.718670019,573.8039999999999,222.738303716222,0.38817837400265953
2,9466,934641.0666442368,6848099.899262052,382.5360000000005,202.40242219758872,0.5291068610472961
2,9474,932902.9286118735,6845628.136695123,95.63400000000013,31.645408542440887,0.3309012332689299
2,9476,935034.4419981173,6847073.74689926,1625.7780000000016,632.0343405292954,0.3887580841475864
2,9478,932917.3502647016,6847543.119632437,95.63400000000013,50.242500000000014,0.5253623188405792
2,9479,933312.6712786306,6845698.036852042,191.26800000000026,100.48500000000003,0.5253623188405792
2,9480,933172.9908564492,6848317.582986598,95.63400000000013,50.242500000000014,0.5253623188405792
2,9484,932186.9757067574,6848751.958959376,95.63400000000013,50.60060554939719,0.5291068610472961
2,9485,931846.1543600562,6848076.485183147,95.63400000000013,50.600605549397194,0.5291068610472962
2,9486,931339.777359498,6848343.608677079,95.63400000000013,50.2425,0.525362318840579
2,9489,934408.2387966935,6847351.609360432,95.63400000000013,50.60060554939719,0.5291068610472961
2,9499,932827.3776647861,6847732.823771074,95.63400000000013,50.60060554939719,0.5291068610472961
2,9509,935018.4736657833,6847022.579785961,2869.0200000000036,1211.8203185811094,0.42238127255338337
2,9511,931077.1399302931,6848504.923813723,95.63400000000013,38.83771020645678,0.4061077671796299
2,9516,932559.8292910674,6849544.942357213,95.63400000000013,50.60060554939718,0.5291068610472961
2,9532,933100.8603282952,6845883.815585893,382.5360000000005,202.40242219758875,0.5291068610472961
2,9538,933556.7486525704,6846282.953171641,95.63400000000013,50.24250000000001,0.525362318840579
2,9541,933957.1508405452,6849006.306014607,286.90199999999993,151.8018166481916,0.5291068610472971
2,9542,933653.8901441869,6848992.822723123,95.63400000000013,50.60060554939718,0.5291068610472961
2,9558,932035.3913814462,6848736.484588305,95.63400000000013,34.457950206456154,0.3603106657303481
2,9560,933860.9605831502,6848866.336707572,669.4379999999994,354.20423884578076,0.529106861047298
2,9562,934476.6588086744,6848575.581773383,382.5360000000005,202.40242219758875,0.5291068610472961
2,9563,934837.5500829674,6848861.004079617,1147.6079999999997,607.2072665927662,0.529106861047297
2,9569,932225.2546326333,6848888.941757594,95.63400000000013,50.60060554939719,0.5291068610472961
2,9570,932668.8641417644,6847613.400459321,382.5360000000005,202.40242219758883,0.5291068610472963
2,9572,935162.9804507786,6846810.761040582,191.26800000000026,101.2012110987944,0.5291068610472963
2,9575,934379.9252731247,6847735.954673465,95.63400000000013,41.225610619370286,0.43107692472729603
2,9588,933174.1601802228,6847152.319082395,286.90199999999993,151.8018166481916,0.5291068610472971
2,9598,934672.2265272655,6847865.879827798,573.8039999999999,217.9030824774814,0.3797517662433191
2,9599,935041.9333404225,6847613.857128172,382.5360000000005,202.40242219758875,0.5291068610472961
2,9605,932828.127798571,6847438.990257458,382.5360000000005,202.40242219758875,0.5291068610472961
2,9608,932749.5801922827,6847692.635494687,765.0720000000009,401.94,0.525362318840579
2,9610,934527.2332083356,6849123.639648515,95.63400000000013,37.1527608258271,0.3884890397330139
2,9626,934486.8112002981,6847366.567606422,1243.2420000000016,627.5928126839387,0.5048034193535433
2,9627,931823.8106544222,6848488.444537565,95.63400000000013,49.29975575585395,0.5155044832993902
2,9630,932781.8804892112,6848636.280908345,286.90199999999993,138.68969004434047,0.4834044030517058
2,9631,933552.9178986769,6849367.906476273,1147.6079999999997,602.9100000000003,0.5253623188405802
2,9633,933897.0026970241,6848904.131752467,956.3399999999992,298.20110715543194,0.31181494777530183
2,9649,933453.0603918822,6848652.721151154,95.63400000000013,42.45616530968515,0.443944259465097
2,9653,933645.9485293892,6847142.813542869,95.63400000000013,49.935325549397184,0.5221503393081657
2,9659,933904.1237440612,6849835.978325042,95.63400000000013,50.60060554939718,0.5291068610472961
2,9671,933075.5146944139,6848016.07788378,765.0720000000009,404.80484439517767,0.5291068610472964
2,9684,932684.2081060847,6849549.691150677,95.63400000000013,50.60060554939719,0.5291068610472961
2,9693,931475.9745950553,6848234.47195226,95.63400000000013,50.242500000000014,0.5253623188405792
2,9703,932869.460184015,6846462.293713474,573.8039999999999,301.45500000000015,0.5253623188405802
2,9711,930970.360272886,6849079.574625839,95.63400000000013,50.60060554939719,0.5291068610472961
2,9712,935285.1876892692,6847286.968597762,95.63400000000013,50.60060554939718,0.5291068610472961
2,9719,934008.7697183099,6846182.598943664,95.63400000000013,50.60060554939719,0.5291068610472961
2,9724,932505.5369410196,6848172.261810506,95.63400000000013,50.60060554939719,0.5291068610472961
2,9725,934022.0184690699,6848635.983412226,382.5360000000005,200.97000000000003,0.525362318840579
2,9743,934304.097670554,6846704.511047528,95.63400000000013,50.600605549397166,0.5291068610472959
2,9748,934027.0969785834,6846240.90842442,95.63400000000013,50.60060554939718,0.5291068610472961
2,9753,934593.9833821954,6848516.20400429,191.26800000000026,101.20121109879437,0.5291068610472961
2,9775,932698.8471915089,6848846.145692466,191.26800000000026,101.20121109879442,0.5291068610472963
2,9776,933556.6192238712,6848142.326545657,95.63400000000013,34.461930619369994,0.3603522870461337
2,9777,934158.0519946992,6849186.131553764,382.5360000000005,202.402422197589,0.5291068610472968
2,9784,933117.0506957475,6848916.632426517,95.63400000000013,50.600605549397194,0.5291068610472962
2,9789,933147.4526855156,6847604.768045262,573.8039999999999,301.45500000000015,0.5253623188405802
2,9793,935422.245332073,6848939.361711178,95.63400000000013,42.30470041291354,0.442360461895492
2,9794,935545.7185188608,6849079.182672826,478.1699999999996,216.1022775807097,0.4519360846157431
2,9801,933211.3990501465,6847170.561980582,860.706,455.4054499445749,0.5291068610472971
2,9802,933523.8992902167,6846287.317988239,95.63400000000013,50.60060554939719,0.5291068610472961
2,9805,931259.5701789795,6848534.360298697,1817.0460000000007,954.6075,0.5253623188405795
2,9806,934803.6729152919,6849092.808915292,95.63400000000013,50.24250000000004,0.5253623188405795
2,9807,933213.1632337016,6847836.001602771,95.63400000000013,50.60060554939719,0.5291068610472961
2,9813,932379.0059244466,6848187.339723749,95.63400000000013,50.60060554939717,0.529106861047296
2,9825,933976.2117452964,6848283.644952261,286.90199999999993,151.80181664819156,0.529106861047297
2,9828,933638.3201898618,6846859.374868455,191.26800000000026,101.2012110987945,0.5291068610472968
2,9831,933420.4363337873,6849341.712400015,286.90199999999993,151.80181664819156,0.529106861047297
2,9833,933139.2845027762,6848961.120915364,95.63400000000013,50.2425,0.525362318840579
2,9840,933034.9212445075,6846685.264054148,95.63400000000013,50.600605570266396,0.5291068612655156
2,9847,933038.7335152994,6846423.62251273,286.90199999999993,138.68969004434047,0.4834044030517058
2,9849,932528.7442236226,6847689.468524802,382.5360000000005,144.1926528903951,0.37693877933160513
2,9858,934693.3810613484,6847701.111812317,1243.2420000000016,653.1525000000009,0.5253623188405798
2,9869,933243.3351651938,6847210.795217996,382.5360000000005,198.36830041291358,0.5185611299666262
2,9872,933701.2285636517,6848755.127025639,382.5360000000005,202.40242219758872,0.5291068610472961
2,9881,932918.6136369663,6847072.489498806,95.63400000000013,50.60060554939718,0.5291068610472961
2,9886,932821.6600551809,6847545.7673147,286.90199999999993,151.8018166481916,0.5291068610472971
2,9892,933769.9586777443,6850059.645767407,95.63400000000013,50.24250000000001,0.525362318840579
2,9896,932910.5663018344,6846327.921514823,95.63400000000013,46.2298966814468,0.48340440305170485
2,9903,932987.5190669243,6847736.609107622,382.5360000000005,202.4024221975888,0.5291068610472963
2,9904,933367.7204425648,6848348.913714654,573.8039999999999,303.6036332963832,0.5291068610472971
2,9905,934127.0862403624,6849546.923577938,95.63400000000013,50.60060554939719,0.5291068610472961
2,9906,934932.2084613116,6848846.548867627,95.63400000000013,50.60060554939719,0.5291068610472961
2,9907,933029.6251592926,6847489.419073618,3347.1899999999973,1771.0211942289015,0.5291068610472973
2,9909,931658.9020902332,6848667.192102743,191.26800000000026,101.2012110987944,0.5291068610472963
2,9910,935183.6351913924,6846874.189318192,191.26800000000026,101.2012110987944,0.5291068610472963
2,9920,935021.3193951537,6847060.948187368,95.63400000000013,49.93532554939718,0.5221503393081656
2,9936,931580.4797240508,6848422.013481351,95.63400000000013,50.24250000000001,0.525362318840579
2,9953,934153.4091633352,6849255.552389321,191.26800000000026,101.20121109879437,0.5291068610472961
2,9954,934777.57848551,6848323.258075425,573.8039999999999,303.6036332963832,0.5291068610472971
2,9955,933915.9412443208,6849974.515257486,191.26800000000026,96.13044130525111,0.5025955272458068
2,9960,933115.5829392676,6848983.280574871,95.63400000000013,37.1527608258271,0.3884890397330139
2,9961,933466.2104633002,6848276.559558509,95.63400000000013,37.1527608258271,0.3884890397330139
2,9975,933653.551036247,6849769.137802846,573.8039999999999,283.7601651544932,0.49452455046408406
2,9977,933790.3463130037,6846787.666965213,95.63400000000013,50.60060554939719,0.5291068610472961
2,9985,934329.1029525546,6848149.315003604,669.4379999999994,241.85987626434863,0.36128794042816337
2,9993,935237.2176932336,6847413.114733124,478.1699999999996,251.21250000000023,0.5253623188405806
2,10012,930950.3510605812,6848307.282271661,95.63400000000013,50.2425,0.525362318840579
2,10016,932697.4555062825,6847811.833185514,765.0720000000009,266.97467022997347,0.348953654335766
2,10022,933041.251930469,6848842.916617294,95.63400000000013,50.60060554939706,0.5291068610472948
2,10025,932268.7588525165,6848860.279793774,95.63400000000013,50.60060554939721,0.5291068610472963
2,10026,935518.8488085081,6847613.339809049,382.5360000000005,202.40242219758883,0.5291068610472963
2,10027,932913.2688383283,6845934.601647124,95.63400000000013,50.60060554939721,0.5291068610472963
2,10028,933074.2026367594,6846159.369719025,95.63400000000013,50.242500000000014,0.5253623188405792
2,10029,933315.6296249937,6847761.260458282,478.1699999999996,253.0030277469861,0.5291068610472976
2,10030,933430.7928059918,6849517.208437085,191.26800000000026,101.20121109879437,0.5291068610472961
2,10035,931173.3083009078,6847988.01854734,95.63400000000013,34.904203580410304,0.3649769285025227
2,10040,932546.568065723,6848144.921343746,95.63400000000013,50.60060554939716,0.5291068610472959
2,10048,933074.9631935684,6848904.638629617,95.63400000000013,50.60060554939719,0.5291068610472961
2,10049,933898.5379517489,6847507.18885444,286.90199999999993,151.8018166481916,0.5291068610472971
2,10050,932699.2435105143,6848568.01285431,95.63400000000013,50.24250000000001,0.525362318840579
2,10051,933207.8928756897,6847441.51757546,382.5360000000005,200.97000000000006,0.5253623188405792
2,10066,933434.5341283992,6847388.346410935,382.5360000000005,200.4641099999999,0.5240398550724628
2,10072,932689.1764501187,6847753.651461754,191.26800000000026,101.20121109879437,0.5291068610472961
2,10076,931398.4864702271,6847937.279521179,95.63400000000013,50.600605549397216,0.5291068610472964
2,10077,933451.4261663748,6847221.415403123,191.26800000000026,101.20121109879436,0.5291068610472961
2,10089,933244.9804023418,6847884.668053168,286.90199999999993,150.72750000000008,0.5253623188405802
2,10094,933333.8463684933,6847621.563796838,669.4379999999994,354.20423884578065,0.5291068610472979
2,10101,934661.0746705633,6847927.146260514,1243.2420000000016,653.1525000000009,0.5253623188405798
2,10102,933182.3723918039,6847365.409096451,95.63400000000013,50.60060554939717,0.529106861047296
2,10104,933645.0818323198,6847382.788648151,95.63400000000013,50.60060554939719,0.5291068610472961
2,10107,935118.3419542372,6847550.591577848,95.63400000000013,50.60060554939719,0.5291068610472961
2,10110,933873.7439605257,6846920.031637437,95.63400000000013,50.60060554939718,0.5291068610472961
2,10111,934086.314125427,6849358.656490865,191.26800000000026,101.20121109879437,0.5291068610472961
2,10117,933891.4550647598,6848409.384873224,573.8039999999999,303.6036332963832,0.5291068610472971
2,10119,933260.2538825228,6848978.801936929,191.26800000000026,101.20121109879436,0.5291068610472961
2,10123,934167.9046258238,6849171.896459407,191.26800000000026,101.20121109879436,0.5291068610472961
2,10139,934354.8441173997,6849245.40042241,573.8039999999999,303.6036332963832,0.5291068610472971
2,10142,931269.0468687299,6848265.568116044,95.63400000000013,50.600605549397166,0.5291068610472959
2,10143,932681.7054088366,6847499.789849972,95.63400000000013,50.60060554939718,0.5291068610472961
2,10154,933154.0458711435,6847282.093194191,95.63400000000013,50.60060554939718,0.5291068610472961
2,10161,933159.8497843541,6848831.24469511,95.63400000000013,31.19790061936707,0.3262218522634944
2,10162,933733.431662689,6847329.336038186,286.90199999999993,90.53634190115308,0.31556539132230904
2,10164,935374.7753691487,6848050.43605314,95.63400000000013,50.60060554939719,0.5291068610472961
2,10173,933672.737071853,6849253.814889249,286.90199999999993,108.78626369809015,0.3791756896016416
2,10177,935157.9324551178,6847512.36086889,478.1699999999996,253.0030277469861,0.5291068610472976
2,10178,933029.8393245293,6847952.304881992,95.63400000000013,35.28955020645673,0.36900631790426713
2,10185,934452.3930591646,6846982.408543744,6120.57600000001,3215.520000000003,0.5253623188405794
2,10186,932811.2529094083,6847114.024862955,95.63400000000013,48.00978065262555,0.5020158171008793
2,10187,933830.1283487022,6847487.364353392,95.63400000000013,38.191265722598665,0.39934819962145907
2,10189,932692.7608121308,6848600.786785667,95.63400000000013,50.60060554939718,0.5291068610472961
2,10192,934760.1893078903,6848955.691837043,95.63400000000013,50.60060554939719,0.5291068610472961
2,10193,933433.231115292,6847271.347054163,478.1699999999996,231.1494834072341,0.48340440305170607
2,10201,933994.031683922,6849876.24627233,95.63400000000013,50.60060554939718,0.5291068610472961
2,10210,934025.57521851,6848684.330151873,860.706,455.4054499445749,0.5291068610472971
2,10212,934223.228326024,6847246.36702921,286.90199999999993,150.72750000000008,0.5253623188405802
2,10215,934715.7413427237,6848884.871152102,5259.870000000004,2763.3375000000024,0.5253623188405797
2,10219,932814.6403510185,6847606.673858789,95.63400000000013,37.989300619369224,0.39723634501714006
2,10221,934192.1546529793,6847160.79217386,95.63400000000013,50.60060554939719,0.5291068610472961
2,10224,934101.8349083216,6848430.838183671,95.63400000000013,50.60060554939719,0.5291068610472961
2,10231,933671.135091272,6849465.781675143,573.8039999999999,301.45500000000015,0.5253623188405802
2,10236,932939.7348871337,6849336.387709871,765.0720000000009,401.94,0.525362318840579
2,10244,932955.3463291693,6849306.320118343,95.63400000000013,50.60060554939719,0.5291068610472961
2,10246,933101.7466479187,6846209.283491303,95.63400000000013,50.242500000000014,0.5253623188405792
2,10254,931715.8660304986,6848789.426176444,95.63400000000013,50.60060554939718,0.5291068610472961
2,10261,934262.5455395225,6847854.326373196,1338.8759999999988,513.0974857807894,0.3832300271128841
2,10267,931307.3631568019,6848330.083236414,95.63400000000013,50.600605549397166,0.5291068610472959
2,10272,933050.787936171,6847155.721703347,95.63400000000013,34.98068551614116,0.36577666432587896
2,10275,934103.8180663389,6849612.034001067,382.5360000000005,202.40242219758872,0.5291068610472961
2,10278,935876.0935123041,6847470.826040269,95.63400000000013,49.59207510322838,0.5185611299666261
2,10291,934284.5500000002,6846610.3,95.63400000000013,50.60060554939721,0.5291068610472963
2,10299,933740.5253062717,6849275.135905407,191.26800000000026,100.48500000000003,0.5253623188405792
2,10300,934120.4241034845,6846629.078009482,95.63400000000013,50.24249999999997,0.5253623188405787
2,10303,933087.2978634115,6846713.989915521,95.63400000000013,42.15726191072281,0.44081876645045437
2,10310,933662.6090495399,6846292.376274694,95.63400000000013,50.600605549397194,0.5291068610472962
2,10313,934132.743795555,6847290.517010921,95.63400000000013,50.60060554939718,0.5291068610472961
2,10316,931779.9315980398,6849405.252024197,95.63400000000013,50.60060554939719,0.5291068610472961
2,10320,933000.1808626615,6848052.982253033,286.90199999999993,151.80181664819156,0.529106861047297
2,10325,933933.3593358105,6847103.226567579,382.5360000000005,202.4024221975887,0.529106861047296
2,10329,934211.8488995229,6848298.599634069,765.0720000000009,404.8048443951773,0.529106861047296
2,10330,932761.3497296126,6848687.233713076,95.63400000000013,50.60060554939719,0.5291068610472961
2,10331,934245.3325944173,6847776.919350368,765.0720000000009,401.94,0.525362318840579
2,10337,932669.9809045001,6848743.352639446,382.5360000000005,202.40242219758875,0.5291068610472961
2,10338,932819.5235869985,6847596.232389081,765.0720000000009,404.8048443951774,0.5291068610472961
2,10356,934755.1647191114,6849505.936368641,95.63400000000013,50.60060554939721,0.5291068610472963
2,10357,933594.0673698266,6846179.894955099,478.1699999999996,184.35790206456778,0.38554886769259455
2,10368,933273.4500000001,6845822.250000001,95.63400000000013,50.60060554939719,0.5291068610472961
2,10370,933012.0465866763,6847905.965653049,669.4379999999994,259.5772600581907,0.3877539967229092
2,10374,931030.5528103395,6848142.981544934,95.63400000000013,50.60060554939719,0.5291068610472961
2,10380,932092.0952888138,6848868.161414484,95.63400000000013,50.600605549397194,0.5291068610472962
2,10388,931223.2975225939,6848216.051498234,191.26800000000026,101.20121109879437,0.5291068610472961
2,10391,932160.8910216669,6849523.456921224,95.63400000000013,50.60060554933926,0.5291068610466904
2,10398,932973.4767872419,6846487.694820562,95.63400000000013,50.60060554939719,0.5291068610472961
2,10405,934748.6770908297,6849227.935873953,95.63400000000013,50.24249999999998,0.5253623188405788
2,10409,932393.2999999999,6847704.149999999,286.90199999999993,151.80181664819153,0.5291068610472969
2,10411,935307.2119135937,6847977.691781219,191.26800000000026,98.5995115117079,0.5155044832993902
2,10421,932032.6508674923,6848826.974459034,478.1699999999996,253.0030277469861,0.5291068610472976
2,10425,933180.2154002321,6848831.060508506,382.5360000000005,184.9195867257872,0.48340440305170485
2,10442,933869.8817272248,6847159.91917443,765.0720000000009,404.8048443951774,0.5291068610472961
2,10462,935541.1205694418,6847753.314055408,95.63400000000013,50.60060554939718,0.5291068610472961
2,10464,932992.9944962687,6846165.912888682,95.63400000000013,50.60060554939718,0.5291068610472961
2,10465,932674.5601500267,6848443.125949285,95.63400000000013,33.886740619369895,0.35433779429250944
2,10475,932845.257473753,6846359.379475065,95.63400000000013,26.331014690314863,0.2753311028537427
2,10493,933901.9838593975,6848751.763656873,573.8039999999999,303.6036332963832,0.5291068610472971
2,10500,933910.6782394458,6848825.046646248,382.5360000000005,202.40242219758872,0.5291068610472961
2,10503,932847.3752738778,6845588.838022961,95.63400000000013,50.60060554939719,0.5291068610472961
2,10537,934565.0597091323,6847573.169047379,2964.6540000000055,1557.517500000001,0.5253623188405792
2,10547,934010.1106600659,6847338.339636963,382.5360000000005,106.88832000000008,0.2794202898550723
2,10549,933204.9174926303,6849522.805189388,286.90199999999993,150.72750000000008,0.5253623188405802
2,10555,933170.3422954335,6848220.548965163,286.90199999999993,151.8018166481916,0.5291068610472971
2,10562,931230.4214972666,6848067.418111924,95.63400000000013,50.60060554939721,0.5291068610472963
2,10563,935089.212538584,6848064.79112075,1051.9740000000002,556.6066610433692,0.5291068610472969
2,10569,934192.0295085977,6849166.774747741,382.5360000000005,184.9195867257872,0.48340440305170485
2,10580,931570.9273035374,6848026.883605152,95.63400000000013,50.24250000000001,0.525362318840579
2,10582,933343.2188047252,6846608.578209919,95.63400000000013,50.60060554939719,0.5291068610472961
2,10585,935392.5634098974,6848004.26043507,95.63400000000013,50.60060554939718,0.5291068610472961
2,10590,932949.0562491376,6847370.847654149,95.63400000000013,50.60060554939718,0.5291068610472961
2,10607,933080.9934037914,6849559.776799788,2964.6540000000055,1557.5175000000017,0.5253623188405794
2,10608,933148.0137206174,6849253.722196233,95.63400000000013,50.242500000000014,0.5253623188405792
2,10609,933961.6175904901,6847336.707163529,1051.9740000000002,541.5379200000002,0.5147826086956523
2,10613,931090.5221468927,6849075.137943504,95.63400000000013,50.60060554939721,0.5291068610472963
2,10619,931199.9475576491,6847834.40883758,95.63400000000013,50.24249999999998,0.5253623188405788
2,10620,933006.3872127756,6847940.830005328,573.8039999999999,301.4550000000001,0.52536231884058
2,10641,933618.5495567304,6845949.816784601,95.63400000000013,50.24250000000006,0.5253623188405796
2,10651,935303.0832217956,6848495.682583652,95.63400000000013,48.92679510322839,0.5116046082274958
2,10662,935410.8654036904,6846558.059920525,669.4379999999994,354.2042388457807,0.5291068610472979
2,10667,933289.509010497,6848511.64560853,286.90199999999993,151.80181664819156,0.529106861047297
2,10687,934790.3272831906,6848262.031098935,1338.8759999999988,708.4084776915614,0.5291068610472979
2,10704,932618.6834430138,6848676.68353203,95.63400000000013,50.60060554939719,0.5291068610472961
2,10705,934593.8839643653,6849033.421997486,191.26800000000026,101.20121109879436,0.5291068610472961
2,10706,933178.2564459642,6847530.197297186,286.90199999999993,98.80602123874068,0.3443894474027393
2,10707,931100.6890796068,6848502.682120318,765.0720000000009,404.8048443951775,0.5291068610472962
2,10708,932314.0485551335,6848091.231062108,95.63400000000013,50.60060554939719,0.5291068610472961
2,10712,933932.9273408051,6847496.112223556,669.4379999999994,354.2042388457808,0.5291068610472981
2,10715,933206.5364450956,6848635.394541356,573.8039999999999,277.37938008868093,0.4834044030517058
2,10716,932329.5473498235,6848222.228194593,95.63400000000013,46.2298966814468,0.48340440305170485
2,10717,932787.6636477805,6846571.54040967,286.90199999999993,138.68969004434047,0.4834044030517058
2,10720,933071.8074762358,6845654.239038638,95.63400000000013,50.242500000000014,0.5253623188405792
2,10721,933538.6863561075,6849758.822360248,95.63400000000013,50.60060554939719,0.5291068610472961
2,10723,934922.0298054328,6848062.564122118,669.4379999999994,354.2042388457807,0.5291068610472979
2,10727,932996.0291976448,6848060.925243887,95.63400000000013,50.60060554939719,0.5291068610472961
2,10740,935223.0435184409,6846668.69049947,382.5360000000005,202.40242219758872,0.5291068610472961
2,10744,934420.5845786422,6847359.675571478,286.90199999999993,150.72750000000005,0.52536231884058
2,10745,934783.7033348619,6848206.342971057,95.63400000000013,50.60060554939718,0.5291068610472961
2,10749,933350.6995585539,6849630.02425454,95.63400000000013,50.60060554939724,0.5291068610472967
2,10755,934013.572114857,6846855.799252171,286.90199999999993,151.8018166481916,0.5291068610472971
2,10763,933099.7228025193,6848489.913169091,765.0720000000009,404.8048443951774,0.5291068610472961
2,10764,933030.8619651675,6848248.476359443,95.63400000000013,50.600605549397166,0.5291068610472959
2,10778,934272.1187838147,6848275.613042464,478.1699999999996,179.46934983360228,0.3753254069339407
2,10784,932907.9710056181,6847307.408352931,669.4379999999994,342.67279029097796,0.5118812948935947
2,10789,933947.6206629792,6849942.884581173,95.63400000000013,50.60060554939719,0.5291068610472961
2,10790,934709.4548967746,6849178.505855558,95.63400000000013,44.20451551614191,0.4622259396882056
2,10791,933926.4514099269,6846882.645480853,286.90199999999993,145.11718530968523,0.5058075067782214
2,10792,935064.1262530087,6848076.66842184,286.90199999999993,151.8018166481916,0.5291068610472971
2,10800,933122.8094200674,6847214.199364153,95.63400000000013,50.2425,0.525362318840579
2,10801,934326.8250105851,6848155.412731725,286.90199999999993,150.72750000000008,0.5253623188405802
2,10802,934391.0506607586,6848088.064553827,286.90199999999993,150.72750000000005,0.52536231884058
2,10805,931107.6443241632,6847992.610688341,95.63400000000013,50.6006055493972,0.5291068610472963
2,10821,934670.493620137,6847969.939784245,286.90199999999993,151.8018166481916,0.5291068610472971
2,10825,932632.5074517889,6847638.085569143,478.1699999999996,251.21250000000023,0.5253623188405806
2,10835,933567.5776380091,6847151.879099971,286.90199999999993,151.80181664819156,0.529106861047297
2,10836,931459.2481565505,6849390.536569461,95.63400000000013,50.60060554939715,0.5291068610472958
2,10839,932783.44678062,6848662.060247829,95.63400000000013,50.60060554939717,0.529106861047296
2,10841,933790.7626390469,6847957.519436067,573.8039999999999,270.87600247748145,0.4720706068230293
2,10844,933787.5975829937,6846077.420675597,478.1699999999996,253.0030277469861,0.5291068610472976
2,10856,933492.4761698648,6847750.886533542,573.8039999999999,303.6036332963831,0.529106861047297
2,10857,931342.8429019653,6848380.478179439,95.63400000000013,50.60060554939721,0.5291068610472963
2,10863,932181.0091540006,6847967.08628369,191.26800000000026,75.97267797549135,0.39720537662071675
2,10865,932993.5375275939,6847694.607284768,191.26800000000026,74.63020082582707,0.3901865488520138
2,10866,931694.2,6848474.499999999,95.63400000000013,49.28490065262555,0.5153491504342126
2,10867,933336.0183469573,6847859.057493187,286.90199999999993,146.7358200000001,0.5114492753623193
2,10875,933903.8749482951,6849476.791297495,95.63400000000013,33.877820412913536,0.35424451986650657
2,10880,934084.1532894667,6847400.970260704,573.8039999999999,301.45500000000015,0.5253623188405802
2,10882,933552.7722178089,6848950.684925357,765.0720000000009,404.8048443951774,0.5291068610472961
2,10893,931960.2687470067,6848888.357584777,1338.8759999999988,703.395000000001,0.5253623188405809
2,10894,932788.856334563,6847123.221260645,95.63400000000013,50.242500000000014,0.5253623188405792
2,10900,933801.892984292,6848917.631345217,860.706,455.4054499445747,0.5291068610472969
2,10907,931560.3243351991,6848054.624164364,95.63400000000013,50.60060554939719,0.5291068610472961
2,10919,933463.7403563416,6846327.891952175,95.63400000000013,44.784110845157585,0.46828649690651364
2,10920,932828.1163182983,6849205.620132012,95.63400000000013,41.83147020645676,0.4374121150057166
2,10921,932686.2373901769,6848700.01557711,95.63400000000013,50.242499999999964,0.5253623188405786
2,10928,933128.4786638141,6847553.766799572,286.90199999999993,138.68969004434047,0.4834044030517058
2,10930,932605.5078188747,6847523.013925129,95.63400000000013,50.242500000000014,0.5253623188405792
2,10931,933977.1412456308,6847304.45231967,286.90199999999993,130.4484012387407,0.45467930247520316
2,10937,933868.2251422699,6848989.82475498,191.26800000000026,72.5526625439917,0.3793246258861472
2,10940,933235.3160363933,6847177.078446332,573.8039999999999,303.6036332963831,0.529106861047297
2,10941,933274.3514069407,6849529.554750339,95.63400000000013,50.60060554939718,0.5291068610472961
2,10942,933522.9913464648,6848747.05814743,382.5360000000005,202.40242219758872,0.5291068610472961
2,10946,934148.9968668595,6848036.441341041,382.5360000000005,200.97000000000003,0.525362318840579
2,10947,932385.4227281783,6848932.439488466,95.63400000000013,27.720000000000006,0.2898550724637678
2,10948,933642.5335300484,6848960.408539747,573.8039999999999,171.7313706193704,0.2992857676477864
2,10950,934159.6402440774,6846298.201649804,382.5360000000005,184.9195867257872,0.48340440305170485
2,10967,933031.4281738362,6846270.667052431,4016.6279999999974,2125.2254330746814,0.5291068610472971
2,10976,933580.1251928865,6847213.431670446,956.3399999999992,403.80398950946676,0.4222389417042758
2,10982,935106.5646240305,6847697.48168422,669.4379999999994,354.20423884578065,0.5291068610472979
2,10986,934163.312717972,6846707.314192688,95.63400000000013,50.60060554939719,0.5291068610472961
2,10988,932175.1532324326,6849545.478774776,95.63400000000013,50.60060554939719,0.5291068610472961
2,10993,934520.831810092,6848515.228453046,95.63400000000013,50.60060554939719,0.5291068610472961
2,11001,933562.0420599754,6845908.990599112,382.5360000000005,200.97000000000006,0.5253623188405792
2,11003,934110.4589797315,6846650.202818413,765.0720000000009,404.6434352139559,0.5288958885097813
2,11008,935423.9287421444,6848083.792982969,95.63400000000013,30.296005516141918,0.31679115707951017
2,11010,934407.2718981794,6848091.05532142,573.8039999999999,274.5914418581108,0.4785457087404599
2,11012,932600.5186585278,6848957.901340018,478.1699999999996,253.00302774698605,0.5291068610472975
2,11017,933708.533268859,6846433.149838814,95.63400000000013,50.6006055493972,0.5291068610472963
2,11020,932787.3772524479,6846930.385452416,478.1699999999996,251.21250000000018,0.5253623188405805
2,11021,933334.7971248536,6845731.981853013,95.63400000000013,50.60060554939719,0.5291068610472961
2,11037,933371.3360533119,6846478.282567724,2677.751999999998,1416.8169553831233,0.529106861047298
2,11038,933355.7642298404,6845764.822981515,669.4379999999994,351.6975000000005,0.5253623188405809
2,11040,934086.8303328733,6848557.892030689,478.1699999999996,253.0030277469861,0.5291068610472976
2,11042,933824.4048263264,6848672.632151724,95.63400000000013,50.242500000000014,0.5253623188405792
2,11045,933894.4496371041,6847107.338590901,478.1699999999996,253.00302774698605,0.5291068610472975
2,11046,934022.903557385,6848699.643211972,478.1699999999996,253.0030277469861,0.5291068610472976
2,11047,933191.4688202129,6848599.682546951,95.63400000000013,50.60060554939719,0.5291068610472961
2,11048,933790.9135501591,6850083.658549914,3920.993999999992,2074.624827525285,0.5291068610472981
2,11051,933691.004398809,6849274.760431463,573.8039999999999,303.6036332963832,0.5291068610472971
2,11052,933134.1092489517,6847201.484623021,191.26800000000026,100.48500000000003,0.5253623188405792
2,11057,933330.4352848117,6847590.746253682,573.8039999999999,262.31649309685173,0.4571534759200908
2,11059,931716.851151302,6848713.601967679,95.63400000000013,50.60060554939719,0.5291068610472961
2,11067,934849.8323244895,6849070.522426867,95.63400000000013,50.60060554939716,0.5291068610472959
2,11083,935533.9453384775,6846466.434519704,95.63400000000013,50.242500000000035,0.5253623188405794
2,11084,934285.0433006865,6847635.85757438,382.5360000000005,202.40242219758875,0.5291068610472961
2,11085,933397.6720834061,6846466.175805231,95.63400000000013,50.60060554939719,0.5291068610472961
2,11086,934913.1488629093,6848141.085168434,1147.6079999999997,607.2072665927664,0.5291068610472971
2,11088,932937.0130365919,6847550.304211921,95.63400000000013,50.2425,0.525362318840579
2,11089,933208.049097842,6848731.947647459,95.63400000000013,50.60060554939721,0.5291068610472963
2,11093,933603.8703580889,6847218.896608897,382.5360000000005,202.40242219758872,0.5291068610472961
2,11095,933701.7367827522,6849253.897202456,765.0720000000009,401.94,0.525362318840579
2,11110,933626.356736186,6849842.351743978,95.63400000000013,50.60060554939719,0.5291068610472961
2,11116,932762.35708033,6847656.359072071,573.8039999999999,303.6036332963831,0.529106861047297
2,11120,931817.8503504773,6848729.640530782,95.63400000000013,50.60060554939718,0.5291068610472961
2,11121,932752.9783047739,6849024.716809633,669.4379999999994,351.6975000000005,0.5253623188405809
2,11122,932964.5861293214,6847079.838725011,4112.261999999999,2175.8260386240813,0.5291068610472975
2,11126,935783.6848341026,6848869.050412048,95.63400000000013,50.60060554939719,0.5291068610472961
2,11134,934191.46455773,6846570.979277296,382.5360000000005,202.40242219758875,0.5291068610472961
2,11137,932628.1070805661,6847830.052160059,478.1699999999996,253.00302774698605,0.5291068610472975
2,11139,932663.5252354431,6849180.777255322,191.26800000000026,64.12631103228382,0.33526941794907533
2,11148,935308.1485213583,6848002.842679809,382.5360000000005,202.4024221975887,0.529106861047296
2,11153,934281.9568133344,6849274.458140452,191.26800000000026,101.20121109879439,0.5291068610472962
2,11160,932690.6461495479,6849121.646340885,573.8039999999999,301.4550000000001,0.52536231884058
2,11163,932940.5557132188,6846341.455041076,95.63400000000013,50.60060554939719,0.5291068610472961
2,11165,933861.0951079903,6848457.614604188,382.5360000000005,184.9195867257872,0.48340440305170485
2,11176,935101.4347727883,6846995.50502278,95.63400000000013,50.2425,0.525362318840579
2,11179,934368.7029705,6847631.454550785,1817.0460000000007,961.4115054385462,0.5291068610472964
2,11180,933236.7052983538,6847725.129570842,286.90199999999993,151.80181664819165,0.5291068610472973
2,11182,932535.7873714685,6847580.936166018,382.5360000000005,202.40242219758883,0.5291068610472963
2,11183,934324.324196389,6847757.485351535,860.706,455.40544994457457,0.5291068610472968
2,11190,933297.7942344948,6845685.203516345,1051.9740000000002,556.6066610433692,0.5291068610472969
2,11197,933580.4809995937,6849894.469596793,956.3399999999992,506.00605549397216,0.5291068610472975
2,11199,933017.7124962235,6847786.805566308,382.5360000000005,200.97000000000003,0.525362318840579
2,11208,933619.9405598794,6849514.287396782,478.1699999999996,253.0030277469861,0.5291068610472976
2,11214,932907.4384695006,6846007.813545347,95.63400000000013,49.2455751032284,0.5149379415608291
2,11218,933143.6086546704,6848542.333068474,95.63400000000013,50.60060554939719,0.5291068610472961
2,11221,933547.2788288288,6848521.706180081,191.26800000000026,100.48500000000003,0.5253623188405792
2,11222,933575.536125393,6846886.14006942,95.63400000000013,38.11304551614118,0.39853028751428493
2,11226,933099.2373433234,6847990.031660032,382.5360000000005,200.97000000000006,0.5253623188405792
2,11240,933087.8528660246,6847818.196485026,382.5360000000005,152.7056424774812,0.39919286675628174
2,11247,932909.1487910191,6846379.977815496,95.63400000000013,50.60060554939719,0.5291068610472961
2,11248,934581.3042816435,6849554.946740974,95.63400000000013,50.60060554939719,0.5291068610472961
2,11252,933795.6970153346,6848711.09973874,382.5360000000005,202.40242219758872,0.5291068610472961
2,11256,934695.3404643448,6846867.846654605,95.63400000000013,50.242500000000014,0.5253623188405792
2,11258,934917.4944103613,6848940.310702113,95.63400000000013,50.60060554939718,0.5291068610472961
2,11262,934693.1452476189,6848326.362377102,573.8039999999999,303.6036332963831,0.529106861047297
2,11264,933331.0897013152,6848848.255821113,95.63400000000013,50.60060554939718,0.5291068610472961
2,11266,935508.4079660876,6847613.294046253,286.90199999999993,151.80181664819156,0.529106861047297
2,11270,932455.2344141554,6848064.924580273,191.26800000000026,101.20121109879436,0.5291068610472961
2,11275,931535.8471580356,6848356.913106472,95.63400000000013,41.84931061937029,0.4375986638577309
2,11276,933021.2250877669,6848007.374724997,191.26800000000026,85.10342103228372,0.4449433309925529
2,11287,934017.0838332808,6849092.734641967,95.63400000000013,50.6006055493972,0.5291068610472963
2,11297,932612.326658424,6847579.222255423,286.90199999999993,151.80181664819156,0.529106861047297
2,11301,934802.6454994741,6849001.550778128,95.63400000000013,50.60060554939719,0.5291068610472961
2,11303,933907.0182534903,6847154.591277964,669.4379999999994,351.6975000000003,0.5253623188405806
2,11311,933111.0469321583,6848606.864194659,95.63400000000013,50.60060554939718,0.5291068610472961
2,11314,932992.6662511281,6848277.991710825,669.4379999999994,354.20423884578076,0.529106861047298
2,11319,935252.8956692584,6846631.217866397,860.706,455.4054499445748,0.529106861047297
2,11324,933916.2782345891,6847355.817980945,860.706,452.18250000000035,0.5253623188405802
2,11325,931076.7176761018,6849213.309867774,95.63400000000013,50.60060554939717,0.529106861047296
2,11339,931565.2211995849,6849106.134140654,7555.086000000009,3969.1575000000025,0.5253623188405794
2,11350,932780.3380585546,6849368.353891645,95.63400000000013,50.600605549397194,0.5291068610472962
2,11352,933470.7084637084,6848312.771088119,382.5360000000005,200.97000000000023,0.5253623188405796
2,11355,934065.5972533431,6846279.094073002,382.5360000000005,202.40242219758875,0.5291068610472961
2,11356,932969.9641389311,6847636.737805939,191.26800000000026,75.3549012387406,0.3939754754519339
2,11370,933254.8717267177,6847745.788954518,382.5360000000005,127.40448048903879,0.33305226302632596
2,11380,932652.1588803587,6848868.648040485,95.63400000000013,35.65194364566928,0.37279569656889006
2,11381,932893.6075560863,6846613.595105208,95.63400000000013,50.60060554939719,0.5291068610472961
2,11388,933527.842648775,6846125.999377675,191.26800000000026,73.62240123874042,0.38491750443744027
2,11404,933157.8613185683,6847152.940804186,95.63400000000013,32.375005516138614,0.33853028751425823
2,11409,933061.1850262486,6845612.112950922,95.63400000000013,50.60060554939719,0.5291068610472961
2,11418,933795.9848186946,6848565.981810369,286.90199999999993,151.80181664818014,0.5291068610472571
2,11427,931875.6790740185,6848474.384014585,286.90199999999993,151.8018166481916,0.5291068610472971
2,11430,934706.9080803797,6847351.625474486,765.0720000000009,401.93999999999994,0.525362318840579
2,11431,934071.8875250914,6848486.249037665,382.5360000000005,202.40242219758875,0.5291068610472961
2,11432,933381.5936246613,6849184.113313008,95.63400000000013,50.60060554939719,0.5291068610472961
2,11433,933892.7118457608,6848710.352548743,573.8039999999999,303.6036332963832,0.5291068610472971
2,11434,933145.7131591543,6848424.825248219,95.63400000000013,50.60060554939719,0.5291068610472961
2,11435,932217.2651684707,6847998.795190485,860.706,455.4054499445749,0.5291068610472971
2,11436,933800.6329214474,6846165.348749631,95.63400000000013,50.242500000000014,0.5253623188405792
2,11437,933596.6233845784,6848350.521208176,95.63400000000013,50.242500000000014,0.5253623188405792
2,11442,933820.5190289677,6846663.498305453,95.63400000000013,50.60060554939718,0.5291068610472961
2,11454,932939.0972523902,6847608.929564651,95.63400000000013,50.60060554939717,0.529106861047296
2,11456,931228.0898341822,6849212.367446987,95.63400000000013,50.60060554939718,0.5291068610472961
2,11460,932882.0884591112,6845950.054278242,95.63400000000013,50.60060554939716,0.5291068610472959
2,11464,935362.7070629236,6849104.403700855,4016.6279999999974,2125.2254330746814,0.5291068610472971
2,11465,933608.9015723271,6848380.281934506,478.1699999999996,253.0030277469861,0.5291068610472976
2,11466,933301.1771067743,6849247.46410439,1051.9740000000002,355.03594840653363,0.3374949841027759
2,11468,931898.1430237908,6849094.0476578,2295.2159999999994,835.0385073921882,0.3638169598818536
2,11476,933360.5713417655,6847237.218500486,286.90199999999993,151.80181664819156,0.529106861047297
2,11477,933344.4437821744,6846412.617864598,95.63400000000013,49.57721999999996,0.5184057971014482
2,11479,931616.2440178898,6848050.259932516,95.63400000000013,50.242500000000014,0.5253623188405792
2,11483,933846.5900676299,6847115.129026932,765.0720000000009,404.8048443951773,0.529106861047296
2,11488,933540.0392621885,6846506.542019381,1147.6079999999997,607.2072665927664,0.5291068610472971
2,11490,932444.8320794185,6849033.607658509,95.63400000000013,43.56990510322632,0.4555901154738509
2,11492,934500.6603224111,6848591.77751805,478.1699999999996,205.01427758070966,0.4287476788186415
2,11494,933671.0753891615,6847277.41516015,191.26800000000026,101.20121109879436,0.5291068610472961
2,11509,932044.3631886762,6848761.958629645,95.63400000000013,50.60060554939719,0.5291068610472961
2,11512,933045.4611337518,6846178.688488086,95.63400000000013,50.60060554939719,0.5291068610472961
2,11514,933171.8689990361,6846665.043731241,95.63400000000013,50.60060554939719,0.5291068610472961
2,11519,934208.0994199179,6848302.834424711,1147.6079999999997,607.2072665927664,0.5291068610472971
2,11521,932952.7789609226,6845742.730186989,95.63400000000013,50.60060554939719,0.5291068610472961
2,11524,933807.1712426898,6849104.903991227,286.90199999999993,150.72750000000005,0.52536231884058
2,11528,935305.9173911627,6848922.060160853,478.1699999999996,251.2125000000002,0.5253623188405806
2,11531,933748.2780433838,6847080.083130765,95.63400000000013,50.60060554939719,0.5291068610472961
2,11540,935217.8543693587,6846609.582170842,95.63400000000013,50.60060554939719,0.5291068610472961
2,11542,933090.3027948017,6845674.311779024,95.63400000000013,50.60060554939719,0.5291068610472961
2,11551,933880.1291124261,6847485.328852071,478.1699999999996,226.81890000000016,0.47434782608695725
2,11560,933614.128747189,6846936.987400799,382.5360000000005,200.97000000000006,0.5253623188405792
2,11561,933096.8264051978,6848895.335951966,95.63400000000013,50.600605549397194,0.5291068610472962
2,11566,933741.5449604633,6846249.308764896,95.63400000000013,50.242499999999964,0.5253623188405786
2,11567,932709.4143324831,6849105.269341798,191.26800000000026,100.48500000000003,0.5253623188405792
2,11578,933447.7647311293,6846401.748932225,95.63400000000013,50.2425,0.525362318840579
2,11586,932540.180231313,6848021.346269723,95.63400000000013,39.08918041291352,0.40873727348969474
2,11590,933474.1369349232,6848820.327521113,95.63400000000013,50.60060554939719,0.5291068610472961
2,11603,934790.8430728376,6849375.454945166,573.8039999999999,303.60363329638307,0.5291068610472969
2,11625,932202.2923009626,6849584.568110237,95.63400000000013,50.24250000000005,0.5253623188405795
2,11631,932956.7923964943,6847263.730764581,95.63400000000013,50.60060554939719,0.5291068610472961
2,11633,932502.1599793449,6849232.59338002,95.63400000000013,50.60060554939721,0.5291068610472963
2,11634,934019.4029098696,6846239.103571204,382.5360000000005,202.40242219758875,0.5291068610472961
2,11638,934568.0054498934,6847196.949654583,573.8039999999999,303.6036332963832,0.5291068610472971
2,11644,935273.6505481242,6846587.649830702,95.63400000000013,50.60060554939717,0.529106861047296
2,11647,932679.7402290115,6849022.372695952,382.5360000000005,202.40242219758875,0.5291068610472961
2,11648,933304.5147171163,6848043.545676749,4112.261999999999,2175.82603862408,0.5291068610472972
2,11652,933197.246989845,6847312.210579515,95.63400000000013,50.60060554939718,0.5291068610472961
2,11653,933526.3205378389,6846085.998587972,765.0720000000009,404.8048443951773,0.529106861047296
2,11666,933627.7334137191,6846340.661913183,95.63400000000013,50.60060554939719,0.5291068610472961
2,11667,933843.130100863,6848886.877794658,1051.9740000000002,556.6066610433692,0.5291068610472969
2,11673,932201.0268891826,6849590.38963428,95.63400000000013,50.60060554939718,0.5291068610472961
2,11690,935492.2573552256,6847651.077749962,95.63400000000013,50.60060554939718,0.5291068610472961
2,11692,934872.5988058833,6848823.849483037,382.5360000000005,202.40242219758872,0.5291068610472961
2,11695,932845.7158167756,6845970.387059423,95.63400000000013,30.67529537624391,0.320757213713155
2,11702,935170.9270380392,6847502.985704954,286.90199999999993,150.72750000000002,0.5253623188405799
2,11703,935437.6072759333,6846618.3781444,95.63400000000013,50.60060554939717,0.529106861047296
2,11704,934557.6493335387,6847928.406579563,765.0720000000009,369.8391734515743,0.4834044030517048
2,11715,932759.604150998,6846941.964557721,2008.3139999999987,1062.6127165373407,0.5291068610472971
2,11719,933803.297750584,6850042.060227317,95.63400000000013,50.60060554939725,0.5291068610472968
2,11724,933173.0895508613,6848860.491694792,669.4379999999994,354.2042388457807,0.5291068610472979
2,11725,932737.3442845547,6847753.738043933,95.63400000000013,50.60060554939719,0.5291068610472961
2,11726,933556.2750550054,6847259.879668593,191.26800000000026,101.20121109879432,0.5291068610472959
2,11730,935263.0456722508,6847183.285658291,95.63400000000013,36.26174041291354,0.37917205609839066
2,11736,934517.4441071984,6849215.819529569,286.90199999999993,151.80181664819165,0.5291068610472973
2,11741,931275.4445654494,6848755.18651242,6024.942,3187.838149612021,0.5291068610472965
2,11762,934856.9928259512,6847648.653649407,478.1699999999996,251.2125000000002,0.5253623188405806
2,11771,934824.8932919559,6849304.244320762,95.63400000000013,50.242500000000014,0.5253623188405792
2,11773,933856.7674792102,6846503.803783785,286.90199999999993,150.72750000000005,0.52536231884058
2,11774,930919.3133515279,6848415.021975098,191.26800000000026,100.48500000000001,0.525362318840579
2,11775,933059.5940181899,6848494.90674505,1147.6079999999997,602.9100000000002,0.52536231884058
2,11778,931545.6878766624,6848233.036110246,95.63400000000013,50.60060554939719,0.5291068610472961
2,11779,931701.3371368598,6848758.317333331,95.63400000000013,50.60060554939719,0.5291068610472961
2,11786,935405.6582003772,6848971.549064538,95.63400000000013,46.2298966814468,0.48340440305170485
2,11787,933014.4779283418,6847983.86235135,95.63400000000013,46.2298966814468,0.48340440305170485
2,11793,935709.4449480695,6848961.277869345,191.26800000000026,101.20121109879437,0.5291068610472961
2,11800,932813.8070452575,6848627.381137106,286.90199999999993,151.8018166481916,0.5291068610472971
2,11802,933438.5463714008,6848100.190536831,95.63400000000013,50.242500000000014,0.5253623188405792
2,11804,933243.6791149575,6847406.747570577,382.5360000000005,202.40242219758875,0.5291068610472961
2,11807,933850.5364469191,6846987.95683398,95.63400000000013,50.60060554939719,0.5291068610472961
2,11808,933835.5218938673,6848535.868822688,573.8039999999999,303.6036332963831,0.529106861047297
2,11809,934060.9041241088,6847119.885017985,382.5360000000005,202.40242219758872,0.5291068610472961
2,11816,933757.8237716258,6847321.111410153,382.5360000000005,202.40242219758875,0.5291068610472961
2,11817,932955.5138341632,6847272.33142816,95.63400000000013,50.60060554939718,0.5291068610472961
2,11829,933261.8786386311,6847599.792704888,3634.0920000000024,1922.8230108770929,0.5291068610472964
2,11830,932423.3668021144,6847458.154847094,1243.2420000000016,417.927974393783,0.336159793824358
2,11833,933252.4975509519,6847389.089396679,573.8039999999999,301.4549999999999,0.5253623188405797
2,11838,932583.2359269379,6847989.487803824,95.63400000000013,50.600605549397166,0.5291068610472959
2,11840,931165.2448511804,6848277.377203786,95.63400000000013,50.60060554939721,0.5291068610472963
2,11842,933158.091780157,6848970.793346657,286.90199999999993,151.80181664819156,0.529106861047297
2,11865,933286.3894815391,6849364.771932839,382.5360000000005,202.40242219758875,0.5291068610472961
2,11871,932898.7905500883,6846352.320104719,191.26800000000026,73.83229144519736,0.38601486628812587
2,11874,934638.4331724561,6847968.899071946,765.0720000000009,401.93999999999994,0.525362318840579
2,11875,933205.7017323509,6847564.195017224,765.0720000000009,401.93999999999994,0.525362318840579
2,11882,931245.0553031162,6847905.333103501,95.63400000000013,50.60060554939719,0.5291068610472961
2,11894,933923.6231191476,6846192.709288559,1530.1440000000018,739.6783469031486,0.4834044030517048
2,11907,935091.9802929072,6848117.573124131,20370.04199999998,10777.928982021604,0.5291068610472975
2,11911,933445.1090075151,6849046.394249992,382.5360000000005,202.40242219758875,0.5291068610472961
2,11912,932471.0346647335,6849000.121597195,191.26800000000026,101.20121109879436,0.5291068610472961
2,11919,933603.2638057689,6846171.525880805,478.1699999999996,253.00302774698608,0.5291068610472975
2,11920,933470.8148004935,6848994.560015232,478.1699999999996,253.0030277469861,0.5291068610472976
2,11921,935123.9799863113,6847719.031760627,286.90199999999993,151.80181664819162,0.5291068610472972
2,11923,933200.2334364248,6848747.568055614,478.1699999999996,253.00302774698605,0.5291068610472975
2,11924,933939.3095776936,6846160.841736075,286.90199999999993,150.7275,0.5253623188405798
2,11932,933381.2331721571,6849329.709399574,765.0720000000009,404.8048443951774,0.5291068610472961
2,11942,934571.2852183311,6848557.247316374,382.5360000000005,202.40242219758886,0.5291068610472964
2,11945,932990.7,6846366.149999999,382.5360000000005,157.37941206456756,0.41141072229690107
2,11962,933357.337945484,6849543.346402063,95.63400000000013,50.60060554939719,0.5291068610472961
2,11966,932629.7535117454,6848614.10804936,286.90199999999993,151.80181664819156,0.529106861047297
2,11967,931306.6222592164,6848603.309351476,95.63400000000013,50.60060554939719,0.5291068610472961
2,11972,934658.1936071818,6849524.217089832,95.63400000000013,50.60060554939718,0.5291068610472961
2,11990,932973.5433742815,6847588.870341695,382.5360000000005,202.40242219758875,0.5291068610472961
2,11992,933066.681791828,6846156.877217038,95.63400000000013,50.242500000000014,0.5253623188405792
2,11999,934536.0,6849634.450000001,765.0720000000009,404.8048443951773,0.529106861047296
2,12007,933505.2178225664,6847414.439910969,573.8039999999999,303.6036332963832,0.5291068610472971
2,12022,932167.2458411263,6848834.664583127,95.63400000000013,50.600605549397166,0.5291068610472959
2,12024,933180.8412787657,6848158.592868346,478.1699999999996,253.00302774698613,0.5291068610472976
2,12025,933937.1993571521,6846416.373136018,95.63400000000013,50.60060554939721,0.5291068610472963
2,12049,934575.004268051,6849559.359121877,95.63400000000013,37.73289061937028,0.39455518559686126
2,12054,932462.1564523245,6849062.836821908,95.63400000000013,36.52806572259868,0.3819568952736332
2,12062,931459.6565101993,6848660.143132929,2677.751999999998,1416.8169553831233,0.529106861047298
2,12067,931390.7894156602,6848024.97457617,95.63400000000013,50.600605549397194,0.5291068610472962
2,12078,932939.9264526482,6847219.422300695,382.5360000000005,202.40242219758872,0.5291068610472961
2,12079,933865.6090244028,6846597.303816443,191.26800000000026,101.20121109879437,0.5291068610472961
2,12081,931412.3109358755,6848122.91117519,95.63400000000013,50.60060554939719,0.5291068610472961
2,12086,933630.4263904359,6849255.295806415,478.1699999999996,239.77085755428251,0.5014343383195992
2,12090,933350.1452585945,6847249.026613546,95.63400000000013,50.24249999999998,0.5253623188405788
2,12099,933949.386067612,6849513.846134295,95.63400000000013,50.242499999999986,0.5253623188405788
2,12101,931543.1867393631,6848173.76838762,286.90199999999993,150.72750000000008,0.5253623188405802
2,12102,932594.4843297643,6848858.203222288,95.63400000000013,46.2298966814468,0.48340440305170485
2,12106,933831.6919558909,6849377.772418263,382.5360000000005,109.29701041291356,0.2857169270680757
2,12109,934104.4894871333,6848040.207640492,573.8039999999999,303.6036332963832,0.5291068610472971
2,12110,932356.5995372701,6847633.878491454,95.63400000000013,50.60060554939719,0.5291068610472961
2,12117,931164.9148862486,6847788.899281739,95.63400000000013,50.600605549397166,0.5291068610472959
2,12119,932408.7698753646,6848990.032246089,95.63400000000013,48.604765549397186,0.5082372958299048
2,12127,933949.382233904,6849489.005989701,191.26800000000026,101.20121109879436,0.5291068610472961
2,12130,933123.1253973604,6845821.381651221,95.63400000000013,46.2298966814468,0.48340440305170485
2,12133,931579.0548800972,6848202.899017191,95.63400000000013,49.57722000000001,0.5184057971014487
2,12138,933185.2954313647,6847669.344418144,382.5360000000005,200.97000000000006,0.5253623188405792
2,12140,934401.8816861477,6846610.852964203,95.63400000000013,50.60060554939717,0.529106861047296
2,12141,933190.6987189752,6845878.516039497,95.63400000000013,50.60060554939718,0.5291068610472961
2,12143,933429.8578013721,6849465.386673525,95.63400000000013,50.60060554939719,0.5291068610472961
2,12144,934864.1134565742,6847680.535569851,573.8039999999999,277.37938008868093,0.4834044030517058
2,12148,935136.9886928827,6846140.731478273,95.63400000000013,35.103435309684855,0.3670602014940796
2,12150,932996.2826427276,6845504.836181483,5738.040000000007,2642.2917309685167,0.4604868092534234
2,12157,933475.2086379013,6847351.007369819,478.1699999999996,253.00302774698605,0.5291068610472975
2,12159,934048.9026141923,6849374.131250356,573.8039999999999,303.6036332963832,0.5291068610472971
2,12162,933348.4328168235,6845699.201881573,95.63400000000013,50.24249999999992,0.5253623188405782
2,12178,935355.4209800308,6846874.27356083,573.8039999999999,303.6036332963831,0.529106861047297
2,12187,933216.2539120165,6848481.821228226,286.90199999999993,94.31538123874067,0.3287372734896958
2,12194,933792.3279079233,6849220.072593595,191.26800000000026,101.20121109879437,0.5291068610472961
2,12211,932812.9603782245,6848701.428963555,286.90199999999993,151.8018166481916,0.5291068610472971
2,12215,933437.1630028377,6846520.234852221,286.90199999999993,151.8018166481916,0.5291068610472971
2,12217,933802.4871437672,6847300.755170949,669.4379999999994,354.2042388457807,0.5291068610472979
2,12221,932550.5857660456,6847467.278227114,95.63400000000013,50.60060554939719,0.5291068610472961
2,12226,932683.5950595968,6849105.536096254,765.0720000000009,404.8048443951774,0.5291068610472961
2,12228,933014.4401525641,6846378.43939946,191.26800000000026,101.20121109879437,0.5291068610472961
2,12237,931393.2724616996,6848621.129194025,95.63400000000013,50.60060554939717,0.529106861047296
2,12238,932637.7222308298,6848608.057126487,95.63400000000013,50.60060554939718,0.5291068610472961
2,12239,932911.326646335,6847736.074633358,669.4379999999994,354.2042388457807,0.5291068610472979
2,12241,932875.394130113,6849030.10948144,3060.288000000004,1619.21937758071,0.5291068610472961
2,12242,933847.9181272421,6846683.703177392,286.90199999999993,151.80181664819156,0.529106861047297
2,12253,933136.8613346076,6847889.185033635,956.3399999999992,506.0060554939722,0.5291068610472976
2,12260,933347.5170278022,6847231.074971665,95.63400000000013,50.24250000000004,0.5253623188405795
2,12262,934055.4117533319,6848307.198454552,765.0720000000009,311.8264033033081,0.40757785319983963
2,12263,933835.1989298561,6848674.261324938,191.26800000000026,100.48500000000001,0.525362318840579
2,12266,933032.1979694155,6847414.854272984,382.5360000000005,202.40242219758875,0.5291068610472961
2,12271,934013.6037028081,6849577.883799208,2199.582000000002,1163.8139276361353,0.5291068610472963
2,12287,934141.894224589,6849216.2908885,573.8039999999999,301.45500000000015,0.5253623188405802
2,12288,932434.3640334093,6848515.830346248,95.63400000000013,50.60060554939718,0.5291068610472961
2,12296,933422.2066098911,6848518.215927902,1051.9740000000002,556.6066610433692,0.5291068610472969
2,12306,933045.3880057653,6849304.433308074,95.63400000000013,49.23069127214001,0.5147823083018586
2,12309,934008.5426195215,6848522.552663988,860.706,326.35566371622195,0.3791720560983913
2,12329,931723.2463348417,6848528.335780794,95.63400000000013,50.600605549397145,0.5291068610472957
2,12331,934674.4304884399,6848799.756787657,765.0720000000009,269.6050057807894,0.3523916778823288
2,12333,934224.3320937194,6846578.003574924,95.63400000000013,35.616255309684014,0.3724225203346505
2,12337,933244.1105656299,6845691.64293577,95.63400000000013,50.24250000000001,0.525362318840579
2,12338,933729.0439513075,6846858.981220027,95.63400000000013,48.63447575585395,0.5085479615602597
2,12345,935345.1115341039,6846792.58379787,95.63400000000013,38.93373510322839,0.4071118546043075
2,12348,934609.9535586699,6849582.830215776,765.0720000000009,309.9334824774812,0.40510367975495226
2,12357,932274.0901245109,6847977.133103284,95.63400000000013,50.60060554939719,0.5291068610472961
2,12372,935110.9831363069,6847848.047084088,956.3399999999992,505.5971854939737,0.5286793248154151
2,12379,933441.2195966117,6848007.967472055,286.90199999999993,138.68969004434047,0.4834044030517058
2,12381,934955.1945034578,6847132.246746887,382.5360000000005,202.40242219758872,0.5291068610472961
2,12382,935286.3020376973,6848029.390673539,2295.2159999999994,1214.4145331855327,0.5291068610472971
2,12384,934840.190005293,6849331.210032933,95.63400000000013,50.242500000000035,0.5253623188405794
2,12385,933783.2396546621,6848856.14303407,669.4379999999994,354.2042388457807,0.5291068610472979
2,12386,933818.4277509275,6846740.889909694,382.5360000000005,148.4922024774812,0.38817837400265853
2,12392,932655.5504590818,6847734.841516967,95.63400000000013,50.24249999999998,0.5253623188405788
2,12408,933189.3352226721,6848492.217121178,382.5360000000005,202.40242219758872,0.5291068610472961
2,12409,933918.5149315232,6846238.322086209,95.63400000000013,48.926795103228365,0.5116046082274954
2,12413,934740.3658371974,6847285.59854337,2103.9480000000003,1113.2133220867383,0.5291068610472969
2,12415,934658.2040277019,6847756.263805358,382.5360000000005,202.40242219758875,0.5291068610472961
2,12418,934924.3164787814,6847357.501452978,95.63400000000013,50.60060554939719,0.5291068610472961
2,12419,934151.6128077818,6846503.197622003,95.63400000000013,50.60060554939719,0.5291068610472961
2,12425,933921.5047118881,6847285.613008515,573.8039999999999,303.6036332963832,0.5291068610472971
2,12430,935093.2573022126,6848651.657622145,2199.582000000002,941.1987716197702,0.4278989242591407
2,12436,932827.6338869571,6847504.639554284,860.706,416.0690701330214,0.4834044030517057
2,12438,933958.711442577,6848428.813239185,1243.2420000000016,600.988656858809,0.48340440305170534
2,12441,933272.8056424822,6846645.593415291,95.63400000000013,50.60060554939719,0.5291068610472961
2,12443,934280.1844600798,6847997.035201301,1051.9740000000002,508.52886349591483,0.4834044030517054
2,12446,932907.6680556395,6849222.006642765,95.63400000000013,50.60060554939718,0.5291068610472961
2,12447,933846.3588761822,6848971.603783567,478.1699999999996,253.0030277469861,0.5291068610472976
2,12449,933963.3313185055,6849367.964612938,478.1699999999996,166.15512172777434,0.34748127596414347
2,12466,933219.9874127705,6846640.157905908,95.63400000000013,50.60060554939717,0.529106861047296
2,12467,933876.9807595542,6846148.394948283,95.63400000000013,50.600605549397166,0.5291068610472959
2,12481,933593.1486608278,6846065.97250142,191.26800000000026,101.20121109879436,0.5291068610472961
2,12486,932773.6,6847086.600000001,95.63400000000013,35.314793713624795,0.3692702774497014
2,12490,933240.4828281015,6845845.304119581,95.63400000000013,50.60060554939719,0.5291068610472961
2,12504,934152.3224130055,6848148.507628645,669.4379999999994,354.2042388457807,0.5291068610472979
2,12507,934055.8181611748,6848008.13774382,478.1699999999996,251.21250000000023,0.5253623188405806
2,12509,933782.6234685213,6847101.866702586,95.63400000000013,50.60060554939721,0.5291068610472963
2,12529,933108.0392943821,6847839.697288389,191.26800000000026,70.54622816131761,0.3688344530256892
2,12535,931791.8130771414,6848764.459033606,95.63400000000013,50.24250000000005,0.5253623188405795
2,12542,933806.2933433629,6846630.636546497,382.5360000000005,202.40242219758875,0.5291068610472961
2,12549,932638.5988017344,6847733.208564904,382.5360000000005,116.3210808258271,0.3040787816723836
2,12553,932742.3622926048,6848554.40697665,95.63400000000013,50.60060554939719,0.5291068610472961
2,12557,933488.2267135173,6848609.671000347,95.63400000000013,50.600605549397194,0.5291068610472962
2,12559,931262.0577836306,6848182.868659276,95.63400000000013,34.025340619369565,0.3557870696548249
2,12560,932499.6559375002,6849073.209353199,95.63400000000013,50.242500000000014,0.5253623188405792
2,12586,934708.7343128097,6849133.063919822,286.90199999999993,109.66138654842585,0.38222593968820673
2,12591,935047.2480266668,6848489.942930272,2295.2159999999994,1205.8200000000006,0.5253623188405802
2,12608,931629.0404118699,6848272.16028834,95.63400000000013,50.242500000000014,0.5253623188405792
2,12618,933641.8000000002,6845936.05,286.90199999999993,151.80181664819156,0.529106861047297
2,12619,931342.3500000001,6848221.800000002,191.26800000000026,101.20121109879436,0.5291068610472961
2,12624,933926.8726456594,6847500.668951431,95.63400000000013,26.832960000000007,0.2805797101449272
2,12626,934388.8783548666,6848359.015462386,286.90199999999993,91.0051938007184,0.3171995796499098
2,12628,932167.3345564739,6848040.33762351,95.63400000000013,30.478139999999946,0.31869565217391205
2,12632,935632.1199535964,6847489.232018561,95.63400000000013,50.2425,0.525362318840579
2,12635,934526.281131169,6846619.277971492,95.63400000000013,50.60060554939719,0.5291068610472961
2,12646,933753.6932145539,6846584.241197353,95.63400000000013,50.600605549397116,0.5291068610472954
2,12658,934067.0687779015,6848184.41020208,573.8039999999999,303.60363329638324,0.5291068610472972
2,12660,934934.5755745157,6846985.517431226,191.26800000000026,94.79988130525112,0.49563900550667644
2,12661,932167.066676031,6848867.240169179,95.63400000000013,36.52806572259867,0.381956895273633
2,12672,931361.743079646,6848254.027115044,95.63400000000013,50.60060554939719,0.5291068610472961
2,12673,934690.3831978714,6846918.011777939,286.90199999999993,151.80181664819156,0.529106861047297
2,12680,933285.1087925038,6847191.39790402,382.5360000000005,202.40242219758875,0.5291068610472961
2,12690,933831.793697378,6848906.405287741,286.90199999999993,151.80181664819156,0.529106861047297
2,12693,932872.2001569439,6846452.258873068,382.5360000000005,202.40242219758875,0.5291068610472961
2,12696,931486.0238673644,6848180.541043839,6120.57600000001,3238.4387551614223,0.5291068610472963
2,12697,934348.9738175626,6848092.112669995,573.8039999999999,303.6036332963832,0.5291068610472971
2,12700,933138.3938102752,6847771.639172363,382.5360000000005,202.40242219758872,0.5291068610472961
2,12705,933734.6333412172,6846335.445503192,191.26800000000026,101.20121109879437,0.5291068610472961
2,12710,931547.2668307462,6848399.515940932,95.63400000000013,50.242500000000014,0.5253623188405792
2,12721,932270.8333436535,6849045.758541453,95.63400000000013,49.93532554939709,0.5221503393081647
2,12729,935848.1182893746,6847881.82833974,191.26800000000026,100.48500000000006,0.5253623188405793
2,12731,933306.9854277015,6847283.977787684,5451.1380000000045,2884.234516315641,0.5291068610472967
2,12732,934416.5307808458,6848076.111852127,1147.6079999999997,345.7307700000002,0.30126207729468624
2,12743,934930.7642607808,6848857.328457117,95.63400000000013,50.60060554939718,0.5291068610472961
2,12744,933138.4501364693,6847699.362771395,765.0720000000009,404.8048443951774,0.5291068610472961
2,12756,933480.9993358967,6846163.521029942,191.26800000000026,100.48499999999999,0.5253623188405789
2,12760,931681.5273723752,6848741.572498308,191.26800000000026,101.20121109879437,0.5291068610472961
2,12771,933818.2962687585,6848277.536955632,765.0720000000009,404.80484439517716,0.5291068610472958
2,12773,931900.0031823805,6848510.244075723,95.63400000000013,50.242500000000014,0.5253623188405792
2,12774,932460.416574787,6849261.683423164,95.63400000000013,43.69070041291354,0.4568532155186804
2,12777,932495.15,6848605.699999999,95.63400000000013,49.935325549397184,0.5221503393081657
2,12779,934001.0322706961,6847358.455515476,860.706,455.40544994457457,0.5291068610472968
2,12798,931107.7107548843,6847956.341181234,95.63400000000013,50.60060554939719,0.5291068610472961
2,12808,932864.468954906,6846419.399428519,95.63400000000013,47.80203004700868,0.49984346620457804
2,12815,931544.8379523159,6848226.718147858,95.63400000000013,50.60060554939718,0.5291068610472961
2,12816,933901.961920202,6849946.654899577,95.63400000000013,50.60060554939718,0.5291068610472961
2,12817,933686.1979747887,6848282.321563728,286.90199999999993,151.80181664819156,0.529106861047297
2,12820,932819.8091663985,6845907.151564348,95.63400000000013,50.60060554939717,0.529106861047296
2,12822,932619.5306960222,6847769.473865465,95.63400000000013,50.60060554939718,0.5291068610472961
2,12824,933946.431300075,6849532.354532472,95.63400000000013,38.78031572259853,0.4055076199113127
2,12826,934299.9232934886,6847200.006168528,95.63400000000013,37.48643216707449,0.39197808485553715
2,12835,933560.9029126212,6846916.935498994,765.0720000000009,402.9419457073536,0.5266719285339853
2,12841,933229.1155466025,6848231.019165536,669.4379999999994,351.6975000000005,0.5253623188405809
2,12843,934138.1509266788,6846383.066520734,478.1699999999996,253.0030277469861,0.5291068610472976
2,12856,933760.5789684204,6849444.62634332,95.63400000000013,50.242500000000014,0.5253623188405792
2,12860,933578.1791957879,6847269.53761532,95.63400000000013,50.24250000000001,0.525362318840579
2,12862,935599.3579809724,6847521.190173536,95.63400000000013,50.60060554939718,0.5291068610472961
2,12869,932722.6701513574,6847072.696511888,382.5360000000005,202.40242219758875,0.5291068610472961
2,12873,933878.7958945623,6848514.10145615,478.1699999999996,253.0030277469861,0.5291068610472976
2,12876,932786.8738958893,6845746.40676154,2199.582000000002,1163.8139276361353,0.5291068610472963
2,12881,933278.9998704188,6849284.949803694,478.1699999999996,222.25870532769557,0.4648110616050688
2,12884,935281.8384858953,6847295.984103339,95.63400000000013,50.60060554939717,0.529106861047296
2,12902,932719.2050704208,6848947.661530524,286.90199999999993,151.8018166481916,0.5291068610472971
2,12904,933253.5405154411,6847371.253225628,95.63400000000013,50.60060554939716,0.5291068610472959
2,12906,934534.6261574244,6849121.538979536,95.63400000000013,50.600605549397166,0.5291068610472959
2,12907,934733.1368974749,6848187.559743819,4781.7000000000035,2530.0302774698603,0.5291068610472967
2,12908,933291.9267014456,6846679.133901049,765.0720000000009,404.80484439517716,0.5291068610472958
2,12917,933755.8110091923,6847281.071760647,191.26800000000026,100.48500000000003,0.5253623188405792
2,12921,932145.5086953248,6849004.415139651,95.63400000000013,50.242500000000014,0.5253623188405792
2,12932,932727.7464181287,6848989.635694247,1051.9740000000002,552.6675000000002,0.5253623188405798
2,12934,931616.41103353,6848738.237678711,95.63400000000013,50.60060554939719,0.5291068610472961
2,12935,933432.9512375164,6847255.056448111,382.5360000000005,202.40242219758872,0.5291068610472961
2,12936,933471.756364679,6846372.132516929,95.63400000000013,50.60060554939719,0.5291068610472961
2,12944,933214.5395930082,6847505.786735036,382.5360000000005,122.54516994738806,0.3203493787444525
2,12946,935048.8716094169,6848060.176892265,478.1699999999996,253.0030277469861,0.5291068610472976
2,12952,935305.3436890334,6848896.83965792,286.90199999999993,151.80181664819156,0.529106861047297
2,12964,932868.2361739635,6848294.281692149,4877.334000000002,1707.4221518525333,0.3500728373026192
2,12971,931543.327317726,6848692.240754893,573.8039999999999,303.6036332963832,0.5291068610472971
2,12972,934128.0252056678,6848184.830975233,765.0720000000009,404.8048443951774,0.5291068610472961
2,12973,931402.0098938934,6848126.220567448,191.26800000000026,101.20121109879437,0.5291068610472961
2,12978,933124.5379755348,6847744.847232673,382.5360000000005,202.40242219758875,0.5291068610472961
2,12987,933993.2723724638,6848412.69230777,286.90199999999993,96.52999592905455,0.3364563367597806
2,12989,934251.6079749545,6847843.945344226,573.8039999999999,301.4549999999997,0.5253623188405793
2,12994,933432.9345654104,6847146.717629196,95.63400000000013,50.60060554939719,0.5291068610472961
2,12999,933776.0997322267,6849439.21673138,286.90199999999993,151.8018166481916,0.5291068610472971
2,13003,931338.9809203264,6848437.781463497,95.63400000000013,50.24250000000001,0.525362318840579
2,13006,933698.4488034308,6846820.387773746,1530.1440000000018,803.88,0.525362318840579
2,13008,932889.1827268453,6848249.80157969,95.63400000000013,50.60060554939719,0.5291068610472961
2,13015,933795.1883882588,6848864.585421698,765.0720000000009,361.9362024774811,0.4730746942477057
2,13017,932461.3499699114,6847541.25800114,95.63400000000013,50.60060554939719,0.5291068610472961
2,13020,932794.5922813234,6845866.238380088,95.63400000000013,50.60060554939718,0.5291068610472961
2,13022,933976.0567869315,6846938.559146121,478.1699999999996,253.00302774698605,0.5291068610472975
2,13029,935113.869259171,6846720.27870474,12432.420000000002,6578.078721421637,0.529106861047297
2,13033,933661.9705158506,6848961.680850575,286.90199999999993,106.83394654842584,0.3723708672244386
2,13034,933132.9376777958,6846734.030884366,286.90199999999993,116.51313061937043,0.4061077671796309
2,13035,933644.117183587,6846025.823702201,286.90199999999993,107.1220212387407,0.3733749546491162
2,13040,931574.7320134845,6848589.685526611,95.63400000000013,49.284900652625566,0.5153491504342127
2,13041,934920.9499999998,6848911.849999999,95.63400000000013,50.60060554939719,0.5291068610472961
2,13044,934411.7969881423,6846669.295330698,95.63400000000013,37.56259020645677,0.3927744338462965
2,13050,933935.7900394519,6849350.558374805,95.63400000000013,50.60060554939716,0.5291068610472959
2,13059,932194.5650501589,6848830.820143026,95.63400000000013,30.52877027301549,0.31922506925377425
2,13068,933132.1094952989,6847543.322291594,95.63400000000013,50.60060554939719,0.5291068610472961
2,13077,931500.7649556918,6848276.109953157,95.63400000000013,50.60060554939717,0.529106861047296
2,13078,934602.398152019,6849035.890666369,573.8039999999999,303.6036332963831,0.529106861047297
2,13079,934934.0666132149,6846759.664542616,2295.2159999999994,1214.4145331855327,0.5291068610472971
2,13087,932677.2125011034,6847588.015772956,1051.9740000000002,508.5288634959149,0.48340440305170546
2,13088,932731.1916527218,6847124.902316127,382.5360000000005,120.17805953447454,0.31416143718362294
2,13090,933772.1498071995,6846187.650839496,956.3399999999992,506.006055493972,0.5291068610472974
2,13092,933960.120412246,6849478.064957056,191.26800000000026,74.30552165165419,0.38848903973301385
2,13094,932874.5568694976,6845793.306553355,1434.5100000000018,759.0090832409584,0.5291068610472965
2,13104,935709.1426087954,6848890.511099206,9372.131999999994,4958.859343840925,0.5291068610472973
2,13111,935073.0208593715,6847622.078211993,1912.6799999999985,1012.0121109879444,0.5291068610472976
2,13115,934740.0879560317,6848518.465856845,12910.590000000015,5145.512583924262,0.3985497629406755
2,13122,931045.3688917586,6848416.286079931,95.63400000000013,50.60060554939717,0.529106861047296
2,13123,933051.9795185332,6846224.561015749,95.63400000000013,50.60060554939718,0.5291068610472961
2,13127,933836.7080550509,6846962.217160577,95.63400000000013,50.60060554939719,0.5291068610472961
2,13130,932722.071704056,6847139.151939518,95.63400000000013,50.600605549397194,0.5291068610472962
2,13132,932677.4935618427,6847745.929103192,191.26800000000026,101.20121109879436,0.5291068610472961
2,13159,932928.4183177111,6847339.901844024,95.63400000000013,50.24250000000001,0.525362318840579
2,13163,932900.3558032286,6846396.9497993,286.90199999999993,151.80181664819156,0.529106861047297
2,13166,932993.3809395502,6845881.252526554,95.63400000000013,50.60060554939719,0.5291068610472961
2,13170,933800.5491324743,6847011.852378317,860.706,455.4054499445749,0.5291068610472971
2,13177,933820.1285497204,6849271.317718209,286.90199999999993,151.8018166481916,0.5291068610472971
2,13178,933269.036560319,6848107.840500722,860.706,455.4054499445749,0.5291068610472971
2,13184,934144.2787132609,6848710.798647495,669.4379999999994,354.2042388457807,0.5291068610472979
2,13188,933270.3583782857,6849279.406374689,286.90199999999993,151.80181664819156,0.529106861047297
2,13204,933548.0303175959,6849204.536641016,1338.8759999999988,708.4084776915614,0.5291068610472979
2,13207,934240.3644611444,6847882.041514305,573.8039999999999,303.6036332963832,0.5291068610472971
2,13210,932344.7293005188,6848483.32615196,95.63400000000013,50.60060554939717,0.529106861047296
2,13223,934074.4125646682,6848662.056885718,669.4379999999994,354.2042388457807,0.5291068610472979
2,13239,933699.9116056673,6847423.433019517,478.1699999999996,253.00302774698608,0.5291068610472975
2,13240,932815.985824609,6846577.941698477,95.63400000000013,50.60060554939717,0.529106861047296
2,13248,933226.0649361735,6849219.127028285,95.63400000000013,50.60060554939719,0.5291068610472961
2,13249,934347.5350357271,6846537.179419803,95.63400000000013,47.01610530968515,0.49162541888538686
2,13250,933206.1013843265,6848867.164347005,191.26800000000026,100.48500000000001,0.525362318840579
2,13254,932755.2379402234,6847041.904678631,286.90199999999993,141.95631257724705,0.4947902509471774
2,13264,933502.8739595523,6849698.551362192,95.63400000000013,50.60060554939719,0.5291068610472961
2,13267,933882.7803210502,6846151.067764997,95.63400000000013,50.60060554939719,0.5291068610472961
2,13271,933824.8183435244,6846110.840578099,95.63400000000013,50.60060554939721,0.5291068610472963
2,13282,932919.002111553,6847285.325046593,191.26800000000026,100.48500000000001,0.525362318840579
2,13288,933961.0859938521,6848544.821848864,2677.751999999998,1406.7900000000025,0.525362318840581
2,13289,933839.1577950937,6849374.417924003,95.63400000000013,36.80555200647252,0.3848584395348147
2,13292,935532.0044399331,6846474.905688479,95.63400000000013,50.242500000000014,0.5253623188405792
2,13302,932841.4131952361,6845619.665040208,95.63400000000013,50.60060554939718,0.5291068610472961
2,13303,934175.0193301167,6846279.092923731,765.0720000000009,404.8048443951774,0.5291068610472961
2,13305,934219.3717321921,6849280.380306787,382.5360000000005,123.32731082582707,0.3223939990636879
2,13306,932629.3956914506,6847749.908086014,95.63400000000013,50.60060554939719,0.5291068610472961
2,13307,934585.8745045633,6849035.524895697,95.63400000000013,28.77340323275571,0.3008700172820929
2,13317,931487.342928655,6848139.624137231,95.63400000000013,50.24249999999998,0.5253623188405788
2,13323,934294.8464844052,6846700.640361957,95.63400000000013,50.6006055493972,0.5291068610472963
2,13324,931495.5471468272,6848085.875954918,95.63400000000013,50.60060554939718,0.5291068610472961
2,13325,934224.5598004822,6848099.594751698,382.5360000000005,202.40242219758875,0.5291068610472961
2,13332,931667.9705681333,6848195.529958707,95.63400000000013,50.24250000000001,0.525362318840579
2,13342,932823.0504767541,6847452.878260011,286.90199999999993,150.72750000000005,0.52536231884058
2,13343,933602.6227311413,6846907.000277909,382.5360000000005,200.97000000000003,0.525362318840579
2,13345,934677.5264396229,6848174.517543081,1817.0460000000007,961.4115054385462,0.5291068610472964
2,13373,932489.2533401776,6848093.081652327,95.63400000000013,46.2298966814468,0.48340440305170485
2,13376,933224.8999999998,6845713.649999999,95.63400000000013,50.60060554939718,0.5291068610472961
2,13381,932546.4080258447,6847473.760664799,95.63400000000013,50.60060554939719,0.5291068610472961
2,13384,933982.1144509034,6846163.150312163,286.90199999999993,151.80181664819156,0.529106861047297
2,13385,935403.3078943999,6848107.845085224,95.63400000000013,38.8416906193703,0.40614938849541216
2,13389,933513.4043579438,6847180.397080599,95.63400000000013,50.60060554939719,0.5291068610472961
2,13391,931739.6922849781,6848670.59959582,286.90199999999993,151.80181664819156,0.529106861047297
2,13393,934578.8512476191,6847506.617019047,191.26800000000026,100.79234109879572,0.5269691798878828
2,13398,934738.9961909098,6849424.757523334,382.5360000000005,200.97000000000003,0.525362318840579
2,13400,933017.648027933,6847545.693501178,573.8039999999999,301.45500000000004,0.5253623188405799
2,13409,933689.9868446111,6847052.477126108,478.1699999999996,253.0030277469861,0.5291068610472976
2,13414,932636.747479184,6849010.990191235,95.63400000000013,50.242500000000014,0.5253623188405792
2,13430,935374.2334281291,6848081.647559011,95.63400000000013,33.08087041291099,0.3459111865331466
2,13432,934260.4656067159,6848283.016391079,95.63400000000013,50.600605549397166,0.5291068610472959
2,13438,933299.1090280603,6848120.651544728,286.90199999999993,151.8018166481916,0.5291068610472971
2,13443,933148.370719388,6847096.042518701,765.0720000000009,404.8048443951774,0.5291068610472961
2,13448,933751.0386749521,6848064.363114643,95.63400000000013,50.2425,0.525362318840579
2,13456,934115.1955862978,6847208.875494072,95.63400000000013,50.60060554939719,0.5291068610472961
2,13457,933285.5246515648,6848601.987335363,382.5360000000005,200.97000000000006,0.5253623188405792
2,13467,932404.6745713012,6848568.811220121,95.63400000000013,50.60060554939719,0.5291068610472961
2,13469,934834.9468534817,6847901.804342254,573.8039999999999,301.4550000000001,0.52536231884058
2,13480,932900.7775108336,6847303.067973066,382.5360000000005,202.40242219758892,0.5291068610472965
2,13482,931298.4222665031,6848603.096304244,286.90199999999993,151.8018166481916,0.5291068610472971
2,13484,933510.8632809682,6849377.630106317,382.5360000000005,202.40242219758875,0.5291068610472961
2,13488,934116.3871755434,6848129.976461522,1051.9740000000002,403.4956268130735,0.38356045568908875
2,13489,935275.1017051474,6847896.669522866,95.63400000000013,36.886435516141916,0.38570420055777094
2,13507,931402.8148861536,6848621.597431802,191.26800000000026,100.48500000000001,0.525362318840579
2,13508,932743.0811051693,6848397.156684492,95.63400000000013,49.935325549397184,0.5221503393081657
2,13528,932395.0649411108,6849199.295639656,95.63400000000013,49.89599999999998,0.5217391304347817
2,13534,935255.4649508509,6847979.510253483,3251.556000000003,1720.4205886795046,0.5291068610472964
2,13545,933007.9493954045,6845795.646224927,478.1699999999996,253.0030277469861,0.5291068610472976
2,13546,932906.9193702433,6846385.675809581,95.63400000000013,50.60060554939718,0.5291068610472961
2,13549,934452.7496202714,6848561.458460757,95.63400000000013,50.60060554939718,0.5291068610472961
2,13551,933303.1246205467,6847857.463927582,286.90199999999993,151.80181664819156,0.529106861047297
2,13552,932651.4882774714,6848402.695520136,95.63400000000013,50.60060554939716,0.5291068610472959
2,13556,932768.0109740921,6847150.859886112,95.63400000000013,50.60060554939717,0.529106861047296
2,13563,934661.202071746,6847846.185885533,3060.288000000004,1619.2193775807098,0.5291068610472961
2,13565,933899.6066060055,6848761.545993327,478.1699999999996,253.0030277469861,0.5291068610472976
2,13568,933521.14671077,6849638.612897774,95.63400000000013,35.647433713624885,0.3727485383192676
2,13579,932810.1903551884,6847653.866084564,382.5360000000005,134.7054546779531,0.352137980942847
2,13586,932462.5380928771,6848838.356486415,95.63400000000013,50.24249999999999,0.5253623188405789
2,13587,932615.3387118431,6847572.259697731,95.63400000000013,50.242500000000014,0.5253623188405792
2,13593,932991.0984047458,6846084.871702272,382.5360000000005,202.40242219758875,0.5291068610472961
2,13601,933840.6310384207,6846633.579557874,95.63400000000013,50.60060554939719,0.5291068610472961
2,13606,935876.3810709207,6847710.036871579,191.26800000000026,100.48500000000001,0.525362318840579
2,13608,934433.3100854701,6846617.331794871,286.90199999999993,150.72750000000008,0.5253623188405802
2,13609,935460.1289476485,6846552.400078875,95.63400000000013,50.242500000000014,0.5253623188405792
2,13610,933322.9328396136,6845819.901916794,95.63400000000013,50.60060554939717,0.529106861047296
2,13611,933796.6444196018,6846491.661233018,95.63400000000013,50.60060554939719,0.5291068610472961
2,13619,933449.602849924,6848017.697564426,191.26800000000026,90.84043020645677,0.4749379415608291
2,13625,933287.2716109104,6847475.787658889,573.8039999999999,303.6036332963832,0.5291068610472971
2,13642,932454.3775458881,6847501.505973889,382.5360000000005,200.97000000000006,0.5253623188405792
2,13647,933289.9506805036,6849656.056260768,95.63400000000013,50.60060554939719,0.5291068610472961
2,13649,935270.1104387107,6846576.225549162,95.63400000000013,50.60060554939717,0.529106861047296
2,13651,932731.3005273492,6848676.620474901,95.63400000000013,50.24250000000001,0.525362318840579
2,13655,933382.5095858673,6848141.723348605,95.63400000000013,50.60060554939718,0.5291068610472961
2,13657,932993.628968254,6846627.925925925,95.63400000000013,48.26151510322839,0.5046480864883652
2,13662,932858.4994317762,6848143.216212825,95.63400000000013,50.60060554939719,0.5291068610472961
2,13669,935132.8768819193,6846176.992398353,95.63400000000013,50.242500000000014,0.5253623188405792
2,13670,933918.9784403279,6846521.383135018,3251.556000000003,1708.2450000000008,0.5253623188405795
2,13671,933566.4385206926,6846348.140596975,2295.2159999999994,1205.8200000000006,0.5253623188405802
2,13672,932338.4420908781,6848928.074137342,95.63400000000013,46.2298966814468,0.48340440305170485
2,13674,934698.6294903242,6847861.049645679,860.706,455.4054499445747,0.5291068610472969
2,13683,933250.0884339834,6847128.780969483,382.5360000000005,202.40242219758875,0.5291068610472961
2,13685,935164.0918083246,6846884.453994404,95.63400000000013,50.60060554939718,0.5291068610472961
2,13691,932633.4166801722,6847836.383525526,191.26800000000026,101.20121109879436,0.5291068610472961
2,13701,934821.1234706239,6849025.478526147,573.8039999999999,303.6036332963832,0.5291068610472971
2,13702,934652.9219723337,6849181.71981228,669.4379999999994,282.4947700581887,0.42198795117425203
2,13706,933029.9500000001,6845902.199999999,95.63400000000013,50.60060554939717,0.529106861047296
2,13718,932386.8690218328,6849338.641775526,765.0720000000009,404.8048443951774,0.5291068610472961
2,13719,934563.9485206386,6847548.099442508,1817.0460000000007,961.4115054385462,0.5291068610472964
2,13721,933204.804879852,6847396.879950709,95.63400000000013,50.60060554939717,0.529106861047296
2,13724,933890.8546796368,6849841.733112247,95.63400000000013,50.60060554939718,0.5291068610472961
2,13735,933722.9407229715,6848231.68483332,382.5360000000005,155.04503289039403,0.4053083445489936
2,13741,934751.2154720397,6847586.906363231,2295.2159999999994,1214.4145331855327,0.5291068610472971
2,13756,931696.2557925549,6848984.412653852,13293.126000000004,6983.707500000007,0.52536231884058
2,13760,933714.2826223718,6846850.117766009,95.63400000000013,32.331435309684856,0.3380746942477028
2,13762,933439.1436668887,6847257.730675788,478.1699999999996,253.0030277469861,0.5291068610472976
2,13763,933702.667121865,6846292.387371926,2869.0200000000036,1498.3529595787677,0.5222525320767251
2,13765,933164.7507622632,6846674.893412856,95.63400000000013,45.74098530968514,0.4782920855520535
2,13768,933082.789957508,6845907.118846833,382.5360000000005,202.40242219758875,0.5291068610472961
2,13775,933041.8955696338,6845956.895238096,286.90199999999993,113.98570654842581,0.3972984034563225
2,13781,931684.3316512364,6848681.37332551,95.63400000000013,43.416485722595056,0.4539858807808415
2,13784,934027.5088440374,6848136.093520162,478.1699999999996,164.60242654842585,0.3442341145375619
2,13799,933696.5384586431,6847044.152010272,382.5360000000005,200.97000000000006,0.5253623188405792
2,13805,933424.1316446123,6847297.196050409,286.90199999999993,151.8018166481916,0.5291068610472971
2,13806,932762.7833628876,6847577.864977472,1051.9740000000002,556.6066610433692,0.5291068610472969
2,13812,933376.0154815383,6846547.770897447,286.90199999999993,151.8018166481916,0.5291068610472971
2,13816,934267.6645998455,6847624.86465945,382.5360000000005,200.97000000000006,0.5253623188405792
2,13825,933921.0677135431,6847050.269966506,382.5360000000005,202.40242219758872,0.5291068610472961
2,13826,931094.7717320853,6848413.287190014,95.63400000000013,50.60060554939715,0.5291068610472958
2,13838,932935.0902050525,6846329.43795935,95.63400000000013,50.60060554939718,0.5291068610472961
2,13841,935514.37805459,6847720.523335909,478.1699999999996,253.0030277469861,0.5291068610472976
2,13846,933105.692997493,6847371.495129535,95.63400000000013,50.60060554939721,0.5291068610472963
2,13847,932593.7059334806,6848115.757000268,95.63400000000013,50.600605549397166,0.5291068610472959
2,13852,933024.6207548492,6847086.360577362,765.0720000000009,401.94,0.525362318840579
2,13858,931255.4499811414,6848155.807241769,95.63400000000013,27.57538339896234,0.28834288431899013
2,13862,933145.6317969158,6848515.852168917,1912.6799999999985,1004.8500000000008,0.5253623188405806
2,13874,933426.2932093437,6847289.295556294,382.5360000000005,202.40242219758872,0.5291068610472961
2,13884,933189.9104049293,6847827.179742214,286.90199999999993,150.72750000000005,0.52536231884058
2,13888,935244.5960743406,6848635.149437619,573.8039999999999,303.6036332963832,0.5291068610472971
2,13892,935363.0321080502,6846675.149743676,1147.6079999999997,607.2072665927664,0.5291068610472971
2,13901,932828.2634021346,6846465.258908803,95.63400000000013,50.24250000000005,0.5253623188405795
2,13906,933736.1962547594,6846392.59894081,95.63400000000013,50.60060554939719,0.5291068610472961
2,13931,933292.9151567515,6848389.774339669,382.5360000000005,202.40242219758875,0.5291068610472961
2,13932,933209.5552710091,6849363.401941728,95.63400000000013,50.60060554939719,0.5291068610472961
2,13942,934107.193950391,6848589.167392488,669.4379999999994,351.6975000000005,0.5253623188405809
2,13944,934811.6573405362,6847702.878400151,95.63400000000013,50.60060554939718,0.5291068610472961
2,13969,934841.8046055436,6848051.241624419,95.63400000000013,50.60060554939718,0.5291068610472961
2,13975,933124.0295367378,6846729.361465201,382.5360000000005,127.15267082582714,0.33239399906368805
2,13977,934243.4778964272,6848248.639759737,382.5360000000005,179.58210123874062,0.4694515058419087
2,13978,933348.7952507739,6849399.463448936,95.63400000000013,50.24250000000001,0.525362318840579
2,13986,934600.928881216,6847496.966144747,478.1699999999996,253.00302774698608,0.5291068610472975
2,13992,932767.7673113755,6845940.201383831,95.63400000000013,50.60060554939717,0.529106861047296
2,13993,933006.9570778395,6849373.952126184,95.63400000000013,49.27004554939718,0.5151938175690353
2,13996,931147.2520584273,6849030.082673276,95.63400000000013,48.94165020645678,0.5117599410926732
2,14003,934304.2458240947,6847750.180118256,573.8039999999999,303.6036332963831,0.529106861047297
2,14008,933637.5519695318,6846593.138688398,4781.7000000000035,2530.0302774698607,0.5291068610472968
2,14019,932879.5222696413,6845854.649434207,95.63400000000013,50.60060554939717,0.529106861047296
2,14022,932969.7478177008,6848889.449143622,191.26800000000026,101.20121109879443,0.5291068610472964
2,14025,932272.6063237056,6848578.862065498,95.63400000000013,50.242500000000014,0.5253623188405792
2,14026,934480.9948702476,6846837.28650171,95.63400000000013,50.60060554939719,0.5291068610472961
2,14031,933409.4625823956,6845767.270777288,382.5360000000005,200.9700000000002,0.5253623188405795
2,14032,934723.4245334564,6849315.96995652,286.90199999999993,150.72750000000008,0.5253623188405802
2,14043,933302.5553673806,6849229.288252416,573.8039999999999,303.6036332963831,0.529106861047297
2,14048,934416.2040149978,6847632.172440023,1912.6799999999985,984.614400000001,0.5147826086956531
2,14059,931536.4036698388,6848366.561515654,95.63400000000013,50.2425,0.525362318840579
2,14063,933202.5028946815,6847597.167604907,573.8039999999999,303.60363329638324,0.5291068610472972
2,14066,931752.6105017583,6847968.132549292,95.63400000000013,50.60060554939717,0.529106861047296
2,14071,933881.7131876362,6846572.096078431,286.90199999999993,150.7275000000001,0.5253623188405802
2,14076,931556.3072034604,6848650.564293239,95.63400000000013,50.2425,0.525362318840579
2,14080,931111.1868374019,6848074.130557833,95.63400000000013,50.60060554939718,0.5291068610472961
2,14085,933655.7,6846512.249999999,286.90199999999993,150.72750000000008,0.5253623188405802
2,14091,933880.2847719301,6847064.313586744,573.8039999999999,191.20275185811101,0.33321962178393855
2,14113,933378.0376009376,6847242.03840844,286.90199999999993,151.80181664819156,0.529106861047297
2,14117,934265.35520281,6847033.326290962,669.4379999999994,323.6092767701278,0.4834044030517062
2,14122,933410.3382034326,6846551.079077566,95.63400000000013,50.24250000000001,0.525362318840579
2,14123,934052.2781201691,6848708.408605726,286.90199999999993,151.8018166481916,0.5291068610472971
2,14126,933953.3547896656,6847331.989876959,382.5360000000005,200.97000000000006,0.5253623188405792
2,14135,933064.597568389,6847209.169503546,95.63400000000013,50.60060554939719,0.5291068610472961
2,14156,933851.2892659961,6848264.258568742,765.0720000000009,404.80484439517755,0.5291068610472963
2,14157,933729.1176040996,6849290.786374544,573.8039999999999,303.6036332963833,0.5291068610472973
2,14159,933511.8636405409,6846448.918137061,95.63400000000013,50.242500000000014,0.5253623188405792
2,14176,933112.2379580934,6849162.952161522,191.26800000000026,101.20121109879436,0.5291068610472961
2,14177,933514.666824718,6846358.218411429,95.63400000000013,50.60060554939718,0.5291068610472961
2,14178,932911.5590762793,6846373.269268319,95.63400000000013,50.60060554939718,0.5291068610472961
2,14179,933215.3636161422,6849382.481906579,95.63400000000013,50.60060554939719,0.5291068610472961
2,14201,935284.3023675546,6847905.165407388,95.63400000000013,50.60060554939715,0.5291068610472958
2,14205,933669.0432291355,6847362.859611718,95.63400000000013,50.60060554939719,0.5291068610472961
2,14208,933641.1155812275,6848228.706376726,765.0720000000009,401.94,0.525362318840579
2,14210,934029.9382995445,6848065.481291579,669.4379999999994,326.68723716779635,0.4880022304795913
2,14212,933317.65,6847116.25,95.63400000000013,39.6732906193703,0.4148450406693252
2,14214,934366.0390266378,6849259.435047789,382.5360000000005,202.40242219758875,0.5291068610472961
2,14224,933427.6028821577,6847212.039367738,191.26800000000026,101.20121109879437,0.5291068610472961
2,14226,933261.6776076843,6848655.879320502,765.0720000000009,401.93999999999994,0.525362318840579
2,14228,931937.9454768926,6848361.99075833,95.63400000000013,50.24250000000004,0.5253623188405795
2,14236,933625.4940653279,6847392.173233544,382.5360000000005,200.97,0.525362318840579
2,14237,933641.7150935037,6846190.310963395,286.90199999999993,151.80181664819153,0.5291068610472969
2,14240,933144.3591510415,6848860.675422952,95.63400000000013,50.60060554939718,0.5291068610472961
2,14245,933460.2884423824,6848111.273689949,286.90199999999993,148.56533999999982,0.5178260869565212
2,14250,932444.8486949479,6849214.637323441,95.63400000000013,30.782100619367704,0.32187402617654454
2,14257,932670.394371238,6848807.351187571,95.63400000000013,50.60060554939721,0.5291068610472963
2,14258,932939.4827206661,6845515.716043612,2295.2159999999994,1214.4145331855325,0.529106861047297
2,14259,933164.3862975185,6846162.737171495,286.90199999999993,151.80181664819153,0.5291068610472969
2,14260,935323.6478003156,6846737.395278601,95.63400000000013,50.60060554939719,0.5291068610472961
2,14264,933544.1037762117,6846258.783120159,286.90199999999993,113.12148247748127,0.3942861411822898
2,14279,934617.7972819753,6847816.683114726,478.1699999999996,166.96857758070965,0.3491824614273371
2,14289,933782.5538140684,6848822.609027925,286.90199999999993,151.8018166481916,0.5291068610472971
2,14290,933067.4453244222,6845742.345296576,95.63400000000013,50.60060554939721,0.5291068610472963
2,14323,933578.4970104507,6845889.608444706,95.63400000000013,50.600605549397095,0.5291068610472952
2,14332,933789.1116190759,6846177.236607978,95.63400000000013,50.24250000000004,0.5253623188405795
2,14333,932722.269238719,6848877.176612539,95.63400000000013,50.24250000000005,0.5253623188405795
2,14345,934414.7027424175,6848168.816238215,765.0720000000009,401.94,0.525362318840579
2,14347,932359.9284974171,6849013.861196687,95.63400000000013,50.60060554939709,0.5291068610472951
2,14350,934037.9593535354,6848466.538099456,382.5360000000005,202.40242219758875,0.5291068610472961
2,14352,933618.2623773871,6848156.566388067,286.90199999999993,151.8018166481916,0.5291068610472971
2,14363,932785.6941994681,6846937.592213529,286.90199999999993,149.68800000000007,0.521739130434783
2,14366,934411.3498780809,6847141.361509259,95.63400000000013,50.60060554939718,0.5291068610472961
2,14371,933819.926095892,6847166.931080413,478.1699999999996,253.0030277469861,0.5291068610472976
2,14372,934415.7417130996,6847069.687867585,956.3399999999992,384.23900412913565,0.40178075175056566
2,14374,933274.9213331348,6848857.887756723,95.63400000000013,50.60060554939719,0.5291068610472961
2,14391,932921.7682163,6849431.573023767,95.63400000000013,49.820330112196935,0.520947885816727
2,14394,933520.614767315,6847384.783090327,191.26800000000026,101.20121109879436,0.5291068610472961
2,14399,934949.9000951906,6848601.130215944,3060.288000000004,1619.21937758071,0.5291068610472961
2,14404,932622.3072957739,6848138.65098864,191.26800000000026,101.2012110987944,0.5291068610472963
2,14425,932208.2594838827,6847958.936204812,669.4379999999994,298.3505386129922,0.4456731446571489
2,14427,934590.852451267,6847827.113301298,669.4379999999994,351.6975000000005,0.5253623188405809
2,14444,935086.3343742476,6847035.202126279,286.90199999999993,150.72750000000005,0.52536231884058
2,14445,931635.9262736562,6848090.209137732,95.63400000000013,50.60060554939717,0.529106861047296
2,14455,934253.605164988,6846423.1134873,95.63400000000013,35.223235516141926,0.368312896209945
2,14461,932924.760093206,6846514.892011283,95.63400000000013,50.60060554939719,0.5291068610472961
2,14463,932042.0356355493,6848739.21073028,95.63400000000013,50.60060554939718,0.5291068610472961
2,14465,934864.1603077493,6848819.220930663,478.1699999999996,251.2125000000002,0.5253623188405806
2,14466,932229.8105861509,6848022.523931624,1912.6799999999985,1012.0121109879443,0.5291068610472975
2,14469,931349.9834353963,6848220.763513573,95.63400000000013,37.799205309685156,0.39524860729118416
2,14470,932097.1846600259,6849024.202551678,95.63400000000013,50.60060554939719,0.5291068610472961
2,14471,933286.6639953542,6845813.180023229,95.63400000000013,50.60060554939717,0.529106861047296
2,14473,933932.8359012478,6849834.883831148,95.63400000000013,50.60060554939719,0.5291068610472961
2,14475,933767.7112060713,6846210.936679509,95.63400000000013,50.60060554939718,0.5291068610472961
2,14481,934580.2320326831,6849113.208237452,95.63400000000013,50.60060554939718,0.5291068610472961
2,14484,933754.4184763412,6846052.678809147,95.63400000000013,50.60060554939719,0.5291068610472961
2,14492,933142.4748670035,6846651.995972041,1530.1440000000018,809.6096887903553,0.5291068610472964
2,14500,933027.4632402585,6847917.509121313,95.63400000000013,46.57132596231003,0.4869745693195931
2,14510,933194.9890193716,6845760.183552478,95.63400000000013,50.60060554939719,0.5291068610472961
2,14522,934382.8002939355,6847608.440530618,669.4379999999994,354.20423884578076,0.529106861047298
2,14523,935037.036562001,6848129.460451779,2008.3139999999987,1062.6127165373405,0.529106861047297
2,14528,935004.2083034606,6847089.855276741,478.1699999999996,242.59269253009325,0.5073356599746814
2,14539,933617.1094491464,6847368.183266421,478.1699999999996,251.21250000000015,0.5253623188405805
2,14541,934528.3315936857,6849105.392781643,1434.5100000000018,759.0090832409584,0.5291068610472965
2,14548,932913.4584051566,6847391.749593615,95.63400000000013,50.60060554939718,0.5291068610472961
2,14553,933087.5080421184,6847831.081669248,286.90199999999993,105.33706654842584,0.36715347592009073
2,14563,935068.7264457956,6848065.981129028,286.90199999999993,151.80181664819156,0.529106861047297
2,14575,933815.3821959373,6846137.344197842,478.1699999999996,253.0030277469861,0.5291068610472976
2,14579,932473.3717515005,6849222.952125322,95.63400000000013,50.600605549397244,0.5291068610472968
2,14580,934994.3051626325,6848716.807735718,382.5360000000005,202.4024221975888,0.5291068610472963
2,14588,933306.8557363709,6847221.133599624,382.5360000000005,179.0306246750699,0.4680098727311146
2,14595,931305.988935988,6848439.475859559,95.63400000000013,31.929495309682522,0.3338717956969538
2,14601,933510.6620751341,6846253.359212882,191.26800000000026,101.20121109879437,0.5291068610472961
2,14621,933199.3331647958,6848515.11391108,191.26800000000026,101.20121109879437,0.5291068610472961
2,14622,933086.9829550389,6848068.020337983,95.63400000000013,50.60060554939716,0.5291068610472959
2,14624,933637.3162471206,6846327.798979928,95.63400000000013,50.60060554939719,0.5291068610472961
2,14625,932919.1581165375,6848074.798767687,286.90199999999993,151.8018166481916,0.5291068610472971
2,14628,933663.7150317382,6848224.301242459,669.4379999999994,354.2042388457807,0.5291068610472979
2,14629,933229.2007403836,6847110.757023139,382.5360000000005,202.40242219758875,0.5291068610472961
2,14631,933181.1617263042,6848916.932910861,95.63400000000013,46.585450206456336,0.48712225993324837
2,14632,933533.1557107511,6846925.038980396,286.90199999999993,141.0037506193704,0.49147008602021053
2,14646,934841.1603700268,6847624.375537485,5164.2360000000035,2732.432699667447,0.5291068610472963
2,14656,932936.0414694116,6848282.225923887,191.26800000000026,100.48500000000008,0.5253623188405795
2,14660,931703.2242193451,6848513.019954302,95.63400000000013,50.60060554939719,0.5291068610472961
2,14663,932902.632998357,6845543.137831314,95.63400000000013,50.60060554939719,0.5291068610472961
2,14670,934991.2170824998,6848011.917854511,95.63400000000013,33.131370619370294,0.346439243567876
2,14671,933503.7626063768,6846191.987777391,95.63400000000013,50.60060554939719,0.5291068610472961
2,14677,931416.9316761923,6848401.676657897,95.63400000000013,50.60060554939719,0.5291068610472961
2,14678,933488.4705816898,6848857.302874582,765.0720000000009,401.94,0.525362318840579
2,14684,934924.4141562333,6847978.378160945,478.1699999999996,253.0030277469861,0.5291068610472976
2,14687,932908.05,6846333.549999999,95.63400000000013,50.242500000000014,0.5253623188405792
2,14689,932971.5571158984,6848181.222733622,286.90199999999993,150.72750000000005,0.52536231884058
2,14692,932821.4095905653,6847396.860057855,382.5360000000005,202.40242219758872,0.5291068610472961
2,14694,935037.4689710609,6848076.346539579,382.5360000000005,202.40242219758875,0.5291068610472961
2,14695,934533.3427117972,6848235.447398276,765.0720000000009,401.94,0.525362318840579
2,14702,933427.3185588436,6845793.05386715,95.63400000000013,50.60060554939719,0.5291068610472961
2,14710,934556.2134747006,6847947.507687607,765.0720000000009,404.8048443951774,0.5291068610472961
2,14711,931696.4987193715,6848677.441489885,95.63400000000013,50.242500000000035,0.5253623188405794
2,14715,933648.4268063823,6849270.629688937,382.5360000000005,200.97000000000006,0.5253623188405792
2,14716,934046.1088793915,6847958.504173258,573.8039999999999,303.6036332963832,0.5291068610472971
2,14718,934064.8462223851,6848443.218293177,573.8039999999999,301.45500000000015,0.5253623188405802
2,14721,934234.0983803133,6847087.495060404,95.63400000000013,50.242499999999964,0.5253623188405786
2,14722,932805.5286060193,6847590.731952406,956.3399999999992,502.42500000000047,0.5253623188405806
2,14727,934669.0131633983,6847260.445434891,860.706,455.4054499445749,0.5291068610472971
2,14729,933989.9477699796,6848197.253958192,191.26800000000026,101.20121109879436,0.5291068610472961
2,14738,932903.2303185608,6845842.813693767,95.63400000000013,50.60060554939719,0.5291068610472961
2,14755,933051.420931494,6847355.752725661,478.1699999999996,253.00302774698608,0.5291068610472975
2,14756,934825.6093416841,6847898.429700362,478.1699999999996,239.9202542954118,0.5017467726863082
2,14759,934809.1306072806,6847889.400845497,95.63400000000013,50.60060554939718,0.5291068610472961
2,14760,933028.578813028,6849304.140644019,95.63400000000013,50.60060554939719,0.5291068610472961
2,14761,933818.8897186377,6848543.837835697,1051.9740000000002,552.6675000000002,0.5253623188405798
2,14762,933894.6386951315,6846416.523272036,478.1699999999996,253.0030277469861,0.5291068610472976
2,14771,931010.70586219,6848070.340735042,95.63400000000013,50.24249999999999,0.5253623188405789
2,14773,932964.3990413101,6847184.613822912,286.90199999999993,151.80181664819156,0.529106861047297
2,14785,931201.192576246,6848409.002808831,95.63400000000013,36.09542041291345,0.3774329256636071
2,14787,933794.1625084251,6846708.909916005,95.63400000000013,50.60060554939719,0.5291068610472961
2,14800,932925.0390762313,6846363.428177279,191.26800000000026,99.87065109879428,0.5221503393081652
2,14803,933287.931873145,6847571.440766556,1051.9740000000002,556.6066610433695,0.5291068610472972
2,14816,932186.6897883096,6848035.373494471,95.63400000000013,50.242500000000014,0.5253623188405792
2,14818,931903.348836357,6848195.261367052,95.63400000000013,50.24249999999984,0.5253623188405774
2,14825,933839.0129866155,6847769.479659413,765.0720000000009,401.93999999999994,0.525362318840579
2,14826,932417.8433301086,6848932.897495432,95.63400000000013,50.60060554939719,0.5291068610472961
2,14829,932918.1538180509,6846512.254666505,191.26800000000026,101.20121109879437,0.5291068610472961
2,14834,932701.0817876577,6847759.743290494,382.5360000000005,202.4024221975887,0.529106861047296
2,14837,933883.9080318379,6846732.082778581,95.63400000000013,50.60060554939719,0.5291068610472961
2,14843,932786.5729389086,6847382.876912811,382.5360000000005,202.40242219758875,0.5291068610472961
2,14844,931528.6055714994,6848689.784979383,95.63400000000013,50.24250000000001,0.525362318840579
2,14847,931562.5942758193,6848208.111568993,95.63400000000013,50.60060554939718,0.5291068610472961
2,14849,932948.5619155548,6847132.054537459,765.0720000000009,401.94,0.525362318840579
2,14857,933430.8425239277,6849082.334807565,669.4379999999994,354.2042388457807,0.5291068610472979
2,14863,933122.0959624144,6847482.415637596,95.63400000000013,50.60060554939724,0.5291068610472967
2,14865,932955.4955903684,6848174.37038004,95.63400000000013,50.60060554939718,0.5291068610472961
2,14866,935043.0489191036,6849063.562666811,95.63400000000013,50.24249999999999,0.5253623188405789
2,14868,933335.9374062606,6849259.636044725,573.8039999999999,301.45500000000015,0.5253623188405802
2,14888,932371.7752686079,6848128.123648311,95.63400000000013,50.60060554939713,0.5291068610472955
2,14892,935345.1892151169,6847964.219202266,286.90199999999993,151.8018166481916,0.5291068610472971
2,14907,933256.0529146699,6845623.509112013,95.63400000000013,50.60060554939718,0.5291068610472961
2,14908,932714.6590467693,6847636.289464835,860.706,455.40544994457497,0.5291068610472972
2,14919,934288.8386904764,6849255.83154762,191.26800000000026,101.20121109879436,0.5291068610472961
2,14937,932846.0156914023,6845854.868170426,95.63400000000013,50.60060554939725,0.5291068610472968
2,14940,932937.6181947307,6846370.00621764,95.63400000000013,50.60060554939719,0.5291068610472961
2,14942,933214.3947949397,6848196.701352169,1051.9740000000002,552.6675000000002,0.5253623188405798
2,14946,932795.5895642601,6847676.493268457,860.706,452.18250000000035,0.5253623188405802
2,14972,933629.7199776823,6847386.306318653,765.0720000000009,399.168,0.521739130434782
2,14973,931626.6186936938,6848714.32027027,95.63400000000013,50.60060554939707,0.529106861047295
2,14974,932802.7167913549,6845990.576187735,95.63400000000013,50.60060554939719,0.5291068610472961
2,14987,932532.2118425341,6848980.764116101,95.63400000000013,36.66418922976674,0.3833802751089225
2,15000,933929.3000000002,6846227.300000002,95.63400000000013,50.60060554939718,0.5291068610472961
2,15017,933283.8483460561,6847129.431806616,286.90199999999993,151.8018166481916,0.5291068610472971
2,15024,933767.078511154,6846063.594171706,95.63400000000013,33.22739551614192,0.34744333099255365
2,15025,934449.199083882,6847877.734010879,95.63400000000013,50.60060554939719,0.5291068610472961
2,15028,933810.1239765307,6846093.437766155,669.4379999999994,354.2042388457807,0.5291068610472979
2,15032,933150.8040718812,6847031.33041446,95.63400000000013,50.242500000000035,0.5253623188405794
2,15035,933203.698224828,6848373.118362445,382.5360000000005,202.40242219758875,0.5291068610472961
2,15056,934008.4079875695,6848417.413098967,765.0720000000009,268.49311330330744,0.3509383604462157
2,15066,934076.6046216354,6846328.051858351,573.8039999999999,303.6036332963833,0.5291068610472973
2,15067,933207.8805606995,6847529.833440607,669.4379999999994,354.2042388457807,0.5291068610472979
2,15079,933301.3408643054,6848092.151288897,1051.9740000000002,387.94580908409785,0.3687788948054779
2,15082,935010.757574486,6847996.924140439,286.90199999999993,151.80181664819156,0.529106861047297
2,15103,932939.7000000001,6848026.549999999,382.5360000000005,200.97000000000006,0.5253623188405792
2,15104,934642.8699803564,6847768.917767251,478.1699999999996,253.0030277469861,0.5291068610472976
2,15105,934314.9344765358,6847125.892647146,1338.8759999999988,708.4084776915612,0.5291068610472978
2,15112,934820.398673145,6847922.949777459,478.1699999999996,253.0030277469861,0.5291068610472976
2,15119,934139.8317213588,6846579.196239737,860.706,455.4054499445749,0.5291068610472971
2,15120,934449.5054912916,6847385.154640486,1051.9740000000002,556.6066610433692,0.5291068610472969
2,15122,934792.8620319987,6849186.368772842,95.63400000000013,50.60060554939719,0.5291068610472961
2,15138,934580.64691721,6849157.400886906,1530.1440000000018,803.88,0.525362318840579
2,15139,934188.6656782121,6846431.80110133,382.5360000000005,202.40242219758875,0.5291068610472961
2,15141,933102.1291035018,6849462.089251995,95.63400000000013,50.60060554939718,0.5291068610472961
2,15144,932440.4865101575,6848980.98730825,95.63400000000013,50.242500000000014,0.5253623188405792
2,15147,933081.2701386216,6846327.135765628,95.63400000000013,36.71119530968487,0.38387179569697827
2,15156,933476.5385578888,6848880.780302349,286.90199999999993,151.80181664819156,0.529106861047297
2,15165,934295.3130283742,6849235.305625151,95.63400000000013,50.600605549397194,0.5291068610472962
2,15167,934161.5946773748,6848696.947391617,382.5360000000005,179.1346008258271,0.46828168022310807
2,15183,933295.6770508745,6845708.019783105,95.63400000000013,50.60060554939718,0.5291068610472961
2,15188,931851.1173783302,6848049.053672184,95.63400000000013,48.94165020645678,0.5117599410926732
2,15195,932954.2014639064,6846317.394787,956.3399999999992,393.40561825826876,0.4113658513272153
2,15196,933681.3119221743,6846958.276361573,95.63400000000013,50.60060554939721,0.5291068610472963
2,15201,934886.5642937375,6846913.707287278,95.63400000000013,50.60060554939719,0.5291068610472961
2,15202,934217.7067346547,6848281.480636292,1051.9740000000002,556.6066610433692,0.5291068610472969
2,15209,933586.4742934688,6849467.20101342,95.63400000000013,50.60060554939704,0.5291068610472945
2,15216,933814.8428818869,6848581.850436193,765.0720000000009,401.9400000000002,0.5253623188405794
2,15220,933126.404656388,6849290.658263807,95.63400000000013,50.600605549397194,0.5291068610472962
2,15226,933439.5485571234,6849565.755035692,95.63400000000013,50.60060554939719,0.5291068610472961
2,15239,933291.2315429491,6849259.61764903,286.90199999999993,151.80181664819156,0.529106861047297
2,15241,931625.1262239203,6848595.761074279,95.63400000000013,50.24249999999998,0.5253623188405788
2,15246,934206.3749862864,6846521.164362772,286.90199999999993,131.72796229035504,0.45913922625271025
2,15248,934528.2783015114,6848562.460948687,860.706,308.3121559525714,0.3582084427813579
2,15249,933969.3228779722,6849194.762325227,382.5360000000005,202.40242219758875,0.5291068610472961
2,15253,931997.9513737912,6848818.306451745,95.63400000000013,50.242500000000014,0.5253623188405792
2,15255,933592.5251198228,6849259.808399298,1817.0460000000007,961.4115054385462,0.5291068610472964
2,15264,934180.1456887019,6848496.078749962,286.90199999999993,138.68969004434047,0.4834044030517058
2,15266,933928.7588090977,6847021.760931379,478.1699999999996,196.62897758070974,0.4112114469345837
2,15279,933011.608561336,6847028.888439241,382.5360000000005,198.30888000000004,0.5184057971014487
2,15281,934160.9965931906,6849221.548705372,286.90199999999993,127.51644105161458,0.44445992377750804
2,15284,934267.7501048219,6848180.720754717,382.5360000000005,177.14274123874063,0.4630746942477058
2,15287,934050.941237647,6849199.567852846,382.5360000000005,197.30194219758874,0.5157735277139628
2,15288,933011.0617964846,6848028.279954844,95.63400000000013,46.229896681446796,0.4834044030517048
2,15289,932845.6344311592,6848438.119503441,1147.6079999999997,607.2072665927664,0.5291068610472971
2,15306,932113.342289513,6848970.320405625,95.63400000000013,47.26459020645677,0.4942237092086152
2,15314,933461.8872366789,6847370.064436183,95.63400000000013,50.60060554939719,0.5291068610472961
2,15321,933314.5436467564,6849586.08830825,382.5360000000005,145.59340082582708,0.38060052080281825
2,15322,933761.5440427085,6849226.76074943,573.8039999999999,289.2487251544931,0.5040897678553883
2,15323,934258.7999999999,6846412.949999999,95.63400000000013,47.31877085908232,0.49479025094717627
2,15324,933215.4726936871,6848378.526547777,286.90199999999993,142.86808726756192,0.4979682514153333
2,15335,933897.3308139317,6848697.212279357,860.706,452.18250000000035,0.5253623188405802
2,15352,933880.366792458,6847472.81974401,191.26800000000026,101.20121109879437,0.5291068610472961
2,15355,933958.8124651324,6847395.867721409,382.5360000000005,200.97000000000006,0.5253623188405792
2,15359,933264.9296883253,6848167.833280507,191.26800000000026,101.20121109879447,0.5291068610472967
2,15361,934010.2197285604,6846864.567969627,956.3399999999992,398.60187309685153,0.41679933192886615
2,15365,932492.0849785977,6847358.153395051,95.63400000000013,50.24250000000001,0.525362318840579
2,15373,931444.1094304047,6847837.530424536,95.63400000000013,50.242500000000014,0.5253623188405792
2,15380,932716.1030420834,6847598.830108827,478.1699999999996,251.21250000000023,0.5253623188405806
2,15382,933996.7492249719,6846306.086040006,765.0720000000009,401.94000000000034,0.5253623188405795
2,15386,931466.0103336254,6848141.933327856,95.63400000000013,49.27004554939718,0.5151938175690353
2,15387,934299.0758811972,6849243.006860819,573.8039999999999,303.60363329638295,0.5291068610472967
2,15402,933018.8283660226,6845574.669169785,573.8039999999999,303.6036332963831,0.529106861047297
2,15403,932511.0407984911,6847498.648886896,95.63400000000013,50.60060554939716,0.5291068610472959
2,15405,933442.1674979348,6849121.859746098,382.5360000000005,202.40242219758872,0.5291068610472961
2,15406,932686.0368445052,6847600.827952576,191.26800000000026,101.20121109879436,0.5291068610472961
2,15407,933744.2968649116,6848832.486397894,478.1699999999996,251.21250000000023,0.5253623188405806
2,15412,934114.4486715643,6846323.989579657,1434.5100000000018,759.0090832409587,0.5291068610472969
2,15416,932733.6056126243,6847759.145966387,95.63400000000013,50.60060554939719,0.5291068610472961
2,15425,934794.1675695734,6848734.493531231,382.5360000000005,200.97000000000006,0.5253623188405792
2,15426,934617.2216383613,6849566.790856376,956.3399999999992,502.42500000000047,0.5253623188405806
2,15427,933788.0929793656,6849449.56518537,286.90199999999993,150.72749999999996,0.5253623188405797
2,15442,933186.596517014,6847456.598062534,95.63400000000013,46.229896681446796,0.4834044030517048
2,15458,931426.1177312599,6848406.884445773,95.63400000000013,50.60060554939719,0.5291068610472961
2,15464,934474.72666018,6847866.295613395,382.5360000000005,200.97000000000003,0.525362318840579
2,15468,931187.003073312,6849201.736120585,95.63400000000013,50.600605549397166,0.5291068610472959
2,15469,933199.3668726636,6847305.35768419,95.63400000000013,50.60060554939719,0.5291068610472961
2,15471,933152.35,6846184.249999999,95.63400000000013,50.60060554939719,0.5291068610472961
2,15472,934463.2894871474,6849694.235142012,286.90199999999993,151.8018166481916,0.5291068610472971
2,15480,933197.569212392,6847458.258418106,286.90199999999993,148.7316600000001,0.5184057971014497
2,15481,932682.5868858615,6847541.6246048,95.63400000000013,49.2455751032284,0.5149379415608291
2,15488,933064.9420970929,6847478.907094472,382.5360000000005,155.24792165165414,0.4058387227650572
2,15502,934765.9314147277,6848305.281174584,382.5360000000005,202.4024221975887,0.529106861047296
2,15517,933138.0045471737,6847645.413131431,573.8039999999999,303.6036332963831,0.529106861047297
2,15526,935268.4644444445,6849040.401502921,3920.993999999992,2074.624827525285,0.5291068610472981
2,15530,932860.777388351,6848348.269664498,860.706,455.4054499445749,0.5291068610472971
2,15549,933432.4653420377,6847166.28831055,382.5360000000005,202.40242219758875,0.5291068610472961
2,15551,933957.165128413,6848071.841002651,573.8039999999999,303.6036332963833,0.5291068610472973
2,15552,933531.4034636266,6846155.225472311,191.26800000000026,101.20121109879443,0.5291068610472964
2,15556,934274.8922430197,6847137.492781749,286.90199999999993,151.80181664819156,0.529106861047297
2,15558,933456.198177693,6846405.400942224,573.8039999999999,303.6036332963831,0.529106861047297
2,15566,931532.5917939591,6849359.891796432,1243.2420000000016,497.9278943937831,0.4005076199113145
2,15567,933613.5020474341,6849484.182945805,191.26800000000026,74.93313061937033,0.39177034642161906
2,15569,933047.246568915,6847416.12062561,95.63400000000013,50.60060554939718,0.5291068610472961
2,15573,931113.835581146,6849167.431155923,95.63400000000013,49.577220000000004,0.5184057971014486
2,15576,931027.5496155132,6849031.466376908,95.63400000000013,50.60060554939718,0.5291068610472961
2,15588,934826.2902293655,6848290.036006549,669.4379999999994,351.6975000000005,0.5253623188405809
2,15593,933890.4575253084,6846505.766436887,95.63400000000013,50.242500000000014,0.5253623188405792
2,15596,933426.9749129906,6845697.427016048,95.63400000000013,50.60060554939718,0.5291068610472961
2,15597,932958.1082892463,6848004.998082926,95.63400000000013,50.60060554939719,0.5291068610472961
2,15606,931581.252432922,6848163.509530165,956.3399999999992,502.42500000000047,0.5253623188405806
2,15610,933069.2512894796,6845827.189381151,95.63400000000013,50.60060554939718,0.5291068610472961
2,15611,934372.6755700324,6847616.184473398,669.4379999999994,351.6975000000005,0.5253623188405809
2,15618,933091.4134015356,6846602.27021359,95.63400000000013,50.24249999999999,0.5253623188405789
2,15631,934194.1551832875,6847850.318657206,382.5360000000005,202.40242219758875,0.5291068610472961
2,15637,932813.5136117846,6847684.993045548,382.5360000000005,202.40242219758875,0.5291068610472961
2,15644,933494.9248945847,6846137.454582113,95.63400000000013,28.38528000000001,0.29681159420289827
2,15658,931548.0,6848137.100000001,95.63400000000013,50.24250000000004,0.5253623188405795
2,15659,933190.9825280111,6847436.363375351,95.63400000000013,50.60060554939719,0.5291068610472961
2,15684,935078.2159127977,6848456.097553593,1817.0460000000007,961.4115054385462,0.5291068610472964
2,15686,933499.1212458613,6846463.984812431,95.63400000000013,50.60060554939721,0.5291068610472963
2,15687,934787.9354094208,6848731.213257331,669.4379999999994,354.2042388457807,0.5291068610472979
2,15688,932960.5664327639,6849309.428019771,95.63400000000013,50.24250000000001,0.525362318840579
2,15696,934776.6635641053,6848162.640603814,95.63400000000013,50.242500000000014,0.5253623188405792
2,15702,934829.849277752,6847755.887352418,95.63400000000013,50.60060554939721,0.5291068610472963
2,15714,934038.6630374264,6848633.376018146,573.8039999999999,303.6036332963832,0.5291068610472971
2,15715,934530.2962296669,6846714.909234585,382.5360000000005,202.40242219758875,0.5291068610472961
2,15716,934279.7157533002,6847902.883601809,860.706,455.4054499445749,0.5291068610472971
2,15717,933597.1007869715,6848255.123908433,382.5360000000005,202.40242219758872,0.5291068610472961
2,15719,933716.2040226732,6847953.611885172,860.706,455.4054499445748,0.529106861047297
2,15726,933376.4389510333,6845799.56602624,573.8039999999999,303.6036332963832,0.5291068610472971
2,15734,933969.2560409317,6848454.153885601,95.63400000000013,50.60060554939719,0.5291068610472961
2,15741,932861.9406354919,6846562.466430145,382.5360000000005,200.97000000000003,0.525362318840579
2,15746,934977.8100932877,6847270.932729247,286.90199999999993,151.80181664819156,0.529106861047297
2,15747,931291.8809735092,6848407.647075309,95.63400000000013,50.242500000000014,0.5253623188405792
2,15751,933107.1413547078,6847871.165567932,286.90199999999993,150.72750000000005,0.52536231884058
2,15781,933835.4616655102,6847084.433703299,286.90199999999993,151.80181664819153,0.5291068610472969
2,15786,933720.6512621798,6849197.765145404,382.5360000000005,202.40242219758872,0.5291068610472961
2,15790,932936.0569256041,6847455.437248767,95.63400000000013,50.60060554939718,0.5291068610472961
2,15792,934523.758382069,6847874.104500802,765.0720000000009,404.8048443951774,0.5291068610472961
2,15802,933191.7319033461,6847251.4065329,382.5360000000005,158.52534007899013,0.4144063305910814
2,15813,933953.1141126949,6849528.189328706,286.90199999999993,150.7275000000001,0.5253623188405802
2,15815,934866.9801782705,6847647.554401507,573.8039999999999,223.61148371622141,0.38970011313309333
2,15816,933292.6463211828,6846514.409952966,669.4379999999994,263.14610289039473,0.3930850995766523
2,15839,934062.2524651493,6849202.775762327,286.90199999999993,138.68969004434047,0.4834044030517058
2,15842,932795.0870416666,6847106.259907738,95.63400000000013,50.60060554939717,0.529106861047296
2,15845,932409.1399833891,6848230.779767444,95.63400000000013,50.60060554939716,0.5291068610472959
2,15851,934702.8007159072,6849148.905126095,95.63400000000013,50.60060554939718,0.5291068610472961
2,15852,934522.6787445091,6847471.80374569,573.8039999999999,303.6036332963832,0.5291068610472971
2,15865,934714.6753875302,6849486.278113913,95.63400000000013,50.60060554939719,0.5291068610472961
2,15867,933752.3319912577,6849653.06933548,286.90199999999993,150.72750000000008,0.5253623188405802
2,15871,934174.4631484149,6846429.229170418,860.706,455.4054499445749,0.5291068610472971
2,15874,933031.8870292888,6846963.31961563,95.63400000000013,48.92679510322839,0.5116046082274958
2,15875,934310.4816989917,6848068.890759074,286.90199999999993,150.72750000000008,0.5253623188405802
2,15880,931756.3238989837,6849453.522075479,95.63400000000013,50.60060554939719,0.5291068610472961
2,15883,933849.0011530652,6846430.985702929,573.8039999999999,303.6036332963832,0.5291068610472971
2,15888,931309.1762500915,6848271.280262098,95.63400000000013,50.60060554939719,0.5291068610472961
2,15890,935653.9416517434,6849027.162895048,765.0720000000009,268.80496330330817,0.35134596914186883
2,15891,934749.68193695,6848148.378566696,286.90199999999993,151.8018166481916,0.5291068610472971
2,15893,933128.1740577124,6849562.295432344,286.90199999999993,151.8018166481916,0.5291068610472971
2,15895,933782.8450040183,6847199.867925706,286.90199999999993,151.8018166481916,0.5291068610472971
2,15898,933472.2149731836,6847424.545338331,95.63400000000013,50.60060554939717,0.529106861047296
2,15900,934498.2450975776,6848358.493480433,573.8039999999999,303.6036332963831,0.529106861047297
2,15913,934707.8502363268,6847290.51039838,669.4379999999994,348.7661100000004,0.5209834368530032
2,15917,935075.6203981071,6847154.51559672,191.26800000000026,101.20121109879437,0.5291068610472961
2,15922,932306.2947337711,6847926.512530999,95.63400000000013,50.2425,0.525362318840579
2,15925,935307.0724858907,6847136.275730333,8415.792000000001,4452.853288346953,0.5291068610472969
2,15930,934371.2887024048,6846517.000679299,1434.5100000000018,753.6375000000004,0.5253623188405793
2,15931,933789.1157534248,6849995.165018424,95.63400000000013,43.106671910722625,0.4507463026823365
2,15938,935180.6708461102,6847512.358955138,95.63400000000013,50.2425,0.525362318840579
2,15943,935286.9000000001,6847282.4,95.63400000000013,50.600605549397194,0.5291068610472962
2,15948,932367.2867522094,6848374.728887885,95.63400000000013,50.600605549397095,0.5291068610472952
2,15949,934239.5674863387,6847796.233497267,765.0720000000009,346.6614516516521,0.45310957877383
2,15955,933165.5138835252,6847189.570406923,382.5360000000005,202.40242219758872,0.5291068610472961
2,15959,934645.0240513262,6847961.504537196,478.1699999999996,253.0030277469861,0.5291068610472976
2,15960,934085.3213505845,6849112.744470264,765.0720000000009,381.1004068726585,0.49812358428050957
2,15962,933624.8265642395,6847346.374580338,1051.9740000000002,552.6675000000002,0.5253623188405798
2,15963,934411.337543902,6848118.329412317,765.0720000000009,401.94,0.525362318840579
2,15976,932671.1663608562,6847498.156883936,95.63400000000013,50.2425,0.525362318840579
2,15978,933388.4915527491,6849843.769641434,95.63400000000013,50.60060554939719,0.5291068610472961
2,15996,933518.7058844612,6846330.563275385,669.4379999999994,354.20423884578076,0.529106861047298
2,15997,932997.1140666628,6846441.460373376,95.63400000000013,50.60060554939717,0.529106861047296
2,16006,933016.7801554322,6847217.181409666,382.5360000000005,184.9195867257872,0.48340440305170485
2,16007,933247.5539653227,6848426.489990766,95.63400000000013,46.2298966814468,0.48340440305170485
2,16009,932771.5740451389,6848848.705902779,95.63400000000013,50.60060554939721,0.5291068610472963
2,16018,935357.3302343851,6848293.565826396,7076.916000000007,3744.4448106553923,0.5291068610472963
2,16020,933127.3970284681,6848354.458747402,573.8039999999999,303.6036332963831,0.529106861047297
2,16021,934116.9596754638,6848766.052152732,573.8039999999999,303.6036332963832,0.5291068610472971
2,16023,932643.8117806681,6849034.501556408,95.63400000000013,42.30470041291354,0.442360461895492
2,16024,931568.1777607101,6848207.273544972,95.63400000000013,50.60060554939718,0.5291068610472961
2,16025,932667.2124915485,6847852.393278116,95.63400000000013,50.60060554939718,0.5291068610472961
2,16028,931343.921913487,6848636.458216717,95.63400000000013,49.27004554939718,0.5151938175690353
2,16046,932850.6697550585,6849373.51512247,95.63400000000013,50.60060554939717,0.529106861047296
2,16052,932938.1345002025,6846598.134985834,382.5360000000005,202.40242219758872,0.5291068610472961
2,16065,933933.5201213638,6848621.507069292,478.1699999999996,186.6497775807097,0.3903418817171923
2,16068,933155.6297758584,6846244.185585672,573.8039999999999,303.6036332963832,0.5291068610472971
2,16071,934083.650749562,6848486.155207996,382.5360000000005,154.96674123874064,0.4051036797549523
2,16072,934931.719189158,6847227.180982457,382.5360000000005,156.35672165165417,0.40873727348969496
2,16079,935414.6161735181,6848074.158078031,95.63400000000013,50.24250000000001,0.525362318840579
2,16081,932831.1418406566,6847433.228336968,382.5360000000005,200.97000000000006,0.5253623188405792
2,16090,931660.802223811,6848330.309894402,95.63400000000013,50.24249999999997,0.5253623188405787
2,16096,932930.4364210839,6847745.437935221,669.4379999999994,354.2042388457807,0.5291068610472979
2,16099,934419.8791072081,6848499.86169045,382.5360000000005,200.97000000000003,0.525362318840579
2,16107,934517.7483405414,6847773.701692577,1912.6799999999985,1012.0121109879436,0.5291068610472972
2,16108,932988.1659813845,6847536.77486926,286.90199999999993,139.38511592905556,0.48582831743611266
2,16114,931401.474925926,6848645.668864197,95.63400000000013,50.60060554939718,0.5291068610472961
2,16115,934231.7831912303,6847003.10042921,95.63400000000013,50.60060554939719,0.5291068610472961
2,16117,935572.223438918,6847543.994652821,478.1699999999996,251.21250000000018,0.5253623188405805
2,16128,930940.4243756596,6849043.990491265,95.63400000000013,50.24250000000001,0.525362318840579
2,16131,931950.1074140543,6848158.094414704,95.63400000000013,46.2298966814468,0.48340440305170485
2,16133,933025.957986711,6846219.11580731,95.63400000000013,50.60060554939718,0.5291068610472961
2,16134,932153.4320623917,6849491.597631428,95.63400000000013,50.60060554939718,0.5291068610472961
2,16153,935398.7481198158,6846811.345016899,95.63400000000013,50.242500000000014,0.5253623188405792
2,16159,931278.9687507884,6847935.677917681,95.63400000000013,50.60060554939718,0.5291068610472961
2,16161,932204.6421487604,6849535.76815427,95.63400000000013,50.600605549397166,0.5291068610472959
2,16166,933655.3172943105,6849842.27320462,95.63400000000013,50.24250000000004,0.5253623188405795
2,16167,932938.1239104755,6847645.644861409,573.8039999999999,301.4550000000001,0.52536231884058
2,16172,931125.5172328749,6848399.43751861,1147.6079999999997,602.9100000000003,0.5253623188405802
2,16174,934023.2826181225,6847095.148308638,1721.4119999999998,904.3650000000005,0.52536231884058
2,16175,931188.7645825921,6848445.31589574,2199.582000000002,1155.5775000000003,0.5253623188405794
2,16182,933016.963303581,6848192.818106472,95.63400000000013,50.60060554939719,0.5291068610472961
2,16190,933181.7182913242,6848442.662182649,95.63400000000013,47.611090206456765,0.49784689761441225
2,16194,933694.5194645505,6846456.590977006,95.63400000000013,46.2298966814468,0.48340440305170485
2,16201,931759.2739336236,6849447.488894602,95.63400000000013,50.60060554939719,0.5291068610472961
2,16204,934316.5861020022,6847942.157970636,382.5360000000005,202.40242219758875,0.5291068610472961
2,16210,933902.7342939846,6847089.401931252,478.1699999999996,253.00302774698608,0.5291068610472975
2,16211,931206.5236429758,6847784.010196993,95.63400000000013,50.60060554939717,0.529106861047296
2,16247,932785.2568937152,6846600.45609082,95.63400000000013,50.24249999999999,0.5253623188405789
2,16248,931252.387460474,6848092.193100899,95.63400000000013,50.24249999999999,0.5253623188405789
2,16254,931526.2594667264,6847976.536526253,95.63400000000013,50.24250000000004,0.5253623188405795
2,16255,931507.0344387928,6848669.519348931,95.63400000000013,36.97158572259868,0.38659457643305345
2,16256,934099.3642912912,6847987.951796713,191.26800000000026,101.20121109879435,0.529106861047296
2,16268,933936.7758854307,6848648.236334185,573.8039999999999,303.6036332963831,0.529106861047297
2,16270,933849.1722790014,6848706.013700557,382.5360000000005,202.40242219758875,0.5291068610472961
2,16271,931589.5853912334,6848729.104243691,95.63400000000013,50.24250000000001,0.525362318840579
2,16274,934500.8338715794,6848276.006421044,382.5360000000005,202.40242219758875,0.5291068610472961
2,16275,934422.4690891898,6848025.833713372,573.8039999999999,233.5069659846497,0.4069455179549981
2,16277,935106.3854639555,6846918.403754583,3825.3599999999974,1791.3858123874072,0.4682920855520548
2,16278,933414.9119666584,6849176.657646283,95.63400000000013,50.24250000000001,0.525362318840579
2,16285,934766.7582842596,6849128.310261791,286.90199999999993,134.45788592905342,0.46865440439262696
2,16288,933585.2852263767,6849696.750962297,95.63400000000013,50.60060554939725,0.5291068610472968
2,16293,934557.2398989897,6848083.577269825,382.5360000000005,148.80096000000003,0.38898550724637637
2,16297,932480.3923606541,6848921.809172039,765.0720000000009,404.8048443951773,0.529106861047296
2,16301,934552.2343316694,6847955.598307169,478.1699999999996,253.00302774698608,0.5291068610472975
2,16305,932664.6565233833,6849608.479902516,286.90199999999993,148.56533999999985,0.5178260869565213
2,16306,933509.8234595396,6849756.409354121,95.63400000000013,50.60060554939719,0.5291068610472961
2,16307,934612.1115746965,6847886.526948011,1625.7780000000016,854.1225000000005,0.5253623188405795
2,16313,935608.5471303114,6847752.465773678,191.26800000000026,100.48500000000003,0.5253623188405792
2,16315,934304.953721034,6849255.681248764,382.5360000000005,202.40242219758875,0.5291068610472961
2,16316,932922.55683243,6848122.682841399,95.63400000000013,50.60060554939718,0.5291068610472961
2,16327,933953.1252368522,6848753.303635555,286.90199999999993,151.80181664819153,0.5291068610472969
2,16328,934320.5477837742,6847817.139173874,765.0720000000009,404.8048443951774,0.5291068610472961
2,16329,933541.0472964526,6846061.311527016,956.3399999999992,506.0060554939722,0.5291068610472976
2,16330,933434.170434954,6848503.634960325,478.1699999999996,185.53902309685145,0.38801895371280426
2,16345,931169.5959939101,6849220.19215149,95.63400000000013,50.600605549397216,0.5291068610472964
2,16346,932903.9067673011,6846002.073729309,95.63400000000013,50.600605549397216,0.5291068610472964
2,16347,934385.9999469635,6847862.202124399,1243.2420000000016,657.8078721421642,0.5291068610472969
2,16348,933333.3272675993,6847713.875373047,382.5360000000005,202.4024221975888,0.5291068610472963
2,16364,934091.9437982147,6848454.307491183,382.5360000000005,202.40242219758883,0.5291068610472963
2,16366,931969.0492649929,6848296.799434111,191.26800000000026,101.20121109879435,0.529106861047296
2,16376,932110.0489285282,6848821.84937993,95.63400000000013,50.242499999999986,0.5253623188405788
2,16379,933597.3848985702,6846519.536146685,4303.5300000000025,2277.0272497228734,0.5291068610472965
2,16380,934084.1048580463,6848452.450114137,382.5360000000005,110.21472000000003,0.2881159420289852
2,16401,933844.0418943827,6846628.513028624,95.63400000000013,50.60060554939719,0.5291068610472961
2,16413,933852.9446906076,6847149.261390764,95.63400000000013,50.60060554939719,0.5291068610472961
2,16419,931646.5343907234,6847928.376438623,95.63400000000013,50.60060554939719,0.5291068610472961
2,16423,934518.4292808832,6847789.995392732,1721.4119999999998,910.8108998891494,0.5291068610472969
2,16425,933664.8071210136,6849423.999650503,95.63400000000013,50.60060554939719,0.5291068610472961
2,16439,935444.4536346424,6846664.338491302,191.26800000000026,100.48500000000001,0.525362318840579
2,16452,935355.8152816853,6847086.482252252,8893.962,4705.856316093936,0.5291068610472965
2,16455,933795.0563553639,6846548.339013409,191.26800000000026,92.4597933628936,0.48340440305170485
2,16456,931638.9987194783,6848216.62572974,95.63400000000013,50.2425,0.525362318840579
2,16457,932402.0806618601,6848144.010140507,95.63400000000013,46.2298966814468,0.48340440305170485
2,16467,934382.0697967333,6848266.797888277,286.90199999999993,151.8018166481916,0.5291068610472971
2,16493,933738.1500000001,6846038.25,382.5360000000005,144.6034416516541,0.3780126358085354
2,16509,934019.956165386,6846844.545203074,95.63400000000013,50.60060554939719,0.5291068610472961
2,16515,933587.9516040689,6848341.264169602,95.63400000000013,46.2298966814468,0.48340440305170485
2,16517,933932.3075305187,6848669.18537696,286.90199999999993,150.72750000000008,0.5253623188405802
2,16518,932729.9631829973,6847009.650973041,1817.0460000000007,954.6075,0.5253623188405795
2,16531,931210.890606561,6848579.76447565,286.90199999999993,151.80181664819156,0.529106861047297
2,16535,931096.9014865728,6848442.769479966,95.63400000000013,50.2425,0.525362318840579
2,16541,935272.231809132,6847088.824460907,573.8039999999999,301.4550000000001,0.52536231884058
2,16551,934378.3665848683,6848531.477670094,382.5360000000005,145.83108247748115,0.381221852263528
2,16553,931088.174985,6849214.530678954,95.63400000000013,50.24250000000001,0.525362318840579
2,16555,932568.8981662212,6847458.424557529,95.63400000000013,50.60060554939719,0.5291068610472961
2,16558,933022.8125490444,6848725.480944828,478.1699999999996,253.0030277469861,0.5291068610472976
2,16561,932934.581992977,6847418.729665124,95.63400000000013,42.514590619370274,0.44455518559686114
2,16563,933523.9859591528,6848964.956168265,669.4379999999994,354.2042388457807,0.5291068610472979
2,16564,933366.6151056341,6848004.454616334,573.8039999999999,303.6036332963832,0.5291068610472971
2,16576,934860.4588210348,6849155.950593723,95.63400000000013,32.86877378686719,0.3436933913343282
2,16580,932684.5139160462,6848841.412275817,95.63400000000013,50.24249999999999,0.5253623188405789
2,16581,933148.1334521082,6847018.171014677,95.63400000000013,50.60060554939719,0.5291068610472961
2,16582,931647.5820678562,6848839.357310634,95.63400000000013,50.60060554939719,0.5291068610472961
2,16586,933657.9132644271,6849004.97329888,95.63400000000013,50.60060554939719,0.5291068610472961
2,16588,935103.5012380567,6846096.788502514,573.8039999999999,210.67413309685168,0.36715347592009073
2,16591,933688.373407994,6847432.424111648,191.26800000000026,99.87065109879423,0.5221503393081649
2,16595,932934.9809160669,6848142.148148681,765.0720000000009,404.8048443951774,0.5291068610472961
2,16597,932372.6345756847,6848543.751638954,95.63400000000013,50.60060554939718,0.5291068610472961
2,16603,932991.9664659231,6846511.061805099,286.90199999999993,151.80181664819156,0.529106861047297
2,16613,932302.9753747933,6847913.668101219,95.63400000000013,35.39748061936999,0.3701348957417858
2,16614,933152.4606170199,6849600.282674942,669.4379999999994,354.2042388457807,0.5291068610472979
2,16615,932506.3500543669,6848925.881628395,95.63400000000013,50.60060554939719,0.5291068610472961
2,16618,932956.3139632043,6846079.369254074,765.0720000000009,404.8048443951774,0.5291068610472961
2,16620,934748.7647761018,6848103.74392193,95.63400000000013,50.60060554939719,0.5291068610472961
2,16621,933501.345551353,6847432.726910978,286.90199999999993,151.8018166481916,0.5291068610472971
2,16626,933463.3590918952,6849716.971233997,95.63400000000013,50.24250000000001,0.525362318840579
2,16645,934906.9334095927,6849263.299885536,478.1699999999996,251.21250000000023,0.5253623188405806
2,16654,933526.3711439531,6849795.926915721,956.3399999999992,506.0060554939722,0.5291068610472976
2,16656,931290.1660515185,6848384.232833525,95.63400000000013,50.60060554939719,0.5291068610472961
2,16661,934284.9662534044,6849249.639663657,95.63400000000013,50.60060554939719,0.5291068610472961
2,16662,935366.2652818271,6846885.205238703,286.90199999999993,151.8018166481916,0.5291068610472971
2,16671,932741.9538956517,6847749.595233981,286.90199999999993,151.80181664819156,0.529106861047297
2,16673,934336.2145465265,6847704.783071958,860.706,329.61681557433275,0.3829609826983113
2,16675,931151.8999999998,6848139.449999999,95.63400000000013,49.59207510322838,0.5185611299666261
2,16685,933279.2954241609,6847961.188857879,478.1699999999996,251.21250000000015,0.5253623188405805
2,16687,932462.6591375164,6848079.886894325,95.63400000000013,32.90563020645678,0.3440787816723836
2,16698,934513.193932271,6848596.201427703,765.0720000000009,404.80484439517755,0.5291068610472963
2,16699,935060.1921558104,6847110.813501487,95.63400000000013,50.60060554939719,0.5291068610472961
2,16701,934358.4662265977,6847903.82525744,286.90199999999993,151.80181664819156,0.529106861047297
2,16704,933908.7729552595,6848133.911799022,1721.4119999999998,910.8108998891486,0.5291068610472964
2,16706,933378.2819047619,6847138.585714285,95.63400000000013,50.2425,0.525362318840579
2,16713,933899.8434218424,6847387.358795356,573.8039999999999,303.6036332963831,0.529106861047297
2,16714,934632.3301878565,6847706.290932353,95.63400000000013,49.59207510322838,0.5185611299666261
2,16731,934644.4933896819,6849242.823534004,191.26800000000026,101.20121109879436,0.5291068610472961
2,16736,933628.5153164588,6845926.189813086,286.90199999999993,114.90714461269465,0.4005100857181012
2,16753,933994.2160700945,6846217.154386561,382.5360000000005,202.40242219758875,0.5291068610472961
2,16769,933374.3533921466,6848134.18859367,573.8039999999999,303.6036332963832,0.5291068610472971
2,16771,934033.7982606207,6849085.458657188,669.4379999999994,354.2042388457807,0.5291068610472979
2,16773,931978.4567463495,6849505.979255846,7268.184000000005,3845.6460217541858,0.5291068610472964
2,16775,933279.7021719292,6845849.517199001,95.63400000000013,50.60060554939719,0.5291068610472961
2,16776,931537.4734114193,6848325.220990043,95.63400000000013,38.35559551614174,0.4010665193983488
2,16778,933175.0686933424,6847305.552843698,286.90199999999993,150.72750000000008,0.5253623188405802
2,16782,933922.1795997692,6847505.422729341,286.90199999999993,150.72750000000008,0.5253623188405802
2,16783,931010.4078134038,6848134.249603922,95.63400000000013,50.60060554939721,0.5291068610472963
2,16787,932216.0629027048,6847961.543249792,95.63400000000013,31.72653510322839,0.33174953576372784
2,16800,933700.2088184912,6849773.867257651,95.63400000000013,50.60060554939719,0.5291068610472961
2,16801,933552.8762413863,6849018.956506923,1147.6079999999997,607.2072665927664,0.5291068610472971
2,16802,931626.4517643505,6848259.744234988,95.63400000000013,50.24249999999972,0.5253623188405762
2,16808,933556.9670995668,6848989.629645092,573.8039999999999,301.4550000000001,0.52536231884058
2,16816,932944.5117555348,6845952.351380252,95.63400000000013,45.43507020645675,0.47509327442600635
2,16820,933417.8092371807,6849405.769192496,1243.2420000000016,521.020501709845,0.4190821269791757
2,16821,934888.453762538,6848795.326973438,95.63400000000013,37.57449572259866,0.3928989242591402
2,16822,934791.5448048896,6848203.097461211,478.1699999999996,192.4709775807097,0.40251579476067056
2,16824,933000.3910945021,6846632.0101125,95.63400000000013,29.31883979354323,0.3065733922406591
2,16825,934865.9875696526,6849152.793908651,95.63400000000013,50.60060554939719,0.5291068610472961
2,16831,933604.1676092023,6846298.083162506,382.5360000000005,200.97000000000006,0.5253623188405792
2,16833,933111.9463599322,6848933.587265375,95.63400000000013,50.60060554939715,0.5291068610472958
2,16838,932446.8115612607,6847606.142505875,478.1699999999996,253.0030277469861,0.5291068610472976
2,16839,931704.8,6848478.900000001,95.63400000000013,43.59467551614192,0.45584912809400274
2,16841,932854.3686057079,6845634.259795913,95.63400000000013,50.60060554939718,0.5291068610472961
2,16846,933684.0843454209,6848782.327291341,1721.4119999999998,910.8108998891491,0.5291068610472968
2,16855,932208.8021063943,6848791.688472147,95.63400000000013,50.60060554939719,0.5291068610472961
2,16856,934851.6994397356,6849131.971134416,95.63400000000013,50.60060554939719,0.5291068610472961
2,16865,932437.2040344788,6847652.387984356,95.63400000000013,50.60060554939719,0.5291068610472961
2,16866,933389.5611956277,6849296.718172413,286.90199999999993,151.8018166481916,0.5291068610472971
2,16876,933633.7617099226,6848887.413317223,95.63400000000013,50.60060554939717,0.529106861047296
2,16881,932656.7426955877,6848670.049085402,382.5360000000005,202.40242219758875,0.5291068610472961
2,16882,931714.2626070527,6848765.328338058,95.63400000000013,50.60060554939719,0.5291068610472961
2,16884,933439.7155787217,6847895.312825177,95.63400000000013,50.60060554939719,0.5291068610472961
2,16911,933240.8199411723,6847937.809724258,573.8039999999999,303.6036332963831,0.529106861047297
2,16927,934686.4866968266,6847649.778814475,2295.2159999999994,1214.4145331855327,0.5291068610472971
2,16936,934275.127944479,6849631.820391295,95.63400000000013,50.60060554939719,0.5291068610472961
2,16942,931054.179605539,6848153.408099034,95.63400000000013,50.24250000000005,0.5253623188405795
2,16945,933615.4281570333,6849473.517700227,1530.1440000000018,809.6096887903548,0.5291068610472961
2,16949,933819.3737772334,6848684.894711975,382.5360000000005,202.40242219758875,0.5291068610472961
2,16957,932730.7030858806,6849141.26308588,95.63400000000013,50.60060554939719,0.5291068610472961
2,16969,932888.2916539556,6847050.170144396,95.63400000000013,50.60060554939719,0.5291068610472961
2,16979,931721.213906606,6848038.87008663,95.63400000000013,50.60060554939719,0.5291068610472961
2,16986,934396.3642173148,6846775.489255422,191.26800000000026,65.5956010988426,0.3429512573919448
2,16988,932324.3122037234,6848174.241416171,956.3399999999992,506.00605549397216,0.5291068610472975
2,16989,931233.1270677091,6848304.981365016,2295.2159999999994,1205.8200000000013,0.5253623188405804
2,16993,932228.988887188,6848543.81055666,95.63400000000013,50.600605549397166,0.5291068610472959
2,17010,933903.6507769069,6846115.123477342,95.63400000000013,50.60060554939718,0.5291068610472961
2,17013,935077.1476855049,6847984.058804292,95.63400000000013,50.242500000000014,0.5253623188405792
2,17016,934031.7145953631,6849345.843146818,3060.288000000004,1302.871669819849,0.4257349863214989
2,17043,933405.069035753,6846429.895492957,95.63400000000013,50.60060554939719,0.5291068610472961
2,17050,934126.7199203188,6846372.90708278,286.90199999999993,151.8018166481916,0.5291068610472971
2,17054,931154.2108756949,6848279.081908516,95.63400000000013,50.60060554939717,0.529106861047296
2,17068,931345.3001354537,6847988.136681674,95.63400000000013,50.60060554939718,0.5291068610472961
2,17074,933400.0726176827,6847142.061160327,573.8039999999999,303.6036332963831,0.529106861047297
2,17076,932312.1444911363,6848928.819290439,286.90199999999993,138.68969004434047,0.4834044030517058
2,17078,934050.9913830718,6848646.908845986,286.90199999999993,138.68969004434047,0.4834044030517058
2,17108,933801.2702252403,6849431.283696984,478.1699999999996,244.63397551614213,0.5116046082274972
2,17113,932993.629153866,6846112.825764851,382.5360000000005,202.40242219758875,0.5291068610472961
2,17117,934315.2397275526,6848074.061965033,191.26800000000026,101.20121109879437,0.5291068610472961
2,17119,932912.1674300539,6845962.183642764,95.63400000000013,50.60060554939718,0.5291068610472961
2,17123,933038.2377412377,6847956.85406519,286.90199999999993,94.42828716779358,0.32913080831710345
2,17124,931565.0108755089,6848017.804916606,95.63400000000013,47.663280652625566,0.49839262869508233
2,17128,933857.4184558211,6846729.455328202,382.5360000000005,202.40242219758875,0.5291068610472961
2,17131,931109.7890006606,6848021.343191279,95.63400000000013,50.600605549397166,0.5291068610472959
2,17138,932449.062265887,6848420.138372603,95.63400000000013,49.59207510322839,0.5185611299666261
2,17143,933747.5669388049,6846116.738706983,382.5360000000005,202.40242219758875,0.5291068610472961
2,17146,930862.2872005533,6849050.509940853,95.63400000000013,50.6006055493972,0.5291068610472963
2,17151,933838.3522772645,6847135.786433765,286.90199999999993,148.77622530968523,0.5185611299666272
2,17158,932500.0603896771,6848045.76372859,95.63400000000013,50.24250000000004,0.5253623188405795
2,17161,933642.2510054569,6845993.122504913,669.4379999999994,351.6975000000005,0.5253623188405809
2,17170,934434.5000000001,6846796.550000001,95.63400000000013,50.60060554939717,0.529106861047296
2,17173,935354.6334245328,6848064.047606017,95.63400000000013,33.2422506193703,0.34759866385773114
2,17174,931600.5563392108,6848708.595382032,95.63400000000013,50.60060554939719,0.5291068610472961
2,17176,932360.0330434021,6847589.108063713,95.63400000000013,50.242500000000014,0.5253623188405792
2,17187,935175.9144144144,6847499.616317569,286.90199999999993,151.80181664819156,0.529106861047297
2,17194,933426.5325966764,6846361.375745296,573.8039999999999,226.39734371622197,0.39455518559686237
2,17196,933130.0421976758,6848723.018279437,382.5360000000005,202.40242219758875,0.5291068610472961
2,17199,931183.3070176403,6847908.277212439,95.63400000000013,50.60060554939718,0.5291068610472961
2,17200,933759.7966374267,6850048.496123373,95.63400000000013,50.60060554939719,0.5291068610472961
2,17207,933088.9550223053,6845599.584369611,95.63400000000013,50.60060554939719,0.5291068610472961
2,17208,934419.1386265889,6848262.125188014,286.90199999999993,151.8018166481916,0.5291068610472971
2,17209,933385.0426549353,6848878.198326356,573.8039999999999,303.6036332963832,0.5291068610472971
2,17230,933107.0820396489,6847628.211577274,382.5360000000005,195.01333470406806,0.5097908032291544
2,17237,932900.6603993346,6847349.281087078,286.90199999999993,151.80181664819156,0.529106861047297
2,17238,932957.2738462418,6845718.923105129,95.63400000000013,50.60060554939718,0.5291068610472961
2,17242,933404.9118847447,6847403.758697454,669.4379999999994,354.2042388457807,0.5291068610472979
2,17243,934319.3349226225,6848030.96950962,1051.9740000000002,334.845944542049,0.3183024908809998
2,17251,933226.7329064326,6847202.982347165,860.706,452.18250000000035,0.5253623188405802
2,17267,933258.5942162675,6845669.256651918,95.63400000000013,50.60060554939721,0.5291068610472963
2,17270,932242.933529072,6848166.306351249,95.63400000000013,50.600605549397194,0.5291068610472962
2,17271,935314.2089686048,6847933.408905311,95.63400000000013,50.60060554939719,0.5291068610472961
2,17287,933601.2439295733,6847169.924788705,478.1699999999996,157.39522654842585,0.329161650769446
2,17291,932632.875832744,6848704.051845,95.63400000000013,50.242500000000014,0.5253623188405792
2,17296,934248.9142687038,6847860.070650605,478.1699999999996,253.0030277469861,0.5291068610472976
2,17299,934000.9288718364,6848413.476227786,382.5360000000005,202.40242219758872,0.5291068610472961
2,17302,935052.699523711,6848553.710754574,4303.5300000000025,2020.807728581109,0.4695698016700494
2,17305,933836.2463343509,6846697.077080364,286.90199999999993,150.72750000000008,0.5253623188405802
2,17309,932187.7326868266,6849022.537744178,95.63400000000013,50.60060554939718,0.5291068610472961
2,17314,935381.0701617664,6848421.567119298,1243.2420000000016,644.5038600000008,0.5184057971014493
2,17316,933358.0294320844,6847130.243786988,95.63400000000013,47.31877085908233,0.4947902509471764
2,17317,934572.579314863,6849061.82987682,765.0720000000009,404.8048443951774,0.5291068610472961
2,17319,933751.798692793,6848203.282449256,382.5360000000005,202.40242219758892,0.5291068610472965
2,17326,933763.0527306967,6849359.21850955,382.5360000000005,202.40242219758872,0.5291068610472961
2,17327,932556.7006751593,6848069.536042854,95.63400000000013,50.60060554939719,0.5291068610472961
2,17333,934146.100949235,6849208.211120564,382.5360000000005,200.97000000000006,0.5253623188405792
3,4,935232.1996383747,6847389.587321847,382.5360000000005,250.90762529444012,0.6559059155071413
3,5,932796.2065302049,6847017.240572474,286.90199999999993,203.9389730081708,0.7108314790701035
3,18,934202.5140811859,6847035.746429175,95.63400000000013,85.97411327421304,0.8989910834453534
3,25,934096.581899661,6848230.987861096,191.26800000000026,114.53068879035476,0.5987969173638801
3,35,933212.5435161008,6847781.889577894,95.63400000000013,49.59108000000001,0.5185507246376806
3,44,933795.5205956111,6849529.118970742,95.63400000000013,57.26534439517738,0.5987969173638801
3,45,933749.8566987076,6847359.936184425,956.3399999999992,956.3399999999992,1.0
3,49,934668.9242014234,6847991.059504304,95.63400000000013,95.21820000000011,0.9956521739130433
3,57,932930.2638203248,6847334.981743385,95.63400000000013,85.32609161493579,0.8922150241016341
3,61,933786.3757848325,6846570.722275133,95.63400000000013,95.21820000000012,0.9956521739130434
3,65,933076.500024313,6846706.385801118,95.63400000000013,95.21820000000007,0.9956521739130428
3,75,933258.946640454,6847238.2832172,95.63400000000013,95.21820000000022,0.9956521739130445
3,77,934119.8661056727,6848500.915443022,860.706,856.9638,0.9956521739130435
3,79,933617.7651319009,6846354.170628882,191.26800000000026,57.00610855480267,0.29804310472636614
3,81,932947.965768433,6847569.478328652,669.4379999999994,382.5849219204619,0.5715016505194839
3,82,931399.0969067597,6847985.48749921,95.63400000000013,95.21820000000012,0.9956521739130434
3,84,932633.1794444442,6848632.591597222,382.5360000000005,130.39488000000014,0.3408695652173912
3,93,931021.3706214689,6848138.94180791,95.63400000000013,91.18860497783257,0.9535165838282665
3,98,932095.4074515149,6848099.499488246,95.63400000000013,95.21820000000011,0.9956521739130433
3,100,933254.7775111841,6847091.138974956,95.63400000000013,76.35873827421295,0.798447605184483
3,106,933920.2564890877,6846656.011966713,6981.282000000004,3384.092249999992,0.4847379392495519
3,116,934687.9433918713,6848819.593295781,765.0720000000009,756.7560000000007,0.9891304347826084
3,122,933307.2806719943,6848425.362298099,95.63400000000013,95.63400000000013,1.0
3,137,933064.6419871793,6846349.193040292,95.63400000000013,93.1392000000002,0.9739130434782617
3,150,932857.9220418847,6846313.845314136,191.26800000000026,150.74242654842587,0.7881215182279611
3,151,934828.0199978295,6849314.347867097,669.4379999999994,666.5274000000001,0.9956521739130444
3,158,934734.2457589286,6847875.135187872,286.90199999999993,245.48298982263856,0.8556335955226475
3,176,933512.8108827493,6847227.481710467,286.90199999999993,253.0886648226384,0.8821432573583958
3,177,933820.3996630758,6846729.131149326,573.8039999999999,344.6922038710632,0.6007141878952801
3,179,932980.5106425993,6849274.791070635,7172.55,7141.365,0.9956521739130434
3,185,933545.4694397397,6849503.520859289,95.63400000000013,55.89320439517689,0.5844490912769184
3,189,933053.493765243,6848554.906648182,286.90199999999993,286.90199999999993,1.0
3,191,934638.3861538881,6848242.91735565,1434.5100000000018,1368.716275087866,0.9541350531455789
3,194,933920.8852708397,6849036.362538116,382.5360000000005,327.22980309685227,0.8554222428656436
3,197,933407.5128596644,6847394.963580019,382.5360000000005,380.8728000000009,0.9956521739130445
3,208,934565.6985742671,6849027.874878292,382.5360000000005,380.8728000000005,0.9956521739130434
3,217,934530.0852800757,6848599.781675747,669.4379999999994,449.17710368573205,0.6709764066063362
3,219,933554.8706790123,6847863.711111112,286.90199999999993,116.27058061937029,0.4052623565516111
3,237,935034.8921995655,6848047.947972443,478.1699999999996,476.0909999999996,0.9956521739130435
3,240,933055.5947125347,6846696.121141081,95.63400000000013,57.26534439517738,0.5987969173638801
3,243,931010.9338467777,6848472.014866717,95.63400000000013,95.21820000000012,0.9956521739130434
3,244,930997.7831361728,6848465.027251136,286.90199999999993,285.6545999999999,0.9956521739130434
3,248,931416.2863824855,6848440.918788875,95.63400000000013,57.26534439517738,0.5987969173638801
3,249,933976.9744957935,6849456.474430488,95.63400000000013,62.78215766939027,0.656483652983146
3,268,932964.4078728555,6846511.444742659,95.63400000000013,62.83719771373057,0.6570591809788411
3,269,933365.025647096,6849324.288715278,286.90199999999993,203.9389730081708,0.7108314790701035
3,274,932614.3487915214,6849474.061949076,95.63400000000013,68.37638884578024,0.7149799113890473
3,281,933088.9539016066,6848095.000279918,95.63400000000013,37.85862572259869,0.3958699387518941
3,287,931037.6485330551,6847950.435266034,286.90199999999993,286.9019999999999,0.9999999999999998
3,291,932423.6863711667,6847675.573572203,382.5360000000005,380.8728000000005,0.9956521739130434
3,292,932832.7684579535,6849195.781608622,286.90199999999993,286.90199999999993,1.0
3,297,932209.2999999999,6848117.800000001,95.63400000000013,80.15291327421296,0.8381215182279613
3,299,933901.5093997908,6848830.598421688,286.90199999999993,213.60788885997957,0.7445325890373006
3,314,933724.2550105965,6849855.246866485,191.26800000000026,188.07340331855366,0.9832977984741483
3,317,933030.3271766937,6848933.670076742,1051.9740000000002,1047.4002,0.9956521739130434
3,318,934354.7625384936,6847856.708324676,669.4379999999994,666.5274000000006,0.9956521739130453
3,326,932984.3861412719,6848169.383619696,95.63400000000013,95.21820000000012,0.9956521739130434
3,327,933242.5160337553,6847717.454852321,478.1699999999996,476.0909999999996,0.9956521739130435
3,347,934495.5902489168,6847267.845505583,286.90199999999993,280.0413000000001,0.9760869565217397
3,352,934185.0575781917,6848345.145587966,669.4379999999994,666.5274000000006,0.9956521739130453
3,355,934629.8232417952,6847992.016393966,191.26800000000026,185.44680000000025,0.9695652173913044
3,356,934373.2552614163,6847881.576906391,286.90199999999993,280.5090749999999,0.9777173913043476
3,363,933634.0871350362,6846887.519251824,669.4379999999994,662.1615000000004,0.9891304347826101
3,364,932676.9243876464,6849572.083493077,95.63400000000013,64.10871939517737,0.6703548883783726
3,378,931806.3802779583,6848488.789984858,95.63400000000013,95.63400000000011,0.9999999999999999
3,390,935078.531320241,6849006.691026854,2008.3139999999987,1284.0690322987246,0.6393766275088085
3,393,931064.866450197,6847808.01151116,95.63400000000013,57.26534439517738,0.5987969173638801
3,397,933459.2342400589,6849357.438262504,191.26800000000026,189.43155000000058,0.9903985507246394
3,409,932366.1540499293,6848090.313403002,95.63400000000013,84.49095995565976,0.8834824430187972
3,411,933605.582755242,6849841.392426023,95.63400000000013,73.91019382361006,0.7728443213042429
3,417,933869.0273467229,6847085.725927674,95.63400000000013,95.63400000000013,1.0
3,422,934049.4157225612,6849168.723189631,669.4379999999994,666.5274000000009,0.9956521739130456
3,423,931354.6071967747,6848037.414273459,95.63400000000013,95.63400000000031,1.000000000000002
3,425,934485.6168160207,6847425.680853212,765.0720000000009,557.4505331855322,0.7286249309679763
3,426,933236.6909816348,6845879.308936221,95.63400000000013,45.57062302341576,0.476510686820751
3,427,932968.2284143277,6847140.805606759,95.63400000000013,76.35873827421295,0.798447605184483
3,430,932616.6979776332,6848643.234012036,95.63400000000013,66.87450000000008,0.6992753623188405
3,431,933810.3865925886,6849303.487581968,6216.210000000001,3722.247385686533,0.5987969173638813
3,449,933587.2113387348,6846971.47272248,95.63400000000013,80.56871327421304,0.8424693443149186
3,450,933739.0072355473,6846120.502902829,286.90199999999993,251.06163982263854,0.8750780399670919
3,451,933328.8934048738,6847524.804068859,95.63400000000013,95.63400000000013,1.0
3,453,933426.1828555368,6846263.199100618,95.63400000000013,49.59108000000001,0.5185507246376806
3,454,933442.9395734966,6849626.842041544,95.63400000000013,66.87450000000008,0.6992753623188405
3,460,933521.3303376244,6847219.503228688,286.90199999999993,286.90199999999993,1.0
3,472,933838.9566765964,6847418.397660062,765.0720000000009,738.0450000000017,0.9646739130434793
3,473,932186.3113535317,6848767.456293614,95.63400000000013,0.0,0.0
3,475,933787.9284211311,6848635.418219363,669.4379999999994,0.0,0.0
3,476,933839.8789285813,6847323.295545632,478.1699999999996,0.0,0.0
3,477,932889.517216744,6848185.645224908,95.63400000000013,0.0,0.0
3,482,934019.2394154409,6846327.922528604,573.8039999999999,323.0486682291751,0.5629948000173843
3,491,933890.1396469597,6847471.335827028,382.5360000000005,324.97755309685186,0.8495345617062222
3,492,933263.0265691357,6845630.469297488,95.63400000000013,95.21820000000022,0.9956521739130445
3,493,933396.2100596759,6847410.84419025,95.63400000000013,76.35873827421295,0.798447605184483
3,495,933879.9158611931,6849970.480162611,95.63400000000013,78.17786327421302,0.8174693443149186
3,501,932448.8432152005,6848229.736869752,95.63400000000013,90.64440000000012,0.9478260869565217
3,502,931701.929142391,6848183.765831584,95.63400000000013,90.64440000000012,0.9478260869565217
3,513,933469.978765721,6847168.351467291,669.4379999999994,669.4379999999995,1.0000000000000002
3,527,934560.6855879471,6846926.312432653,191.26800000000026,150.74242654842587,0.7881215182279611
3,535,932859.9806287911,6847709.72563782,382.5360000000005,320.5559464597454,0.8379758936668575
3,536,933890.347572089,6849207.905624338,2486.4840000000036,786.7434980518146,0.31640802758103953
3,549,933753.9208472684,6847389.268450389,669.4379999999994,333.15089884578066,0.497657585684979
3,550,934684.4064191513,6847779.546084131,191.26800000000026,94.71621896771589,0.4952015965436757
3,555,933016.1550341728,6845619.921870556,95.63400000000013,90.59967697277311,0.947358439182435
3,556,934909.5543770797,6846884.873698563,191.26800000000026,190.43640000000016,0.995652173913043
3,564,933181.1527078631,6847493.078566591,478.1699999999996,476.09099999999944,0.9956521739130431
3,574,932219.95,6849648.500000002,95.63400000000013,90.59967697277312,0.9473584391824351
3,580,933735.5426447159,6848192.352490384,286.90199999999993,193.62553318553213,0.6748838738856201
3,584,933048.7735838192,6847041.491621681,382.5360000000005,373.38840000000886,0.976086956521761
3,589,933153.0678706901,6849382.930081506,3060.288000000004,2930.0247900000077,0.9574343297101462
3,592,935253.1540796532,6846809.875615289,8415.792000000001,7218.944768130733,0.8577855498485147
3,594,934011.1508584355,6849437.003049931,191.26800000000026,181.19935394554622,0.947358439182435
3,595,934168.5749922768,6848092.06604881,9372.131999999994,8632.243840569989,0.9210544453033732
3,600,930709.5548483403,6847896.066475518,860.706,671.8047642129595,0.7805275717991503
3,601,932831.0732350178,6847141.425009615,6885.648,5732.288380743333,0.8324980278897981
3,608,935432.9429178956,6846686.671092149,765.0720000000009,485.8427551614187,0.6350288014218507
3,611,933064.6096880792,6846666.672060127,95.63400000000013,90.5996769727731,0.9473584391824349
3,612,933198.6561378661,6848248.266170916,95.63400000000013,90.5996769727731,0.9473584391824349
3,626,932959.2746634039,6848971.687087934,669.4379999999994,623.9859964597448,0.9321042373748507
3,635,934715.0443627223,6849303.407302236,191.26800000000026,189.29295000000045,0.9896739130434793
3,636,934161.5690118932,6849269.616546231,382.5360000000005,359.69551991132096,0.9402919461470828
3,639,934767.4318470032,6848159.641986265,95.63400000000013,95.6340000000002,1.0000000000000007
3,640,933402.2752708681,6847319.732059149,382.5360000000005,380.8728000000005,0.9956521739130434
3,645,932783.6345544663,6849515.42006541,7076.916000000007,4081.8092672839784,0.5767779732420131
3,646,933226.9663082438,6847546.715651136,191.26800000000026,191.2680000000004,1.0000000000000007
3,650,932270.8081290539,6848006.907615197,95.63400000000013,95.21820000000012,0.9956521739130434
3,665,933843.1643776821,6847335.447256625,573.8039999999999,573.8039999999999,1.0
3,669,933688.67952823,6846405.938468092,95.63400000000013,95.21820000000021,0.9956521739130443
3,671,933612.2019888371,6846362.551319415,191.26800000000026,190.43640000000033,0.9956521739130438
3,676,932651.9787094913,6849007.15148572,95.63400000000013,83.16746327421298,0.8696432573583962
3,681,934320.32446901,6847227.761520308,382.5360000000005,380.8728000000005,0.9956521739130434
3,684,932948.6928275862,6846253.918160919,95.63400000000013,56.05237894902057,0.5861135051239151
3,686,933134.805522209,6848886.254447662,95.63400000000013,37.62894061937045,0.39346822907512385
3,695,932208.4746863733,6847976.643349078,95.63400000000013,38.468465722598694,0.402246750346097
3,700,933307.415138334,6846533.177090028,669.4379999999994,475.0777107662421,0.7096664825812734
3,703,932805.4099625695,6847660.265857359,382.5360000000005,186.96224032569583,0.4887441713347125
3,705,931830.9428397237,6849436.342892767,3060.288000000004,1346.3742599999953,0.43995018115941814
3,714,934296.3022916218,6848226.136029785,669.4379999999994,634.1977388094105,0.9473584391824351
3,746,934427.4399261386,6848131.971932704,191.26800000000026,191.26800000000017,0.9999999999999996
3,754,935287.973709087,6849093.155863338,1147.6079999999997,1142.6183999999996,0.9956521739130434
3,768,933094.2233136069,6847167.248368592,95.63400000000013,25.05888000000001,0.2620289855072461
3,770,935108.4284956463,6847017.963766944,669.4379999999994,407.9433357662393,0.6093818034922421
3,771,934193.5023179748,6849242.122866894,382.5360000000005,242.92137758070965,0.6350288014218514
3,793,934431.8500208445,6847903.665082484,286.90199999999993,286.9019999999999,0.9999999999999998
3,795,935231.3938704177,6849023.656464077,4207.896000000001,2895.3395263959756,0.6880729767075934
3,813,935188.6108424318,6847545.990692657,765.0720000000009,727.6798530968523,0.9511259765052851
3,827,934310.1698804923,6847174.635752239,478.1699999999996,476.0909999999994,0.995652173913043
3,828,932314.5050508021,6848739.770817741,95.63400000000013,95.21820000000021,0.9956521739130443
3,829,933649.6658164571,6848980.251980261,382.5360000000005,301.4848530968518,0.7881215182279613
3,835,933336.5999535138,6848858.904366966,382.5360000000005,332.669853096852,0.8696432573583965
3,836,933132.7579393707,6846150.504788727,95.63400000000013,46.823575825827035,0.48961222813881017
3,842,932934.3160961473,6847247.725783047,573.8039999999999,573.8039999999999,1.0
3,844,932602.0364956437,6849103.953823814,95.63400000000013,83.27141327421297,0.8707302138801354
3,845,933065.9035353955,6847593.954816597,286.90199999999993,149.68800000000007,0.521739130434783
3,846,933467.1249712785,6849475.333811448,1147.6079999999997,598.7520000000003,0.521739130434783
3,848,933332.0001978239,6848404.997447309,95.63400000000013,0.0,0.0
3,851,934643.451469326,6847672.729698644,860.706,856.9637999999999,0.9956521739130433
3,856,932649.0430834821,6849128.895005022,191.26800000000026,190.43640000001568,0.9956521739131241
3,858,934546.5737916786,6847802.938697031,382.5360000000005,380.872800000001,0.9956521739130447
3,876,933953.6517937218,6847406.404531865,382.5360000000005,130.39488000000014,0.3408695652173912
3,877,934233.9715114607,6846468.377719703,1721.4119999999998,1506.3698389358312,0.8750780399670918
3,880,935154.6247894499,6847865.633903365,2582.1180000000018,1221.4540800000002,0.47304347826086934
3,881,934521.0387960286,6847979.159273804,382.5360000000005,170.01083512515382,0.4444309427744149
3,883,934377.5128798318,6848054.190561218,478.1699999999996,277.3160554939718,0.5799528525293767
3,890,935005.8386331592,6847994.260413038,382.5360000000005,199.58400000000006,0.521739130434782
3,908,934117.5803222908,6848492.461851568,573.8039999999999,373.668266371066,0.6512123763010821
3,915,935495.6521688113,6847682.145160639,95.63400000000013,95.2182000000002,0.9956521739130442
3,921,933573.1016166462,6846411.526454207,95.63400000000013,64.10871939517737,0.6703548883783726
3,935,933137.5559961885,6846284.39004724,95.63400000000013,84.49095995565976,0.8834824430187972
3,951,934572.8991940076,6847519.184398493,669.4379999999994,645.3541848448091,0.9640238302050521
3,965,933036.6317441666,6845501.768490851,2295.2159999999994,1627.4226763414094,0.7090499004631415
3,975,934654.0560641311,6846831.777087376,11667.348000000002,4322.162186793104,0.37044941033670237
3,978,933470.6709731786,6847654.691551276,286.90199999999993,160.69417318553212,0.5601012651899678
3,980,934822.05,6846865.15,95.63400000000013,95.21820000000018,0.9956521739130441
3,988,935019.1184095723,6846971.871297101,95.63400000000013,95.21820000000018,0.9956521739130441
3,995,934379.6125155763,6846763.367437694,95.63400000000013,95.63400000000011,0.9999999999999999
3,998,932960.1530195797,6846286.043130626,95.63400000000013,38.19819572259883,0.3994206633895767
3,999,931341.4684379499,6847922.234152553,95.63400000000013,95.21820000000012,0.9956521739130434
3,1004,933932.4340668358,6847443.647389229,573.8039999999999,573.8039999999999,1.0
3,1005,933795.6323563766,6849703.671990263,382.5360000000005,382.5360000000005,1.0
3,1009,935266.6090870416,6848942.933792318,2582.1180000000018,2431.921089863757,0.9418318953137523
3,1025,933993.1986476866,6847239.017105575,286.90199999999993,249.50238982263852,0.8696432573583962
3,1026,933465.834754198,6845770.819694486,1338.8759999999988,1333.0548000000003,0.9956521739130446
3,1038,933740.6976727274,6847253.697955554,95.63400000000013,94.60842665927673,0.9892760593437125
3,1039,933758.1952581948,6847056.684551714,286.90199999999993,281.73483339465747,0.9819897853436279
3,1040,934325.9085450439,6847707.406116668,382.5360000000005,320.40375309685186,0.8375780399670918
3,1044,933318.7682553844,6847490.930153612,95.63400000000013,95.21820000000012,0.9956521739130434
3,1050,931068.9470474722,6847864.896585939,5929.308000000018,5903.528400000018,0.9956521739130435
3,1062,934057.2260247514,6846835.112146791,95.63400000000013,95.21820000000012,0.9956521739130434
3,1066,934512.3225040092,6847075.290475415,95.63400000000013,66.87450000000008,0.6992753623188405
3,1067,933897.3305061894,6848588.455308608,1243.2420000000016,1243.2420000000016,1.0
3,1082,933912.7547164088,6846243.365399779,95.63400000000013,27.276480000000006,0.28521739130434753
3,1103,931283.3218358442,6847897.242137166,95.63400000000013,58.04157105445398,0.6069135564177375
3,1121,932952.2440574203,6846530.429605838,669.4379999999994,574.4972679194897,0.858178454045767
3,1145,934437.7322524316,6848046.842834131,956.3399999999992,952.1819999999992,0.9956521739130435
3,1146,933929.5740249938,6849036.271214548,669.4379999999994,669.4379999999995,1.0000000000000002
3,1147,933712.2500000001,6846373.050000001,95.63400000000013,95.63400000000011,0.9999999999999999
3,1148,932698.1279332731,6847623.943821748,286.90199999999993,220.95691991131937,0.7701477156357203
3,1151,931667.3664829248,6848627.834796935,95.63400000000013,80.53016559640663,0.8420662692808679
3,1152,933888.6683561014,6848426.841974185,956.3399999999992,607.3034439517742,0.6350288014218527
3,1163,934096.1139495115,6847381.689789295,860.706,474.42979977829856,0.5512100528848394
3,1166,934430.7,6846623.25,286.90199999999993,286.90199999999993,1.0
3,1170,933799.9370319635,6846052.686700913,95.63400000000013,94.59450000000012,0.9891304347826086
3,1172,932636.8223441769,6848142.292145214,95.63400000000013,95.21820000000015,0.9956521739130437
3,1176,933735.7247496987,6849736.734852579,382.5360000000005,380.87280000000095,0.9956521739130446
3,1179,933182.9804949826,6848469.778739198,95.63400000000013,95.63400000000013,1.0
3,1186,934286.4694322861,6849211.215492376,478.1699999999996,142.44099587086484,0.2978877718611894
3,1187,934241.2515292519,6849265.138156173,286.90199999999993,169.1712956855295,0.589648366639234
3,1197,933144.7059530459,6847381.251215225,286.90199999999993,285.6545999999999,0.9956521739130434
3,1198,933435.0267724396,6847133.596391855,382.5360000000005,382.5360000000009,1.000000000000001
3,1208,933127.6179365685,6847562.198753026,95.63400000000013,83.16746327421298,0.8696432573583962
3,1213,933009.1283417462,6847278.315608317,286.90199999999993,274.59511991131916,0.9571042373748501
3,1225,932725.9019159782,6849190.839180875,95.63400000000013,90.47827997782994,0.946089047596355
3,1254,933803.4770470425,6846120.682009005,286.90199999999993,285.6545999999999,0.9956521739130434
3,1259,932938.2346409564,6847749.669124478,382.5360000000005,316.45365309685184,0.82725195301057
3,1263,932435.4635561365,6848149.724083456,95.63400000000013,64.10871939517737,0.6703548883783726
3,1264,933252.3358924738,6848097.372223148,382.5360000000005,271.4958553831205,0.7097262882006403
3,1276,933847.6820580222,6847205.185409118,191.26800000000026,114.53068879035476,0.5987969173638801
3,1286,934673.991083819,6847021.510599964,95.63400000000013,66.90915000000004,0.6996376811594197
3,1287,933381.9421106977,6847579.111805747,2008.3139999999987,1140.7819499999978,0.5680296756383706
3,1288,934585.3148619072,6847019.359524057,95.63400000000013,95.21820000000012,0.9956521739130434
3,1291,933850.9116504298,6848963.505684397,191.26800000000026,114.55494379035473,0.5989237289580828
3,1292,932805.0496518479,6847683.641794124,382.5360000000005,327.22980309685227,0.8554222428656436
3,1293,932125.5464688848,6848876.350531478,95.63400000000013,95.21820000000014,0.9956521739130436
3,1295,933416.3940094652,6847947.310047981,573.8039999999999,323.0486682291751,0.5629948000173843
3,1298,935305.043575921,6846601.857721872,95.63400000000013,49.24458000000001,0.5149275362318835
3,1315,933665.3307775545,6846952.389604265,191.26800000000026,98.90496000000003,0.5171014492753618
3,1323,933672.1940274703,6846955.293921815,382.5360000000005,351.3808530968519,0.9185563008366571
3,1324,931357.0651616496,6848640.778843057,95.63400000000013,95.2182000000002,0.9956521739130442
3,1326,933112.3811940777,6845802.219240351,95.63400000000013,39.57726572259869,0.4138409532446477
3,1332,931850.920546149,6848167.555214924,95.63400000000013,27.276480000000006,0.28521739130434753
3,1334,935025.5067839512,6847088.036877189,478.1699999999996,476.0909999999994,0.995652173913043
3,1338,933656.6983436989,6845946.59795963,95.63400000000013,44.46288000000001,0.46492753623188354
3,1341,933121.2473073711,6848487.804495212,95.63400000000013,95.21820000000012,0.9956521739130434
3,1342,931339.55,6848374.75,95.63400000000013,64.10871939517737,0.6703548883783726
3,1343,935026.8568599509,6847620.248555565,95.63400000000013,64.10871939517737,0.6703548883783726
3,1352,933220.4453177034,6847986.40767698,860.706,601.249799667448,0.6985542097620419
3,1367,934014.7477235027,6848686.654087539,382.5360000000005,330.5908530968524,0.8642084747497019
3,1371,933563.5716417324,6847244.560395807,669.4379999999994,623.9859964597454,0.9321042373748516
3,1375,933085.7992403114,6846201.696737376,95.63400000000013,95.2182000000001,0.9956521739130432
3,1378,933144.390818782,6848810.53846602,95.63400000000013,95.63400000000013,1.0
3,1379,932747.0864632871,6847074.525885944,860.706,515.3880995565968,0.5987969173638813
3,1383,933031.4044981838,6847062.862775538,382.5360000000005,382.5360000000005,1.0
3,1390,933749.0255641763,6848921.476113366,765.0720000000009,438.7069568130731,0.5734191772971335
3,1397,934030.0499999999,6846756.849999999,382.5360000000005,130.39488000000014,0.3408695652173912
3,1406,932907.2702633148,6848234.166425007,95.63400000000013,58.04157105445398,0.6069135564177375
3,1408,935279.6344126466,6847919.135186699,191.26800000000026,166.33492654842615,0.8696432573583973
3,1409,932924.2998614637,6847804.208881705,191.26800000000026,181.19935394554622,0.947358439182435
3,1413,932952.480461289,6847595.314299952,95.63400000000013,90.5996769727731,0.9473584391824349
3,1428,932273.2810115218,6847902.831123747,95.63400000000013,27.513095103228387,0.28769156474923513
3,1430,933696.6502082675,6847271.309655895,286.90199999999993,169.4571581855321,0.5906447434508374
3,1434,933659.4591317195,6847115.664754112,286.90199999999993,153.00187318553213,0.5332896709870694
3,1442,935390.009467688,6848052.977725397,95.63400000000013,37.85862572259869,0.3958699387518941
3,1446,935011.1163164232,6847046.170954415,573.8039999999999,192.28980247748135,0.33511408508389867
3,1449,933634.6590427163,6846490.226947354,95.63400000000013,58.04496939517742,0.6069490912769239
3,1452,933314.4020489826,6847584.965353334,382.5360000000005,242.92137758070942,0.6350288014218507
3,1454,932852.9522924719,6848149.85762564,382.5360000000005,199.58400000000006,0.521739130434782
3,1455,934541.6070253011,6846697.833014002,95.63400000000013,37.85862572259869,0.3958699387518941
3,1478,932657.5502919139,6848553.211605296,95.63400000000013,95.63400000000017,1.0000000000000004
3,1500,933840.4453254323,6846564.355816297,95.63400000000013,95.2182000000002,0.9956521739130442
3,1501,933496.6828042775,6847473.529898852,9754.668000000003,3920.045784234355,0.4018635779540988
3,1503,932868.7502310319,6849348.737689595,7841.987999999982,4695.7582404045415,0.5987969173638817
3,1512,932380.6305992709,6847657.173835214,95.63400000000013,94.03670165927682,0.9832977984741482
3,1513,931865.7612991069,6848092.720067278,95.63400000000013,93.41300165927684,0.9767760593437137
3,1518,932554.1535490454,6849089.317023758,95.63400000000013,95.63400000000013,1.0
3,1523,932204.8918919408,6847909.595844847,95.63400000000013,75.78701327421304,0.7924693443149187
3,1527,932921.4995483749,6847510.441258074,95.63400000000013,94.31730000000007,0.9862318840579705
3,1528,932486.4871053678,6847279.416509666,286.90199999999993,286.90199999999993,1.0
3,1530,933215.144524075,6847275.104188565,478.1699999999996,476.09099999999984,0.995652173913044
3,1541,931781.4223539747,6848814.907858711,95.63400000000013,66.90915000000004,0.6996376811594197
3,1543,935287.7006408168,6847253.051417401,95.63400000000013,47.43341582582704,0.4959890397330131
3,1565,934070.5367666233,6846322.311360278,95.63400000000013,64.10871939517737,0.6703548883783726
3,1589,931164.2942459702,6849078.516166822,95.63400000000013,92.93129999999996,0.9717391304347809
3,1593,934812.4380036973,6847917.764875916,191.26800000000026,150.74242654842587,0.7881215182279611
3,1595,931763.8967347816,6848810.751038256,95.63400000000013,95.63400000000011,0.9999999999999999
3,1599,932947.9073431644,6845661.948920181,95.63400000000013,94.64647500000024,0.9896739130434794
3,1613,933459.2428068469,6847196.975707174,95.63400000000013,95.21820000000012,0.9956521739130434
3,1615,931562.336893256,6848719.844807776,95.63400000000013,64.10871939517737,0.6703548883783726
3,1617,934532.8407368523,6847888.548809763,382.5360000000005,172.6213943704596,0.45125529197372105
3,1618,935516.3848454683,6847596.83302522,95.63400000000013,37.85862572259869,0.3958699387518941
3,1620,931063.333698664,6848295.470524312,95.63400000000013,90.5996769727731,0.9473584391824349
3,1621,933061.4,6847021.299999998,286.90199999999993,286.9019999999998,0.9999999999999996
3,1622,934336.3453574253,6847788.358546391,956.3399999999992,952.1819999999991,0.9956521739130434
3,1632,932923.620198441,6847352.466002573,286.90199999999993,286.90199999999993,1.0
3,1635,931152.2800419715,6849187.840455947,95.63400000000013,95.21820000000012,0.9956521739130434
3,1643,934092.8194361806,6849325.891344383,95.63400000000013,39.688145722598705,0.4150003735345029
3,1648,933566.6833042863,6846844.517819706,95.63400000000013,84.67820327421205,0.8854403588076619
3,1653,934863.7098353475,6849051.338538339,382.5360000000005,380.8728000000005,0.9956521739130434
3,1662,933390.8603133974,6846330.840234637,669.4379999999994,669.4379999999994,1.0
3,1671,934395.4800293685,6848089.935485986,286.90199999999993,285.6545999999999,0.9956521739130434
3,1673,933403.5820387979,6846469.415412229,286.90199999999993,285.6545999999999,0.9956521739130434
3,1695,933463.185499928,6847346.920452255,573.8039999999999,571.3091999999998,0.9956521739130434
3,1700,935559.5303746271,6849087.127163132,669.4379999999994,402.6765357662408,0.601514308668228
3,1701,931199.3242956622,6849215.54846212,95.63400000000013,27.276480000000006,0.28521739130434753
3,1702,932818.55659602,6847327.823400533,286.90199999999993,285.6545999999999,0.9956521739130434
3,1707,932968.2458110051,6848023.127859831,286.90199999999993,138.832634690315,0.4839026381493159
3,1720,932930.3444654951,6846290.010004138,382.5360000000005,325.18545309685186,0.8500780399670917
3,1728,932853.3535925086,6849471.716274965,5451.1380000000045,2111.262467072143,0.3873067361479642
3,1732,932400.7865038629,6848937.067637364,95.63400000000013,94.60842665927672,0.9892760593437124
3,1738,932925.7213391722,6848269.128598682,95.63400000000013,92.56747500000017,0.9679347826086961
3,1741,934885.9438487042,6847686.739913288,95.63400000000013,45.57062302341576,0.476510686820751
3,1755,934267.3723724807,6848305.474039348,573.8039999999999,537.908599778298,0.9374430986509299
3,1756,934727.2887968638,6847339.298058327,478.1699999999996,448.8418406855317,0.9386658315777486
3,1758,933980.7903509858,6849895.460544048,95.63400000000013,64.10871939517737,0.6703548883783726
3,1767,932229.2917765066,6849494.96808008,95.63400000000013,95.21820000000011,0.9956521739130433
3,1773,931148.5939045628,6848279.277150818,95.63400000000013,95.63400000000011,0.9999999999999999
3,1774,933895.7993839331,6848974.631798301,1434.5100000000018,1428.2730000000017,0.9956521739130434
3,1775,933496.8032141168,6847648.33905257,765.0720000000009,761.6050369751421,0.995468448688674
3,1784,933698.0913414189,6849324.938037487,478.1699999999996,476.0909999999996,0.9956521739130435
3,1789,932604.6591669754,6847920.924021525,95.63400000000013,25.05888000000001,0.2620289855072461
3,1793,932791.9884076433,6847390.593070064,478.1699999999996,476.0909999999996,0.9956521739130435
3,1795,932005.696795279,6848716.295017858,95.63400000000013,95.21820000000012,0.9956521739130434
3,1796,935658.8513291207,6847726.632741917,6694.379999999996,6179.136509396177,0.923033426455651
3,1797,935645.028331176,6847473.967383204,95.63400000000013,94.03670165927683,0.9832977984741483
3,1803,934292.8611387981,6846588.537202185,95.63400000000013,75.78701327421304,0.7924693443149187
3,1814,932207.1908266202,6849674.217606502,95.63400000000013,94.64647500000022,0.9896739130434793
3,1817,932027.5445922345,6848735.694520581,286.90199999999993,214.81890635997925,0.7487536035300532
3,1820,933402.444423173,6846573.876318966,95.63400000000013,80.15291327421296,0.8381215182279613
3,1825,933885.997274446,6850026.931480075,95.63400000000013,64.10871939517737,0.6703548883783726
3,1831,934042.2204724302,6848583.094417111,191.26800000000026,191.26800000000043,1.0000000000000009
3,1835,934771.9177263968,6848932.114547206,95.63400000000013,95.21820000000014,0.9956521739130436
3,1841,935201.489385902,6847009.958962963,95.63400000000013,57.06090939517737,0.5966592362044596
3,1856,931655.1549237602,6848819.276517017,95.63400000000013,83.68721327421305,0.8750780399670927
3,1859,934665.3767805565,6847803.695768115,95.63400000000013,58.22514939517712,0.6088331492479353
3,1866,930963.1999999998,6849052.750000001,95.63400000000013,44.9212551032284,0.46972055025648135
3,1867,932341.2123431873,6848088.670580554,95.63400000000013,95.63400000000011,0.9999999999999999
3,1870,933360.4069588096,6849480.581387225,286.90199999999993,160.69417318553212,0.5601012651899678
3,1871,934703.7885432815,6847283.948746167,286.90199999999993,160.69417318553212,0.5601012651899678
3,1872,933435.9231581272,6848836.125151532,95.63400000000013,57.26534439517738,0.5987969173638801
3,1878,932252.2573270192,6848748.011339121,382.5360000000005,172.32188881685497,0.4504723446077094
3,1880,935358.2862071943,6846698.079555497,95.63400000000013,95.21820000000005,0.9956521739130427
3,1882,933752.0325735204,6847192.626957979,95.63400000000013,95.21820000000005,0.9956521739130427
3,1888,935221.8170686929,6846447.43117666,573.8039999999999,280.74816000000027,0.48927536231884117
3,1890,933368.9302095958,6849484.395273999,95.63400000000013,62.10645146883416,0.6494181093422222
3,1891,932292.3734602149,6847977.349415053,95.63400000000013,62.40747105445396,0.6525657303307806
3,1893,933519.6067936323,6849225.229774698,573.8039999999999,374.4448263267238,0.6525657303307817
3,1898,932394.8712285741,6848140.582198092,95.63400000000013,68.37638884578024,0.7149799113890473
3,1905,934921.5130440993,6848080.991273733,765.0720000000009,438.7069568130731,0.5734191772971335
3,1914,933031.0010705923,6846578.046929219,573.8039999999999,573.8039999999997,0.9999999999999998
3,1919,932043.7239302841,6848828.674357556,286.90199999999993,109.41467752251899,0.3813660327307548
3,1944,933843.3150708319,6849428.417539569,382.5360000000005,380.8728000000011,0.9956521739130451
3,1953,933817.9514630907,6846512.274816846,286.90199999999993,193.62553318553213,0.6748838738856201
3,1954,932951.3227339447,6849047.545216067,191.26800000000026,114.53068879035476,0.5987969173638801
3,1958,934238.2623247142,6847808.822001567,191.26800000000026,191.26800000000026,1.0
3,1966,933017.362850736,6846969.745512116,95.63400000000013,58.39146939517737,0.6105722796827204
3,1967,931440.7249662618,6848438.391902835,478.1699999999996,249.48000000000025,0.5217391304347836
3,1968,934369.6587209826,6847928.829242838,382.5360000000005,267.3892530968516,0.6989910834453521
3,1971,933238.0273212845,6847228.437295821,95.63400000000013,94.60842665927683,0.9892760593437135
3,1980,933152.8527642138,6845903.883869338,95.63400000000013,95.2182000000001,0.9956521739130432
3,1981,934584.9261823167,6847772.549362577,286.90199999999993,285.6545999999999,0.9956521739130434
3,1982,933867.1369841449,6848673.49216118,573.8039999999999,571.3091999999998,0.9956521739130434
3,1985,932949.8723969597,6848120.041013041,95.63400000000013,58.04157105445398,0.6069135564177375
3,1986,933101.8960214544,6847404.04204379,95.63400000000013,95.63400000000013,1.0
3,1987,935159.2973042361,6846735.817089468,4781.7000000000035,1757.8460412913541,0.36761947451562266
3,1991,930929.6674209344,6849003.383803096,95.63400000000013,93.76290000000013,0.9804347826086957
3,1993,934642.4641922183,6848263.352315542,4972.968000000005,3157.9779085492282,0.635028801421852
3,1994,933020.0117324587,6847115.725649899,669.4379999999994,522.3478313490351,0.7802781308336778
3,1999,933604.5537012517,6846134.778865583,95.63400000000013,95.21820000000012,0.9956521739130434
3,2006,932648.8423650521,6848794.01889634,95.63400000000013,95.2182000000001,0.9956521739130432
3,2010,934029.0480396533,6848677.318937064,478.1699999999996,406.0244363710642,0.8491215182279619
3,2014,933893.638884413,6849793.23092325,1912.6799999999985,1659.1912654842554,0.8674693443149176
3,2015,934316.983301867,6848276.498498619,669.4379999999994,303.92236578078956,0.4539962861098262
3,2017,933655.0943946119,6849426.629276863,191.26800000000026,190.43640000000025,0.9956521739130434
3,2019,932992.0042073738,6849092.844629564,95.63400000000013,95.2182000000002,0.9956521739130442
3,2022,933253.0357546263,6847409.613920932,382.5360000000005,122.68987867123231,0.3207276666019202
3,2026,933730.5409501253,6847380.119351482,956.3399999999992,826.4771327421279,0.8642084747497004
3,2035,933879.2481645971,6850019.809688686,478.1699999999996,433.9589330746807,0.9075411110581615
3,2036,933125.4886456259,6848455.671671097,95.63400000000013,95.2182000000001,0.9956521739130432
3,2037,933789.8168700603,6848803.717846574,286.90199999999993,285.6545999999998,0.995652173913043
3,2047,931073.3400753213,6849173.23822921,95.63400000000013,95.21820000000012,0.9956521739130434
3,2052,935235.5378735515,6847047.770678321,95.63400000000013,91.72567997782994,0.9591325258572246
3,2054,932130.4478728652,6848851.06553351,95.63400000000013,94.60842665927673,0.9892760593437125
3,2057,935747.4785282523,6848910.678588116,382.5360000000005,382.53600000000097,1.000000000000001
3,2063,932654.9910543839,6849059.426910839,95.63400000000013,46.823575825827035,0.48961222813881017
3,2064,932890.7842346423,6847531.49616744,95.63400000000013,95.2182000000002,0.9956521739130442
3,2067,930899.1712648624,6849140.413777368,95.63400000000013,94.60842665927673,0.9892760593437125
3,2071,932789.4579024279,6848633.905616297,286.90199999999993,251.06163982263863,0.8750780399670922
3,2092,931641.1059172935,6848024.850983582,95.63400000000013,95.21820000000012,0.9956521739130434
3,2100,932383.5859578287,6847894.576581425,95.63400000000013,68.37638884578024,0.7149799113890473
3,2109,933685.2561569852,6845967.951446232,286.90199999999993,285.6545999999999,0.9956521739130434
3,2114,931262.6673169481,6848407.904583653,95.63400000000013,95.21820000000012,0.9956521739130434
3,2142,932442.9077383422,6847638.296397463,95.63400000000013,64.57649439517738,0.6752461927261988
3,2143,933171.3466677275,6846997.67907285,95.63400000000013,85.10073329638315,0.889858557588128
3,2148,934173.6630739766,6848650.992333114,382.5360000000005,320.8368780968516,0.8387102863439027
3,2153,931823.8158694621,6848788.636210058,95.63400000000013,93.76290000000013,0.9804347826086957
3,2159,932810.8920277229,6846673.162562542,95.63400000000013,84.25893827421298,0.8810563008366571
3,2162,934562.8776707597,6849630.412578059,2486.4840000000036,2475.6731999999993,0.9956521739130417
3,2177,932653.9587030265,6847833.173949223,95.63400000000013,68.37638884578024,0.7149799113890473
3,2181,932991.4500000001,6846551.2,382.5360000000005,229.06137758070938,0.5987969173638796
3,2186,933634.8514635443,6845996.718609191,286.90199999999993,115.09344000000014,0.4011594202898557
3,2213,933777.824933748,6849932.68672658,95.63400000000013,84.49095995565976,0.8834824430187972
3,2217,932720.9610788854,6847620.426721293,95.63400000000013,95.21820000000012,0.9956521739130434
3,2222,933587.9840224986,6848654.727627399,478.1699999999996,366.4610663710641,0.7663823877931789
3,2225,932937.6211413153,6846953.8374814,2199.582000000002,1102.786927583103,0.5013620440534166
3,2232,934895.997112198,6848931.197521312,3634.0920000000024,1571.613120000001,0.432463768115942
3,2240,933959.8557286297,6849210.387702396,478.1699999999996,476.0909999999993,0.9956521739130428
3,2241,933434.5744326321,6848187.087667036,669.4379999999994,666.5274000000005,0.9956521739130451
3,2246,932176.7822179435,6848940.891756868,95.63400000000013,27.276480000000006,0.28521739130434753
3,2248,933941.4357135862,6847236.117660888,286.90199999999993,138.832634690315,0.4839026381493159
3,2255,934006.0280070463,6849384.836061255,95.63400000000013,95.21820000000012,0.9956521739130434
3,2266,933228.051705964,6847216.623321312,669.4379999999994,375.2562582662421,0.5605541637406937
3,2275,933108.059423806,6847993.388445793,191.26800000000026,191.26800000000026,1.0
3,2276,933536.6525253657,6846238.666330117,191.26800000000026,191.26800000000054,1.0000000000000016
3,2284,933153.68938504,6848934.039313093,95.63400000000013,66.87450000000008,0.6992753623188405
3,2288,933386.4499999998,6846483.25,95.63400000000013,57.26534439517738,0.5987969173638801
3,2289,933581.579768654,6847419.41873476,478.1699999999996,476.0909999999996,0.9956521739130435
3,2292,934336.9732624381,6848127.264639942,573.8039999999999,534.2214398226383,0.931017280853111
3,2304,933011.5804336402,6846674.567549279,95.63400000000013,95.63400000000011,0.9999999999999999
3,2309,934291.1354035112,6847796.684458342,286.90199999999993,286.9019999999999,0.9999999999999998
3,2327,933299.9280721815,6847731.784210083,2008.3139999999987,1860.750779534427,0.9265238302050517
3,2332,933737.0782240883,6846254.983170826,956.3399999999992,956.3399999999992,1.0
3,2334,934247.396492271,6847852.84560543,382.5360000000005,229.3545253831215,0.5995632447223822
3,2335,934911.1305456787,6846905.776096335,95.63400000000013,47.43341582582704,0.4959890397330131
3,2342,932996.824325659,6849403.580652899,95.63400000000013,66.87450000000008,0.6992753623188405
3,2355,931059.6612519325,6849082.096368605,95.63400000000013,84.86871161493637,0.887432415405988
3,2356,933365.6681938514,6849191.100049103,478.1699999999996,421.29469137106383,0.8810563008366568
3,2358,933978.3742099669,6846931.123823108,382.5360000000005,362.3987078910924,0.9473584391824349
3,2359,934564.1542270199,6847449.88922913,478.1699999999996,452.99838486386477,0.9473584391824353
3,2369,932845.5188069531,6847096.889654644,573.8039999999999,368.9558663710643,0.6429998159146056
3,2373,934221.8726465912,6847043.507869373,1147.6079999999997,1098.3804796452766,0.9571042373748501
3,2374,935902.9296486602,6847483.477815761,95.63400000000013,90.64440000000012,0.9478260869565217
3,2375,933637.7410338114,6846483.467728802,95.63400000000013,90.64440000000012,0.9478260869565217
3,2382,933623.7655068315,6847405.007370115,191.26800000000026,157.2458542399863,0.8221231687474438
3,2393,934405.7129472577,6847928.223612217,478.1699999999996,452.99838486386477,0.9473584391824353
3,2403,933598.6619668251,6846635.414054655,3825.3599999999974,3808.727999999997,0.9956521739130434
3,2409,933076.8673111195,6847322.35075584,286.90199999999993,251.06163982263854,0.8750780399670919
3,2420,933482.2238882649,6848292.001256669,95.63400000000013,95.63400000000013,1.0
3,2421,933020.2926462662,6845610.864918936,95.63400000000013,84.86871161493637,0.887432415405988
3,2429,933076.5998367347,6845541.219755102,1912.6799999999985,1904.3639999999984,0.9956521739130435
3,2435,933737.3581051198,6849874.596146358,478.1699999999996,478.1699999999996,1.0
3,2448,931055.1553954401,6849026.072248156,95.63400000000013,51.6676368951774,0.5402643086682282
3,2449,933036.9742657819,6847291.468121953,3920.993999999992,2096.2546383969657,0.5346232711391473
3,2459,933013.0903256062,6846537.229809281,95.63400000000013,54.92646939517739,0.5743403956247498
3,2461,932127.1601602657,6848785.852961083,478.1699999999996,476.0909999999996,0.9956521739130435
3,2462,933145.8224174217,6847686.782346077,1147.6079999999997,997.9056092905538,0.8695526776482511
3,2464,933205.9429960123,6849370.980979131,95.63400000000013,58.04157105445398,0.6069135564177375
3,2470,931538.7226197714,6848644.780463163,95.63400000000013,95.63400000000013,1.0
3,2482,932711.9639220131,6848552.918094017,573.8039999999999,558.8351999999998,0.9739130434782607
3,2486,934004.6777686334,6848097.202529021,669.4379999999994,233.67988578078933,0.3490687498779417
3,2523,931063.6029828484,6848157.581580908,95.63400000000013,95.21820000000012,0.9956521739130434
3,2524,932997.911461065,6846285.136529306,573.8039999999999,374.4448263267238,0.6525657303307817
3,2548,934894.7879050018,6847662.207871853,765.0720000000009,742.232853096852,0.9701477156357193
3,2556,933470.2277299876,6849751.426386676,286.90199999999993,276.69450995565956,0.9644216839048163
3,2560,932806.1220757362,6848963.273006078,95.63400000000013,27.276480000000006,0.28521739130434753
3,2563,933895.9057904287,6848917.468076777,1338.8759999999988,903.585821532484,0.6748838738856211
3,2566,931269.7951326586,6848407.609934053,95.63400000000013,83.88118661493637,0.8771063284494662
3,2572,932809.3801878536,6847423.830605187,382.5360000000005,230.62929008070853,0.6028956492479354
3,2574,933909.4305922084,6846446.866316983,95.63400000000013,95.63400000000013,1.0
3,2575,934259.319901933,6846628.359574985,191.26800000000026,190.4364000000003,0.9956521739130437
3,2576,934014.1489775699,6849265.240250776,478.1699999999996,476.0909999999996,0.9956521739130435
3,2584,933040.8783513288,6845556.531321797,765.0720000000009,391.18464,0.5113043478260864
3,2586,932470.2821232965,6847645.187740461,478.1699999999996,476.091,0.9956521739130443
3,2587,934657.8281105991,6848056.242959551,382.5360000000005,380.87280000000106,0.995652173913045
3,2602,933625.9225697203,6847455.939397058,2486.4840000000036,964.5303414715047,0.3879093295880864
3,2607,933255.4492382691,6849604.699327238,382.5360000000005,378.4337066371072,0.9892760593437133
3,2613,935272.0285848194,6846519.313683139,95.63400000000013,62.83719771373057,0.6570591809788411
3,2622,933012.3506253621,6847466.907520914,95.63400000000013,90.64440000000012,0.9478260869565217
3,2627,931138.4675792141,6848410.867938702,95.63400000000013,73.91019382361006,0.7728443213042429
3,2629,933481.7618535686,6848810.952893299,95.63400000000013,95.63400000000011,0.9999999999999999
3,2632,933475.5197803773,6849741.713825909,95.63400000000013,95.21820000000012,0.9956521739130434
3,2633,935727.6009906246,6848938.370843408,95.63400000000013,57.26534439517738,0.5987969173638801
3,2635,935081.5569495565,6848060.288042907,478.1699999999996,476.0909999999996,0.9956521739130435
3,2637,934783.801844718,6846529.003490766,669.4379999999994,378.1843719204625,0.5649281515546815
3,2640,935174.7597049887,6847478.814164927,669.4379999999994,666.5273999999997,0.995652173913044
3,2648,933003.4482975306,6847786.502171392,573.8039999999999,571.3091999999998,0.9956521739130434
3,2671,932332.2791598153,6848547.571650616,95.63400000000013,64.10871939517737,0.6703548883783726
3,2679,934490.4890779282,6849183.756763681,286.90199999999993,245.85007984480774,0.856913091734487
3,2685,934307.567153058,6849262.830839285,191.26800000000026,190.4364000000004,0.9956521739130442
3,2687,934132.0684756173,6849184.764989967,669.4379999999994,666.5274000000005,0.9956521739130451
3,2697,934681.3707484275,6849504.110636791,573.8039999999999,571.3091999999999,0.9956521739130436
3,2698,933483.2016762329,6846184.651943231,95.63400000000013,95.21820000000015,0.9956521739130437
3,2700,934195.2555759713,6847872.74268053,956.3399999999992,572.6534439517744,0.598796917363882
3,2703,935765.3480827665,6848890.967788069,95.63400000000013,79.63316327421296,0.8326867356192656
3,2712,931989.5075826109,6848815.909486438,95.63400000000013,94.03670165927683,0.9832977984741483
3,2716,933919.5432474719,6848814.880862432,95.63400000000013,94.03670165927684,0.9832977984741486
3,2719,932713.6501408679,6849216.71095535,95.63400000000013,94.59450000000012,0.9891304347826086
3,2733,931654.4545178118,6848355.248492203,95.63400000000013,93.1392000000002,0.9739130434782617
3,2751,932725.6318672142,6849166.322288568,95.63400000000013,83.16746327421298,0.8696432573583962
3,2757,933966.3308532998,6849470.133543505,382.5360000000005,299.8216530968521,0.7837736921410056
3,2759,934763.6993735573,6849121.318455808,478.1699999999996,397.6460663710638,0.8315997790975262
3,2763,934847.0716137639,6849078.020493756,95.63400000000013,95.21820000000007,0.9956521739130428
3,2766,933033.5665044223,6847055.275051028,765.0720000000009,761.7456000000008,0.9956521739130433
3,2772,933276.8758109809,6847099.378991149,669.4379999999994,475.0777107662421,0.7096664825812734
3,2773,931085.8753360766,6848441.261920439,95.63400000000013,27.967749926660733,0.29244567754836875
3,2782,934586.3334531521,6849549.13800265,95.63400000000013,73.91019382361006,0.7728443213042429
3,2804,933108.6917934091,6848498.578453737,95.63400000000013,92.23150331855334,0.9644216839048164
3,2805,934698.8340462637,6847787.501964405,95.63400000000013,94.64647500000022,0.9896739130434793
3,2815,932258.5302353167,6848065.688463129,95.63400000000013,95.63400000000024,1.000000000000001
3,2828,933823.6704756235,6846626.130620549,95.63400000000013,95.21820000000017,0.9956521739130438
3,2829,934511.711178373,6849656.789802096,95.63400000000013,95.21820000000022,0.9956521739130445
3,2831,932834.2631588128,6845615.638849138,95.63400000000013,61.977744395177346,0.6480722796827202
3,2832,932222.5188881449,6848228.565027908,95.63400000000013,39.6881457225987,0.41500037353450286
3,2867,933938.5781766436,6849039.644582967,956.3399999999992,956.3399999999992,1.0
3,2887,933616.0310300704,6849507.580489291,95.63400000000013,95.21820000000012,0.9956521739130434
3,2894,931551.8116248717,6848211.751710637,95.63400000000013,57.26534439517738,0.5987969173638801
3,2900,934110.1617266283,6848776.536173536,478.1699999999996,239.17851098794358,0.5001955601312165
3,2907,935270.6874801514,6847941.287235863,95.63400000000013,95.63400000000013,1.0
3,2909,933417.651519094,6846385.800270402,95.63400000000013,95.63400000000013,1.0
3,2911,934647.5631821638,6847955.287977752,95.63400000000013,84.86871161493637,0.887432415405988
3,2912,932851.0469290006,6848640.907881066,191.26800000000026,190.43640000000025,0.9956521739130434
3,2913,934469.8863960137,6846883.017687561,191.26800000000026,190.43640000000025,0.9956521739130434
3,2917,932954.6814078767,6845878.852682536,95.63400000000013,94.64647500000022,0.9896739130434793
3,2919,933522.9092449782,6846206.409738901,95.63400000000013,93.34710000000013,0.9760869565217392
3,2930,934170.9875588336,6847316.382229542,19796.238000000012,7576.872470946208,0.38274304799458375
3,2940,934109.0032918499,6848525.174249901,286.90199999999993,138.832634690315,0.4839026381493159
3,2944,932596.9345451591,6848657.971359439,95.63400000000013,85.97411327421311,0.8989910834453541
3,2945,932360.9504937518,6849056.424959948,95.63400000000013,95.63400000000013,1.0
3,2949,933674.1037125748,6847490.616872921,5164.2360000000035,5141.7828000000045,0.9956521739130437
3,2956,934764.9410536659,6848946.117724834,95.63400000000013,80.56871327421304,0.8424693443149186
3,2967,932377.4521713901,6848997.563900442,95.63400000000013,57.26534439517738,0.5987969173638801
3,2974,935008.1288978191,6848023.676969793,1338.8759999999988,924.6006000000003,0.6905797101449284
3,2975,932748.2481239472,6849090.744064007,95.63400000000013,62.78215766939027,0.656483652983146
3,2981,931000.0429503515,6848417.224562477,95.63400000000013,27.054720000000007,0.2828985507246374
3,2998,933580.4949815979,6848994.802538438,286.90199999999993,285.6545999999999,0.9956521739130434
3,2999,933865.4411252944,6849365.182767268,95.63400000000013,75.78701327421304,0.7924693443149187
3,3005,932558.113478356,6849020.690788515,382.5360000000005,382.5360000000005,1.0
3,3009,932943.9644526445,6847201.310332103,95.63400000000013,27.276480000000006,0.28521739130434753
3,3010,934469.2988666979,6849213.242572014,669.4379999999994,666.5274000000006,0.9956521739130453
3,3011,931950.9900668641,6848840.864020167,1051.9740000000002,1014.1280047561288,0.9640238302050513
3,3024,935087.7188284715,6847685.164301794,95.63400000000013,44.72920530968516,0.4677123754071262
3,3035,932757.8124520397,6847034.292640529,478.1699999999996,366.4610663710641,0.7663823877931789
3,3037,934804.1614253182,6848962.162149551,95.63400000000013,68.37638884578024,0.7149799113890473
3,3038,933173.4725524306,6848594.391891371,95.63400000000013,95.21820000000024,0.9956521739130446
3,3046,933049.5437145783,6846586.842985544,286.90199999999993,286.902,1.0000000000000002
3,3048,931980.0334908093,6849693.61729619,5738.040000000007,5713.092000000007,0.9956521739130434
3,3052,935045.2539926738,6848014.818906238,191.26800000000026,98.90496000000003,0.5171014492753618
3,3060,933429.8069016155,6847282.780469898,382.5360000000005,380.8728000000005,0.9956521739130434
3,3071,932311.2617889594,6848221.656597645,95.63400000000013,37.85862572259869,0.3958699387518941
3,3083,933834.5509266643,6849458.143479521,95.63400000000013,95.21820000000012,0.9956521739130434
3,3084,933044.9843432135,6845746.11829151,95.63400000000013,95.21820000000012,0.9956521739130434
3,3089,932687.1986175409,6845828.151471858,19126.80000000001,17206.65616190843,0.899609770683461
3,3090,930984.0416091264,6848122.068487941,95.63400000000013,57.26534439517738,0.5987969173638801
3,3093,932892.5144818043,6848153.331548346,1243.2420000000016,1149.3716862823846,0.924495541722676
3,3096,933181.3689903846,6847454.546891024,95.63400000000013,61.977744395177346,0.6480722796827202
3,3111,934731.2800897987,6849427.91402658,95.63400000000013,51.6676368951774,0.5402643086682282
3,3130,933357.8288500422,6848583.6812801,95.63400000000013,95.63400000000013,1.0
3,3137,933667.9998555039,6849393.456705902,669.4379999999994,349.2720000000005,0.5217391304347838
3,3140,933936.2210248903,6849270.449769732,95.63400000000013,60.98868687300629,0.6377301678587762
3,3154,932680.0510835915,6848716.498791098,95.63400000000013,56.426814395177374,0.590028801421851
3,3158,932603.4845990295,6849499.970707498,95.63400000000013,62.40244020264522,0.6525131250668709
3,3160,933159.2459904756,6847556.811415642,573.8039999999999,493.77262964527597,0.8605248998704716
3,3180,931840.0364919496,6848481.373074683,95.63400000000013,95.21820000000027,0.995652173913045
3,3188,934248.338633034,6847654.755009873,382.5360000000005,293.874827223101,0.7682278980882862
3,3190,935061.0198491276,6848867.332437529,382.5360000000005,362.39870789109244,0.947358439182435
3,3197,934879.4848362653,6847908.905125476,382.5360000000005,170.36620797548846,0.44535993468716206
3,3209,933030.5802565513,6849324.936221368,95.63400000000013,92.72340000000018,0.969565217391305
3,3221,934982.7831308224,6847125.565978128,95.63400000000013,90.5996769727731,0.9473584391824349
3,3230,933207.1831924296,6845738.949504228,95.63400000000013,84.40093661493637,0.8825411110581619
3,3231,934131.7252728066,6846377.990411756,382.5360000000005,250.32470538312108,0.6543820853020912
3,3241,933734.4045626945,6846694.560679891,191.26800000000026,185.44680000000025,0.9695652173913044
3,3249,934458.0315872943,6848004.816827565,1147.6079999999997,1147.6079999999997,1.0
3,3257,932101.3959918823,6848104.564417385,95.63400000000013,62.78215766939027,0.656483652983146
3,3265,933532.3177711489,6847433.339234221,286.90199999999993,271.7990309183197,0.9473584391824379
3,3266,933232.1753877427,6849218.888269838,95.63400000000013,27.276480000000006,0.28521739130434753
3,3267,932950.8641946646,6848057.336110353,382.5360000000005,151.93744330330824,0.3971846919069265
3,3271,933197.3737451634,6849129.873875021,95.63400000000013,93.65240084898444,0.9792793446785067
3,3275,934089.1833912884,6848227.132253187,382.5360000000005,382.5360000000008,1.0000000000000007
3,3282,933883.7502949322,6846271.549668954,95.63400000000013,58.04157105445398,0.6069135564177375
3,3284,933645.1926943954,6849528.162162034,1147.6079999999997,504.37776990992523,0.43950353248663776
3,3301,933109.6749525459,6847040.411862122,95.63400000000013,66.90915000000004,0.6996376811594197
3,3308,933222.7069827308,6849373.442949225,95.63400000000013,64.10871939517737,0.6703548883783726
3,3313,932920.2532486931,6847578.21961663,95.63400000000013,27.96774992666079,0.2924456775483693
3,3318,932760.2618184794,6848848.038407102,95.63400000000013,95.2182000000002,0.9956521739130442
3,3320,933045.2982306379,6845854.056857573,95.63400000000013,81.40031327421296,0.8511649964888309
3,3328,932953.5902784644,6847817.191291811,95.63400000000013,46.82357582582704,0.4896122281388102
3,3337,933914.7939896334,6849495.017388902,95.63400000000013,95.21820000000011,0.9956521739130433
3,3339,934298.8101396739,6847652.166010731,573.8039999999999,262.1203200000003,0.45681159420289913
3,3340,932340.6961934872,6848548.889666506,95.63400000000013,91.95770165927682,0.9615586680393657
3,3346,933454.8117433606,6847771.921535234,382.5360000000005,318.32475309685185,0.8321432573583961
3,3356,932914.9467057909,6848253.138068367,95.63400000000013,45.57062302341576,0.476510686820751
3,3357,932693.4573041778,6849130.022978044,95.63400000000013,90.5996769727731,0.9473584391824349
3,3369,933090.5326518745,6846116.129314355,95.63400000000013,37.85862572259869,0.3958699387518941
3,3378,931696.1871895962,6848049.034365503,95.63400000000013,95.63400000000011,0.9999999999999999
3,3382,930969.1326032159,6849015.916222512,95.63400000000013,95.21820000000012,0.9956521739130434
3,3405,931508.3340447227,6848353.640708405,95.63400000000013,95.21820000000012,0.9956521739130434
3,3408,934513.7968462162,6847948.034210852,382.5360000000005,165.65472000000003,0.43304347826086903
3,3421,931632.0746740052,6848716.554849972,95.63400000000013,64.10871939517737,0.6703548883783726
3,3423,932826.6530698624,6845911.829827197,95.63400000000013,46.823575825827035,0.48961222813881017
3,3428,932337.8896686888,6847900.158708976,95.63400000000013,90.59967697277311,0.947358439182435
3,3429,933418.6933125727,6848665.157352179,191.26800000000026,189.18900000000025,0.9891304347826086
3,3447,933162.1044785219,6846684.22469924,286.90199999999993,193.62553318553213,0.6748838738856201
3,3448,933196.8276957653,6849158.596633975,20752.57799999998,17083.582340640103,0.8232028975214607
3,3449,933381.0130647938,6848088.87197537,3825.3599999999974,2165.8737758070965,0.5661882217117077
3,3451,933160.9136418282,6848676.530128162,1147.6079999999997,1135.1340000000123,0.9891304347826196
3,3457,933456.3651752224,6849176.670927228,573.8039999999999,543.5980618366378,0.9473584391824351
3,3471,932255.3246537161,6848666.568756543,95.63400000000013,95.01030000000013,0.9934782608695653
3,3472,934769.5591585055,6848936.769785999,95.63400000000013,95.21820000000007,0.9956521739130428
3,3473,934919.4272727272,6848924.193761141,95.63400000000013,95.2182000000002,0.9956521739130442
3,3475,933131.0898075884,6847176.397231024,95.63400000000013,63.22331893470078,0.6610966699573446
3,3479,932919.45134138,6845875.644784028,95.63400000000013,95.21820000000012,0.9956521739130434
3,3488,934381.0664416045,6848107.821392968,478.1699999999996,476.0909999999996,0.9956521739130435
3,3491,933535.7175819306,6849488.034626496,1530.1440000000018,1449.5948315643707,0.9473584391824358
3,3492,934675.6810709912,6846934.517346116,191.26800000000026,190.43640000000042,0.9956521739130443
3,3493,932436.9229368208,6847431.792940144,286.90199999999993,285.6545999999999,0.9956521739130434
3,3499,934123.7984950583,6846706.811903033,95.63400000000013,85.97411327421308,0.8989910834453538
3,3504,933140.7704660035,6847146.130810263,573.8039999999999,571.3091999999994,0.9956521739130426
3,3505,934283.9894236933,6849624.23397339,382.5360000000005,380.87280000000106,0.995652173913045
3,3511,931740.8743534344,6848813.335889188,95.63400000000013,62.78215766939027,0.656483652983146
3,3512,931756.8703232885,6848160.326152575,382.5360000000005,223.01841758070998,0.5829998159146059
3,3517,935152.8295970311,6846549.656556708,4016.6279999999974,2274.1674645974513,0.5661882217117076
3,3522,931011.4232523761,6849008.240413208,95.63400000000013,95.63400000000026,1.0000000000000013
3,3531,934351.3381318733,6848060.068803197,1051.9740000000002,729.2676110433692,0.6932372958299056
3,3533,934496.770216343,6846630.009770911,2486.4840000000036,2475.6732000000034,0.9956521739130434
3,3539,934524.4559875464,6848321.037714834,478.1699999999996,478.1699999999996,1.0
3,3540,932979.4196255435,6846475.273545639,95.63400000000013,94.03670165927683,0.9832977984741483
3,3541,934046.6924758845,6847402.096848875,95.63400000000013,75.78701327421304,0.7924693443149187
3,3542,933812.9697992915,6846615.180508737,95.63400000000013,45.57062302341576,0.476510686820751
3,3544,934218.6169073643,6846595.463498896,95.63400000000013,66.90915000000004,0.6996376811594197
3,3545,932081.0823280098,6848858.324612869,95.63400000000013,66.90915000000004,0.6996376811594197
3,3546,934907.2159709046,6846911.548626924,95.63400000000013,90.64440000000012,0.9478260869565217
3,3554,933049.4297193069,6845647.620193922,95.63400000000013,25.05888000000001,0.2620289855072461
3,3555,933236.2659956268,6848199.545599157,382.5360000000005,320.5559464597454,0.8379758936668575
3,3561,933923.6570998712,6848951.727470415,669.4379999999994,420.34803576624176,0.6279118241961796
3,3571,933802.6818073626,6847085.425155607,95.63400000000013,49.93758000000001,0.5221739130434777
3,3581,934360.9737945496,6846700.545963623,286.90199999999993,285.6545999999999,0.9956521739130434
3,3585,932852.0690821258,6849091.496876827,95.63400000000013,95.21820000000007,0.9956521739130428
3,3594,934398.7215651451,6847300.866565865,382.5360000000005,380.8728000000005,0.9956521739130434
3,3595,933292.7961439796,6848570.173755133,95.63400000000013,95.21820000000008,0.995652173913043
3,3597,932737.0952229168,6847714.113365347,95.63400000000013,95.21820000000008,0.995652173913043
3,3599,933149.9903720734,6847151.400086416,95.63400000000013,75.78701327421304,0.7924693443149187
3,3614,932012.1844376358,6848270.84772118,95.63400000000013,95.21820000000012,0.9956521739130434
3,3618,932806.2164886158,6846538.039988075,95.63400000000013,47.43341582582704,0.4959890397330131
3,3633,934163.9291258967,6846446.367351598,95.63400000000013,93.45105000000022,0.9771739130434792
3,3643,935272.7614041651,6847926.744899614,95.63400000000013,61.977744395177346,0.6480722796827202
3,3644,934415.8368432525,6847729.648506651,1051.9740000000002,657.0324133469522,0.6245709621596657
3,3648,933502.9898960805,6849024.681840701,2390.8500000000013,721.9119600000004,0.30194782608695653
3,3649,934127.181421306,6846589.627613392,382.5360000000005,351.3808530968519,0.9185563008366571
3,3654,933450.3736755265,6847364.58267207,286.90199999999993,285.65459999999996,0.9956521739130436
3,3655,933476.732924156,6846204.566715378,765.0720000000009,761.7456000000017,0.9956521739130445
3,3656,932888.4133002639,6846499.599057233,95.63400000000013,94.38660000000013,0.9869565217391305
3,3657,934311.3844453053,6847745.675093043,765.0720000000009,761.7456000000009,0.9956521739130434
3,3659,933833.0285931318,6848020.341927996,286.90199999999993,226.11363982263828,0.7881215182279605
3,3660,933724.3485816349,6849942.248057228,95.63400000000013,66.87450000000008,0.6992753623188405
3,3663,932430.8100968391,6849257.533740496,95.63400000000013,95.63400000000013,1.0
3,3673,933940.6442166923,6846169.365255107,478.1699999999996,476.0909999999995,0.9956521739130432
3,3676,932691.5839819267,6847728.055443812,95.63400000000013,95.21820000000012,0.9956521739130434
3,3685,935156.6565052232,6846981.409591642,765.0720000000009,458.1227551614189,0.59879691736388
3,3689,932846.8120907698,6847741.236409461,286.90199999999993,160.69417318553212,0.5601012651899678
3,3698,933928.4919071437,6846767.355765039,95.63400000000013,95.21820000000022,0.9956521739130445
3,3708,933474.593117562,6846307.145334223,95.63400000000013,95.2182000000002,0.9956521739130442
3,3723,934527.6731995646,6847975.977948878,95.63400000000013,95.63400000000011,0.9999999999999999
3,3727,932997.8373903161,6847396.467944797,573.8039999999999,571.3091999999998,0.9956521739130434
3,3729,932872.5172304763,6846400.151099049,95.63400000000013,95.21820000000012,0.9956521739130434
3,3731,932901.5392000685,6846476.85250942,95.63400000000013,95.21820000000012,0.9956521739130434
3,3741,933243.9993525164,6849677.280442782,95.63400000000013,58.04157105445398,0.6069135564177375
3,3744,932341.7903453063,6848002.773033147,191.26800000000026,123.95548879035469,0.6480722796827202
3,3761,933444.2040126913,6847418.508992265,191.26800000000026,151.67797654842587,0.7930128225757872
3,3762,932279.5831039717,6848555.029526093,95.63400000000013,83.16746327421298,0.8696432573583962
3,3767,933195.795523818,6847320.182440161,191.26800000000026,156.3103042399863,0.8172318643996177
3,3776,933161.3794582745,6847285.240911226,95.63400000000013,95.63400000000013,1.0
3,3780,932560.0121586453,6847591.871910926,382.5360000000005,380.8728000000013,0.9956521739130455
3,3797,934717.7342916959,6849053.281722192,382.5360000000005,380.8728000000005,0.9956521739130434
3,3804,932110.0432752873,6848937.32244041,95.63400000000013,95.21820000000022,0.9956521739130445
3,3811,933776.5406718854,6848890.225653404,765.0720000000009,706.0881061937047,0.9229041269236148
3,3821,931572.9479239767,6848282.303114035,95.63400000000013,95.21820000000012,0.9956521739130434
3,3823,932405.3584542188,6849347.166213853,765.0720000000009,761.7456000000006,0.9956521739130432
3,3825,935288.6000000001,6847277.95,95.63400000000013,90.5996769727731,0.9473584391824349
3,3834,934217.8225799891,6847850.804458992,286.90199999999993,160.69417318553212,0.5601012651899678
3,3837,933394.5542787665,6846581.815062854,95.63400000000013,49.59108000000001,0.5185507246376806
3,3839,933850.9652616823,6849200.300142374,382.5360000000005,130.39488000000014,0.3408695652173912
3,3840,934777.6225288104,6848228.240780718,286.90199999999993,263.5356398226384,0.9185563008366567
3,3842,935277.9881039662,6846599.554994655,95.63400000000013,85.10073329638315,0.889858557588128
3,3843,934449.1654962597,6848097.665683573,1434.5100000000018,1186.7011991131947,0.8272519530105703
3,3847,932910.7390108127,6847190.169400483,669.4379999999994,666.5273999999994,0.9956521739130434
3,3849,931212.9344113304,6847915.426831516,95.63400000000013,94.59450000000012,0.9891304347826086
3,3856,933598.2995934958,6846128.960365853,95.63400000000013,95.21820000000012,0.9956521739130434
3,3858,934107.1124953543,6849121.242295397,95.63400000000013,95.63400000000013,1.0
3,3860,932947.8099547762,6846192.836747188,95.63400000000013,95.63400000000013,1.0
3,3861,933904.6743906136,6849256.942495551,95.63400000000013,95.63400000000013,1.0
3,3863,933701.7216519319,6846226.789677472,95.63400000000013,43.598368270725864,0.4558877415012005
3,3865,933772.5033308029,6849225.011970352,382.5360000000005,380.87280000000055,0.9956521739130436
3,3873,934817.4113880974,6848981.461530548,95.63400000000013,95.21820000000012,0.9956521739130434
3,3874,931234.2953791309,6848009.97946585,95.63400000000013,57.26534439517738,0.5987969173638801
3,3877,933439.7223227485,6848154.224511753,95.63400000000013,94.02277500000025,0.9831521739130448
3,3889,932771.6177659628,6848691.798615639,191.26800000000026,190.43640000000013,0.9956521739130428
3,3892,933169.0745805743,6848104.207140761,573.8039999999999,519.586879645277,0.9055128225757875
3,3899,932837.6551992673,6847400.326568943,382.5360000000005,343.89645309685204,0.8989910834453531
3,3900,932977.6643055251,6846104.252008978,95.63400000000013,83.16746327421298,0.8696432573583962
3,3918,932884.1455697662,6845616.773313474,95.63400000000013,95.21820000000024,0.9956521739130446
3,3921,935315.6144511581,6846585.044662638,286.90199999999993,280.0413000000001,0.9760869565217397
3,3922,931387.6689872103,6848436.140941389,95.63400000000013,90.5996769727731,0.9473584391824349
3,3923,933026.0256850192,6848156.007797421,382.5360000000005,130.39488000000014,0.3408695652173912
3,3939,934174.7053203662,6848364.541332951,95.63400000000013,95.2182000000002,0.9956521739130442
3,3952,933586.2889571672,6849400.680219424,478.1699999999996,234.57249745067114,0.490562974361987
3,3963,932425.3127367996,6848085.672551391,95.63400000000013,95.21820000000012,0.9956521739130434
3,3965,933976.1421642962,6849184.375329431,956.3399999999992,682.3331327421283,0.7134838370685413
3,3976,935413.5870051992,6848085.138411324,95.63400000000013,79.63316327421296,0.8326867356192656
3,3985,933163.5293221035,6848430.091102514,95.63400000000013,95.21820000000014,0.9956521739130436
3,4001,933937.7588901795,6847322.69992256,478.1699999999996,476.0909999999996,0.9956521739130435
3,4004,933437.4205892913,6849136.483519537,382.5360000000005,124.27288330330822,0.3248658513272164
3,4007,935503.1822231436,6847787.361868228,286.90199999999993,250.23003982263873,0.8721794892424549
3,4009,935718.3624062408,6848947.02619262,191.26800000000026,123.95548879035469,0.6480722796827202
3,4011,932763.6543180101,6847181.530907039,95.63400000000013,95.21820000000012,0.9956521739130434
3,4027,932823.5612852525,6848305.796721133,95.63400000000013,95.21820000000021,0.9956521739130443
3,4031,933438.299369053,6848750.909499823,478.1699999999996,476.0909999999996,0.9956521739130435
3,4043,933980.6504966365,6849241.152497455,286.90199999999993,285.65459999999973,0.9956521739130428
3,4045,933176.8458989897,6847299.021590907,478.1699999999996,476.09099999999944,0.9956521739130431
3,4047,932014.3420732126,6848723.956369029,95.63400000000013,95.2182000000002,0.9956521739130442
3,4051,932460.7877922914,6848113.678896952,95.63400000000013,57.26534439517738,0.5987969173638801
3,4052,933538.0585991631,6849462.440111133,382.5360000000005,231.09395538312083,0.6041103461716558
3,4054,933054.1336213311,6845564.782146906,956.3399999999992,832.7141327421276,0.8707302138801349
3,4061,931539.8736187363,6848319.353807307,95.63400000000013,49.59108000000001,0.5185507246376806
3,4066,932797.7539617991,6847052.988796056,382.5360000000005,380.8728000000005,0.9956521739130434
3,4076,932931.7334359016,6848045.772245714,95.63400000000013,95.21820000000012,0.9956521739130434
3,4079,932755.8410543035,6849187.463673567,95.63400000000013,49.66037999999978,0.5192753623188376
3,4085,934694.3074562586,6848850.645359696,573.8039999999999,371.4506663710643,0.6473476420015621
3,4088,934359.8383421435,6847750.688520304,573.8039999999999,418.7981595122562,0.7298627397373603
3,4089,933882.3881043257,6847435.972226462,286.90199999999993,86.17764247748123,0.3003730977040287
3,4097,933856.2264524726,6846302.161062927,95.63400000000013,64.10871939517737,0.6703548883783726
3,4111,931659.6345146755,6848339.430057241,95.63400000000013,94.07475000000022,0.9836956521739141
3,4123,933834.1156596086,6846284.49589717,95.63400000000013,95.21820000000012,0.9956521739130434
3,4127,933881.684140691,6846492.300168492,478.1699999999996,376.91409411805,0.7882428720288815
3,4129,934108.8315992205,6847378.281686899,1243.2420000000016,403.8480617098452,0.32483463534038
3,4132,933729.2709171921,6846323.217030109,95.63400000000013,27.276480000000006,0.28521739130434753
3,4157,934223.0662326515,6847706.505437115,191.26800000000026,108.29368879035479,0.5661882217117064
3,4158,934715.3164514549,6849093.509166888,765.0720000000009,761.7456000000016,0.9956521739130443
3,4159,932558.4649461847,6848587.288021044,95.63400000000013,57.26534439517738,0.5987969173638801
3,4162,933986.1962906733,6849591.877016286,2582.1180000000018,2133.8822080711966,0.826407704090671
3,4173,933156.6520220682,6845659.383318992,95.63400000000013,95.21820000000018,0.9956521739130441
3,4199,934843.5699140464,6846569.725012059,191.26800000000026,190.4364000000004,0.9956521739130442
3,4208,934182.8449613198,6848009.994155987,860.706,830.425964933489,0.9648195376045816
3,4209,933909.9241867166,6848651.912046527,3155.922000000002,1595.341440000001,0.5055072463768117
3,4210,934512.4521424564,6847510.197657671,95.63400000000013,95.2182000000001,0.9956521739130432
3,4220,932999.050863917,6846207.238972266,765.0720000000009,579.7363807270948,0.7577540162587235
3,4232,931616.9332989382,6848688.221359473,95.63400000000013,57.26534439517738,0.5987969173638801
3,4233,933862.2053456843,6848907.518927004,95.63400000000013,95.21820000000012,0.9956521739130434
3,4254,933103.0880910406,6847214.566664913,95.63400000000013,95.2182000000002,0.9956521739130442
3,4256,935131.6915448905,6848848.003296928,382.5360000000005,272.46605538312093,0.7122625200846994
3,4258,934687.5242146167,6848808.481196061,95.63400000000013,83.16746327421298,0.8696432573583962
3,4275,934355.6905611741,6846718.168332342,95.63400000000013,86.02948661493646,0.8995700965654092
3,4276,933748.7331519593,6849834.726658766,95.63400000000013,83.68721327421311,0.8750780399670932
3,4285,933560.8815883835,6846850.124161596,95.63400000000013,45.57062302341576,0.476510686820751
3,4286,933334.7802740786,6847438.399425784,382.5360000000005,151.93744330330824,0.3971846919069265
3,4287,934246.8145666925,6846478.548673635,1243.2420000000016,452.61216000000013,0.3640579710144924
3,4293,933296.5407883215,6847765.377102107,573.8039999999999,571.3091999999998,0.9956521739130434
3,4309,934578.6919394347,6848222.1763506,478.1699999999996,366.4610663710641,0.7663823877931789
3,4317,933161.5315443084,6849362.819920282,191.26800000000026,190.4364000000004,0.9956521739130442
3,4321,932770.0777518353,6849137.549944258,95.63400000000013,74.95541327421294,0.7837736921410047
3,4323,932939.2311097126,6845707.792566953,95.63400000000013,48.36447000000008,0.5057246376811596
3,4324,933076.6514130065,6849433.224950629,95.63400000000013,48.74562000000002,0.5097101449275357
3,4330,933002.4203300137,6846530.704534084,95.63400000000013,58.04157105445398,0.6069135564177375
3,4338,933663.1190500818,6845984.237865989,191.26800000000026,166.3349265484261,0.869643257358397
3,4353,932471.9381705318,6848896.719249239,95.63400000000013,58.04157105445398,0.6069135564177375
3,4361,933876.475017953,6849410.879995251,1434.5100000000018,1101.779881799899,0.7680531204382665
3,4369,932492.3087528296,6848998.787449725,95.63400000000013,27.276480000000006,0.28521739130434753
3,4374,933208.0108413676,6845866.055062248,95.63400000000013,95.21820000000012,0.9956521739130434
3,4382,932839.9431173669,6846379.32053405,95.63400000000013,95.21820000000007,0.9956521739130428
3,4394,934888.798487575,6848268.072260047,765.0720000000009,375.5210477096706,0.49083099069064107
3,4399,933447.4051903822,6847287.767507125,765.0720000000009,765.0720000000006,0.9999999999999996
3,4410,932451.1213388182,6849367.889550674,765.0720000000009,761.7456000000016,0.9956521739130443
3,4411,931352.9138568937,6848607.405118445,2773.386000000001,2773.3860000000004,0.9999999999999999
3,4418,934187.577384819,6849322.106983039,478.1699999999996,476.09099999999944,0.9956521739130431
3,4427,934695.0179428688,6849278.323666255,95.63400000000013,83.88118661493637,0.8771063284494662
3,4439,933059.0100007717,6847968.927705327,95.63400000000013,49.93758000000001,0.5221739130434777
3,4442,933626.465799851,6849217.779646446,4781.7000000000035,2720.0158876998785,0.5688386740489526
3,4443,934774.1359741944,6847908.212206185,860.706,851.3505000000002,0.989130434782609
3,4471,935130.4346409056,6847536.454625294,95.63400000000013,45.57062302341576,0.476510686820751
3,4478,933514.9943772778,6846246.025755385,95.63400000000013,95.21820000000021,0.9956521739130443
3,4491,934373.8038927702,6847962.484064293,1147.6079999999997,834.7782061937029,0.7274070991084962
3,4496,933491.333416009,6847115.951092498,286.90199999999993,227.36103982263845,0.7924693443149177
3,4498,934223.7887091989,6849247.493180019,382.5360000000005,380.8728000000009,0.9956521739130445
3,4500,934530.542127347,6848098.192987867,382.5360000000005,380.872800000001,0.9956521739130447
3,4501,935420.08927731,6846618.151872048,765.0720000000009,761.7456000000016,0.9956521739130443
3,4506,933896.7066941538,6846112.271876108,95.63400000000013,57.26534439517738,0.5987969173638801
3,4520,933079.9750000001,6845894.98193399,478.1699999999996,476.0909999999995,0.9956521739130432
3,4550,933246.9648894015,6847765.479237638,382.5360000000005,380.87280000000084,0.9956521739130443
3,4555,932987.3610103042,6847376.601867722,765.0720000000009,724.7974157821847,0.9473584391824349
3,4562,931103.0871404595,6848414.452186662,95.63400000000013,37.85862572259869,0.3958699387518941
3,4574,935278.4950887525,6846772.644231097,191.26800000000026,142.3800043508371,0.7444005497565558
3,4579,933518.9723852767,6847411.9109011,765.0720000000009,466.6037419758866,0.6098821313234388
3,4583,932897.689501726,6847533.515045775,95.63400000000013,57.26534439517738,0.5987969173638801
3,4586,935402.9000743862,6846793.19874535,669.4379999999994,666.5274000000001,0.9956521739130444
3,4593,932465.372596957,6849029.544595784,95.63400000000013,27.054720000000007,0.2828985507246374
3,4594,931542.2040845321,6848299.948339548,95.63400000000013,94.13777805176578,0.9843547070264305
3,4595,932637.1901580176,6848176.622329328,95.63400000000013,64.10871939517737,0.6703548883783726
3,4599,934820.9946342953,6849062.000027484,95.63400000000013,94.07475000000022,0.9836956521739141
3,4625,933564.6216146372,6849419.083692776,286.90199999999993,285.65459999999996,0.9956521739130436
3,4633,933158.987394109,6848695.378961685,573.8039999999999,571.3091999999998,0.9956521739130434
3,4634,933526.00426123,6849195.747548181,1817.0460000000007,1626.3308706837902,0.8950411110581623
3,4636,933585.5108526815,6848669.583048099,382.5360000000005,221.03643758071016,0.5778186564943165
3,4639,931297.0161433134,6848149.072456758,95.63400000000013,44.72920530968516,0.4677123754071262
3,4650,933058.4722777351,6849340.18387992,95.63400000000013,93.98472665927689,0.9827543202132794
3,4654,933039.5031570662,6846507.865812038,95.63400000000013,95.02422665927686,0.9936238854306704
3,4655,933864.3024600805,6846763.766109526,95.63400000000013,94.5945000000002,0.9891304347826094
3,4658,933433.1741127755,6849263.301694997,95.63400000000013,95.63400000000013,1.0
3,4667,934782.0118954296,6848218.656078978,191.26800000000026,123.95548879035469,0.6480722796827202
3,4670,933556.9071390969,6848470.657215361,573.8039999999999,474.68047964527716,0.8272519530105703
3,4676,933375.1815187974,6847404.121907656,478.1699999999996,317.07859697588634,0.6631085115667787
3,4677,933763.0168587926,6846112.190194828,382.5360000000005,380.87280000000044,0.9956521739130433
3,4679,933896.6454949846,6848466.520521449,765.0720000000009,466.6037419758866,0.6098821313234388
3,4686,933122.0280024969,6846137.997734082,286.90199999999993,285.6546000000001,0.995652173913044
3,4689,935620.1510235113,6847696.130885374,9085.230000000005,7274.163276050232,0.8006581315002732
3,4690,933568.7075951332,6847394.089981016,95.63400000000013,83.16746327421298,0.8696432573583962
3,4696,932953.6114708777,6846379.886234948,286.90199999999993,138.832634690315,0.4839026381493159
3,4698,932060.7016223507,6848089.867387282,191.26800000000026,167.24262322987272,0.8743889371451183
3,4701,932889.8343392127,6846369.711506221,191.26800000000026,168.4621699113195,0.8807650517144493
3,4713,932639.5086671043,6848669.22477964,286.90199999999993,138.832634690315,0.4839026381493159
3,4723,933032.3693007246,6845586.706713768,478.1699999999996,289.791721975887,0.6060432941754758
3,4725,933543.6624678661,6846295.431159928,191.26800000000026,190.43640000000025,0.9956521739130434
3,4726,932106.07787377,6848969.378828894,95.63400000000013,95.21820000000012,0.9956521739130434
3,4733,933528.9739950979,6846880.889289217,191.26800000000026,186.85385663710682,0.9769216839048172
3,4734,934473.5023081516,6848089.285247386,286.90199999999993,280.5090749999999,0.9777173913043476
3,4737,934817.758107613,6848879.696918805,2582.1180000000018,883.3741422973303,0.34211222813881076
3,4738,932702.4908846566,6849042.083763535,95.63400000000013,83.16746327421298,0.8696432573583962
3,4755,934868.1229043126,6848797.196038309,191.26800000000026,114.55494379035473,0.5989237289580828
3,4759,932891.5850006872,6845622.052449514,95.63400000000013,95.21820000000012,0.9956521739130434
3,4772,934118.5939995414,6848569.971263579,478.1699999999996,317.0475000000001,0.6630434782608704
3,4781,933846.8049239201,6849819.522316729,478.1699999999996,476.09099999999967,0.9956521739130436
3,4793,934020.9689736258,6846283.44306959,382.5360000000005,380.8728000000005,0.9956521739130434
3,4794,934849.6014944039,6849125.310577543,95.63400000000013,37.35966572259869,0.3906525474475463
3,4800,932942.4421014294,6846638.761677137,95.63400000000013,95.2182000000002,0.9956521739130442
3,4810,932957.74002707,6847567.89965547,573.8039999999999,571.3091999999998,0.9956521739130434
3,4811,934120.0251625719,6848104.522944135,382.5360000000005,380.8728000000005,0.9956521739130434
3,4821,932449.1542795288,6848914.89783994,765.0720000000009,675.7347061937037,0.8832302138801353
3,4824,933354.8649427034,6848066.46254077,1147.6079999999997,620.8725600000001,0.5410144927536235
3,4827,932214.4819964349,6849515.797445038,95.63400000000013,64.10871939517737,0.6703548883783726
3,4831,933692.0112829452,6849660.678238651,382.5360000000005,382.5360000000005,1.0
3,4834,934124.170155307,6849307.198172067,191.26800000000026,181.19935394554622,0.947358439182435
3,4839,933618.3726244698,6846197.863658099,478.1699999999996,423.633566371064,0.8859476051844831
3,4841,933700.6770383447,6846976.413659892,286.90199999999993,279.1972167989081,0.9731448954657275
3,4849,932469.5290508756,6847790.042043754,3729.726,1639.2277522072554,0.4395035324866372
3,4851,933666.8227232537,6846439.017948717,95.63400000000013,95.63400000000013,1.0
3,4860,933052.7648914398,6845873.220013345,95.63400000000013,45.57062302341576,0.476510686820751
3,4863,934615.2813538025,6849524.40989037,95.63400000000013,46.82357582582704,0.4896122281388102
3,4864,933094.3606868526,6848734.137511605,95.63400000000013,44.46288000000001,0.46492753623188354
3,4865,932913.0752271119,6846221.899078999,191.26800000000026,114.55494379035473,0.5989237289580828
3,4879,933775.2349399119,6849980.128786437,191.26800000000026,114.55494379035473,0.5989237289580828
3,4881,932885.6944635669,6845845.601258191,95.63400000000013,83.84313827421325,0.8767084747497034
3,4887,932768.1863438654,6848640.767796473,95.63400000000013,95.21820000000012,0.9956521739130434
3,4893,933117.2737531386,6847247.534373808,382.5360000000005,330.5908530968524,0.8642084747497019
3,4900,934127.6568835238,6849194.069795121,286.90199999999993,285.6545999999999,0.9956521739130434
3,4920,933482.7681024118,6846485.547075463,95.63400000000013,95.21820000000012,0.9956521739130434
3,4932,931092.5238442116,6848307.145837029,478.1699999999996,476.0909999999996,0.9956521739130435
3,4935,932461.6092990123,6848253.753274865,95.63400000000013,54.92646939517739,0.5743403956247498
3,4942,932841.4955058609,6848644.728662183,286.90199999999993,274.59511991131916,0.9571042373748501
3,4943,934256.2897214432,6846417.892181716,95.63400000000013,90.64440000000012,0.9478260869565217
3,4944,934670.5421205952,6849516.740508446,478.1699999999996,476.0909999999996,0.9956521739130435
3,4947,934822.3635186439,6849175.619495189,95.63400000000013,66.87450000000008,0.6992753623188405
3,4952,932772.1248958521,6848983.387741435,95.63400000000013,66.87450000000008,0.6992753623188405
3,4954,932872.5258993166,6846602.888280198,95.63400000000013,85.97411327421297,0.8989910834453526
3,4972,931488.0785160422,6848080.196930864,95.63400000000013,95.63400000000011,0.9999999999999999
3,4982,933000.8208718342,6846071.156018994,95.63400000000013,95.63400000000013,1.0
3,4994,930965.4056950931,6848092.363295268,1530.1440000000018,1507.7601000000018,0.9853713768115941
3,4995,933252.4311616209,6845735.050449374,95.63400000000013,94.60842665927676,0.9892760593437129
3,4998,933480.4007131677,6849880.667816607,11380.446000000016,7324.681155526094,0.6436198682833769
3,5003,932812.0755671716,6847055.362285755,382.5360000000005,362.3987078910924,0.9473584391824349
3,5016,930831.4108460075,6848989.892761162,95.63400000000013,61.977744395177346,0.6480722796827202
3,5023,933042.7207280617,6847217.969197737,382.5360000000005,380.87280000000044,0.9956521739130433
3,5038,935043.0755419787,6848662.649934305,95.63400000000013,27.513095103228387,0.28769156474923513
3,5039,933492.993441739,6847559.913548236,9754.668000000003,9093.230011271988,0.9321926703473644
3,5041,933103.7233648461,6845803.278639278,95.63400000000013,86.54583827421305,0.9049693443149187
3,5053,930916.9122225976,6848395.576523601,95.63400000000013,27.276480000000006,0.28521739130434753
3,5059,933811.495826911,6850003.431563623,95.63400000000013,85.71050663710655,0.896234672157459
3,5060,931688.0866282325,6848469.345391722,95.63400000000013,85.10073329638315,0.889858557588128
3,5065,932741.1808926831,6849048.150910272,95.63400000000013,95.21820000000012,0.9956521739130434
3,5069,933026.3214729861,6848707.113090549,2199.582000000002,2190.0186000000026,0.9956521739130437
3,5071,933104.3782655828,6846688.011833785,95.63400000000013,83.88118661493637,0.8771063284494662
3,5072,934044.8270868696,6849472.999746598,286.90199999999993,286.90199999999993,1.0
3,5083,933803.9780728222,6846313.347958158,382.5360000000005,365.9040000000009,0.9565217391304359
3,5086,932579.4175586754,6847634.335242859,95.63400000000013,83.687213274213,0.8750780399670921
3,5087,933541.4764136748,6848534.111977984,95.63400000000013,95.21820000000007,0.9956521739130428
3,5088,932211.2448262511,6848237.155712581,95.63400000000013,95.21820000000008,0.995652173913043
3,5097,932508.1217063395,6847726.941996696,95.63400000000013,68.37638884578024,0.7149799113890473
3,5098,934780.2478792366,6847300.839340106,478.1699999999996,239.17851098794358,0.5001955601312165
3,5108,933100.1032269183,6847169.966899315,95.63400000000013,57.26534439517738,0.5987969173638801
3,5109,932622.307778072,6847824.575224487,573.8039999999999,219.83463371622182,0.38311798752922926
3,5114,935137.4266362678,6846186.76289124,95.63400000000013,94.02277500000022,0.9831521739130445
3,5116,934500.5504399807,6849199.163687231,95.63400000000013,80.56871327421304,0.8424693443149186
3,5125,932193.1092116751,6847887.949656979,95.63400000000013,27.276480000000006,0.28521739130434753
3,5126,933428.1848396481,6848673.517036389,478.1699999999996,433.9589330746808,0.9075411110581616
3,5127,935167.445077958,6847557.889598791,956.3399999999992,620.9901939517741,0.6493403956247513
3,5132,933810.868260613,6847285.952970535,382.5360000000005,124.34218330330802,0.32504701074750575
3,5134,935239.2476774177,6846622.367621746,95.63400000000013,90.5996769727731,0.9473584391824349
3,5146,935371.0642943742,6847676.194426831,95.63400000000013,90.5996769727731,0.9473584391824349
3,5148,933691.6670822041,6850037.551790582,95.63400000000013,95.21820000000012,0.9956521739130434
3,5152,932282.6400655495,6847978.054690478,95.63400000000013,83.16746327421298,0.8696432573583962
3,5153,932694.9064670046,6849508.984889697,95.63400000000013,95.21820000000012,0.9956521739130434
3,5155,932985.0176631497,6848037.578038298,191.26800000000026,190.43640000000025,0.9956521739130434
3,5157,931894.6983098185,6848159.670518425,95.63400000000013,64.10871939517737,0.6703548883783726
3,5167,931616.0622414594,6848618.720267571,95.63400000000013,95.63400000000011,0.9999999999999999
3,5169,934352.0837629318,6848087.358520077,573.8039999999999,272.76480000000026,0.4753623188405803
3,5170,934605.5337698926,6846699.866153962,95.63400000000013,95.21820000000012,0.9956521739130434
3,5171,933798.0598485774,6846097.704017585,765.0720000000009,702.7617061937037,0.9185563008366571
3,5180,932724.4742450688,6847131.481140455,95.63400000000013,83.97307577421222,0.8780671704018665
3,5181,934813.4262359722,6848930.269244769,95.63400000000013,95.2182000000001,0.9956521739130432
3,5184,931160.3805791652,6848280.148634824,95.63400000000013,80.56871327421304,0.8424693443149186
3,5193,934840.3857048579,6849375.145815041,95.63400000000013,90.59967697277311,0.947358439182435
3,5202,931210.9534207929,6849183.229048525,95.63400000000013,90.5996769727731,0.9473584391824349
3,5206,934397.1962861614,6847659.425018273,669.4379999999994,669.4379999999994,1.0
3,5207,934838.9140959542,6848417.560812746,286.90199999999993,285.03090000000003,0.9934782608695656
3,5213,933576.1431327388,6847816.116662793,9754.668000000003,9650.267550000006,0.9892973856209153
3,5215,933583.6031221265,6846924.920666667,95.63400000000013,91.10197997782994,0.9526107867267899
3,5219,932118.4533820798,6848121.703121834,95.63400000000013,95.21820000000015,0.9956521739130437
3,5220,933273.7257651081,6849467.100617834,95.63400000000013,95.21820000000022,0.9956521739130445
3,5230,935241.7010053347,6847407.185145273,95.63400000000013,93.37495331855334,0.9763782056439468
3,5239,934231.7774952798,6849185.13052255,765.0720000000009,761.7456000000009,0.9956521739130434
3,5240,933668.9917213931,6845953.538034825,191.26800000000026,190.43640000000025,0.9956521739130434
3,5246,934364.6981595092,6848081.231492843,382.5360000000005,247.13077529444033,0.6460327271013447
3,5250,932834.1936402399,6847040.484040443,95.63400000000013,45.57062302341576,0.476510686820751
3,5251,934691.5862089449,6849192.797586919,95.63400000000013,66.87450000000008,0.6992753623188405
3,5252,932811.6642108993,6846465.59494257,1051.9740000000002,618.4842883469514,0.5879273521464897
3,5270,933283.7778568271,6847724.839343501,2773.386000000001,1761.179987460145,0.635028801421852
3,5281,934586.2276046178,6847931.774807472,860.706,320.3208074324437,0.3721605373175552
3,5282,933440.3785495389,6845737.901649293,1338.8759999999988,903.585821532484,0.6748838738856211
3,5291,935178.5576157322,6848969.618518271,95.63400000000013,90.5996769727731,0.9473584391824349
3,5294,933670.7781079521,6847236.714408575,95.63400000000013,37.85862572259869,0.3958699387518941
3,5305,934506.3492217448,6846601.716861794,669.4379999999994,669.4379999999994,1.0
3,5306,933889.60634214,6846108.578253586,95.63400000000013,94.38660000000013,0.9869565217391305
3,5313,931244.8915090375,6848591.172756621,95.63400000000013,74.38663132361006,0.7778262053622139
3,5333,933551.8765753388,6846392.210657614,95.63400000000013,87.15561161493643,0.9113454588842494
3,5335,932861.150919225,6846306.88832543,95.63400000000013,64.10871939517737,0.6703548883783726
3,5344,933370.8107338913,6849097.280767266,382.5360000000005,151.93744330330824,0.3971846919069265
3,5346,934459.3100798144,6847545.848302132,478.1699999999996,433.9589330746807,0.9075411110581615
3,5347,932763.0411646587,6849069.415019169,95.63400000000013,75.78701327421304,0.7924693443149187
3,5350,933409.4027780357,6847378.748374966,191.26800000000026,190.43640000000025,0.9956521739130434
3,5367,934760.1941195566,6847663.296454567,956.3399999999992,383.8331551614193,0.4013563744708154
3,5370,931070.7229414356,6848415.084139147,95.63400000000013,57.26534439517738,0.5987969173638801
3,5376,935421.3053165795,6846561.371879298,669.4379999999994,322.8751611639105,0.4823077882700276
3,5379,933840.4191397643,6846528.372452661,765.0720000000009,547.565510766242,0.715704549070207
3,5381,933815.6367159992,6847421.499909571,286.90199999999993,153.00187318553213,0.5332896709870694
3,5383,935039.3460816998,6849071.663105261,765.0720000000009,765.0720000000007,0.9999999999999997
3,5389,933956.5453947368,6849252.234210527,286.90199999999993,166.01121568553214,0.57863387388562
3,5390,933124.9932665441,6848031.256518777,382.5360000000005,380.8728000000005,0.9956521739130434
3,5391,933662.6684442407,6849676.337924492,669.4379999999994,322.8751611639105,0.4823077882700276
3,5398,932246.8999999999,6849549.800000001,95.63400000000013,80.56871327421304,0.8424693443149186
3,5399,934399.1587957396,6846696.077691404,286.90199999999993,253.0886648226385,0.882143257358396
3,5401,932708.4304200698,6848651.706083235,95.63400000000013,47.43341582582704,0.4959890397330131
3,5404,933695.2758369843,6846985.064192223,478.1699999999996,476.0909999999996,0.9956521739130435
3,5406,934088.7772531814,6848038.724639863,669.4379999999994,420.3480357662419,0.6279118241961799
3,5408,935195.2776512941,6847529.7218525,382.5360000000005,247.21184749202882,0.646244660612409
3,5409,934282.4358056887,6848257.877543615,382.5360000000005,346.1833530968525,0.9049693443149195
3,5410,935453.5051942675,6847785.410158775,95.63400000000013,27.96774992666079,0.2924456775483693
3,5414,934093.4732145626,6848396.947967246,1625.7780000000016,879.5298703782375,0.5409901415680595
3,5417,933701.7807758906,6848802.045545565,95.63400000000013,95.2182000000002,0.9956521739130442
3,5418,933599.6836566238,6846076.838464713,95.63400000000013,75.78701327421304,0.7924693443149187
3,5432,932670.0388085674,6847433.404404284,478.1699999999996,401.7174413710676,0.8401142718511574
3,5437,933327.0068175935,6849347.849610969,95.63400000000013,73.91019382361006,0.7728443213042429
3,5452,931543.5313052717,6848239.603860976,95.63400000000013,95.21820000000012,0.9956521739130434
3,5453,933574.9225252009,6849279.126659832,95.63400000000013,95.21820000000012,0.9956521739130434
3,5454,933243.7154361933,6849226.609497777,1147.6079999999997,1142.6183999999996,0.9956521739130434
3,5457,933140.4945544387,6847580.098365318,860.706,546.5730995565968,0.6350288014218524
3,5458,933501.3725590811,6847701.488743602,286.90199999999993,263.5356398226384,0.9185563008366567
3,5463,933964.5764072146,6847240.958871,286.90199999999993,271.79903091831903,0.9473584391824355
3,5464,933086.3135279254,6847031.138590103,95.63400000000013,58.04157105445398,0.6069135564177375
3,5479,932536.0242424242,6848913.50909091,95.63400000000013,95.21820000000011,0.9956521739130433
3,5480,933695.4200586607,6847429.295410353,95.63400000000013,57.26534439517738,0.5987969173638801
3,5495,932678.1419523472,6848841.080043084,95.63400000000013,49.59108000000001,0.5185507246376806
3,5497,934046.70826686,6849383.186721456,573.8039999999999,543.5980618366381,0.9473584391824355
3,5500,932216.958568413,6849510.781980426,95.63400000000013,64.57649439517738,0.6752461927261988
3,5502,933411.3476394677,6849069.738324939,95.63400000000013,43.605550206456776,0.45596283964339795
3,5503,933326.3459570418,6849465.664629929,956.3399999999992,753.7121327421274,0.7881215182279608
3,5505,932511.846796136,6847491.310865453,95.63400000000013,57.26534439517738,0.5987969173638801
3,5506,931388.3488366269,6848253.116789937,95.63400000000013,80.72463827421296,0.8440997790975265
3,5522,932848.2395694692,6848657.49873464,286.90199999999993,158.14326659276614,0.5512100528848394
3,5527,935191.7127328009,6849002.279282778,6407.4780000000155,6026.785748552906,0.9405862569567763
3,5538,932851.0625360416,6846335.330029261,95.63400000000013,95.63400000000013,1.0
3,5548,933275.2883211052,6849597.725256359,286.90199999999993,251.06163982263863,0.8750780399670922
3,5550,933591.1307735499,6846955.928300147,95.63400000000013,49.59108000000001,0.5185507246376806
3,5555,932338.2141206411,6848066.190009497,478.1699999999996,310.06197197588517,0.648434598523298
3,5558,933469.1164243574,6846556.919642854,191.26800000000026,190.43640000000025,0.9956521739130434
3,5559,932912.5527851317,6847626.793125868,286.90199999999993,165.74740586463696,0.5777143619237126
3,5560,933567.5054890745,6846812.220694413,95.63400000000013,58.09677774698584,0.607490826975613
3,5562,932739.8576993248,6848815.144113087,1817.0460000000007,1809.1458000000018,0.9956521739130441
3,5564,934127.2314175868,6848355.993954343,382.5360000000005,267.3892530968516,0.6989910834453521
3,5577,934753.7474355389,6848448.89457758,9850.301999999996,8307.943362243921,0.8434201674470412
3,5580,933365.690739536,6846567.72819345,95.63400000000013,87.15561161493643,0.9113454588842494
3,5589,932963.5704415342,6845970.049401277,6598.746000000006,4276.464363267241,0.6480722796827212
3,5591,932620.8042736923,6847872.510806173,286.90199999999993,158.14326659276614,0.5512100528848394
3,5592,934020.66373057,6847257.790673576,95.63400000000013,94.94100000000005,0.992753623188405
3,5600,932739.6369568815,6848877.337928125,95.63400000000013,25.05888000000001,0.2620289855072461
3,5612,932758.9694264068,6847205.1705763,382.5360000000005,151.93744330330824,0.3971846919069265
3,5615,935349.7176469312,6848434.919826988,286.90199999999993,219.30591471178772,0.7643931192943506
3,5624,931593.1038265988,6847946.559917937,95.63400000000013,25.05888000000001,0.2620289855072461
3,5630,932213.0819405756,6849563.797400186,95.63400000000013,47.43341582582704,0.4959890397330131
3,5643,931073.8636709824,6848131.168955417,95.63400000000013,85.97411327421298,0.8989910834453527
3,5644,933081.1674405016,6848052.142911516,191.26800000000026,191.26800000000023,0.9999999999999999
3,5645,934272.7268675687,6848012.517170421,956.3399999999992,952.1819999999992,0.9956521739130435
3,5654,931387.3852049203,6848180.724935411,95.63400000000013,95.21820000000012,0.9956521739130434
3,5658,933873.553462279,6846528.107284602,191.26800000000026,150.74242654842587,0.7881215182279611
3,5661,933872.0782117076,6846142.933733884,95.63400000000013,95.21820000000012,0.9956521739130434
3,5672,933698.895515542,6848260.461155728,573.8039999999999,571.3091999999995,0.9956521739130428
3,5676,932884.6751581217,6847383.949553341,1338.8759999999988,1333.0547999999987,0.9956521739130434
3,5678,933191.0645209507,6848964.59346912,95.63400000000013,95.2182000000001,0.9956521739130432
3,5679,934301.0080952445,6847231.803100305,478.1699999999996,476.0909999999996,0.9956521739130435
3,5686,931592.0218681198,6848529.319085756,95.63400000000013,27.276480000000006,0.28521739130434753
3,5687,932368.6341372158,6848982.954579961,95.63400000000013,45.57062302341576,0.476510686820751
3,5703,931212.4015783307,6847986.967559668,95.63400000000013,95.63400000000013,1.0
3,5707,933416.2648615304,6847373.233852798,95.63400000000013,94.02277500000022,0.9831521739130445
3,5716,934193.428875457,6848011.001918276,765.0720000000009,545.6846879242249,0.7132461884949708
3,5721,934670.0557979485,6849138.278768991,286.90199999999993,286.9019999999999,0.9999999999999998
3,5723,932884.9634732428,6847066.709572648,95.63400000000013,95.21820000000011,0.9956521739130433
3,5732,933444.4495008476,6847235.424182833,860.706,856.9637999999997,0.9956521739130431
3,5743,933446.3816728734,6848141.379591536,573.8039999999999,364.3820663710641,0.6350288014218517
3,5746,935443.1115404497,6849025.799277675,478.1699999999996,397.6460663710638,0.8315997790975262
3,5760,932134.7298925556,6849021.169474291,95.63400000000013,95.21820000000012,0.9956521739130434
3,5788,933615.3037536817,6847407.283323059,478.1699999999996,478.1699999999996,1.0
3,5789,933456.0324145086,6848762.321108876,95.63400000000013,93.45105000000025,0.9771739130434796
3,5793,932982.2164030676,6846300.519015098,95.63400000000013,94.38660000000013,0.9869565217391305
3,5796,931569.086403392,6848653.17704486,286.90199999999993,286.9019999999999,0.9999999999999998
3,5804,932241.831860448,6849560.097121179,95.63400000000013,92.14147997782995,0.9634803519441811
3,5805,933017.3989527688,6847023.033169374,382.5360000000005,324.76965309685187,0.8489910834453527
3,5812,934449.3216732674,6847095.60093154,669.4379999999994,669.438,1.0000000000000009
3,5814,934862.0425199956,6848767.917183961,669.4379999999994,669.4380000000002,1.000000000000001
3,5817,931785.5608708946,6849392.765082962,95.63400000000013,95.21820000000012,0.9956521739130434
3,5819,933128.8141026678,6847072.921756859,765.0720000000009,761.7456000000009,0.9956521739130434
3,5822,933058.59562636,6846344.531633294,95.63400000000013,95.21820000000012,0.9956521739130434
3,5826,933434.6303145195,6847374.144949018,95.63400000000013,83.27141327421303,0.8707302138801359
3,5836,933628.7832463768,6845958.528231883,95.63400000000013,25.05888000000001,0.2620289855072461
3,5838,932731.9943913505,6847721.208995077,191.26800000000026,190.43640000000025,0.9956521739130434
3,5841,933114.2085234721,6845861.693548386,95.63400000000013,62.78215766939027,0.656483652983146
3,5843,933103.9449121306,6848975.332441404,191.26800000000026,190.43640000000022,0.9956521739130433
3,5847,932710.7314420369,6847555.819757099,286.90199999999993,248.25498982263852,0.8652954312714397
3,5849,933893.322917848,6848732.867447868,765.0720000000009,758.8696500000011,0.9918931159420292
3,5850,933762.4471617483,6849117.052671231,95.63400000000013,94.60842665927673,0.9892760593437125
3,5853,933801.636587091,6849081.96158267,191.26800000000026,190.43640000000025,0.9956521739130434
3,5856,933019.8977825119,6845987.348287687,286.90199999999993,138.832634690315,0.4839026381493159
3,5858,931424.985149092,6848652.671905714,95.63400000000013,47.43341582582704,0.4959890397330131
3,5868,933491.7165691103,6848968.329666113,669.4379999999994,475.0777107662421,0.7096664825812734
3,5886,932724.9142069789,6849643.852351146,191.26800000000026,50.117760000012545,0.26202898550731163
3,5901,932758.8402870906,6848633.316173784,1147.6079999999997,1142.6183999999996,0.9956521739130434
3,5902,931420.3076739926,6848651.581619048,95.63400000000013,95.63400000000013,1.0
3,5904,933140.5027361823,6848610.826678046,95.63400000000013,46.82357582582704,0.4896122281388102
3,5906,931552.9992930943,6848541.332441544,95.63400000000013,64.10871939517737,0.6703548883783726
3,5911,931465.4920821639,6848440.624755977,95.63400000000013,95.2182000000001,0.9956521739130432
3,5917,932917.4441256544,6846040.102778359,95.63400000000013,85.97411327421301,0.8989910834453531
3,5923,933879.3999999999,6846685.7,95.63400000000013,95.63400000000013,1.0
3,5927,933408.4555396711,6846310.51358113,382.5360000000005,230.9324775807094,0.6036882217117058
3,5930,935143.1260724707,6848805.336730148,95.63400000000013,66.87450000000008,0.6992753623188405
3,5932,933705.0502914005,6846966.399875774,286.90199999999993,285.6545999999999,0.9956521739130434
3,5934,931210.4626016261,6848191.994715446,95.63400000000013,95.21820000000008,0.995652173913043
3,5940,933690.8571549249,6846927.217283323,95.63400000000013,57.26534439517738,0.5987969173638801
3,5944,932923.4542739961,6846297.371801699,765.0720000000009,706.0881061937047,0.9229041269236148
3,5945,934333.625532863,6847217.278344205,573.8039999999999,280.74816000000027,0.48927536231884117
3,5951,931493.9239163531,6848135.738932922,95.63400000000013,95.63400000000013,1.0
3,5952,933165.8833926383,6848825.09293678,478.1699999999996,478.16999999999956,0.9999999999999999
3,5970,933997.3522433387,6847087.731109138,95.63400000000013,64.10871939517737,0.6703548883783726
3,5974,931557.385310254,6848528.886641939,95.63400000000013,95.2182000000002,0.9956521739130442
3,5975,934544.4533017157,6846796.898058158,7555.086000000009,7522.23780000001,0.9956521739130435
3,5983,933974.5233297069,6847467.471065921,95.63400000000013,95.21820000000007,0.9956521739130428
3,5998,933525.3988074878,6848608.736287296,95.63400000000013,93.98472665927673,0.9827543202132778
3,6001,933579.7633020757,6848487.785829167,2869.0200000000036,1074.666024774812,0.37457599625475274
3,6004,934627.0408349927,6847065.03109651,95.63400000000013,57.26534439517738,0.5987969173638801
3,6006,931623.421058772,6848117.380073891,95.63400000000013,58.04157105445398,0.6069135564177375
3,6013,934897.4902508961,6848799.851533254,95.63400000000013,95.21820000000012,0.9956521739130434
3,6018,933049.4513632366,6846691.832571094,95.63400000000013,27.96961006655875,0.2924651281611008
3,6019,931059.0028700907,6848495.219680622,95.63400000000013,28.42984530968515,0.2972775927984306
3,6022,933678.4252565799,6846482.522588149,95.63400000000013,93.45105000000022,0.9771739130434792
3,6028,934105.6549333486,6847985.334208728,191.26800000000026,190.43640000000025,0.9956521739130434
3,6029,933857.6345606716,6846978.455617946,95.63400000000013,95.21820000000012,0.9956521739130434
3,6040,933985.5081204978,6849390.930713818,191.26800000000026,190.4364000000004,0.9956521739130442
3,6042,931298.4736924276,6848167.139838668,95.63400000000013,58.04157105445398,0.6069135564177375
3,6043,932997.2258177706,6848227.900829912,5833.674000000001,5808.310200000002,0.9956521739130436
3,6048,931162.0834444556,6848445.465488767,95.63400000000013,93.98472665927673,0.9827543202132778
3,6052,934940.6682251373,6847376.173166435,669.4379999999994,669.4379999999994,1.0
3,6056,933780.2140653478,6849182.519391537,765.0720000000009,382.1453382662339,0.4994893791254071
3,6068,935333.6974720057,6848013.600434445,382.5360000000005,382.53600000000057,1.0000000000000002
3,6069,933125.2765988812,6848906.966098658,95.63400000000013,95.21820000000017,0.9956521739130438
3,6070,931481.3806381179,6849345.31458703,95.63400000000013,95.21820000000017,0.9956521739130438
3,6079,932965.1742108691,6849022.323459368,382.5360000000005,242.92137758070942,0.6350288014218507
3,6080,934534.2685201588,6847248.168345008,7268.184000000005,4419.854949033485,0.6081099417727293
3,6083,934286.1019822555,6848247.869269709,669.4379999999994,475.0777107662421,0.7096664825812734
3,6086,933290.2075972194,6847819.934807199,286.90199999999993,285.65459999999985,0.9956521739130432
3,6092,934899.4096826287,6848876.701129289,95.63400000000013,94.38660000000013,0.9869565217391305
3,6099,933494.6745801778,6849753.642061245,191.26800000000026,190.4364000000002,0.9956521739130432
3,6105,933451.3382194007,6849536.417921248,669.4379999999994,349.2720000000005,0.5217391304347838
3,6106,932345.7781416962,6848871.657092546,95.63400000000013,37.400250619370304,0.39107692472729627
3,6107,935111.7985318919,6847598.131176063,478.1699999999996,478.16999999999956,0.9999999999999999
3,6109,932588.6866373146,6849524.730710735,95.63400000000013,95.21820000000021,0.9956521739130443
3,6111,932871.725607688,6848178.939363106,95.63400000000013,66.90915000000004,0.6996376811594197
3,6114,933899.7543292257,6849846.228999622,95.63400000000013,68.37638884578024,0.7149799113890473
3,6122,934492.9945794576,6846592.146107893,286.90199999999993,263.5356398226384,0.9185563008366567
3,6149,933150.7387315091,6847177.653588529,95.63400000000013,95.21820000000017,0.9956521739130438
3,6155,934283.1131149273,6846520.813412752,95.63400000000013,95.63400000000013,1.0
3,6161,933899.8576530612,6849275.605850338,382.5360000000005,316.45365309685184,0.82725195301057
3,6181,933061.1855694099,6848255.841064006,95.63400000000013,90.59967697277312,0.9473584391824351
3,6183,933655.3250893265,6847434.802916911,382.5360000000005,380.8728000000005,0.9956521739130434
3,6184,935381.0720622354,6848043.376629816,95.63400000000013,91.60780331855334,0.9578999447743817
3,6186,933486.3241134753,6848208.416668955,95.63400000000013,95.63400000000017,1.0000000000000004
3,6188,934563.7075133874,6848570.070742209,860.706,449.06400000000036,0.521739130434783
3,6210,931973.5597113997,6848700.824005771,95.63400000000013,66.90915000000004,0.6996376811594197
3,6212,934227.3905616207,6846643.478828547,95.63400000000013,27.276480000000006,0.28521739130434753
3,6214,934275.8314519902,6849219.301600438,191.26800000000026,158.22682654842603,0.8272519530105706
3,6227,932919.2701308992,6848238.05514807,573.8039999999999,461.98125464526686,0.805120310498475
3,6229,934029.1213353548,6848346.549790421,382.5360000000005,316.45365309685184,0.82725195301057
3,6233,932270.3318938753,6849549.547155357,95.63400000000013,95.63400000000013,1.0
3,6240,932991.4608619023,6846143.368065268,191.26800000000026,191.26800000000026,1.0
3,6244,932294.4827730118,6848578.59853157,95.63400000000013,93.13920000000013,0.9739130434782609
3,6254,933866.8796384634,6847507.112463386,382.5360000000005,380.8728000000005,0.9956521739130434
3,6263,933509.8850767995,6848796.626786365,478.1699999999996,476.09099999999955,0.9956521739130434
3,6272,932128.0257044095,6848739.481804623,1051.9740000000002,921.9314860163415,0.8763823877931787
3,6275,933735.4613282373,6846962.289446429,765.0720000000009,761.7456000000016,0.9956521739130443
3,6280,933530.6183558748,6846078.008053653,669.4379999999994,475.0777107662421,0.7096664825812734
3,6282,933668.8896612633,6846794.1787261,286.90199999999993,251.06163982263854,0.8750780399670919
3,6287,934375.0572510493,6848203.28068825,191.26800000000026,109.35018049397173,0.5717118414683668
3,6295,933693.4130022795,6848986.959626654,286.90199999999993,167.3175206855321,0.5831870139822383
3,6299,935232.028883565,6846561.359070436,573.8039999999999,373.3044413710643,0.6505783183300646
3,6301,933073.5929935235,6847050.956693161,286.90199999999993,285.47010339465743,0.9950091090151254
3,6315,935307.3909015042,6847557.888425209,4207.896000000001,2519.5192283878055,0.5987598620279125
3,6318,932952.2656191771,6847424.726534804,95.63400000000013,83.16746327421298,0.8696432573583962
3,6320,934960.7367099591,6849038.603916625,95.63400000000013,83.16746327421298,0.8696432573583962
3,6329,931469.8309066801,6849369.496446234,95.63400000000013,83.68721327421308,0.875078039967093
3,6332,934140.2102104366,6846346.045158163,669.4379999999994,495.38489918767453,0.7400011639430014
3,6335,932781.1425941166,6848694.264892343,95.63400000000013,95.21820000000038,0.9956521739130462
3,6345,933335.3567001898,6847651.279026594,573.8039999999999,573.8039999999999,1.0
3,6346,933570.3440752587,6846895.074151272,382.5360000000005,130.39488000000014,0.3408695652173912
3,6351,934686.5063761343,6848834.298915762,382.5360000000005,382.5360000000005,1.0
3,6363,933279.8825424595,6849654.720825134,95.63400000000013,84.25893827421298,0.8810563008366571
3,6365,935301.2648187785,6848511.340898157,382.5360000000005,229.06137758070952,0.5987969173638801
3,6387,933002.2545978574,6845597.455279916,95.63400000000013,66.90915000000004,0.6996376811594197
3,6396,934219.5605775184,6847906.661568057,382.5360000000005,376.146806637107,0.9832977984741474
3,6399,933246.3,6845841.25,95.63400000000013,95.21820000000021,0.9956521739130443
3,6403,934012.3161739131,6849175.675478261,95.63400000000013,90.5996769727731,0.9473584391824349
3,6406,933001.9296693858,6845562.334615143,1147.6079999999997,954.3505592905543,0.8315997790975268
3,6408,935015.5718700814,6848749.891143224,286.90199999999993,263.5356398226384,0.9185563008366567
3,6409,933839.074847515,6847002.055027477,95.63400000000013,85.10073329638315,0.889858557588128
3,6432,933435.0553363682,6847265.928603945,478.1699999999996,235.55175799509038,0.4926109082441194
3,6433,934451.2333374373,6846749.590221887,860.706,428.0170069890402,0.4972859570968951
3,6434,933854.2412037265,6846661.454123635,191.26800000000026,158.22682654842606,0.8272519530105708
3,6446,933040.7048794649,6846170.583299255,286.90199999999993,285.6545999999999,0.9956521739130434
3,6448,934316.6787169485,6846484.824794105,95.63400000000013,64.10871939517737,0.6703548883783726
3,6449,935143.3438872882,6847040.927819312,191.26800000000026,190.43640000000025,0.9956521739130434
3,6452,933705.8051787235,6845971.406808041,95.63400000000013,95.63400000000011,0.9999999999999999
3,6454,932950.4264683077,6848888.624733624,1243.2420000000016,1243.2420000000018,1.0000000000000002
3,6456,933202.1418940984,6848234.529947683,382.5360000000005,382.5360000000006,1.0000000000000002
3,6460,934911.0298388692,6847000.244226968,286.90199999999993,226.11363982263862,0.7881215182279617
3,6466,932965.7294848573,6846269.210401373,95.63400000000013,95.63400000000011,0.9999999999999999
3,6471,931731.4829065069,6848674.702917014,191.26800000000026,187.9973066371068,0.9828999447743823
3,6474,933727.2522423044,6846993.878951887,1051.9740000000002,1047.4001999999998,0.9956521739130432
3,6480,934178.1717717717,6847262.673142708,382.5360000000005,380.87280000000106,0.995652173913045
3,6500,931385.1796321841,6848619.52954023,95.63400000000013,95.2182000000002,0.9956521739130442
3,6510,933949.3725285209,6849453.247300288,286.90199999999993,247.9431398226386,0.8642084747497009
3,6511,934828.3128997213,6849171.465197676,95.63400000000013,94.60842665927689,0.9892760593437142
3,6522,933998.5046981863,6849870.215371429,286.90199999999993,285.6545999999999,0.9956521739130434
3,6525,933719.3415132306,6846421.40037535,95.63400000000013,95.21820000000034,0.9956521739130456
3,6526,932838.709477161,6849119.621753492,95.63400000000013,45.57062302341576,0.476510686820751
3,6527,933358.0624526951,6846581.632463946,95.63400000000013,64.10871939517737,0.6703548883783726
3,6531,933157.8291146972,6847083.249240128,95.63400000000013,46.82357582582704,0.4896122281388102
3,6534,933793.5983591273,6846363.759637019,478.1699999999996,449.2032665927656,0.9394216839048162
3,6548,934523.746931953,6847589.964032345,4781.7000000000035,3984.274238710646,0.8332338370685411
3,6549,933110.8638473084,6847137.840951686,95.63400000000013,49.48020000000015,0.517391304347827
3,6557,933157.3441708344,6845790.211036353,1912.6799999999985,1600.9792654842554,0.837034561706222
3,6560,934616.984738774,6849087.311035685,95.63400000000013,95.21820000000012,0.9956521739130434
3,6561,934022.8377868248,6846747.334554651,478.1699999999996,476.0909999999996,0.9956521739130435
3,6563,933123.1865806777,6846222.395492885,95.63400000000013,95.21820000000012,0.9956521739130434
3,6565,933281.4369228928,6849534.968551151,95.63400000000013,57.26534439517738,0.5987969173638801
3,6579,934504.8330871024,6847875.857259229,860.706,856.9637999999995,0.995652173913043
3,6586,934242.588932675,6847720.181085999,478.1699999999996,423.633566371064,0.8859476051844831
3,6590,933065.7492157589,6845662.312523156,95.63400000000013,95.21820000000022,0.9956521739130445
3,6596,933001.7177964004,6846018.523850524,2008.3139999999987,1999.5821999999987,0.9956521739130435
3,6605,933043.5159946238,6847436.858485662,95.63400000000013,64.10871939517737,0.6703548883783726
3,6608,933240.2277989681,6847413.13972029,95.63400000000013,57.26534439517738,0.5987969173638801
3,6611,931039.8684725357,6848147.109029345,95.63400000000013,80.72463827421296,0.8440997790975265
3,6617,934208.7361021435,6847129.418883487,286.90199999999993,285.6545999999999,0.9956521739130434
3,6633,933149.1491426929,6849051.067750515,1721.4119999999998,1713.9275999999998,0.9956521739130435
3,6635,932925.8086074952,6848312.517148165,669.4379999999994,666.5273999999994,0.9956521739130434
3,6641,935258.9996562648,6847177.00802829,382.5360000000005,171.8412671496626,0.44921593562347695
3,6643,932546.3608217592,6849087.456539351,95.63400000000013,95.2182000000003,0.9956521739130452
3,6655,932819.5316208268,6849365.742449403,191.26800000000026,190.43640000000025,0.9956521739130434
3,6656,933091.720083536,6848620.572153076,956.3399999999992,832.7141327421276,0.8707302138801349
3,6661,931428.6276969735,6848021.054328635,191.26800000000026,158.26214314119196,0.8274365975552196
3,6662,934048.1758727882,6848497.687125094,669.4379999999994,534.1473429194903,0.7979041269236146
3,6664,932528.0892304826,6848058.09562139,286.90199999999993,278.1702000000001,0.9695652173913049
3,6665,934304.8870819428,6846478.144634779,95.63400000000013,94.59450000000011,0.9891304347826085
3,6666,934050.4078345363,6848638.829700521,956.3399999999992,945.2391689482864,0.9883923802709154
3,6667,932701.8654552494,6847734.643245934,191.26800000000026,185.44680000000025,0.9695652173913044
3,6678,933100.0981413772,6846174.517535039,286.90199999999993,207.6811730081708,0.7238749573309731
3,6681,934008.3250371189,6848635.421730069,286.90199999999993,285.65459999999996,0.9956521739130436
3,6682,932685.165799722,6847656.72978365,573.8039999999999,571.3091999999998,0.9956521739130434
3,6683,933130.0448697095,6847281.762732541,95.63400000000013,95.2182000000002,0.9956521739130442
3,6692,933986.5318636164,6846750.590648472,95.63400000000013,95.21820000000012,0.9956521739130434
3,6698,933435.792001201,6848549.100044604,95.63400000000013,27.276480000000006,0.28521739130434753
3,6706,931084.6258892306,6848130.906039555,95.63400000000013,95.2182000000002,0.9956521739130442
3,6707,934022.1932843138,6849492.239544818,382.5360000000005,380.872800000001,0.9956521739130447
3,6718,933169.2654154476,6845537.702644828,4112.261999999999,3895.78610982924,0.9473584391824357
3,6743,933263.0284647145,6849536.433528916,95.63400000000013,93.1392000000002,0.9739130434782617
3,6746,933338.7175620955,6849481.43947796,956.3399999999992,533.3811339270933,0.5577316999467696
3,6749,932598.7166413182,6845822.72210811,191.26800000000026,190.43640000000025,0.9956521739130434
3,6752,933155.5815263413,6846202.153650277,95.63400000000013,95.63400000000013,1.0
3,6753,935224.4982829819,6846914.921703011,95.63400000000013,83.27141327421297,0.8707302138801354
3,6765,931595.4157212607,6848344.918707553,95.63400000000013,95.21820000000012,0.9956521739130434
3,6770,935535.5892017501,6846459.174949478,191.26800000000026,189.29295000000045,0.9896739130434793
3,6771,933701.0470321462,6846389.577126407,95.63400000000013,95.21820000000012,0.9956521739130434
3,6776,934752.8242465911,6849447.785493298,95.63400000000013,83.16746327421298,0.8696432573583962
3,6781,931813.8032149015,6848758.710840367,95.63400000000013,39.556475722596666,0.4136235619402787
3,6788,934884.880021952,6847773.25128084,95.63400000000013,95.21820000000012,0.9956521739130434
3,6797,933764.1517397589,6846643.638782329,95.63400000000013,38.35758572259869,0.4010873300562419
3,6806,931665.6268825568,6848321.235769392,95.63400000000013,92.78930165927672,0.9702543202132776
3,6808,933919.5234054702,6846389.242056376,478.1699999999996,182.9918041291355,0.3826919382837393
3,6815,935103.8061993435,6848606.61529212,8607.060000000005,5465.730995565964,0.6350288014218515
3,6817,931309.2524208266,6848292.589788512,382.5360000000005,331.4275756637557,0.8663957788646174
3,6820,933759.4096831179,6846222.6180965,95.63400000000013,95.21820000000012,0.9956521739130434
3,6829,933893.2394971984,6846593.217219446,286.90199999999993,247.9431398226386,0.8642084747497009
3,6837,933250.5436277493,6849228.294987027,95.63400000000013,94.60842665927684,0.9892760593437138
3,6844,931025.897341728,6848140.918380554,95.63400000000013,61.977744395177346,0.6480722796827202
3,6846,934477.1508505408,6846799.975496573,95.63400000000013,95.21820000000012,0.9956521739130434
3,6849,933007.8374810114,6847615.170892217,95.63400000000013,37.85862572259869,0.3958699387518941
3,6861,934590.4664508252,6847775.357150018,573.8039999999999,366.4610663710643,0.6386519898276491
3,6870,934364.510273029,6848060.352744643,669.4379999999994,666.5274000000006,0.9956521739130453
3,6876,933358.8401548715,6846469.963425346,95.63400000000013,47.43341582582704,0.4959890397330131
3,6877,932169.666679002,6848120.309888422,95.63400000000013,46.823575825827035,0.48961222813881017
3,6882,932004.5173808351,6848686.284545505,95.63400000000013,58.04157105445398,0.6069135564177375
3,6884,935512.5592425808,6847783.955677517,95.63400000000013,46.82357582582704,0.4896122281388102
3,6885,934043.0528542092,6848624.178247774,382.5360000000005,380.8728000000005,0.9956521739130434
3,6886,932526.1207252719,6847207.32584846,669.4379999999994,666.5274000000004,0.995652173913045
3,6893,934447.1822135358,6846772.991579802,382.5360000000005,380.87280000000084,0.9956521739130443
3,6895,934759.1465624191,6848320.685585006,191.26800000000026,190.4364000000004,0.9956521739130442
3,6899,935049.166825543,6847643.84980103,3729.726,1986.4844999999998,0.5326086956521738
3,6917,932246.0140061565,6849019.068293756,95.63400000000013,93.76290000000013,0.9804347826086957
3,6925,932604.0239725816,6847891.254850967,95.63400000000013,27.276480000000006,0.28521739130434753
3,6927,933068.0651623281,6847972.966761279,95.63400000000013,83.16746327421298,0.8696432573583962
3,6929,932354.7317858372,6848084.284554136,95.63400000000013,61.977744395177346,0.6480722796827202
3,6931,934458.1042204817,6849233.476438074,478.1699999999996,476.09099999999944,0.9956521739130431
3,6938,933121.4146890449,6848097.504553734,95.63400000000013,95.21820000000022,0.9956521739130445
3,6939,933875.3212383471,6846288.453472945,765.0720000000009,576.3585061937031,0.7533389095323085
3,6944,932995.8659464187,6848445.096577559,286.90199999999993,207.6811730081708,0.7238749573309731
3,6945,932559.7426821194,6847680.562356512,478.1699999999996,476.0909999999996,0.9956521739130435
3,6947,932948.3551228007,6849373.104482574,95.63400000000013,36.90129061937031,0.3858595334229485
3,6950,934222.965014302,6847798.515555726,765.0720000000009,401.37532883877196,0.5246242560684112
3,6951,933940.0689274684,6847204.127933196,286.90199999999993,158.14326659276614,0.5512100528848394
3,6952,933436.7775390883,6848349.129789121,95.63400000000013,57.26534439517738,0.5987969173638801
3,6966,931421.330103748,6848003.213149828,95.63400000000013,95.63400000000011,0.9999999999999999
3,6967,933338.1946258262,6848272.611512127,95.63400000000013,64.10871939517737,0.6703548883783726
3,6970,932559.6541933386,6847959.099863157,95.63400000000013,95.63400000000026,1.0000000000000013
3,6972,932982.5241114312,6848177.027761767,95.63400000000013,95.21820000000012,0.9956521739130434
3,6975,933855.6108843538,6849008.080456183,573.8039999999999,411.4949979183593,0.717135115681242
3,6980,934460.2729048119,6848074.945641982,573.8039999999999,573.8039999999999,1.0
3,6982,934054.8616417609,6848405.573936456,286.90199999999993,285.6545999999999,0.9956521739130434
3,7023,934878.1594623458,6847924.559675164,860.706,726.2019633087177,0.8437282455434465
3,7050,931815.0452031238,6848811.106971413,286.90199999999993,286.90199999999993,1.0
3,7060,932948.7569168821,6848170.667644519,95.63400000000013,90.59967697277312,0.9473584391824351
3,7065,931343.4658147945,6848258.015493044,286.90199999999993,285.6546,0.9956521739130437
3,7077,931286.6626177025,6848440.804977133,95.63400000000013,95.21820000000012,0.9956521739130434
3,7078,933357.3813896409,6849694.307994808,95.63400000000013,95.21820000000012,0.9956521739130434
3,7098,934050.7605411013,6849365.527042871,286.90199999999993,218.94108982263853,0.7631215182279614
3,7106,932721.3847057547,6847589.42608469,478.1699999999996,476.0909999999996,0.9956521739130435
3,7110,933509.3949238706,6849343.200602847,860.706,856.9638,0.9956521739130435
3,7119,934288.5629762847,6847899.654664797,286.90199999999993,274.59511991131916,0.9571042373748501
3,7122,933350.5600221903,6848612.427836422,95.63400000000013,94.59450000000012,0.9891304347826086
3,7125,933308.0696404267,6847139.169347735,382.5360000000005,380.8728000000005,0.9956521739130434
3,7126,933883.1916723639,6848269.124111265,478.1699999999996,433.95893307468066,0.9075411110581614
3,7143,933836.5034170076,6848648.734369126,382.5360000000005,321.5472030968517,0.840567170401874
3,7160,935252.715570657,6848118.02181957,3347.1899999999973,1339.154628903947,0.40008324263156503
3,7161,932739.0346562676,6848643.884345064,95.63400000000013,95.21820000000012,0.9956521739130434
3,7168,932887.1593169762,6847496.24426761,95.63400000000013,63.26692437300718,0.6615526316269015
3,7170,933315.6109183372,6848522.792796878,286.90199999999993,285.6545999999999,0.9956521739130434
3,7171,933708.190273659,6846211.260795436,478.1699999999996,142.44099587086484,0.2978877718611894
3,7173,934706.377377197,6848155.164398379,860.706,856.9638000000002,0.9956521739130437
3,7176,934663.5334730387,6848003.805638011,669.4379999999994,669.4379999999994,1.0
3,7182,932857.7350872493,6849408.434392832,95.63400000000013,95.63400000000011,0.9999999999999999
3,7185,932957.6829981967,6845770.824578952,95.63400000000013,95.21820000000011,0.9956521739130433
3,7187,932485.9392684487,6848699.369037916,191.26800000000026,191.26800000000026,1.0
3,7188,933085.5516283831,6846599.124648621,191.26800000000026,190.43640000000028,0.9956521739130436
3,7193,934376.4303766242,6847911.708054173,286.90199999999993,283.93942499999986,0.989673913043478
3,7200,932851.3726241369,6847576.478633672,95.63400000000013,95.21820000000012,0.9956521739130434
3,7202,933305.5855781129,6848328.631858483,95.63400000000013,45.57062302341576,0.476510686820751
3,7203,933261.1880165729,6848471.3656718,286.90199999999993,251.06163982263863,0.8750780399670922
3,7209,934370.5844460832,6847946.385892442,1051.9740000000002,1047.4002000000003,0.9956521739130436
3,7210,934601.777083748,6847732.677280348,4877.334000000002,4856.128200000002,0.9956521739130435
3,7212,933113.1242634862,6847329.558634127,286.90199999999993,109.41467752251899,0.3813660327307548
3,7217,933696.8444323933,6846394.728773501,95.63400000000013,95.2182000000002,0.9956521739130442
3,7227,934226.9179839634,6847664.753837341,95.63400000000013,64.79550000000009,0.677536231884058
3,7234,933330.9063679734,6849081.50819747,382.5360000000005,380.8728000000005,0.9956521739130434
3,7251,932903.1505353746,6847535.820314219,95.63400000000013,58.04157105445398,0.6069135564177375
3,7260,933592.2313236168,6847178.316297927,95.63400000000013,94.02277500000022,0.9831521739130445
3,7261,933816.1178728945,6850110.60183166,95.63400000000013,94.64647500000022,0.9896739130434793
3,7262,934043.3641461659,6846302.167473459,1147.6079999999997,968.0719592905542,0.8435563008366571
3,7265,931309.9144446043,6848359.750107867,95.63400000000013,64.10871939517737,0.6703548883783726
3,7271,933470.7144812362,6847375.94410596,286.90199999999993,139.07518469031595,0.48474804877733857
3,7272,933413.490684528,6849309.431975828,382.5360000000005,380.8728000000005,0.9956521739130434
3,7277,934392.2386887921,6849689.520588312,95.63400000000013,57.26534439517738,0.5987969173638801
3,7284,934231.99876516,6847673.714455834,573.8039999999999,571.3091999999998,0.9956521739130434
3,7285,932980.6,6848184.1,95.63400000000013,95.21820000000012,0.9956521739130434
3,7297,933204.1440989191,6847348.850166348,286.90199999999993,285.6545999999999,0.9956521739130434
3,7305,932857.5316554658,6846480.794778951,286.90199999999993,285.6545999999999,0.9956521739130434
3,7314,933372.6173220007,6849807.781452062,95.63400000000013,90.59967697277311,0.947358439182435
3,7323,934494.9974549763,6848071.210505207,478.1699999999996,476.0909999999996,0.9956521739130435
3,7328,932667.856543374,6847868.254170398,191.26800000000026,190.43640000000045,0.9956521739130445
3,7329,933889.8470966779,6849479.699979875,95.63400000000013,51.6676368951774,0.5402643086682282
3,7350,932977.6256833533,6846359.223079677,95.63400000000013,95.63400000000028,1.0000000000000016
3,7352,933157.8064630779,6848046.808836995,286.90199999999993,286.90200000000004,1.0000000000000004
3,7353,933440.3178267129,6846287.25460704,478.1699999999996,478.16999999999956,0.9999999999999999
3,7357,935275.1534015927,6846662.058022229,286.90199999999993,198.06889574095752,0.6903712617582225
3,7381,932977.281876627,6846051.924615733,95.63400000000013,80.56871327421304,0.8424693443149186
3,7388,931180.9122219507,6848276.767416281,95.63400000000013,95.63400000000013,1.0
3,7390,932982.204264392,6846047.18315565,95.63400000000013,95.21820000000012,0.9956521739130434
3,7395,934266.6670230335,6847058.845046502,191.26800000000026,191.26800000000023,0.9999999999999999
3,7407,933066.9428781666,6849502.281774939,286.90199999999993,285.65459999999996,0.9956521739130436
3,7408,932465.5301099297,6849264.204670519,95.63400000000013,95.63400000000013,1.0
3,7412,933222.410691955,6848759.564458585,286.90199999999993,184.47793318553215,0.6429998159146056
3,7413,932960.5045903904,6846229.097996617,95.63400000000013,68.37638884578024,0.7149799113890473
3,7420,932194.7008605361,6849505.398613186,95.63400000000013,95.21820000000007,0.9956521739130428
3,7424,933112.1066925138,6847830.431256347,286.90199999999993,183.23053318553215,0.6386519898276491
3,7429,933612.9587464649,6849393.439615405,573.8039999999999,238.24918995496208,0.41521005422576723
3,7436,932267.404654321,6848740.679935528,95.63400000000013,95.63400000000013,1.0
3,7455,934495.2558665659,6848363.995169082,478.1699999999996,476.09099999999967,0.9956521739130436
3,7458,934520.6310776942,6848016.626453634,478.1699999999996,366.4610663710641,0.7663823877931789
3,7460,933787.5305787695,6848912.983990352,669.4379999999994,420.6079107662414,0.628300022953943
3,7467,933306.3418210993,6845798.080384553,382.5360000000005,380.87280000000067,0.9956521739130438
3,7474,931572.9991859567,6848490.9543836,95.63400000000013,90.90427500000021,0.9505434782608705
3,7477,932554.5982048819,6848692.404067381,95.63400000000013,95.21820000000007,0.9956521739130428
3,7482,935127.859324254,6848039.236484771,4207.896000000001,1656.343076336367,0.39362737965395694
3,7485,932676.451173316,6849425.092113932,9659.034000000009,5366.118085124937,0.5555543220082808
3,7494,933883.1002775782,6848996.248913653,669.4379999999994,175.41216000000006,0.2620289855072467
3,7509,934413.6518490941,6847679.67852238,860.706,860.706,1.0
3,7515,934074.6128181393,6849107.426057626,1051.9740000000002,585.1832612602138,0.5562716010663893
3,7521,933568.1261384258,6847414.160192087,95.63400000000013,95.63400000000024,1.000000000000001
3,7527,934737.1210720293,6848302.617941938,95.63400000000013,95.21820000000021,0.9956521739130443
3,7528,933396.3123973892,6847690.784654179,286.90199999999993,243.73316482263854,0.8495345617062223
3,7536,932659.2668047957,6847696.916929112,95.63400000000013,86.54583827421305,0.9049693443149187
3,7541,933660.9626266093,6848517.098673598,2199.582000000002,2190.018600000002,0.9956521739130435
3,7553,933470.5691177697,6845880.127699412,573.8039999999999,571.3092,0.9956521739130437
3,7555,934502.2395902204,6846762.600936638,478.1699999999996,182.9918041291355,0.3826919382837393
3,7556,932387.4556430188,6848716.310252488,4686.065999999996,2975.7868753636917,0.6350288014218524
3,7557,933813.4095045064,6848801.090820673,382.5360000000005,330.5908530968521,0.864208474749701
3,7562,933618.0228667863,6847190.665052912,95.63400000000013,95.63400000000013,1.0
3,7563,931123.8825238544,6849073.944357109,95.63400000000013,95.63400000011855,1.0000000000012383
3,7565,933748.5892751615,6847397.147197873,765.0720000000009,765.0720000000026,1.0000000000000022
3,7566,932994.877124748,6845818.989956065,95.63400000000013,95.63400000000021,1.0000000000000009
3,7567,934003.1331696671,6847334.195356246,478.1699999999996,476.09099999999967,0.9956521739130436
3,7600,933781.3987089236,6848660.295912911,382.5360000000005,380.8728000000005,0.9956521739130434
3,7616,932822.2057255614,6845604.043979555,191.26800000000026,94.12915917417295,0.49213229172769535
3,7622,933313.9888831187,6849316.475639795,478.1699999999996,415.837316371064,0.8696432573583962
3,7624,934150.4305301871,6849221.13391562,765.0720000000009,687.1865311937028,0.8981985109815833
3,7625,933311.4465447355,6848453.914536169,286.90199999999993,285.65459999999996,0.9956521739130436
3,7632,934823.428041961,6849071.318474605,286.90199999999993,130.50429955193536,0.45487413664573756
3,7637,933103.3035015194,6847036.81972299,382.5360000000005,382.53600000000057,1.0000000000000002
3,7644,934076.0079279958,6848450.747479996,382.5360000000005,146.58512455638336,0.38319301858225935
3,7646,935057.4127937912,6849040.523600082,12241.152000000016,4530.082089594254,0.3700699157721633
3,7651,935803.6774035451,6848865.140792492,95.63400000000013,38.35758572259869,0.4010873300562419
3,7661,933167.2418960244,6848592.19266055,95.63400000000013,85.97411327421304,0.8989910834453534
3,7666,934585.0826798955,6846686.59797301,382.5360000000005,229.06137758070952,0.5987969173638801
3,7669,934241.5056378229,6847789.805344572,382.5360000000005,341.6095530968522,0.8930128225757883
3,7677,932802.9507304117,6847145.252384637,95.63400000000013,94.60842665927672,0.9892760593437124
3,7678,934268.9000000001,6846393.0,95.63400000000013,27.276480000000006,0.28521739130434753
3,7680,934088.1168209387,6848181.369988298,95.63400000000013,66.90915000000004,0.6996376811594197
3,7681,932562.4542083007,6848055.335395383,191.26800000000026,191.26800000000026,1.0
3,7684,933015.0417141208,6848072.139522814,95.63400000000013,95.21820000000012,0.9956521739130434
3,7688,933205.2310986965,6848811.496975021,95.63400000000013,95.21820000000012,0.9956521739130434
3,7689,934384.0306407174,6848010.754827364,286.90199999999993,285.6545999999999,0.9956521739130434
3,7691,934519.0524983058,6846735.097287649,95.63400000000013,45.57062302341576,0.476510686820751
3,7693,930925.7773559724,6848336.515454389,95.63400000000013,45.57062302341576,0.476510686820751
3,7694,932347.9956099989,6848719.571181132,669.4379999999994,318.99436116391047,0.47651068682075226
3,7695,933611.5076817493,6847310.300227692,478.1699999999996,376.8560663710636,0.7881215182279606
3,7700,933970.4444828309,6848511.669417002,669.4379999999994,669.4379999999994,1.0
3,7701,933688.6750897729,6849643.208475415,573.8039999999999,571.3092000000004,0.9956521739130444
3,7705,935771.0021361737,6848820.129519956,4016.6279999999974,3521.1779200169417,0.8766502449360369
3,7709,932209.6417677643,6849525.617966494,95.63400000000013,57.26534439517738,0.5987969173638801
3,7718,933069.3621332491,6847319.061466704,382.5360000000005,380.8728000000007,0.9956521739130441
3,7721,935182.7267581425,6846747.283743559,95.63400000000013,83.16746327421298,0.8696432573583962
3,7731,933054.9300797356,6846977.108830277,765.0720000000009,761.7456000000009,0.9956521739130434
3,7732,933745.0535112806,6846685.236129648,95.63400000000013,94.59450000000012,0.9891304347826086
3,7734,934851.6273060028,6848789.019289897,382.5360000000005,380.8728000000005,0.9956521739130434
3,7736,934842.2417396986,6849067.983864316,95.63400000000013,93.98472665927673,0.9827543202132778
3,7739,933717.6023728618,6847026.191925136,2008.3139999999987,1737.7849287584675,0.8652954312714389
3,7741,934057.245450246,6846271.856822831,573.8039999999999,367.4309330746811,0.6403422302296276
3,7743,931533.7315243995,6848163.878926983,95.63400000000013,95.21820000000012,0.9956521739130434
3,7746,933468.8075978712,6847244.078423601,573.8039999999999,272.76480000000026,0.4753623188405803
3,7751,933982.0664387033,6846756.497355623,95.63400000000013,66.90915000000004,0.6996376811594197
3,7753,933605.0915773922,6846081.023095326,95.63400000000013,64.10871939517737,0.6703548883783726
3,7758,934472.5347616748,6846568.077559766,669.4379999999994,516.9274594568316,0.7721812318046362
3,7759,933695.809993285,6847261.155482979,382.5360000000005,229.06137758070938,0.5987969173638796
3,7768,933646.9143829533,6845971.439247311,382.5360000000005,362.3987078910924,0.9473584391824349
3,7770,934217.2139092973,6846981.857704712,765.0720000000009,345.94560000000007,0.4521739130434778
3,7772,935001.095973997,6848045.9857319,478.1699999999996,142.44099587086484,0.2978877718611894
3,7779,933937.4979945115,6847176.633488496,1051.9740000000002,1047.4002,0.9956521739130434
3,7793,933503.2405561537,6845982.29041263,860.706,856.9638,0.9956521739130435
3,7807,933118.3468238376,6847816.46502947,478.1699999999996,277.3160554939718,0.5799528525293767
3,7824,934322.0829301811,6849708.763289887,95.63400000000013,86.54583827421305,0.9049693443149187
3,7834,933114.2736771879,6848071.379017973,95.63400000000013,83.843138274213,0.8767084747497008
3,7835,931645.4662741815,6848669.489252232,95.63400000000013,95.63400000000013,1.0
3,7837,935359.5665159508,6848068.502612409,95.63400000000013,95.21820000000012,0.9956521739130434
3,7853,933478.4230132707,6846549.675102784,95.63400000000013,57.26534439517738,0.5987969173638801
3,7855,934803.8580437395,6846907.377702476,95.63400000000013,95.63400000000013,1.0
3,7877,931823.8778151674,6848086.655925017,95.63400000000013,66.87450000000008,0.6992753623188405
3,7880,932598.4948466017,6848475.45091437,95.63400000000013,95.2182000000002,0.9956521739130442
3,7885,931310.7915487962,6847972.019858407,95.63400000000013,95.21820000000008,0.995652173913043
3,7889,934103.0935644928,6846765.882138934,95.63400000000013,76.35873827421297,0.7984476051844832
3,7890,934877.8816730374,6848778.262058923,95.63400000000013,45.57062302341576,0.476510686820751
3,7898,934233.5750428109,6847813.323856355,573.8039999999999,571.3091999999998,0.9956521739130434
3,7905,934624.5728042515,6848375.762071613,95.63400000000013,45.57062302341576,0.476510686820751
3,7907,931523.6794832773,6847925.242754725,95.63400000000013,84.25893827421298,0.8810563008366571
3,7914,934317.8287841164,6848321.404455936,2486.4840000000036,1265.3498571373084,0.5088912123051291
3,7922,933161.6518608789,6848111.189508128,669.4379999999994,495.3848991876746,0.7400011639430015
3,7926,933953.3677268436,6846401.24001631,1817.0460000000007,1809.1458000000016,0.995652173913044
3,7927,934114.0991041962,6849368.048533711,95.63400000000013,95.63400000000013,1.0
3,7929,931697.1239755966,6848204.255233705,95.63400000000013,95.21820000000012,0.9956521739130434
3,7945,934099.1616143121,6849329.353643706,95.63400000000013,95.2182000000002,0.9956521739130442
3,7951,933972.7545408328,6846378.435423783,382.5360000000005,284.36775309685174,0.743375141416367
3,7954,934491.9729373951,6848329.287616658,95.63400000000013,95.2182000000001,0.9956521739130432
3,7955,933291.5464439718,6847966.613641286,765.0720000000009,761.745600000001,0.9956521739130436
3,7965,933144.560460745,6848012.301595144,95.63400000000013,57.26534439517738,0.5987969173638801
3,7966,933976.8933857958,6848225.271857744,956.3399999999992,532.883528502143,0.5572113772320968
3,7971,933857.2102019569,6847122.229710598,478.1699999999996,476.0909999999996,0.9956521739130435
3,7974,933440.184470113,6845711.735296588,95.63400000000013,95.63400000000009,0.9999999999999996
3,7976,933874.0441733858,6846440.220732541,382.5360000000005,382.5360000000002,0.9999999999999991
3,7985,935077.2184025437,6847042.450292048,478.1699999999996,415.837316371064,0.8696432573583962
3,7986,933791.3300117084,6848621.148610271,478.1699999999996,397.6460663710638,0.8315997790975262
3,7992,933311.9524453791,6846666.436307401,95.63400000000013,95.21820000000012,0.9956521739130434
3,7998,933834.4826130051,6848600.349649016,1912.6799999999985,1904.3639999999975,0.995652173913043
3,8000,934599.383238315,6848506.498915108,765.0720000000009,761.7456000000017,0.9956521739130445
3,8003,933197.7293215147,6847395.339172686,95.63400000000013,95.21820000000012,0.9956521739130434
3,8005,933139.0386787971,6845686.748064922,95.63400000000013,95.21820000000012,0.9956521739130434
3,8015,932266.3387375978,6848887.174857506,191.26800000000026,172.15612654842607,0.9000780399670925
3,8019,932354.7580509415,6848029.43712071,95.63400000000013,83.68721327421302,0.8750780399670923
3,8033,935001.6653242535,6848769.677513601,286.90199999999993,274.51155995565966,0.9568129882526428
3,8036,931652.643913686,6848584.576267612,95.63400000000013,51.6676368951774,0.5402643086682282
3,8039,934239.7233812353,6847065.166359652,765.0720000000009,427.8386551614189,0.5592135840305467
3,8040,931643.1574128527,6847995.721641661,95.63400000000013,83.27141327421296,0.8707302138801352
3,8049,932390.6997814205,6848990.594440663,95.63400000000013,95.21820000000012,0.9956521739130434
3,8071,933198.2490518166,6848040.739691245,478.1699999999996,163.58780412913538,0.34211222813881154
3,8072,934152.9355332914,6849191.549646184,95.63400000000013,44.00450489677163,0.4601345222072858
3,8074,934926.9306315384,6848903.534403494,286.90199999999993,220.95691991131937,0.7701477156357203
3,8094,934421.1375879868,6847663.255396527,382.5360000000005,382.5360000000005,1.0
3,8100,933511.9647458706,6849183.290257165,191.26800000000026,150.74242654842587,0.7881215182279611
3,8114,933921.2643788636,6847348.170172826,956.3399999999992,797.7003077421288,0.8341178950395565
3,8115,932624.7943534629,6847551.85968384,95.63400000000013,85.97411327421307,0.8989910834453536
3,8118,931750.9974135848,6848810.675009497,95.63400000000013,57.26534439517738,0.5987969173638801
3,8121,932196.4586625021,6848034.444755751,191.26800000000026,190.43640000000025,0.9956521739130434
3,8123,933857.233289993,6848954.605001519,286.90199999999993,138.832634690315,0.4839026381493159
3,8130,933932.4705453733,6849279.217211634,95.63400000000013,37.96950572259869,0.3970293590417492
3,8132,930946.2219094957,6848416.245022264,95.63400000000013,95.21820000000011,0.9956521739130433
3,8139,932256.65,6849529.899999999,95.63400000000013,58.04157105445398,0.6069135564177375
3,8158,933027.2522777625,6848716.850099599,478.1699999999996,176.79922654842588,0.3697413609143736
3,8161,933050.9546962103,6847463.317620681,765.0720000000009,546.2737379242247,0.7140161160312024
3,8163,931901.1991037689,6848299.922625108,95.63400000000013,95.21820000000022,0.9956521739130445
3,8165,934461.2431614145,6849662.254828627,95.63400000000013,38.96742572259869,0.4074641416504448
3,8175,935178.612276814,6846954.797687222,669.4379999999994,666.5274000000003,0.9956521739130447
3,8181,933230.3532055493,6847337.924168518,860.706,494.3382245565968,0.5743403956247508
3,8184,933630.4950083472,6849520.182327688,191.26800000000026,151.04561404842602,0.7897066631554981
3,8185,933631.7331487143,6846176.800629182,573.8039999999999,474.68047964527716,0.8272519530105703
3,8194,934471.3460160496,6847426.627042804,286.90199999999993,220.95691991131937,0.7701477156357203
3,8226,931648.7,6848629.05,95.63400000000013,84.25893827421305,0.8810563008366579
3,8233,933757.6555516416,6849415.49774412,286.90199999999993,167.84073568553214,0.585010685479823
3,8234,933774.3630458927,6846027.659194101,573.8039999999999,350.30550387106297,0.6104967965909318
3,8235,933722.6817228245,6847065.672524528,382.5360000000005,361.4973199113198,0.945002091074616
3,8237,933914.2677693326,6847281.40260529,765.0720000000009,438.7069568130731,0.5734191772971335
3,8248,935328.4965527308,6847946.349565775,95.63400000000013,93.45105000000022,0.9771739130434792
3,8249,934722.1216022585,6848162.867207026,286.90199999999993,242.17391482263855,0.8440997790975268
3,8250,933163.9449462921,6848124.12429393,478.1699999999996,476.0909999999996,0.9956521739130435
3,8253,932565.0627405872,6847560.699470899,382.5360000000005,380.87280000000123,0.9956521739130454
3,8261,933349.6347736815,6848442.928690509,95.63400000000013,87.15561161493643,0.9113454588842494
3,8263,933716.083107154,6846367.197975644,95.63400000000013,46.82357582582704,0.4896122281388102
3,8269,934202.3757959687,6848014.43600756,573.8039999999999,543.5980618366381,0.9473584391824355
3,8270,932725.3190265659,6847577.808113245,382.5360000000005,380.8728000000005,0.9956521739130434
3,8271,932913.0841921397,6846322.078204756,286.90199999999993,285.65459999999985,0.9956521739130432
3,8295,933865.6669149917,6846137.134918552,286.90199999999993,193.62553318553213,0.6748838738856201
3,8306,933992.4018218517,6848726.365917427,573.8039999999999,219.83463371622182,0.38311798752922926
3,8323,935068.6365005559,6847054.173193167,286.90199999999993,283.93942499999986,0.989673913043478
3,8324,932958.0940823302,6847203.189769655,860.706,835.2290548669782,0.9703999447743809
3,8333,934608.4406153638,6847583.868874502,2677.751999999998,1729.7288930649684,0.6459630664322049
3,8334,934650.7635395249,6848215.472759269,1051.9740000000002,1047.400200000001,0.9956521739130443
3,8336,934297.9091332478,6847157.429116633,860.706,592.103199556597,0.6879273521464903
3,8341,935528.0232824454,6846480.941904241,95.63400000000013,62.78215766939027,0.656483652983146
3,8345,932764.1228977403,6847191.013580248,95.63400000000013,58.04157105445398,0.6069135564177375
3,8356,932591.3157012248,6848241.596955417,95.63400000000013,38.35758572259869,0.4010873300562419
3,8357,933131.1369081588,6847786.357533579,286.90199999999993,203.9389730081708,0.7108314790701035
3,8358,931163.3914562312,6848030.370770397,95.63400000000013,94.03670165927683,0.9832977984741483
3,8360,933307.2757061883,6847929.467845337,1051.9740000000002,629.9187883469517,0.5987969173638813
3,8371,932204.3215544575,6849480.607909741,95.63400000000013,93.1392000000002,0.9739130434782617
3,8372,932868.1041368494,6846413.298549162,95.63400000000013,47.28095582582732,0.49439483683446533
3,8375,933317.4154607771,6846468.473918162,95.63400000000013,94.02277500000025,0.9831521739130448
3,8380,933041.159436996,6847427.216116692,382.5360000000005,382.5360000000005,1.0
3,8381,934603.9775981564,6849534.601282749,95.63400000000013,93.13919999999972,0.9739130434782566
3,8387,933799.3325260205,6846589.546491293,382.5360000000005,230.9324775807094,0.6036882217117058
3,8392,933478.7402501903,6847220.730597327,478.1699999999996,339.2919133469512,0.7095633631280748
3,8394,931796.8219873207,6848088.986102011,1721.4119999999998,981.6598241131934,0.5702643086682291
3,8398,931396.4325600928,6848406.502796511,95.63400000000013,95.21820000000017,0.9956521739130438
3,8399,934473.4896012899,6848046.238025199,573.8039999999999,571.3092000000004,0.9956521739130444
3,8401,932686.7269514629,6849073.606989667,286.90199999999993,227.36103982263845,0.7924693443149177
3,8408,933680.690402571,6848482.317733078,573.8039999999999,571.3091999999998,0.9956521739130434
3,8420,932984.1647373277,6847461.455881176,95.63400000000013,37.85862572259869,0.3958699387518941
3,8421,933084.3999999999,6846111.749999999,191.26800000000026,191.26800000000046,1.000000000000001
3,8422,932146.5828900646,6847940.285827475,95.63400000000013,85.97411327421297,0.8989910834453526
3,8428,934378.6535335308,6848179.54098902,860.706,860.706,1.0
3,8430,932874.0380589463,6845600.955081376,286.90199999999993,109.41467752251899,0.3813660327307548
3,8432,932826.0103711031,6846003.116236217,95.63400000000013,80.15291327421296,0.8381215182279613
3,8434,933582.409433329,6847302.862838103,1338.8759999999988,1158.52328583898,0.8652954312714404
3,8438,933612.915620513,6847427.687928204,382.5360000000005,327.05655309685187,0.8549693443149179
3,8440,933165.1831188619,6848050.682516024,382.5360000000005,380.87280000000106,0.995652173913045
3,8441,931013.6814262227,6848060.091713933,95.63400000000013,95.63400000000011,0.9999999999999999
3,8445,933181.4371386848,6848217.74848602,765.0720000000009,761.7456000000009,0.9956521739130434
3,8446,934383.3971948732,6848120.713355753,573.8039999999999,573.8039999999997,0.9999999999999998
3,8448,932563.7727892044,6848049.004605507,95.63400000000013,61.977744395177346,0.6480722796827202
3,8451,931109.4522092268,6849180.907399286,95.63400000000013,85.97411327421307,0.8989910834453536
3,8456,931443.2378608419,6848115.427682921,95.63400000000013,94.02277500000022,0.9831521739130445
3,8466,933237.5853500232,6848466.022985628,95.63400000000013,58.04496939517742,0.6069490912769239
3,8470,934912.3010000002,6846958.533083335,95.63400000000013,95.21820000000022,0.9956521739130445
3,8471,934298.2265203837,6848079.021799779,1434.5100000000018,1428.2730000000017,0.9956521739130434
3,8476,931466.0513306742,6848056.131973234,95.63400000000013,27.054720000000007,0.2828985507246374
3,8482,932444.748067383,6847924.957802811,95.63400000000013,95.21820000000018,0.9956521739130441
3,8497,932525.1237564873,6848599.35661749,95.63400000000013,27.276480000000006,0.28521739130434753
3,8498,933266.1406474146,6848699.371372608,286.90199999999993,109.41467752251899,0.3813660327307548
3,8505,933559.8554338375,6847336.035114842,573.8039999999999,192.5323524774823,0.33553679039791
3,8511,934915.4083467819,6846821.145210296,4303.5300000000025,4284.819,0.995652173913043
3,8520,933128.4981753447,6846142.149343569,95.63400000000013,93.34710000000013,0.9760869565217392
3,8524,932135.056156064,6847883.956143281,573.8039999999999,571.3092000000003,0.9956521739130442
3,8535,932786.7655357562,6848265.11304738,95.63400000000013,80.72463827421296,0.8440997790975265
3,8541,934464.2430889267,6847639.085981499,286.90199999999993,160.69417318553212,0.5601012651899678
3,8547,933354.061003418,6847235.352155694,191.26800000000026,191.26800000000026,1.0
3,8571,933846.2122589592,6848505.326521356,669.4379999999994,233.67988578078933,0.3490687498779417
3,8597,932954.43998494,6846241.010998998,95.63400000000013,73.91019382361006,0.7728443213042429
3,8601,933369.6155443175,6849545.654322853,191.26800000000026,185.44680000000025,0.9695652173913044
3,8602,933435.2365809655,6845822.382716886,382.5360000000005,380.87280000000044,0.9956521739130433
3,8608,931557.0448122656,6848209.429425689,95.63400000000013,66.90915000000004,0.6996376811594197
3,8609,933156.8391916587,6848139.150791411,95.63400000000013,66.90915000000004,0.6996376811594197
3,8610,934613.6071718485,6846963.579526737,95.63400000000013,95.63400000000013,1.0
3,8614,934424.2319064714,6848440.103687224,286.90199999999993,285.65459999999996,0.9956521739130436
3,8622,932847.8273694199,6847426.427479608,478.1699999999996,478.16999999999956,0.9999999999999999
3,8626,932925.5257643813,6848116.221737588,95.63400000000013,38.33679572259667,0.40086993875187293
3,8628,934569.0372947415,6847786.565337678,478.1699999999996,182.9918041291355,0.3826919382837393
3,8639,933992.1369195174,6848184.327681374,286.90199999999993,115.18257061937042,0.40147008602021056
3,8646,935398.4852655368,6848103.412894269,95.63400000000013,95.2182000000002,0.9956521739130442
3,8670,935219.2847683438,6846724.48823397,478.1699999999996,423.633566371064,0.8859476051844831
3,8675,933349.0709510513,6849478.14751971,191.26800000000026,148.6634265484259,0.7772519530105699
3,8683,933088.0328096867,6847605.646083644,95.63400000000013,95.21820000000012,0.9956521739130434
3,8688,934998.771835206,6848708.182172284,95.63400000000013,85.44043661493637,0.8934106762755533
3,8691,933542.9012353518,6847861.408507261,191.26800000000026,190.43640000000033,0.9956521739130438
3,8720,934626.4175099585,6849554.088397321,95.63400000000013,73.91019382361006,0.7728443213042429
3,8726,933109.7006220842,6845867.794401244,95.63400000000013,57.26534439517738,0.5987969173638801
3,8727,933848.384093849,6847455.614081805,191.26800000000026,190.43640000000025,0.9956521739130434
3,8730,932700.0705633296,6849020.421738069,573.8039999999999,474.68047964527716,0.8272519530105703
3,8733,933314.9569372364,6847979.465213663,573.8039999999999,567.6505599556594,0.9892760593437124
3,8749,933068.60045873,6845618.733295629,95.63400000000013,73.91019382361006,0.7728443213042429
3,8755,933389.8771485487,6849168.143551508,95.63400000000013,90.64440000000012,0.9478260869565217
3,8759,933563.4435284907,6848130.220306752,95.63400000000013,95.63400000000013,1.0
3,8764,933054.5647283241,6846662.756207916,95.63400000000013,49.59108000000001,0.5185507246376806
3,8765,933632.4426424192,6849317.671852021,95.63400000000013,95.21820000000012,0.9956521739130434
3,8766,933454.2923697528,6848303.181217674,3825.3599999999974,3669.6894025767374,0.9593056346531411
3,8797,933530.7670490759,6849180.634955032,95.63400000000013,95.63400000000013,1.0
3,8799,933529.6598300778,6846421.878484463,95.63400000000013,90.59967697277311,0.947358439182435
3,8805,933099.610813381,6845609.220678101,95.63400000000013,95.21820000000012,0.9956521739130434
3,8817,933550.646034568,6849172.741935803,286.90199999999993,224.37347721178568,0.7820561627726044
3,8818,934683.8836178582,6848462.055068239,382.5360000000005,312.71145309685227,0.817469344314919
3,8824,931535.2354373204,6848508.218751173,95.63400000000013,58.04496939517742,0.6069490912769239
3,8848,934289.3531218079,6846594.981500166,95.63400000000013,37.35966572259869,0.3906525474475463
3,8849,933040.259989761,6845789.257321754,95.63400000000013,39.6881457225987,0.41500037353450286
3,8858,934801.1635928474,6847882.217614341,95.63400000000013,27.276480000000006,0.28521739130434753
3,8864,932904.5633777081,6848202.429951565,95.63400000000013,47.43341582582704,0.4959890397330131
3,8868,933868.0900671583,6848324.659773187,2677.751999999998,1903.804539073855,0.7109711948955155
3,8874,932429.6386396842,6849205.572152633,95.63400000000013,95.21820000000014,0.9956521739130436
3,8876,934759.0109193546,6847318.697423592,286.90199999999993,285.4192756962444,0.9948319485268297
3,8910,933647.3448400145,6847361.497750724,478.1699999999996,418.4360663710638,0.8750780399670915
3,8911,932378.8356571377,6848503.831823085,95.63400000000013,93.1392000000002,0.9739130434782617
3,8924,933422.189753399,6849797.605412095,95.63400000000013,80.76268661493636,0.8444976327972923
3,8931,932601.3679216652,6847534.27020764,95.63400000000013,46.82357582582704,0.4896122281388102
3,8932,934902.9469997021,6846893.090356362,286.90199999999993,109.41467752251899,0.3813660327307548
3,8939,934857.8930091906,6849096.091004769,191.26800000000026,191.26800000000026,1.0
3,8942,933420.9787298809,6846276.363860397,765.0720000000009,761.7456000000009,0.9956521739130434
3,8947,934979.9888165118,6847007.016291006,191.26800000000026,190.43640000000025,0.9956521739130434
3,8948,932999.952570412,6846403.33360597,191.26800000000026,142.3800043508371,0.7444005497565558
3,8953,932142.3645812105,6849022.156708104,95.63400000000013,66.90915000000004,0.6996376811594197
3,8959,933198.4384741255,6845802.823967637,95.63400000000013,85.97411327421298,0.8989910834453527
3,8966,931354.7342636031,6848174.530301937,95.63400000000013,95.21820000000018,0.9956521739130441
3,8972,933982.2891619555,6847292.421076738,286.90199999999993,285.65459999999996,0.9956521739130436
3,8985,933794.9021312679,6847061.708782583,1147.6079999999997,687.1841327421283,0.5987969173638807
3,8989,931218.7623161215,6848409.774236616,95.63400000000013,95.21820000000012,0.9956521739130434
3,8994,934519.958208636,6848125.727690299,95.63400000000013,27.513095103228387,0.28769156474923513
3,8995,932921.3482780898,6848302.464973743,95.63400000000013,25.05888000000001,0.2620289855072461
3,9000,932735.7666666667,6847212.316666666,860.706,856.9637999999999,0.9956521739130433
3,9003,933638.8002798595,6846944.146723391,95.63400000000013,90.59967697277312,0.9473584391824351
3,9020,933928.1679994811,6846892.498182343,286.90199999999993,158.14326659276614,0.5512100528848394
3,9024,933825.3609502506,6847394.216624832,956.3399999999992,956.3399999999992,1.0
3,9034,933474.1067058247,6849703.321096428,95.63400000000013,94.03670165927683,0.9832977984741483
3,9036,934441.0407099766,6847720.224236898,478.1699999999996,476.09099999999944,0.9956521739130431
3,9038,933896.9074524172,6848844.04078873,478.1699999999996,142.44099587086484,0.2978877718611894
3,9039,933830.1945710884,6848522.843570617,573.8039999999999,374.4448263267238,0.6525657303307817
3,9043,933641.4994848465,6847369.09739652,382.5360000000005,130.39488000000014,0.3408695652173912
3,9045,933613.5891159096,6846032.684690617,95.63400000000013,25.05888000000001,0.2620289855072461
3,9048,933834.2000000001,6846322.7,95.63400000000013,94.02277500000022,0.9831521739130445
3,9054,933735.8790818749,6849327.605299231,765.0720000000009,675.7347061937037,0.8832302138801353
3,9056,932937.8480546792,6847199.653627761,95.63400000000013,95.21820000000012,0.9956521739130434
3,9057,933176.4112269594,6848244.696754173,95.63400000000013,27.276480000000006,0.28521739130434753
3,9064,933898.8445982226,6846873.557331976,95.63400000000013,55.12743939517738,0.576441844900112
3,9074,934382.4217869822,6847696.392819725,860.706,312.6077174324436,0.3631991846605503
3,9104,934007.3793494481,6848540.530289466,191.26800000000026,169.6056199113195,0.8867433125840145
3,9121,934279.73140909,6847819.329563,4303.5300000000025,2732.865497782982,0.6350288014218515
3,9122,933935.3187257384,6848757.692229536,382.5360000000005,380.8728000000005,0.9956521739130434
3,9123,933724.0641456582,6846831.204304088,478.1699999999996,397.6460663710638,0.8315997790975262
3,9125,934001.936841644,6848716.452199992,573.8039999999999,521.3540296452761,0.9085925327207134
3,9128,934636.0087185978,6847848.269897883,1625.7780000000016,703.0900800000003,0.4324637681159418
3,9130,933011.9114070815,6846178.136512979,95.63400000000013,90.59967697277312,0.9473584391824351
3,9136,935165.8443311484,6847483.664554505,382.5360000000005,175.3527395870865,0.4583953917725031
3,9143,933788.0748894706,6849420.167897857,478.1699999999996,313.613596975887,0.655862134755186
3,9144,933899.3627336943,6848562.190056587,191.26800000000026,129.08368879035476,0.674883873885619
3,9146,933432.8257991156,6846603.028351231,95.63400000000013,95.2182000000002,0.9956521739130442
3,9147,933804.8187105008,6848682.145873416,286.90199999999993,207.6811730081708,0.7238749573309731
3,9149,934429.8884249167,6848426.554477732,286.90199999999993,227.36103982263845,0.7924693443149177
3,9152,934163.7570546377,6847881.00247088,573.8039999999999,280.74816000000027,0.48927536231884117
3,9155,933592.7392701757,6849389.002624562,95.63400000000013,90.64440000000012,0.9478260869565217
3,9157,935138.9340256242,6848383.990684601,2677.751999999998,1996.2305361711728,0.7454874596942414
3,9166,934376.3993146991,6848112.048875798,382.5360000000005,250.9157799500567,0.655927232861891
3,9172,934065.7124304416,6846203.891039238,2582.1180000000018,1639.7192986697903,0.6350288014218518
3,9179,934338.4288781064,6849239.564977579,382.5360000000005,267.3892530968516,0.6989910834453521
3,9180,931410.400561564,6848405.874507765,95.63400000000013,62.83719771373057,0.6570591809788411
3,9187,934053.7892047536,6849415.119283071,1051.9740000000002,1014.9650682520431,0.9648195376045824
3,9189,934111.6031747174,6848406.475276892,1243.2420000000016,838.6905497020742,0.6745995950121322
3,9198,933194.075802682,6849233.889285439,191.26800000000026,190.43640000000025,0.9956521739130434
3,9199,933489.3435308615,6846476.866143909,95.63400000000013,95.6340000000001,0.9999999999999997
3,9204,933011.0357581475,6845657.513852492,3825.3599999999974,2429.2137758070967,0.6350288014218527
3,9215,932481.7143689306,6847608.264521274,95.63400000000013,93.98472665927673,0.9827543202132778
3,9222,932767.7414068385,6847106.663548726,191.26800000000026,191.26800000000026,1.0
3,9231,933348.6153171083,6848001.412234737,1051.9740000000002,1051.9740000000002,1.0
3,9232,932933.1544194107,6846176.687579434,95.63400000000013,95.63400000000013,1.0
3,9233,933345.9269978303,6847584.659561582,669.4379999999994,377.9589582662419,0.5645914308214386
3,9241,933186.3994703293,6848240.906524053,191.26800000000026,191.2680000000004,1.0000000000000007
3,9244,935382.6396922193,6848344.233538127,5164.2360000000035,3284.7487098395763,0.6360570488721999
3,9272,932790.2488873758,6848815.683678506,1147.6079999999997,687.1841327421283,0.5987969173638807
3,9273,933479.842281483,6847410.668018815,286.90199999999993,167.84073568553214,0.585010685479823
3,9277,933080.2993109125,6847856.770796124,1817.0460000000007,1817.0460000000007,1.0
3,9279,931371.8132468523,6848641.923726313,95.63400000000013,95.2182000000002,0.9956521739130442
3,9286,933702.6025398904,6846444.197827322,95.63400000000013,95.21820000000012,0.9956521739130434
3,9288,934203.4537274227,6849224.024360101,286.90199999999993,285.6545999999999,0.9956521739130434
3,9291,933319.5148877258,6845707.307078452,669.4379999999994,666.5273999999997,0.995652173913044
3,9308,933737.616417395,6848794.337488061,765.0720000000009,724.7974157821848,0.947358439182435
3,9325,935457.1304919556,6849106.014237591,765.0720000000009,761.745600000002,0.995652173913045
3,9329,932810.1631009214,6849341.378222642,95.63400000000013,75.78701327421304,0.7924693443149187
3,9336,933092.8918291458,6848601.746040203,95.63400000000013,95.21820000000012,0.9956521739130434
3,9345,934510.3043922022,6847453.172754253,286.90199999999993,86.17764247748123,0.3003730977040287
3,9349,933322.6229725014,6847200.662741181,191.26800000000026,190.4364000000004,0.9956521739130442
3,9350,931817.0728210781,6848149.895225343,95.63400000000013,95.21820000000022,0.9956521739130445
3,9352,933508.9284347806,6847194.85002342,95.63400000000013,95.6340000000002,1.0000000000000007
3,9353,933849.033502981,6847394.847236684,765.0720000000009,761.7456000000009,0.9956521739130434
3,9369,932800.4303134355,6846514.6118947,573.8039999999999,496.50997964527704,0.8652954312714397
3,9371,934453.8213258594,6848284.029653195,573.8039999999999,397.23026637106426,0.6922751782334462
3,9372,933034.6583434807,6849388.919194238,95.63400000000013,85.71050663710655,0.896234672157459
3,9383,934600.0145158338,6847851.622655439,669.4379999999994,395.400035766242,0.5906447434508384
3,9391,933316.1142829718,6847504.723990528,95.63400000000013,62.40747105445396,0.6525657303307806
3,9394,934069.3026333862,6846818.362310395,95.63400000000013,94.02277500000025,0.9831521739130448
3,9401,933920.1326987508,6849411.016661447,5833.674000000001,3097.9159949832892,0.5310403006721474
3,9404,933895.0022483516,6846173.472171994,1051.9740000000002,432.46412908409803,0.4110977353851882
3,9405,933889.5850125992,6847424.591257662,382.5360000000005,378.3780000000005,0.9891304347826086
3,9409,933777.1998197576,6846330.578615828,382.5360000000005,230.22817953288737,0.6018470929086075
3,9413,933383.7168116878,6849257.775757319,860.706,856.9638,0.9956521739130435
3,9416,934026.5670009527,6849459.764228154,765.0720000000009,765.0720000000008,0.9999999999999999
3,9423,931230.1226901917,6848041.034566496,95.63400000000013,90.59967697277312,0.9473584391824351
3,9425,933478.5198638608,6847723.836831384,478.1699999999996,472.9724999999996,0.9891304347826088
3,9426,933843.1656723593,6846147.705588868,95.63400000000013,83.27141327421299,0.8707302138801355
3,9427,933017.2098458523,6846296.718670019,573.8039999999999,194.65293247747948,0.3392324425718181
3,9466,934641.0666442368,6848099.899262052,382.5360000000005,382.5360000000005,1.0
3,9474,932902.9286118735,6845628.136695123,95.63400000000013,27.276480000000006,0.28521739130434753
3,9476,935034.4419981173,6847073.74689926,1625.7780000000016,703.0900800000003,0.4324637681159418
3,9478,932917.3502647016,6847543.119632437,95.63400000000013,64.10871939517737,0.6703548883783726
3,9479,933312.6712786306,6845698.036852042,191.26800000000026,190.43640000000025,0.9956521739130434
3,9480,933172.9908564492,6848317.582986598,95.63400000000013,66.90915000000004,0.6996376811594197
3,9484,932186.9757067574,6848751.958959376,95.63400000000013,95.21820000000012,0.9956521739130434
3,9485,931846.1543600562,6848076.485183147,95.63400000000013,95.63400000000013,1.0
3,9486,931339.777359498,6848343.608677079,95.63400000000013,64.10871939517737,0.6703548883783726
3,9489,934408.2387966935,6847351.609360432,95.63400000000013,95.21820000000012,0.9956521739130434
3,9499,932827.3776647861,6847732.823771074,95.63400000000013,93.76290000000013,0.9804347826086957
3,9509,935018.4736657833,6847022.579785961,2869.0200000000036,1177.7844247748121,0.41051802524026
3,9511,931077.1399302931,6848504.923813723,95.63400000000013,38.96742572259869,0.4074641416504448
3,9516,932559.8292910674,6849544.942357213,95.63400000000013,82.64771327421305,0.8642084747497013
3,9532,933100.8603282952,6845883.815585893,382.5360000000005,382.53600000000057,1.0000000000000002
3,9538,933556.7486525704,6846282.953171641,95.63400000000013,64.10871939517737,0.6703548883783726
3,9541,933957.1508405452,6849006.306014607,286.90199999999993,263.5356398226384,0.9185563008366567
3,9542,933653.8901441869,6848992.822723123,95.63400000000013,95.21820000000022,0.9956521739130445
3,9558,932035.3913814462,6848736.484588305,95.63400000000013,44.00450489677163,0.4601345222072858
3,9560,933860.9605831502,6848866.336707572,669.4379999999994,666.5273999999997,0.995652173913044
3,9562,934476.6588086744,6848575.581773383,382.5360000000005,341.6095530968522,0.8930128225757883
3,9563,934837.5500829674,6848861.004079617,1147.6079999999997,1083.0998296452765,0.9437890199835456
3,9569,932225.2546326333,6848888.941757594,95.63400000000013,95.63400000000011,0.9999999999999999
3,9570,932668.8641417644,6847613.400459321,382.5360000000005,380.0412000000012,0.993478260869567
3,9572,935162.9804507786,6846810.761040582,191.26800000000026,190.43640000000045,0.9956521739130445
3,9575,934379.9252731247,6847735.954673465,95.63400000000013,45.57062302341576,0.476510686820751
3,9588,933174.1601802228,6847152.319082395,286.90199999999993,0.0,0.0
3,9598,934672.2265272655,6847865.879827798,573.8039999999999,192.28980247748135,0.33511408508389867
3,9599,935041.9333404225,6847613.857128172,382.5360000000005,345.7519605968515,0.9038416269236126
3,9605,932828.127798571,6847438.990257458,382.5360000000005,382.53600000000046,0.9999999999999999
3,9608,932749.5801922827,6847692.635494687,765.0720000000009,576.3585061937031,0.7533389095323085
3,9610,934527.2332083356,6849123.639648515,95.63400000000013,58.04496939517742,0.6069490912769239
3,9626,934486.8112002981,6847366.567606422,1243.2420000000016,752.2515000000011,0.6050724637681161
3,9627,931823.8106544222,6848488.444537565,95.63400000000013,46.823575825827035,0.48961222813881017
3,9630,932781.8804892112,6848636.280908345,286.90199999999993,271.799030918319,0.9473584391824352
3,9631,933552.9178986769,6849367.906476273,1147.6079999999997,753.7121327421281,0.6567679318566343
3,9633,933897.0026970241,6848904.131752467,956.3399999999992,420.3148082582709,0.4395035324866378
3,9649,933453.0603918822,6848652.721151154,95.63400000000013,45.57062302341576,0.476510686820751
3,9653,933645.9485293892,6847142.813542869,95.63400000000013,58.04157105445398,0.6069135564177375
3,9659,933904.1237440612,6849835.978325042,95.63400000000013,95.2182000000001,0.9956521739130432
3,9671,933075.5146944139,6848016.07788378,765.0720000000009,760.1938132742148,0.9936238854306704
3,9684,932684.2081060847,6849549.691150677,95.63400000000013,86.54583827421304,0.9049693443149186
3,9693,931475.9745950553,6848234.47195226,95.63400000000013,61.977744395177346,0.6480722796827202
3,9703,932869.460184015,6846462.293713474,573.8039999999999,371.4506663710643,0.6473476420015621
3,9711,930970.360272886,6849079.574625839,95.63400000000013,58.04157105445398,0.6069135564177375
3,9712,935285.1876892692,6847286.968597762,95.63400000000013,92.75125331855334,0.9698564665135121
3,9719,934008.7697183099,6846182.598943664,95.63400000000013,95.63400000000013,1.0
3,9724,932505.5369410196,6848172.261810506,95.63400000000013,95.21820000000012,0.9956521739130434
3,9725,934022.0184690699,6848635.983412226,382.5360000000005,325.1854530968521,0.8500780399670924
3,9743,934304.097670554,6846704.511047528,95.63400000000013,83.16746327421298,0.8696432573583962
3,9748,934027.0969785834,6846240.90842442,95.63400000000013,95.21820000000021,0.9956521739130443
3,9753,934593.9833821954,6848516.20400429,191.26800000000026,191.26800000000026,1.0
3,9775,932698.8471915089,6848846.145692466,191.26800000000026,189.18900000000045,0.9891304347826098
3,9776,933556.6192238712,6848142.326545657,95.63400000000013,44.9212551032284,0.46972055025648135
3,9777,934158.0519946992,6849186.131553764,382.5360000000005,380.8728000000005,0.9956521739130434
3,9784,933117.0506957475,6848916.632426517,95.63400000000013,80.56871327421304,0.8424693443149186
3,9789,933147.4526855156,6847604.768045262,573.8039999999999,567.5669999999998,0.9891304347826085
3,9793,935422.245332073,6848939.361711178,95.63400000000013,45.57062302341576,0.476510686820751
3,9794,935545.7185188608,6849079.182672826,478.1699999999996,239.17851098794358,0.5001955601312165
3,9801,933211.3990501465,6847170.561980582,860.706,856.9638,0.9956521739130435
3,9802,933523.8992902167,6846287.317988239,95.63400000000013,95.21820000000021,0.9956521739130443
3,9805,931259.5701789795,6848534.360298697,1817.0460000000007,1626.3308706837902,0.8950411110581623
3,9806,934803.6729152919,6849092.808915292,95.63400000000013,94.64647500000022,0.9896739130434793
3,9807,933213.1632337016,6847836.001602771,95.63400000000013,95.21820000000012,0.9956521739130434
3,9813,932379.0059244466,6848187.339723749,95.63400000000013,90.64440000000012,0.9478260869565217
3,9825,933976.2117452964,6848283.644952261,286.90199999999993,285.6546000000001,0.995652173913044
3,9828,933638.3201898618,6846859.374868455,191.26800000000026,190.43640000000025,0.9956521739130434
3,9831,933420.4363337873,6849341.712400015,286.90199999999993,184.47793318553215,0.6429998159146056
3,9833,933139.2845027762,6848961.120915364,95.63400000000013,66.90915000000004,0.6996376811594197
3,9840,933034.9212445075,6846685.264054148,95.63400000000013,89.07868661493646,0.9314541545364237
3,9847,933038.7335152994,6846423.62251273,286.90199999999993,271.799030918319,0.9473584391824352
3,9849,932528.7442236226,6847689.468524802,382.5360000000005,175.3527395870865,0.4583953917725031
3,9858,934693.3810613484,6847701.111812317,1243.2420000000016,1082.5283725647687,0.8707302138801354
3,9869,933243.3351651938,6847210.795217996,382.5360000000005,228.3434999999999,0.5969202898550714
3,9872,933701.2285636517,6848755.127025639,382.5360000000005,382.5360000000005,1.0
3,9881,932918.6136369663,6847072.489498806,95.63400000000013,75.78701327421304,0.7924693443149187
3,9886,932821.6600551809,6847545.7673147,286.90199999999993,286.90199999999993,1.0
3,9892,933769.9586777443,6850059.645767407,95.63400000000013,80.81466161493636,0.8450411110581618
3,9896,932910.5663018344,6846327.921514823,95.63400000000013,90.59967697277311,0.947358439182435
3,9903,932987.5190669243,6847736.609107622,382.5360000000005,229.06137758070938,0.5987969173638796
3,9904,933367.7204425648,6848348.913714654,573.8039999999999,571.3091999999998,0.9956521739130434
3,9905,934127.0862403624,6849546.923577938,95.63400000000013,95.21820000000012,0.9956521739130434
3,9906,934932.2084613116,6848846.548867627,95.63400000000013,95.21820000000012,0.9956521739130434
3,9907,933029.6251592926,6847489.419073618,3347.1899999999973,3332.6369999999974,0.9956521739130435
3,9909,931658.9020902332,6848667.192102743,191.26800000000026,190.4364000000003,0.9956521739130437
3,9910,935183.6351913924,6846874.189318192,191.26800000000026,190.43640000000028,0.9956521739130436
3,9920,935021.3193951537,6847060.948187368,95.63400000000013,58.04157105445398,0.6069135564177375
3,9936,931580.4797240508,6848422.013481351,95.63400000000013,61.977744395177346,0.6480722796827202
3,9953,934153.4091633352,6849255.552389321,191.26800000000026,123.95548879035469,0.6480722796827202
3,9954,934777.57848551,6848323.258075425,573.8039999999999,485.3059021452765,0.8457694650878638
3,9955,933915.9412443208,6849974.515257486,191.26800000000026,114.55494379035473,0.5989237289580828
3,9960,933115.5829392676,6848983.280574871,95.63400000000013,58.04496939517742,0.6069490912769239
3,9961,933466.2104633002,6848276.559558509,95.63400000000013,58.04496939517742,0.6069490912769239
3,9975,933653.551036247,6849769.137802846,573.8039999999999,333.26983137106424,0.5808077869290983
3,9977,933790.3463130037,6846787.666965213,95.63400000000013,95.21820000000021,0.9956521739130443
3,9985,934329.1029525546,6848149.315003604,669.4379999999994,232.12756578078935,0.3467499092982316
3,9993,935237.2176932336,6847413.114733124,478.1699999999996,317.0475000000001,0.6630434782608704
3,10012,930950.3510605812,6848307.282271661,95.63400000000013,62.83719771373057,0.6570591809788411
3,10016,932697.4555062825,6847811.833185514,765.0720000000009,345.94560000000007,0.4521739130434778
3,10022,933041.251930469,6848842.916617294,95.63400000000013,58.04157105445398,0.6069135564177375
3,10025,932268.7588525165,6848860.279793774,95.63400000000013,94.59450000000018,0.9891304347826093
3,10026,935518.8488085081,6847613.339809049,382.5360000000005,378.37800000000084,0.9891304347826095
3,10027,932913.2688383283,6845934.601647124,95.63400000000013,93.9847266592768,0.9827543202132785
3,10028,933074.2026367594,6846159.369719025,95.63400000000013,61.977744395177346,0.6480722796827202
3,10029,933315.6296249937,6847761.260458282,478.1699999999996,478.16999999999956,0.9999999999999999
3,10030,933430.7928059918,6849517.208437085,191.26800000000026,191.26800000000023,0.9999999999999999
3,10035,931173.3083009078,6847988.01854734,95.63400000000013,43.96818669678737,0.4597547597798619
3,10040,932546.568065723,6848144.921343746,95.63400000000013,95.21820000000012,0.9956521739130434
3,10048,933074.9631935684,6848904.638629617,95.63400000000013,95.2182000000001,0.9956521739130432
3,10049,933898.5379517489,6847507.18885444,286.90199999999993,285.6545999999999,0.9956521739130434
3,10050,932699.2435105143,6848568.01285431,95.63400000000013,66.90915000000004,0.6996376811594197
3,10051,933207.8928756897,6847441.51757546,382.5360000000005,250.40577758070947,0.6545940188131552
3,10066,933434.5341283992,6847388.346410935,382.5360000000005,228.3434999999999,0.5969202898550714
3,10072,932689.1764501187,6847753.651461754,191.26800000000026,190.43640000000028,0.9956521739130436
3,10076,931398.4864702271,6847937.279521179,95.63400000000013,95.21820000000021,0.9956521739130443
3,10077,933451.4261663748,6847221.415403123,191.26800000000026,190.4364000000004,0.9956521739130442
3,10089,933244.9804023418,6847884.668053168,286.90199999999993,247.2776598448087,0.8618889371451184
3,10094,933333.8463684933,6847621.563796838,669.4379999999994,666.5273999999994,0.9956521739130434
3,10101,934661.0746705633,6847927.146260514,1243.2420000000016,1237.8366000000017,0.9956521739130436
3,10102,933182.3723918039,6847365.409096451,95.63400000000013,95.21820000000012,0.9956521739130434
3,10104,933645.0818323198,6847382.788648151,95.63400000000013,74.38663132361006,0.7778262053622139
3,10107,935118.3419542372,6847550.591577848,95.63400000000013,73.91019382361006,0.7728443213042429
3,10110,933873.7439605257,6846920.031637437,95.63400000000013,84.83066327421298,0.8870345617062223
3,10111,934086.314125427,6849358.656490865,191.26800000000026,190.43640000000028,0.9956521739130436
3,10117,933891.4550647598,6848409.384873224,573.8039999999999,571.3091999999998,0.9956521739130434
3,10119,933260.2538825228,6848978.801936929,191.26800000000026,191.26800000000026,1.0
3,10123,934167.9046258238,6849171.896459407,191.26800000000026,146.58442654842582,0.7663823877931784
3,10139,934354.8441173997,6849245.40042241,573.8039999999999,418.7981595122562,0.7298627397373603
3,10142,931269.0468687299,6848265.568116044,95.63400000000013,94.38660000000013,0.9869565217391305
3,10143,932681.7054088366,6847499.789849972,95.63400000000013,95.63400000000013,1.0
3,10154,933154.0458711435,6847282.093194191,95.63400000000013,83.16746327421298,0.8696432573583962
3,10161,933159.8497843541,6848831.24469511,95.63400000000013,27.276480000000006,0.28521739130434753
3,10162,933733.431662689,6847329.336038186,286.90199999999993,115.09344000000014,0.4011594202898557
3,10164,935374.7753691487,6848050.43605314,95.63400000000013,94.17869999999995,0.9847826086956504
3,10173,933672.737071853,6849253.814889249,286.90199999999993,138.832634690315,0.4839026381493159
3,10177,935157.9324551178,6847512.36086889,478.1699999999996,439.22606637106395,0.9185563008366571
3,10178,933029.8393245293,6847952.304881992,95.63400000000013,36.90129061937031,0.3858595334229485
3,10185,934452.3930591646,6846982.408543744,6120.57600000001,3664.9820412913546,0.5987969173638802
3,10186,932811.2529094083,6847114.024862955,95.63400000000013,47.43341582582704,0.4959890397330131
3,10187,933830.1283487022,6847487.364353392,95.63400000000013,49.660379999999755,0.5192753623188373
3,10189,932692.7608121308,6848600.786785667,95.63400000000013,93.76290000000013,0.9804347826086957
3,10192,934760.1893078903,6848955.691837043,95.63400000000013,95.21820000000012,0.9956521739130434
3,10193,933433.231115292,6847271.347054163,478.1699999999996,452.99838486386477,0.9473584391824353
3,10201,933994.031683922,6849876.24627233,95.63400000000013,95.2182000000001,0.9956521739130432
3,10210,934025.57521851,6848684.330151873,860.706,856.9638,0.9956521739130435
3,10212,934223.228326024,6847246.36702921,286.90199999999993,248.5250598448087,0.866236763232075
3,10215,934715.7413427237,6848884.871152102,5259.870000000004,2977.9635284796823,0.566166754782852
3,10219,932814.6403510185,6847606.673858789,95.63400000000013,37.35966572259869,0.3906525474475463
3,10221,934192.1546529793,6847160.79217386,95.63400000000013,95.21820000000011,0.9956521739130433
3,10224,934101.8349083216,6848430.838183671,95.63400000000013,95.21820000000012,0.9956521739130434
3,10231,933671.135091272,6849465.781675143,573.8039999999999,368.81726637106516,0.6427582700208874
3,10236,932939.7348871337,6849336.387709871,765.0720000000009,761.7456000000009,0.9956521739130434
3,10244,932955.3463291693,6849306.320118343,95.63400000000013,91.42402500000011,0.9559782608695652
3,10246,933101.7466479187,6846209.283491303,95.63400000000013,57.26534439517738,0.5987969173638801
3,10254,931715.8660304986,6848789.426176444,95.63400000000013,90.90427500000015,0.9505434782608699
3,10261,934262.5455395225,6847854.326373196,1338.8759999999988,684.5731200000009,0.5113043478260881
3,10267,931307.3631568019,6848330.083236414,95.63400000000013,83.68721327421305,0.8750780399670927
3,10272,933050.787936171,6847155.721703347,95.63400000000013,37.35966572259869,0.3906525474475463
3,10275,934103.8180663389,6849612.034001067,382.5360000000005,380.8728000000005,0.9956521739130434
3,10278,935876.0935123041,6847470.826040269,95.63400000000013,57.726189395177364,0.60361575794359
3,10291,934284.5500000002,6846610.3,95.63400000000013,66.87450000000008,0.6992753623188405
3,10299,933740.5253062717,6849275.135905407,191.26800000000026,190.43640000000025,0.9956521739130434
3,10300,934120.4241034845,6846629.078009482,95.63400000000013,94.60842665927673,0.9892760593437125
3,10303,933087.2978634115,6846713.989915521,95.63400000000013,51.6676368951774,0.5402643086682282
3,10310,933662.6090495399,6846292.376274694,95.63400000000013,80.56871327421304,0.8424693443149186
3,10313,934132.743795555,6847290.517010921,95.63400000000013,84.86871161493637,0.887432415405988
3,10316,931779.9315980398,6849405.252024197,95.63400000000013,93.1392000000002,0.9739130434782617
3,10320,933000.1808626615,6848052.982253033,286.90199999999993,274.59511991131916,0.9571042373748501
3,10325,933933.3593358105,6847103.226567579,382.5360000000005,330.5908530968524,0.8642084747497019
3,10329,934211.8488995229,6848298.599634069,765.0720000000009,761.7456000000009,0.9956521739130434
3,10330,932761.3497296126,6848687.233713076,95.63400000000013,83.68721327421297,0.8750780399670918
3,10331,934245.3325944173,6847776.919350368,765.0720000000009,444.7533818130673,0.5813222570072709
3,10337,932669.9809045001,6848743.352639446,382.5360000000005,380.8728000000005,0.9956521739130434
3,10338,932819.5235869985,6847596.232389081,765.0720000000009,669.4977061937037,0.8750780399670919
3,10356,934755.1647191114,6849505.936368641,95.63400000000013,95.2182000000002,0.9956521739130442
3,10357,933594.0673698266,6846179.894955099,478.1699999999996,182.9918041291355,0.3826919382837393
3,10368,933273.4500000001,6845822.250000001,95.63400000000013,85.97411327421298,0.8989910834453527
3,10370,933012.0465866763,6847905.965653049,669.4379999999994,333.15089884578066,0.497657585684979
3,10374,931030.5528103395,6848142.981544934,95.63400000000013,79.11341327421299,0.8272519530105703
3,10380,932092.0952888138,6848868.161414484,95.63400000000013,95.21820000000007,0.9956521739130428
3,10388,931223.2975225939,6848216.051498234,191.26800000000026,159.05842654842598,0.8315997790975269
3,10391,932160.8910216669,6849523.456921224,95.63400000000013,92.58480000000009,0.9681159420289851
3,10398,932973.4767872419,6846487.694820562,95.63400000000013,95.2182000000001,0.9956521739130432
3,10405,934748.6770908297,6849227.935873953,95.63400000000013,93.98472665927673,0.9827543202132778
3,10409,932393.2999999999,6847704.149999999,286.90199999999993,183.23053318553215,0.6386519898276491
3,10411,935307.2119135937,6847977.691781219,191.26800000000026,114.55494379035473,0.5989237289580828
3,10421,932032.6508674923,6848826.974459034,478.1699999999996,424.4131913710639,0.8875780399670916
3,10425,933180.2154002321,6848831.060508506,382.5360000000005,362.3987078910924,0.9473584391824349
3,10442,933869.8817272248,6847159.91917443,765.0720000000009,485.8427551614187,0.6350288014218507
3,10462,935541.1205694418,6847753.314055408,95.63400000000013,95.2182000000001,0.9956521739130432
3,10464,932992.9944962687,6846165.912888682,95.63400000000013,95.2182000000001,0.9956521739130432
3,10465,932674.5601500267,6848443.125949285,95.63400000000013,44.9212551032284,0.46972055025648135
3,10475,932845.257473753,6846359.379475065,95.63400000000013,25.05888000000001,0.2620289855072461
3,10493,933901.9838593975,6848751.763656873,573.8039999999999,515.2417696452761,0.89794035880767
3,10500,933910.6782394458,6848825.046646248,382.5360000000005,380.8728000000005,0.9956521739130434
3,10503,932847.3752738778,6845588.838022961,95.63400000000013,95.63400000000013,1.0
3,10537,934565.0597091323,6847573.169047379,2964.6540000000055,2951.7642000000037,0.995652173913043
3,10547,934010.1106600659,6847338.339636963,382.5360000000005,105.43891917417298,0.27563136325515203
3,10549,933204.9174926303,6849522.805189388,286.90199999999993,283.9394249999999,0.9896739130434782
3,10555,933170.3422954335,6848220.548965163,286.90199999999993,251.3734898226386,0.8761649964888312
3,10562,931230.4214972666,6848067.418111924,95.63400000000013,95.21820000000018,0.9956521739130441
3,10563,935089.212538584,6848064.79112075,1051.9740000000002,1047.4002000000005,0.9956521739130438
3,10569,934192.0295085977,6849166.774747741,382.5360000000005,362.3987078910924,0.9473584391824349
3,10580,931570.9273035374,6848026.883605152,95.63400000000013,79.63316327421296,0.8326867356192656
3,10582,933343.2188047252,6846608.578209919,95.63400000000013,58.04157105445398,0.6069135564177375
3,10585,935392.5634098974,6848004.26043507,95.63400000000013,95.21820000000012,0.9956521739130434
3,10590,932949.0562491376,6847370.847654149,95.63400000000013,83.68721327421308,0.875078039967093
3,10607,933080.9934037914,6849559.776799788,2964.6540000000055,2951.7642000000055,0.9956521739130435
3,10608,933148.0137206174,6849253.722196233,95.63400000000013,95.21820000000024,0.9956521739130446
3,10609,933961.6175904901,6847336.707163529,1051.9740000000002,585.1832612602138,0.5562716010663893
3,10613,931090.5221468927,6849075.137943504,95.63400000000013,95.2182000000002,0.9956521739130442
3,10619,931199.9475576491,6847834.40883758,95.63400000000013,93.98472665927673,0.9827543202132778
3,10620,933006.3872127756,6847940.830005328,573.8039999999999,567.5669999999998,0.9891304347826085
3,10641,933618.5495567304,6845949.816784601,95.63400000000013,94.02277500000022,0.9831521739130445
3,10651,935303.0832217956,6848495.682583652,95.63400000000013,57.26534439517738,0.5987969173638801
3,10662,935410.8654036904,6846558.059920525,669.4379999999994,666.5273999999994,0.9956521739130434
3,10667,933289.509010497,6848511.64560853,286.90199999999993,285.6545999999999,0.9956521739130434
3,10687,934790.3272831906,6848262.031098935,1338.8759999999988,1338.8759999999984,0.9999999999999997
3,10704,932618.6834430138,6848676.68353203,95.63400000000013,95.21820000000021,0.9956521739130443
3,10705,934593.8839643653,6849033.421997486,191.26800000000026,190.4364000000004,0.9956521739130442
3,10706,933178.2564459642,6847530.197297186,286.90199999999993,109.41467752251899,0.3813660327307548
3,10707,931100.6890796068,6848502.682120318,765.0720000000009,765.0720000000009,1.0
3,10708,932314.0485551335,6848091.231062108,95.63400000000013,95.63400000000011,0.9999999999999999
3,10712,933932.9273408051,6847496.112223556,669.4379999999994,582.1722429194906,0.8696432573583978
3,10715,933206.5364450956,6848635.394541356,573.8039999999999,543.5980618366387,0.9473584391824367
3,10716,932329.5473498235,6848222.228194593,95.63400000000013,90.59967697277311,0.947358439182435
3,10717,932787.6636477805,6846571.54040967,286.90199999999993,271.79903091831903,0.9473584391824355
3,10720,933071.8074762358,6845654.239038638,95.63400000000013,64.10871939517737,0.6703548883783726
3,10721,933538.6863561075,6849758.822360248,95.63400000000013,58.04157105445398,0.6069135564177375
3,10723,934922.0298054328,6848062.564122118,669.4379999999994,666.5273999999994,0.9956521739130434
3,10727,932996.0291976448,6848060.925243887,95.63400000000013,95.63400000000011,0.9999999999999999
3,10740,935223.0435184409,6846668.69049947,382.5360000000005,351.3808530968519,0.9185563008366571
3,10744,934420.5845786422,6847359.675571478,286.90199999999993,248.25498982263852,0.8652954312714397
3,10745,934783.7033348619,6848206.342971057,95.63400000000013,95.63400000000013,1.0
3,10749,933350.6995585539,6849630.02425454,95.63400000000013,95.21820000000012,0.9956521739130434
3,10755,934013.572114857,6846855.799252171,286.90199999999993,280.04130000000004,0.9760869565217395
3,10763,933099.7228025193,6848489.913169091,765.0720000000009,761.7456000000009,0.9956521739130434
3,10764,933030.8619651675,6848248.476359443,95.63400000000013,95.21820000000012,0.9956521739130434
3,10778,934272.1187838147,6848275.613042464,478.1699999999996,182.9918041291355,0.3826919382837393
3,10784,932907.9710056181,6847307.408352931,669.4379999999994,368.6450382662419,0.5506783873431778
3,10789,933947.6206629792,6849942.884581173,95.63400000000013,95.63400000000013,1.0
3,10790,934709.4548967746,6849178.505855558,95.63400000000013,45.57062302341576,0.476510686820751
3,10791,933926.4514099269,6846882.645480853,286.90199999999993,158.14326659276614,0.5512100528848394
3,10792,935064.1262530087,6848076.66842184,286.90199999999993,193.62553318553213,0.6748838738856201
3,10800,933122.8094200674,6847214.199364153,95.63400000000013,94.60842665927673,0.9892760593437125
3,10801,934326.8250105851,6848155.412731725,286.90199999999993,285.6545999999999,0.9956521739130434
3,10802,934391.0506607586,6848088.064553827,286.90199999999993,285.6545999999999,0.9956521739130434
3,10805,931107.6443241632,6847992.610688341,95.63400000000013,95.21820000000007,0.9956521739130428
3,10821,934670.493620137,6847969.939784245,286.90199999999993,223.8277397117877,0.7801539888595679
3,10825,932632.5074517889,6847638.085569143,478.1699999999996,476.0909999999996,0.9956521739130435
3,10835,933567.5776380091,6847151.879099971,286.90199999999993,263.5356398226384,0.9185563008366567
3,10836,931459.2481565505,6849390.536569461,95.63400000000013,95.21820000000012,0.9956521739130434
3,10839,932783.44678062,6848662.060247829,95.63400000000013,95.21820000000012,0.9956521739130434
3,10841,933790.7626390469,6847957.519436067,573.8039999999999,298.8581713260261,0.5208366817345751
3,10844,933787.5975829937,6846077.420675597,478.1699999999996,472.9724999999996,0.9891304347826088
3,10856,933492.4761698648,6847750.886533542,573.8039999999999,365.7927776595315,0.6374873260896258
3,10857,931342.8429019653,6848380.478179439,95.63400000000013,95.2182000000002,0.9956521739130442
3,10863,932181.0091540006,6847967.08628369,191.26800000000026,94.12915917417295,0.49213229172769535
3,10865,932993.5375275939,6847694.607284768,191.26800000000026,94.98551639496928,0.4966095551528178
3,10866,931694.2,6848474.499999999,95.63400000000013,46.82357582582704,0.4896122281388102
3,10867,933336.0183469573,6847859.057493187,286.90199999999993,170.0028956855321,0.5925469173638809
3,10875,933903.8749482951,6849476.791297495,95.63400000000013,37.96950572259869,0.3970293590417492
3,10880,934084.1532894667,6847400.970260704,573.8039999999999,571.3091999999998,0.9956521739130434
3,10882,933552.7722178089,6848950.684925357,765.0720000000009,761.7456000000014,0.9956521739130442
3,10893,931960.2687470067,6848888.357584777,1338.8759999999988,1158.52328583898,0.8652954312714404
3,10894,932788.856334563,6847123.221260645,95.63400000000013,94.64647500000017,0.9896739130434786
3,10900,933801.892984292,6848917.631345217,860.706,753.1849194679158,0.875078039967092
3,10907,931560.3243351991,6848054.624164364,95.63400000000013,83.27141327421296,0.8707302138801352
3,10919,933463.7403563416,6846327.891952175,95.63400000000013,45.57062302341576,0.476510686820751
3,10920,932828.1163182983,6849205.620132012,95.63400000000013,45.57062302341576,0.476510686820751
3,10921,932686.2373901769,6848700.01557711,95.63400000000013,61.977744395177346,0.6480722796827202
3,10928,933128.4786638141,6847553.766799572,286.90199999999993,271.79903091831903,0.9473584391824355
3,10930,932605.5078188747,6847523.013925129,95.63400000000013,95.21820000000022,0.9956521739130445
3,10931,933977.1412456308,6847304.45231967,286.90199999999993,158.14326659276614,0.5512100528848394
3,10937,933868.2251422699,6848989.82475498,191.26800000000026,102.56400000000002,0.5362318840579704
3,10940,933235.3160363933,6847177.078446332,573.8039999999999,571.3092000000003,0.9956521739130442
3,10941,933274.3514069407,6849529.554750339,95.63400000000013,95.21820000000022,0.9956521739130445
3,10942,933522.9913464648,6848747.05814743,382.5360000000005,380.872800000001,0.9956521739130447
3,10946,934148.9968668595,6848036.441341041,382.5360000000005,380.8728000000005,0.9956521739130434
3,10947,932385.4227281783,6848932.439488466,95.63400000000013,25.05888000000001,0.2620289855072461
3,10948,933642.5335300484,6848960.408539747,573.8039999999999,262.1203200000003,0.45681159420289913
3,10950,934159.6402440774,6846298.201649804,382.5360000000005,362.3987078910925,0.9473584391824351
3,10967,933031.4281738362,6846270.667052431,4016.6279999999974,2835.342343355918,0.705901154738731
3,10976,933580.1251928865,6847213.431670446,956.3399999999992,421.9161670901764,0.4411779985049007
3,10982,935106.5646240305,6847697.48168422,669.4379999999994,539.022597919491,0.8051867356192679
3,10986,934163.312717972,6846707.314192688,95.63400000000013,95.63400000000011,0.9999999999999999
3,10988,932175.1532324326,6849545.478774776,95.63400000000013,95.63400000000011,0.9999999999999999
3,10993,934520.831810092,6848515.228453046,95.63400000000013,58.04157105445398,0.6069135564177375
3,11001,933562.0420599754,6845908.990599112,382.5360000000005,249.1791590273732,0.6513874747144658
3,11003,934110.4589797315,6846650.202818413,765.0720000000009,765.0720000000017,1.000000000000001
3,11008,935423.9287421444,6848083.792982969,95.63400000000013,27.513095103228387,0.28769156474923513
3,11010,934407.2718981794,6848091.05532142,573.8039999999999,304.31554632602655,0.5303475512997934
3,11012,932600.5186585278,6848957.901340018,478.1699999999996,376.8560663710636,0.7881215182279606
3,11017,933708.533268859,6846433.149838814,95.63400000000013,95.21820000000007,0.9956521739130428
3,11020,932787.3772524479,6846930.385452416,478.1699999999996,476.09099999999944,0.9956521739130431
3,11021,933334.7971248536,6845731.981853013,95.63400000000013,80.56871327421304,0.8424693443149186
3,11037,933371.3360533119,6846478.282567724,2677.751999999998,2666.1096000000007,0.9956521739130444
3,11038,933355.7642298404,6845764.822981515,669.4379999999994,479.4262857662421,0.7161623417945239
3,11040,934086.8303328733,6848557.892030689,478.1699999999996,476.09099999999944,0.9956521739130431
3,11042,933824.4048263264,6848672.632151724,95.63400000000013,57.26534439517738,0.5987969173638801
3,11045,933894.4496371041,6847107.338590901,478.1699999999996,289.791721975887,0.6060432941754758
3,11046,934022.903557385,6848699.643211972,478.1699999999996,476.0909999999996,0.9956521739130435
3,11047,933191.4688202129,6848599.682546951,95.63400000000013,95.21820000000012,0.9956521739130434
3,11048,933790.9135501591,6850083.658549914,3920.993999999992,3920.9939999999924,1.0000000000000002
3,11051,933691.004398809,6849274.760431463,573.8039999999999,573.8039999999999,1.0
3,11052,933134.1092489517,6847201.484623021,191.26800000000026,150.74242654842587,0.7881215182279611
3,11057,933330.4352848117,6847590.746253682,573.8039999999999,324.8810663710644,0.5661882217117072
3,11059,931716.851151302,6848713.601967679,95.63400000000013,90.90427500000021,0.9505434782608705
3,11067,934849.8323244895,6849070.522426867,95.63400000000013,83.16746327421298,0.8696432573583962
3,11083,935533.9453384775,6846466.434519704,95.63400000000013,94.64647500000022,0.9896739130434793
3,11084,934285.0433006865,6847635.85757438,382.5360000000005,277.9364464597451,0.726562850188596
3,11085,933397.6720834061,6846466.175805231,95.63400000000013,58.04157105445398,0.6069135564177375
3,11086,934913.1488629093,6848141.085168434,1147.6079999999997,687.1841327421283,0.5987969173638807
3,11088,932937.0130365919,6847550.304211921,95.63400000000013,95.21820000000012,0.9956521739130434
3,11089,933208.049097842,6848731.947647459,95.63400000000013,95.21820000000018,0.9956521739130441
3,11093,933603.8703580889,6847218.896608897,382.5360000000005,380.8728000000005,0.9956521739130434
3,11095,933701.7367827522,6849253.897202456,765.0720000000009,541.9760081403248,0.7083986972995014
3,11110,933626.356736186,6849842.351743978,95.63400000000013,68.37638884578024,0.7149799113890473
3,11116,932762.35708033,6847656.359072071,573.8039999999999,505.865479645277,0.8815997790975265
3,11120,931817.8503504773,6848729.640530782,95.63400000000013,95.21820000000011,0.9956521739130433
3,11121,932752.9783047739,6849024.716809633,669.4379999999994,582.89989291949,0.8707302138801359
3,11122,932964.5861293214,6847079.838725011,4112.261999999999,2764.5408922837787,0.6722676941021217
3,11126,935783.6848341026,6848869.050412048,95.63400000000013,73.91019382361006,0.7728443213042429
3,11134,934191.46455773,6846570.979277296,382.5360000000005,380.8728000000005,0.9956521739130434
3,11137,932628.1070805661,6847830.052160059,478.1699999999996,397.6460663710638,0.8315997790975262
3,11139,932663.5252354431,6849180.777255322,191.26800000000026,98.90496000000003,0.5171014492753618
3,11148,935308.1485213583,6848002.842679809,382.5360000000005,229.3545253831214,0.5995632447223819
3,11153,934281.9568133344,6849274.458140452,191.26800000000026,190.43640000000016,0.995652173913043
3,11160,932690.6461495479,6849121.646340885,573.8039999999999,352.01201637106414,0.613470830407359
3,11163,932940.5557132188,6846341.455041076,95.63400000000013,80.56871327421304,0.8424693443149186
3,11165,933861.0951079903,6848457.614604188,382.5360000000005,362.3987078910925,0.9473584391824351
3,11176,935101.4347727883,6846995.50502278,95.63400000000013,57.26534439517738,0.5987969173638801
3,11179,934368.7029705,6847631.454550785,1817.0460000000007,1289.4966435083702,0.7096664825812719
3,11180,933236.7052983538,6847725.129570842,286.90199999999993,226.11363982263828,0.7881215182279605
3,11182,932535.7873714685,6847580.936166018,382.5360000000005,370.22911991132037,0.9678281780311392
3,11183,934324.324196389,6847757.485351535,860.706,853.3803899380591,0.9914888358371605
3,11190,933297.7942344948,6845685.203516345,1051.9740000000002,1051.9740000000008,1.0000000000000007
3,11197,933580.4809995937,6849894.469596793,956.3399999999992,945.9449999999997,0.9891304347826092
3,11199,933017.7124962235,6847786.805566308,382.5360000000005,228.3434999999999,0.5969202898550714
3,11208,933619.9405598794,6849514.287396782,478.1699999999996,476.0909999999995,0.9956521739130432
3,11214,932907.4384695006,6846007.813545347,95.63400000000013,57.26534439517738,0.5987969173638801
3,11218,933143.6086546704,6848542.333068474,95.63400000000013,95.21820000000012,0.9956521739130434
3,11221,933547.2788288288,6848521.706180081,191.26800000000026,151.67797654842587,0.7930128225757872
3,11222,933575.536125393,6846886.14006942,95.63400000000013,38.468465722598694,0.402246750346097
3,11226,933099.2373433234,6847990.031660032,382.5360000000005,380.87280000000055,0.9956521739130436
3,11240,933087.8528660246,6847818.196485026,382.5360000000005,168.395138388404,0.44020729653785207
3,11247,932909.1487910191,6846379.977815496,95.63400000000013,80.56871327421304,0.8424693443149186
3,11248,934581.3042816435,6849554.946740974,95.63400000000013,85.97411327421307,0.8989910834453536
3,11252,933795.6970153346,6848711.09973874,382.5360000000005,330.5908530968521,0.864208474749701
3,11256,934695.3404643448,6846867.846654605,95.63400000000013,95.0337033946574,0.9937229792192868
3,11258,934917.4944103613,6848940.310702113,95.63400000000013,95.21820000000014,0.9956521739130436
3,11262,934693.1452476189,6848326.362377102,573.8039999999999,506.489179645277,0.8826867356192656
3,11264,933331.0897013152,6848848.255821113,95.63400000000013,95.21820000000015,0.9956521739130437
3,11266,935508.4079660876,6847613.294046253,286.90199999999993,285.6545999999997,0.9956521739130426
3,11270,932455.2344141554,6848064.924580273,191.26800000000026,190.43640000000042,0.9956521739130443
3,11275,931535.8471580356,6848356.913106472,95.63400000000013,51.6676368951774,0.5402643086682282
3,11276,933021.2250877669,6848007.374724997,191.26800000000026,121.46068879035471,0.6350288014218507
3,11287,934017.0838332808,6849092.734641967,95.63400000000013,95.21820000000015,0.9956521739130437
3,11297,932612.326658424,6847579.222255423,286.90199999999993,227.36103982263845,0.7924693443149177
3,11301,934802.6454994741,6849001.550778128,95.63400000000013,95.63400000000013,1.0
3,11303,933907.0182534903,6847154.591277964,669.4379999999994,649.3562598448091,0.9700020910746173
3,11311,933111.0469321583,6848606.864194659,95.63400000000013,95.21820000000011,0.9956521739130433
3,11314,932992.6662511281,6848277.991710825,669.4379999999994,623.9859964597445,0.9321042373748503
3,11319,935252.8956692584,6846631.217866397,860.706,860.706,1.0
3,11324,933916.2782345891,6847355.817980945,860.706,601.249799667448,0.6985542097620419
3,11325,931076.7176761018,6849213.309867774,95.63400000000013,95.21820000000012,0.9956521739130434
3,11339,931565.2211995849,6849106.134140654,7555.086000000009,4558.179082219014,0.6033259028711266
3,11350,932780.3380585546,6849368.353891645,95.63400000000013,95.21820000000007,0.9956521739130428
3,11352,933470.7084637084,6848312.771088119,382.5360000000005,378.4337066371074,0.9892760593437138
3,11355,934065.5972533431,6846279.094073002,382.5360000000005,343.89645309685204,0.8989910834453531
3,11356,932969.9641389311,6847636.737805939,191.26800000000026,94.37170917417392,0.4934004076697293
3,11370,933254.8717267177,6847745.788954518,382.5360000000005,130.39488000000014,0.3408695652173912
3,11380,932652.1588803587,6848868.648040485,95.63400000000013,27.276480000000006,0.28521739130434753
3,11381,932893.6075560863,6846613.595105208,95.63400000000013,95.6340000000001,0.9999999999999997
3,11388,933527.842648775,6846125.999377675,191.26800000000026,102.56400000000002,0.5362318840579704
3,11404,933157.8613185683,6847152.940804186,95.63400000000013,27.276480000000006,0.28521739130434753
3,11409,933061.1850262486,6845612.112950922,95.63400000000013,95.21820000000021,0.9956521739130443
3,11418,933795.9848186946,6848565.981810369,286.90199999999993,256.45513687126373,0.8938771318124789
3,11427,931875.6790740185,6848474.384014585,286.90199999999993,285.6545999999999,0.9956521739130434
3,11430,934706.9080803797,6847351.625474486,765.0720000000009,576.3585061937031,0.7533389095323085
3,11431,934071.8875250914,6848486.249037665,382.5360000000005,382.5360000000005,1.0
3,11432,933381.5936246613,6849184.113313008,95.63400000000013,90.64440000000012,0.9478260869565217
3,11433,933892.7118457608,6848710.352548743,573.8039999999999,499.628479645277,0.8707302138801353
3,11434,933145.7131591543,6848424.825248219,95.63400000000013,90.64440000000012,0.9478260869565217
3,11435,932217.2651684707,6847998.795190485,860.706,856.9638,0.9956521739130435
3,11436,933800.6329214474,6846165.348749631,95.63400000000013,92.78930165927672,0.9702543202132776
3,11437,933596.6233845784,6848350.521208176,95.63400000000013,92.75125331855334,0.9698564665135121
3,11442,933820.5190289677,6846663.498305453,95.63400000000013,95.21820000000012,0.9956521739130434
3,11454,932939.0972523902,6847608.929564651,95.63400000000013,93.76290000000013,0.9804347826086957
3,11456,931228.0898341822,6849212.367446987,95.63400000000013,95.01030000000013,0.9934782608695653
3,11460,932882.0884591112,6845950.054278242,95.63400000000013,95.21820000000012,0.9956521739130434
3,11464,935362.7070629236,6849104.403700855,4016.6279999999974,3999.164400000002,0.9956521739130446
3,11465,933608.9015723271,6848380.281934506,478.1699999999996,476.09099999999944,0.9956521739130431
3,11466,933301.1771067743,6849247.46410439,1051.9740000000002,436.64544000000035,0.4150724637681162
3,11468,931898.1430237908,6849094.0476578,2295.2159999999994,891.6662598198503,0.38848903973301446
3,11476,933360.5713417655,6847237.218500486,286.90199999999993,285.6546,0.9956521739130437
3,11477,933344.4437821744,6846412.617864598,95.63400000000013,57.26534439517738,0.5987969173638801
3,11479,931616.2440178898,6848050.259932516,95.63400000000013,79.63316327421296,0.8326867356192656
3,11483,933846.5900676299,6847115.129026932,765.0720000000009,761.7456000000009,0.9956521739130434
3,11488,933540.0392621885,6846506.542019381,1147.6079999999997,1142.6183999999996,0.9956521739130434
3,11490,932444.8320794185,6849033.607658509,95.63400000000013,45.57062302341576,0.476510686820751
3,11492,934500.6603224111,6848591.77751805,478.1699999999996,239.17851098794358,0.5001955601312165
3,11494,933671.0753891615,6847277.41516015,191.26800000000026,172.15612654842607,0.9000780399670925
3,11509,932044.3631886762,6848761.958629645,95.63400000000013,95.6340000000001,0.9999999999999997
3,11512,933045.4611337518,6846178.688488086,95.63400000000013,95.2182000000001,0.9956521739130432
3,11514,933171.8689990361,6846665.043731241,95.63400000000013,95.63400000000011,0.9999999999999999
3,11519,934208.0994199179,6848302.834424711,1147.6079999999997,858.6166088471517,0.7481793511784093
3,11521,932952.7789609226,6845742.730186989,95.63400000000013,95.21820000000012,0.9956521739130434
3,11524,933807.1712426898,6849104.903991227,286.90199999999993,160.69417318553212,0.5601012651899678
3,11528,935305.9173911627,6848922.060160853,478.1699999999996,401.02444137106386,0.8386649964888307
3,11531,933748.2780433838,6847080.083130765,95.63400000000013,95.63400000000027,1.0000000000000016
3,11540,935217.8543693587,6846609.582170842,95.63400000000013,85.97411327421308,0.8989910834453538
3,11542,933090.3027948017,6845674.311779024,95.63400000000013,82.64771327421305,0.8642084747497013
3,11551,933880.1291124261,6847485.328852071,478.1699999999996,239.17851098794358,0.5001955601312165
3,11560,933614.128747189,6846936.987400799,382.5360000000005,380.8728000000007,0.9956521739130441
3,11561,933096.8264051978,6848895.335951966,95.63400000000013,95.63400000000013,1.0
3,11566,933741.5449604633,6846249.308764896,95.63400000000013,79.63316327421296,0.8326867356192656
3,11567,932709.4143324831,6849105.269341798,191.26800000000026,168.35782949380146,0.8802195322469061
3,11578,933447.7647311293,6846401.748932225,95.63400000000013,92.75125331855334,0.9698564665135121
3,11586,932540.180231313,6848021.346269723,95.63400000000013,38.50905061937031,0.4026711276258471
3,11590,933474.1369349232,6848820.327521113,95.63400000000013,83.16746327421298,0.8696432573583962
3,11603,934790.8430728376,6849375.454945166,573.8039999999999,571.3091999999998,0.9956521739130434
3,11625,932202.2923009626,6849584.568110237,95.63400000000013,94.64647500000022,0.9896739130434793
3,11631,932956.7923964943,6847263.730764581,95.63400000000013,86.54583827421305,0.9049693443149187
3,11633,932502.1599793449,6849232.59338002,95.63400000000013,93.18097997783005,0.9743499171615735
3,11634,934019.4029098696,6846239.103571204,382.5360000000005,316.45365309685184,0.82725195301057
3,11638,934568.0054498934,6847196.949654583,573.8039999999999,573.8039999999996,0.9999999999999996
3,11644,935273.6505481242,6846587.649830702,95.63400000000013,90.64440000000012,0.9478260869565217
3,11647,932679.7402290115,6849022.372695952,382.5360000000005,351.3808530968519,0.9185563008366571
3,11648,933304.5147171163,6848043.545676749,4112.261999999999,4094.3825999999985,0.9956521739130434
3,11652,933197.246989845,6847312.210579515,95.63400000000013,83.88118661493637,0.8771063284494662
3,11653,933526.3205378389,6846085.998587972,765.0720000000009,760.4982000000017,0.9940217391304358
3,11666,933627.7334137191,6846340.661913183,95.63400000000013,95.63400000000011,0.9999999999999999
3,11667,933843.130100863,6848886.877794658,1051.9740000000002,1051.9740000000006,1.0000000000000004
3,11673,932201.0268891826,6849590.38963428,95.63400000000013,82.64771327421305,0.8642084747497013
3,11690,935492.2573552256,6847651.077749962,95.63400000000013,95.2182000000001,0.9956521739130432
3,11692,934872.5988058833,6848823.849483037,382.5360000000005,380.8728000000004,0.9956521739130432
3,11695,932845.7158167756,6845970.387059423,95.63400000000013,27.054720000000007,0.2828985507246374
3,11702,935170.9270380392,6847502.985704954,286.90199999999993,203.9389730081708,0.7108314790701035
3,11703,935437.6072759333,6846618.3781444,95.63400000000013,75.78701327421304,0.7924693443149187
3,11704,934557.6493335387,6847928.406579563,765.0720000000009,724.797415782185,0.9473584391824353
3,11715,932759.604150998,6846941.964557721,2008.3139999999987,1999.5821999999987,0.9956521739130435
3,11719,933803.297750584,6850042.060227317,95.63400000000013,76.35873827421297,0.7984476051844832
3,11724,933173.0895508613,6848860.491694792,669.4379999999994,666.5273999999994,0.9956521739130434
3,11725,932737.3442845547,6847753.738043933,95.63400000000013,95.2182000000001,0.9956521739130432
3,11726,933556.2750550054,6847259.879668593,191.26800000000026,190.43640000000025,0.9956521739130434
3,11730,935263.0456722508,6847183.285658291,95.63400000000013,44.00450489677163,0.4601345222072858
3,11736,934517.4441071984,6849215.819529569,286.90199999999993,285.65459999999985,0.9956521739130432
3,11741,931275.4445654494,6848755.18651242,6024.942,3885.1159673172183,0.6448387332719914
3,11762,934856.9928259512,6847648.653649407,478.1699999999996,339.2919133469512,0.7095633631280748
3,11771,934824.8932919559,6849304.244320762,95.63400000000013,79.63316327421296,0.8326867356192656
3,11773,933856.7674792102,6846503.803783785,286.90199999999993,246.46237248777254,0.8590472443125966
3,11774,930919.3133515279,6848415.021975098,191.26800000000026,167.4226699113195,0.8753302691057536
3,11775,933059.5940181899,6848494.90674505,1147.6079999999997,968.0719592905542,0.8435563008366571
3,11778,931545.6878766624,6848233.036110246,95.63400000000013,95.63400000000019,1.0000000000000007
3,11779,931701.3371368598,6848758.317333331,95.63400000000013,95.63400000000019,1.0000000000000007
3,11786,935405.6582003772,6848971.549064538,95.63400000000013,90.5996769727731,0.9473584391824349
3,11787,933014.4779283418,6847983.86235135,95.63400000000013,90.5996769727731,0.9473584391824349
3,11793,935709.4449480695,6848961.277869345,191.26800000000026,146.58442654842582,0.7663823877931784
3,11800,932813.8070452575,6848627.381137106,286.90199999999993,286.738536102161,0.9994302448298062
3,11802,933438.5463714008,6848100.190536831,95.63400000000013,95.21820000000007,0.9956521739130428
3,11804,933243.6791149575,6847406.747570577,382.5360000000005,380.8728000000005,0.9956521739130434
3,11807,933850.5364469191,6846987.95683398,95.63400000000013,95.21820000000012,0.9956521739130434
3,11808,933835.5218938673,6848535.868822688,573.8039999999999,571.3091999999996,0.995652173913043
3,11809,934060.9041241088,6847119.885017985,382.5360000000005,380.87280000000044,0.9956521739130433
3,11816,933757.8237716258,6847321.111410153,382.5360000000005,316.45365309685184,0.82725195301057
3,11817,932955.5138341632,6847272.33142816,95.63400000000013,83.68721327421305,0.8750780399670927
3,11829,933261.8786386311,6847599.792704888,3634.0920000000024,2176.083087016741,0.5987969173638806
3,11830,932423.3668021144,6847458.154847094,1243.2420000000016,403.8480617098452,0.32483463534038
3,11833,933252.4975509519,6847389.089396679,573.8039999999999,571.3091999999999,0.9956521739130436
3,11838,932583.2359269379,6847989.487803824,95.63400000000013,95.21820000000012,0.9956521739130434
3,11840,931165.2448511804,6848277.377203786,95.63400000000013,95.21820000000018,0.9956521739130441
3,11842,933158.091780157,6848970.793346657,286.90199999999993,280.1248599556597,0.9763782056439473
3,11865,933286.3894815391,6849364.771932839,382.5360000000005,380.8728000000005,0.9956521739130434
3,11871,932898.7905500883,6846352.320104719,191.26800000000026,94.12915917417295,0.49213229172769535
3,11874,934638.4331724561,6847968.899071946,765.0720000000009,576.3585061937031,0.7533389095323085
3,11875,933205.7017323509,6847564.195017224,765.0720000000009,578.5327936937031,0.7561808479381057
3,11882,931245.0553031162,6847905.333103501,95.63400000000013,95.21820000000012,0.9956521739130434
3,11894,933923.6231191476,6846192.709288559,1530.1440000000018,1449.5948315643695,0.947358439182435
3,11907,935091.9802929072,6848117.573124131,20370.04199999998,15295.198179663734,0.7508672873459833
3,11911,933445.1090075151,6849046.394249992,382.5360000000005,341.6095530968523,0.8930128225757886
3,11912,932471.0346647335,6849000.121597195,191.26800000000026,169.66132654842596,0.8870345617062223
3,11919,933603.2638057689,6846171.525880805,478.1699999999996,468.8841332963828,0.9805804071697998
3,11920,933470.8148004935,6848994.560015232,478.1699999999996,478.1699999999996,1.0
3,11921,935123.9799863113,6847719.031760627,286.90199999999993,285.6545999999999,0.9956521739130434
3,11923,933200.2334364248,6848747.568055614,478.1699999999996,476.0909999999996,0.9956521739130435
3,11924,933939.3095776936,6846160.841736075,286.90199999999993,207.6811730081708,0.7238749573309731
3,11932,933381.2331721571,6849329.709399574,765.0720000000009,608.6869561937044,0.7955943443149189
3,11942,934571.2852183311,6848557.247316374,382.5360000000005,361.19293318553287,0.9442063836750851
3,11945,932990.7,6846366.149999999,382.5360000000005,168.3326495870855,0.4400439424971383
3,11962,933357.337945484,6849543.346402063,95.63400000000013,95.21820000000012,0.9956521739130434
3,11966,932629.7535117454,6848614.10804936,286.90199999999993,183.23053318553215,0.6386519898276491
3,11967,931306.6222592164,6848603.309351476,95.63400000000013,95.63400000000011,0.9999999999999999
3,11972,934658.1936071818,6849524.217089832,95.63400000000013,95.21820000000024,0.9956521739130446
3,11990,932973.5433742815,6847588.870341695,382.5360000000005,344.3122530968524,0.900078039967093
3,11992,933066.681791828,6846156.877217038,95.63400000000013,80.81466161493636,0.8450411110581618
3,11999,934536.0,6849634.450000001,765.0720000000009,687.7929061937037,0.8989910834453527
3,12007,933505.2178225664,6847414.439910969,573.8039999999999,571.3091999999998,0.9956521739130434
3,12022,932167.2458411263,6848834.664583127,95.63400000000013,83.16746327421298,0.8696432573583962
3,12024,933180.8412787657,6848158.592868346,478.1699999999996,478.16999999999956,0.9999999999999999
3,12025,933937.1993571521,6846416.373136018,95.63400000000013,95.2182000000002,0.9956521739130442
3,12049,934575.004268051,6849559.359121877,95.63400000000013,49.015890000000084,0.5125362318840582
3,12054,932462.1564523245,6849062.836821908,95.63400000000013,38.66695922976872,0.4043223040944504
3,12062,931459.6565101993,6848660.143132929,2677.751999999998,2020.5616846083126,0.7545738681581842
3,12067,931390.7894156602,6848024.97457617,95.63400000000013,95.21820000000008,0.995652173913043
3,12078,932939.9264526482,6847219.422300695,382.5360000000005,382.5360000000005,1.0
3,12079,933865.6090244028,6846597.303816443,191.26800000000026,191.26800000000026,1.0
3,12081,931412.3109358755,6848122.91117519,95.63400000000013,95.01030000000013,0.9934782608695653
3,12086,933630.4263904359,6849255.295806415,478.1699999999996,282.0561094758872,0.5898657579435921
3,12090,933350.1452585945,6847249.026613546,95.63400000000013,79.63316327421296,0.8326867356192656
3,12099,933949.386067612,6849513.846134295,95.63400000000013,94.60842665927673,0.9892760593437125
3,12101,931543.1867393631,6848173.76838762,286.90199999999993,285.6545999999999,0.9956521739130434
3,12102,932594.4843297643,6848858.203222288,95.63400000000013,90.59967697277311,0.947358439182435
3,12106,933831.6919558909,6849377.772418263,382.5360000000005,119.23492132323724,0.31169594841593234
3,12109,934104.4894871333,6848040.207640492,573.8039999999999,571.3091999999998,0.9956521739130434
3,12110,932356.5995372701,6847633.878491454,95.63400000000013,95.21820000000027,0.995652173913045
3,12117,931164.9148862486,6847788.899281739,95.63400000000013,62.78215766939027,0.656483652983146
3,12119,932408.7698753646,6848990.032246089,95.63400000000013,58.04157105445398,0.6069135564177375
3,12127,933949.382233904,6849489.005989701,191.26800000000026,190.43640000000025,0.9956521739130434
3,12130,933123.1253973604,6845821.381651221,95.63400000000013,90.5996769727731,0.9473584391824349
3,12133,931579.0548800972,6848202.899017191,95.63400000000013,57.26534439517738,0.5987969173638801
3,12138,933185.2954313647,6847669.344418144,382.5360000000005,250.54753193154656,0.654964583546506
3,12140,934401.8816861477,6846610.852964203,95.63400000000013,84.83066327421298,0.8870345617062223
3,12141,933190.6987189752,6845878.516039497,95.63400000000013,85.44043661493637,0.8934106762755533
3,12143,933429.8578013721,6849465.386673525,95.63400000000013,84.83066327421298,0.8870345617062223
3,12144,934864.1134565742,6847680.535569851,573.8039999999999,543.598061836638,0.9473584391824352
3,12148,935136.9886928827,6846140.731478273,95.63400000000013,45.37963020645678,0.4745135642810791
3,12150,932996.2826427276,6845504.836181483,5738.040000000007,2321.4130348580024,0.40456550230705945
3,12157,933475.2086379013,6847351.007369819,478.1699999999996,478.1699999999996,1.0
3,12159,934048.9026141923,6849374.131250356,573.8039999999999,571.3091999999998,0.9956521739130434
3,12162,933348.4328168235,6845699.201881573,95.63400000000013,64.10871939517737,0.6703548883783726
3,12178,935355.4209800308,6846874.27356083,573.8039999999999,573.8040000000002,1.0000000000000007
3,12187,933216.2539120165,6848481.821228226,286.90199999999993,113.85201061937042,0.39683240486079024
3,12194,933792.3279079233,6849220.072593595,191.26800000000026,182.84805000000037,0.9559782608695658
3,12211,932812.9603782245,6848701.428963555,286.90199999999993,285.6545999999999,0.9956521739130434
3,12215,933437.1630028377,6846520.234852221,286.90199999999993,286.9019999999999,0.9999999999999998
3,12217,933802.4871437672,6847300.755170949,669.4379999999994,582.89989291949,0.8707302138801359
3,12221,932550.5857660456,6847467.278227114,95.63400000000013,82.64771327421305,0.8642084747497013
3,12226,932683.5950595968,6849105.536096254,765.0720000000009,765.0720000000009,1.0
3,12228,933014.4401525641,6846378.43939946,191.26800000000026,191.26800000000026,1.0
3,12237,931393.2724616996,6848621.129194025,95.63400000000013,95.63400000000013,1.0
3,12238,932637.7222308298,6848608.057126487,95.63400000000013,95.21820000000012,0.9956521739130434
3,12239,932911.326646335,6847736.074633358,669.4379999999994,666.5273999999994,0.9956521739130434
3,12241,932875.394130113,6849030.10948144,3060.288000000004,3046.982400000004,0.9956521739130434
3,12242,933847.9181272421,6846683.703177392,286.90199999999993,285.6545999999999,0.9956521739130434
3,12253,933136.8613346076,6847889.185033635,956.3399999999992,752.6847382361024,0.787047219854971
3,12260,933347.5170278022,6847231.074971665,95.63400000000013,94.03670165927683,0.9832977984741483
3,12262,934055.4117533319,6848307.198454552,765.0720000000009,261.74048660661634,0.3421122281388105
3,12263,933835.1989298561,6848674.261324938,191.26800000000026,190.43640000000025,0.9956521739130434
3,12266,933032.1979694155,6847414.854272984,382.5360000000005,382.5360000000005,1.0
3,12271,934013.6037028081,6849577.883799208,2199.582000000002,2199.5820000000026,1.0000000000000002
3,12287,934141.894224589,6849216.2908885,573.8039999999999,553.4725798669787,0.9645673084659201
3,12288,932434.3640334093,6848515.830346248,95.63400000000013,85.10073329638315,0.889858557588128
3,12296,933422.2066098911,6848518.215927902,1051.9740000000002,933.7090210163424,0.8875780399670926
3,12306,933045.3880057653,6849304.433308074,95.63400000000013,47.43341582582704,0.4959890397330131
3,12309,934008.5426195215,6848522.552663988,860.706,440.0827200000004,0.5113043478260874
3,12329,931723.2463348417,6848528.335780794,95.63400000000013,95.21820000000012,0.9956521739130434
3,12331,934674.4304884399,6848799.756787657,765.0720000000009,337.6088099999993,0.44127717391304205
3,12333,934224.3320937194,6846578.003574924,95.63400000000013,38.57934572259869,0.403406170635952
3,12337,933244.1105656299,6845691.64293577,95.63400000000013,62.40747105445396,0.6525657303307806
3,12338,933729.0439513075,6846858.981220027,95.63400000000013,47.43341582582704,0.4959890397330131
3,12345,935345.1115341039,6846792.58379787,95.63400000000013,38.579345722598696,0.40340617063595213
3,12348,934609.9535586699,6849582.830215776,765.0720000000009,391.18464,0.5113043478260864
3,12357,932274.0901245109,6847977.133103284,95.63400000000013,95.63400000000013,1.0
3,12372,935110.9831363069,6847848.047084088,956.3399999999992,607.3034439517742,0.6350288014218527
3,12379,933441.2195966117,6848007.967472055,286.90199999999993,271.79903091831903,0.9473584391824355
3,12381,934955.1945034578,6847132.246746887,382.5360000000005,277.9364464597451,0.726562850188596
3,12382,935286.3020376973,6848029.390673539,2295.2159999999994,1609.5479451295344,0.7012620795295671
3,12384,934840.190005293,6849331.210032933,95.63400000000013,93.3749533185534,0.9763782056439474
3,12385,933783.2396546621,6848856.14303407,669.4379999999994,666.5273999999998,0.9956521739130441
3,12386,933818.4277509275,6846740.889909694,382.5360000000005,124.27288330330822,0.3248658513272164
3,12392,932655.5504590818,6847734.841516967,95.63400000000013,64.57649439517738,0.6752461927261988
3,12408,933189.3352226721,6848492.217121178,382.5360000000005,337.2436530968519,0.8815997790975266
3,12409,933918.5149315232,6846238.322086209,95.63400000000013,57.26534439517738,0.5987969173638801
3,12413,934740.3658371974,6847285.59854337,2103.9480000000003,2094.8004000000014,0.9956521739130441
3,12415,934658.2040277019,6847756.263805358,382.5360000000005,351.3808530968519,0.9185563008366571
3,12418,934924.3164787814,6847357.501452978,95.63400000000013,95.21820000000021,0.9956521739130443
3,12419,934151.6128077818,6846503.197622003,95.63400000000013,83.16746327421298,0.8696432573583962
3,12425,933921.5047118881,6847285.613008515,573.8039999999999,571.3091999999998,0.9956521739130434
3,12430,935093.2573022126,6848651.657622145,2199.582000000002,915.7192589940229,0.4163151266895356
3,12436,932827.6338869571,6847504.639554284,860.706,815.3970927549569,0.947358439182435
3,12438,933958.711442577,6848428.813239185,1243.2420000000016,1177.79580064605,0.9473584391824348
3,12441,933272.8056424822,6846645.593415291,95.63400000000013,95.21820000000012,0.9956521739130434
3,12443,934280.1844600798,6847997.035201301,1051.9740000000002,996.5964467005035,0.9473584391824355
3,12446,932907.6680556395,6849222.006642765,95.63400000000013,87.72733661493643,0.9173237197538147
3,12447,933846.3588761822,6848971.603783567,478.1699999999996,415.8373163710639,0.869643257358396
3,12449,933963.3313185055,6849367.964612938,478.1699999999996,142.44099587086484,0.2978877718611894
3,12466,933219.9874127705,6846640.157905908,95.63400000000013,84.31091327421298,0.8815997790975266
3,12467,933876.9807595542,6846148.394948283,95.63400000000013,95.21820000000012,0.9956521739130434
3,12481,933593.1486608278,6846065.97250142,191.26800000000026,176.52202654842608,0.9229041269236142
3,12486,932773.6,6847086.600000001,95.63400000000013,38.35758572259869,0.4010873300562419
3,12490,933240.4828281015,6845845.304119581,95.63400000000013,95.63400000000013,1.0
3,12504,934152.3224130055,6848148.507628645,669.4379999999994,669.4379999999994,1.0
3,12507,934055.8181611748,6848008.13774382,478.1699999999996,460.5681332963826,0.9631891028219732
3,12509,933782.6234685213,6847101.866702586,95.63400000000013,95.21820000000018,0.9956521739130441
3,12529,933108.0392943821,6847839.697288389,191.26800000000026,93.73215896771526,0.49005666900744055
3,12535,931791.8130771414,6848764.459033606,95.63400000000013,94.64647500000024,0.9896739130434794
3,12542,933806.2933433629,6846630.636546497,382.5360000000005,380.8728000000005,0.9956521739130434
3,12549,932638.5988017344,6847733.208564904,382.5360000000005,115.84571752251887,0.3028361187509639
3,12553,932742.3622926048,6848554.40697665,95.63400000000013,95.21820000000021,0.9956521739130443
3,12557,933488.2267135173,6848609.671000347,95.63400000000013,80.56871327421304,0.8424693443149186
3,12559,931262.0577836306,6848182.868659276,95.63400000000013,38.57934572259869,0.403406170635952
3,12560,932499.6559375002,6849073.209353199,95.63400000000013,94.64647500000017,0.9896739130434786
3,12586,934708.7343128097,6849133.063919822,286.90199999999993,138.832634690315,0.4839026381493159
3,12591,935047.2480266668,6848489.942930272,2295.2159999999994,1653.2559080369385,0.7203051512524046
3,12608,931629.0404118699,6848272.16028834,95.63400000000013,64.10871939517737,0.6703548883783726
3,12618,933641.8000000002,6845936.05,286.90199999999993,285.6545999999999,0.9956521739130434
3,12619,931342.3500000001,6848221.800000002,191.26800000000026,190.43640000000042,0.9956521739130443
3,12624,933926.8726456594,6847500.668951431,95.63400000000013,25.05888000000001,0.2620289855072461
3,12626,934388.8783548666,6848359.015462386,286.90199999999993,115.09344000000014,0.4011594202898557
3,12628,932167.3345564739,6848040.33762351,95.63400000000013,25.05888000000001,0.2620289855072461
3,12632,935632.1199535964,6847489.232018561,95.63400000000013,95.21820000000012,0.9956521739130434
3,12635,934526.281131169,6846619.277971492,95.63400000000013,95.63400000000011,0.9999999999999999
3,12646,933753.6932145539,6846584.241197353,95.63400000000013,95.2182000000002,0.9956521739130442
3,12658,934067.0687779015,6848184.41020208,573.8039999999999,556.348721303808,0.9695797193881677
3,12660,934934.5755745157,6846985.517431226,191.26800000000026,114.55494379035473,0.5989237289580828
3,12661,932167.066676031,6848867.240169179,95.63400000000013,37.35966572259869,0.3906525474475463
3,12672,931361.743079646,6848254.027115044,95.63400000000013,95.21820000000021,0.9956521739130443
3,12673,934690.3831978714,6846918.011777939,286.90199999999993,285.6545999999997,0.9956521739130426
3,12680,933285.1087925038,6847191.39790402,382.5360000000005,382.5360000000005,1.0
3,12690,933831.793697378,6848906.405287741,286.90199999999993,285.6545999999999,0.9956521739130434
3,12693,932872.2001569439,6846452.258873068,382.5360000000005,380.87280000000095,0.9956521739130446
3,12696,931486.0238673644,6848180.541043839,6120.57600000001,3664.9820412913546,0.5987969173638802
3,12697,934348.9738175626,6848092.112669995,573.8039999999999,367.4309330746811,0.6403422302296276
3,12700,933138.3938102752,6847771.639172363,382.5360000000005,380.8728000000008,0.9956521739130442
3,12705,933734.6333412172,6846335.445503192,191.26800000000026,191.26800000000026,1.0
3,12710,931547.2668307462,6848399.515940932,95.63400000000013,95.21820000000015,0.9956521739130437
3,12721,932270.8333436535,6849045.758541453,95.63400000000013,58.04157105445398,0.6069135564177375
3,12729,935848.1182893746,6847881.82833974,191.26800000000026,189.29295000000045,0.9896739130434793
3,12731,933306.9854277015,6847283.977787684,5451.1380000000045,3489.3687884036785,0.6401174926049709
3,12732,934416.5307808458,6848076.111852127,1147.6079999999997,344.7105699099249,0.3003730977040287
3,12743,934930.7642607808,6848857.328457117,95.63400000000013,95.2182000000001,0.9956521739130432
3,12744,933138.4501364693,6847699.362771395,765.0720000000009,761.7456000000009,0.9956521739130434
3,12756,933480.9993358967,6846163.521029942,191.26800000000026,114.53068879035476,0.5987969173638801
3,12760,931681.5273723752,6848741.572498308,191.26800000000026,191.26800000000046,1.000000000000001
3,12771,933818.2962687585,6848277.536955632,765.0720000000009,665.3397061937044,0.8696432573583971
3,12773,931900.0031823805,6848510.244075723,95.63400000000013,95.2182000000001,0.9956521739130432
3,12774,932460.416574787,6849261.683423164,95.63400000000013,45.57062302341576,0.476510686820751
3,12777,932495.15,6848605.699999999,95.63400000000013,58.04157105445398,0.6069135564177375
3,12779,934001.0322706961,6847358.455515476,860.706,753.1849194679158,0.875078039967092
3,12798,931107.7107548843,6847956.341181234,95.63400000000013,93.1392000000002,0.9739130434782617
3,12808,932864.468954906,6846419.399428519,95.63400000000013,46.21373582582704,0.4832354165446073
3,12815,931544.8379523159,6848226.718147858,95.63400000000013,83.68721327421305,0.8750780399670927
3,12816,933901.961920202,6849946.654899577,95.63400000000013,84.25893827421305,0.8810563008366579
3,12817,933686.1979747887,6848282.321563728,286.90199999999993,247.9431398226386,0.8642084747497009
3,12820,932819.8091663985,6845907.151564348,95.63400000000013,95.21820000000012,0.9956521739130434
3,12822,932619.5306960222,6847769.473865465,95.63400000000013,95.21820000000024,0.9956521739130446
3,12824,933946.431300075,6849532.354532472,95.63400000000013,49.438620000000014,0.5169565217391299
3,12826,934299.9232934886,6847200.006168528,95.63400000000013,49.59108000000001,0.5185507246376806
3,12835,933560.9029126212,6846916.935498994,765.0720000000009,414.2481152088736,0.5414498442092681
3,12841,933229.1155466025,6848231.019165536,669.4379999999994,658.2569116149369,0.9832977984741492
3,12843,934138.1509266788,6846383.066520734,478.1699999999996,423.633566371064,0.8859476051844831
3,12856,933760.5789684204,6849444.62634332,95.63400000000013,79.63316327421296,0.8326867356192656
3,12860,933578.1791957879,6847269.53761532,95.63400000000013,93.98472665927673,0.9827543202132778
3,12862,935599.3579809724,6847521.190173536,95.63400000000013,95.21820000000012,0.9956521739130434
3,12869,932722.6701513574,6847072.696511888,382.5360000000005,380.8728000000005,0.9956521739130434
3,12873,933878.7958945623,6848514.10145615,478.1699999999996,476.0909999999996,0.9956521739130435
3,12876,932786.8738958893,6845746.40676154,2199.582000000002,2190.018600000002,0.9956521739130435
3,12881,933278.9998704188,6849284.949803694,478.1699999999996,272.0025000000004,0.5688405797101462
3,12884,935281.8384858953,6847295.984103339,95.63400000000013,95.21820000000012,0.9956521739130434
3,12902,932719.2050704208,6848947.661530524,286.90199999999993,251.06163982263854,0.8750780399670919
3,12904,933253.5405154411,6847371.253225628,95.63400000000013,88.37515829638319,0.924097688022911
3,12906,934534.6261574244,6849121.538979536,95.63400000000013,84.25893827421305,0.8810563008366579
3,12907,934733.1368974749,6848187.559743819,4781.7000000000035,4002.448163710647,0.8370345617062225
3,12908,933291.9267014456,6846679.133901049,765.0720000000009,665.3397061937044,0.8696432573583971
3,12917,933755.8110091923,6847281.071760647,191.26800000000026,158.22682654842592,0.82725195301057
3,12921,932145.5086953248,6849004.415139651,95.63400000000013,61.977744395177346,0.6480722796827202
3,12932,932727.7464181287,6848989.635694247,1051.9740000000002,629.9187883469517,0.5987969173638813
3,12934,931616.41103353,6848738.237678711,95.63400000000013,95.21820000000012,0.9956521739130434
3,12935,933432.9512375164,6847255.056448111,382.5360000000005,380.87280000000084,0.9956521739130443
3,12936,933471.756364679,6846372.132516929,95.63400000000013,93.1392000000002,0.9739130434782617
3,12944,933214.5395930082,6847505.786735036,382.5360000000005,109.61562718852326,0.28654983371113596
3,12946,935048.8716094169,6848060.176892265,478.1699999999996,476.0909999999996,0.9956521739130435
3,12952,935305.3436890334,6848896.83965792,286.90199999999993,278.2537599556596,0.9698564665135121
3,12964,932868.2361739635,6848294.281692149,4877.334000000002,1668.59560211718,0.342112228138811
3,12971,931543.327317726,6848692.240754893,573.8039999999999,571.3091999999998,0.9956521739130434
3,12972,934128.0252056678,6848184.830975233,765.0720000000009,761.7456000000009,0.9956521739130434
3,12973,931402.0098938934,6848126.220567448,191.26800000000026,123.95548879035469,0.6480722796827202
3,12978,933124.5379755348,6847744.847232673,382.5360000000005,380.8728000000005,0.9956521739130434
3,12987,933993.2723724638,6848412.69230777,286.90199999999993,114.9400206193703,0.4006246753921908
3,12989,934251.6079749545,6847843.945344226,573.8039999999999,571.3092000000001,0.995652173913044
3,12994,933432.9345654104,6847146.717629196,95.63400000000013,80.56871327421304,0.8424693443149186
3,12999,933776.0997322267,6849439.21673138,286.90199999999993,286.90199999999993,1.0
3,13003,931338.9809203264,6848437.781463497,95.63400000000013,93.36102665927673,0.9762325810828429
3,13006,933698.4488034308,6846820.387773746,1530.1440000000018,817.7840703228381,0.5344490912769237
3,13008,932889.1827268453,6848249.80157969,95.63400000000013,95.21820000000021,0.9956521739130443
3,13015,933795.1883882588,6848864.585421698,765.0720000000009,368.28095751705774,0.4813677111658214
3,13017,932461.3499699114,6847541.25800114,95.63400000000013,95.63400000000011,0.9999999999999999
3,13020,932794.5922813234,6845866.238380088,95.63400000000013,95.21820000000012,0.9956521739130434
3,13022,933976.0567869315,6846938.559146121,478.1699999999996,476.0909999999996,0.9956521739130435
3,13029,935113.869259171,6846720.27870474,12432.420000000002,7681.674021373072,0.6178743978544057
3,13033,933661.9705158506,6848961.680850575,286.90199999999993,138.832634690315,0.4839026381493159
3,13034,933132.9376777958,6846734.030884366,286.90199999999993,138.832634690315,0.4839026381493159
3,13035,933644.117183587,6846025.823702201,286.90199999999993,139.07518469031595,0.48474804877733857
3,13040,931574.7320134845,6848589.685526611,95.63400000000013,46.823575825827035,0.48961222813881017
3,13041,934920.9499999998,6848911.849999999,95.63400000000013,73.91019382361006,0.7728443213042429
3,13044,934411.7969881423,6846669.295330698,95.63400000000013,37.96950572259869,0.3970293590417492
3,13050,933935.7900394519,6849350.558374805,95.63400000000013,95.21820000000012,0.9956521739130434
3,13059,932194.5650501589,6848830.820143026,95.63400000000013,27.5112349633304,0.28767211413650334
3,13068,933132.1094952989,6847543.322291594,95.63400000000013,84.83066327421298,0.8870345617062223
3,13077,931500.7649556918,6848276.109953157,95.63400000000013,86.01216161493637,0.8993889371451185
3,13078,934602.398152019,6849035.890666369,573.8039999999999,505.865479645277,0.8815997790975265
3,13079,934934.0666132149,6846759.664542616,2295.2159999999994,2035.935918581108,0.8870345617062222
3,13087,932677.2125011034,6847588.015772956,1051.9740000000002,996.5964467005035,0.9473584391824355
3,13088,932731.1916527218,6847124.902316127,382.5360000000005,105.19973222798222,0.2750060967542456
3,13090,933772.1498071995,6846187.650839496,956.3399999999992,944.1778499999975,0.9872826086956504
3,13092,933960.120412246,6849478.064957056,191.26800000000026,121.46068879035482,0.6350288014218514
3,13094,932874.5568694976,6845793.306553355,1434.5100000000018,1088.6234039391347,0.7588817114827595
3,13104,935709.1426087954,6848890.511099206,9372.131999999994,9331.383599999994,0.9956521739130434
3,13111,935073.0208593715,6847622.078211993,1912.6799999999985,1610.8510504842548,0.8421957935902796
3,13115,934740.0879560317,6848518.465856845,12910.590000000015,4321.867770894399,0.3347536999389179
3,13122,931045.3688917586,6848416.286079931,95.63400000000013,95.63400000000013,1.0
3,13123,933051.9795185332,6846224.561015749,95.63400000000013,95.63400000000013,1.0
3,13127,933836.7080550509,6846962.217160577,95.63400000000013,80.56871327421304,0.8424693443149186
3,13130,932722.071704056,6847139.151939518,95.63400000000013,80.56871327421304,0.8424693443149186
3,13132,932677.4935618427,6847745.929103192,191.26800000000026,190.43640000000033,0.9956521739130438
3,13159,932928.4183177111,6847339.901844024,95.63400000000013,95.21820000000005,0.9956521739130427
3,13163,932900.3558032286,6846396.9497993,286.90199999999993,227.36103982263845,0.7924693443149177
3,13166,932993.3809395502,6845881.252526554,95.63400000000013,95.2182000000002,0.9956521739130442
3,13170,933800.5491324743,6847011.852378317,860.706,856.9638,0.9956521739130435
3,13177,933820.1285497204,6849271.317718209,286.90199999999993,263.5356398226384,0.9185563008366567
3,13178,933269.036560319,6848107.840500722,860.706,856.9638,0.9956521739130435
3,13184,934144.2787132609,6848710.798647495,669.4379999999994,669.4380000000001,1.000000000000001
3,13188,933270.3583782857,6849279.406374689,286.90199999999993,274.55333993348944,0.9569586128137465
3,13204,933548.0303175959,6849204.536641016,1338.8759999999988,1333.0547999999987,0.9956521739130434
3,13207,934240.3644611444,6847882.041514305,573.8039999999999,571.3091999999998,0.9956521739130434
3,13210,932344.7293005188,6848483.32615196,95.63400000000013,95.63400000000013,1.0
3,13223,934074.4125646682,6848662.056885718,669.4379999999994,582.89989291949,0.8707302138801359
3,13239,933699.9116056673,6847423.433019517,478.1699999999996,423.633566371064,0.8859476051844831
3,13240,932815.985824609,6846577.941698477,95.63400000000013,62.78215766939027,0.656483652983146
3,13248,933226.0649361735,6849219.127028285,95.63400000000013,95.63400000000007,0.9999999999999994
3,13249,934347.5350357271,6846537.179419803,95.63400000000013,47.43341582582704,0.4959890397330131
3,13250,933206.1013843265,6848867.164347005,191.26800000000026,190.43640000000025,0.9956521739130434
3,13254,932755.2379402234,6847041.904678631,286.90199999999993,166.46859568553253,0.5802280767841722
3,13264,933502.8739595523,6849698.551362192,95.63400000000013,93.1392000000002,0.9739130434782617
3,13267,933882.7803210502,6846151.067764997,95.63400000000013,74.38663132361006,0.7778262053622139
3,13271,933824.8183435244,6846110.840578099,95.63400000000013,95.21820000000018,0.9956521739130441
3,13282,932919.002111553,6847285.325046593,191.26800000000026,190.43640000000036,0.9956521739130441
3,13288,933961.0859938521,6848544.821848864,2677.751999999998,1899.5496147429283,0.7093822037077854
3,13289,933839.1577950937,6849374.417924003,95.63400000000013,43.35408000000001,0.4533333333333328
3,13292,935532.0044399331,6846474.905688479,95.63400000000013,64.10871939517737,0.6703548883783726
3,13302,932841.4131952361,6845619.665040208,95.63400000000013,83.84313827421309,0.8767084747497017
3,13303,934175.0193301167,6846279.092923731,765.0720000000009,765.0720000000008,0.9999999999999999
3,13305,934219.3717321921,6849280.380306787,382.5360000000005,115.84571752251887,0.3028361187509639
3,13306,932629.3956914506,6847749.908086014,95.63400000000013,95.63400000000011,0.9999999999999999
3,13307,934585.8745045633,6849035.524895697,95.63400000000013,27.276480000000006,0.28521739130434753
3,13317,931487.342928655,6848139.624137231,95.63400000000013,80.20488827421296,0.8386649964888309
3,13323,934294.8464844052,6846700.640361957,95.63400000000013,95.21820000000007,0.9956521739130428
3,13324,931495.5471468272,6848085.875954918,95.63400000000013,85.6546055873889,0.895650141031315
3,13325,934224.5598004822,6848099.594751698,382.5360000000005,382.5360000000005,1.0
3,13332,931667.9705681333,6848195.529958707,95.63400000000013,94.56449307879308,0.9888166664449145
3,13342,932823.0504767541,6847452.878260011,286.90199999999993,247.03877482263906,0.861056300836659
3,13343,933602.6227311413,6846907.000277909,382.5360000000005,328.9276530968519,0.859860648662744
3,13345,934677.5264396229,6848174.517543081,1817.0460000000007,1809.1458000000007,0.9956521739130435
3,13373,932489.2533401776,6848093.081652327,95.63400000000013,90.5996769727731,0.9473584391824349
3,13376,933224.8999999998,6845713.649999999,95.63400000000013,83.68721327421304,0.8750780399670925
3,13381,932546.4080258447,6847473.760664799,95.63400000000013,95.2182000000002,0.9956521739130442
3,13384,933982.1144509034,6846163.150312163,286.90199999999993,285.6545999999998,0.995652173913043
3,13385,935403.3078943999,6848107.845085224,95.63400000000013,38.35758572259869,0.4010873300562419
3,13389,933513.4043579438,6847180.397080599,95.63400000000013,84.49095995565976,0.8834824430187972
3,13391,931739.6922849781,6848670.59959582,286.90199999999993,227.36103982263845,0.7924693443149177
3,13393,934578.8512476191,6847506.617019047,191.26800000000026,123.95548879035469,0.6480722796827202
3,13398,934738.9961909098,6849424.757523334,382.5360000000005,267.3892530968516,0.6989910834453521
3,13400,933017.648027933,6847545.693501178,573.8039999999999,557.131219911319,0.9709434230352509
3,13409,933689.9868446111,6847052.477126108,478.1699999999996,346.1352883469512,0.7238749573309733
3,13414,932636.747479184,6849010.990191235,95.63400000000013,62.83719771373057,0.6570591809788411
3,13430,935374.2334281291,6848081.647559011,95.63400000000013,27.276480000000006,0.28521739130434753
3,13432,934260.4656067159,6848283.016391079,95.63400000000013,95.21820000000012,0.9956521739130434
3,13438,933299.1090280603,6848120.651544728,286.90199999999993,285.6545999999999,0.9956521739130434
3,13443,933148.370719388,6847096.042518701,765.0720000000009,611.166163693703,0.7988348334453519
3,13448,933751.0386749521,6848064.363114643,95.63400000000013,79.63316327421296,0.8326867356192656
3,13456,934115.1955862978,6847208.875494072,95.63400000000013,95.2182000000002,0.9956521739130442
3,13457,933285.5246515648,6848601.987335363,382.5360000000005,236.2802477400363,0.6176680044232071
3,13467,932404.6745713012,6848568.811220121,95.63400000000013,95.63400000000011,0.9999999999999999
3,13469,934834.9468534817,6847901.804342254,573.8039999999999,347.49885387106326,0.6056054922431062
3,13480,932900.7775108336,6847303.067973066,382.5360000000005,301.4848530968518,0.7881215182279613
3,13482,931298.4222665031,6848603.096304244,286.90199999999993,286.90199999999993,1.0
3,13484,933510.8632809682,6849377.630106317,382.5360000000005,380.8728000000005,0.9956521739130434
3,13488,934116.3871755434,6848129.976461522,1051.9740000000002,432.46412908409803,0.4110977353851882
3,13489,935275.1017051474,6847896.669522866,95.63400000000013,37.85862572259869,0.3958699387518941
3,13507,931402.8148861536,6848621.597431802,191.26800000000026,189.18900000000025,0.9891304347826086
3,13508,932743.0811051693,6848397.156684492,95.63400000000013,58.04157105445398,0.6069135564177375
3,13528,932395.0649411108,6849199.295639656,95.63400000000013,57.26534439517738,0.5987969173638801
3,13534,935255.4649508509,6847979.510253483,3251.556000000003,2877.9916913232382,0.8851121405638517
3,13545,933007.9493954045,6845795.646224927,478.1699999999996,478.1699999999996,1.0
3,13546,932906.9193702433,6846385.675809581,95.63400000000013,95.63400000000013,1.0
3,13549,934452.7496202714,6848561.458460757,95.63400000000013,95.63400000000013,1.0
3,13551,933303.1246205467,6847857.463927582,286.90199999999993,286.90199999999993,1.0
3,13552,932651.4882774714,6848402.695520136,95.63400000000013,95.63400000000013,1.0
3,13556,932768.0109740921,6847150.859886112,95.63400000000013,95.21820000000012,0.9956521739130434
3,13563,934661.202071746,6847846.185885533,3060.288000000004,3060.288000000004,1.0
3,13565,933899.6066060055,6848761.545993327,478.1699999999996,432.7291913710634,0.9049693443149167
3,13568,933521.14671077,6849638.612897774,95.63400000000013,37.35966572259869,0.3906525474475463
3,13579,932810.1903551884,6847653.866084564,382.5360000000005,130.39488000000014,0.3408695652173912
3,13586,932462.5380928771,6848838.356486415,95.63400000000013,62.40747105445396,0.6525657303307806
3,13587,932615.3387118431,6847572.259697731,95.63400000000013,64.10871939517737,0.6703548883783726
3,13593,932991.0984047458,6846084.871702272,382.5360000000005,380.872800000001,0.9956521739130447
3,13601,933840.6310384207,6846633.579557874,95.63400000000013,95.21820000000012,0.9956521739130434
3,13606,935876.3810709207,6847710.036871579,191.26800000000026,190.43640000000025,0.9956521739130434
3,13608,934433.3100854701,6846617.331794871,286.90199999999993,283.7834999999999,0.9891304347826085
3,13609,935460.1289476485,6846552.400078875,95.63400000000013,64.10871939517737,0.6703548883783726
3,13610,933322.9328396136,6845819.901916794,95.63400000000013,83.16746327421298,0.8696432573583962
3,13611,933796.6444196018,6846491.661233018,95.63400000000013,83.16746327421298,0.8696432573583962
3,13619,933449.602849924,6848017.697564426,191.26800000000026,108.29368879035479,0.5661882217117064
3,13625,933287.2716109104,6847475.787658889,573.8039999999999,364.3820663710641,0.6350288014218517
3,13642,932454.3775458881,6847501.505973889,382.5360000000005,331.0066530968519,0.8652954312714397
3,13647,933289.9506805036,6849656.056260768,95.63400000000013,82.64771327421305,0.8642084747497013
3,13649,935270.1104387107,6846576.225549162,95.63400000000013,82.64771327421305,0.8642084747497013
3,13651,932731.3005273492,6848676.620474901,95.63400000000013,95.21820000000012,0.9956521739130434
3,13655,933382.5095858673,6848141.723348605,95.63400000000013,95.21820000000012,0.9956521739130434
3,13657,932993.628968254,6846627.925925925,95.63400000000013,57.52521939517737,0.6015143086682277
3,13662,932858.4994317762,6848143.216212825,95.63400000000013,93.1392000000002,0.9739130434782617
3,13669,935132.8768819193,6846176.992398353,95.63400000000013,64.10871939517737,0.6703548883783726
3,13670,933918.9784403279,6846521.383135018,3251.556000000003,2064.831709436031,0.6350288014218513
3,13671,933566.4385206926,6846348.140596975,2295.2159999999994,1737.7258986069135,0.7571077835841654
3,13672,932338.4420908781,6848928.074137342,95.63400000000013,90.5996769727731,0.9473584391824349
3,13674,934698.6294903242,6847861.049645679,860.706,860.7060000000001,1.0000000000000002
3,13683,933250.0884339834,6847128.780969483,382.5360000000005,380.8728000000005,0.9956521739130434
3,13685,935164.0918083246,6846884.453994404,95.63400000000013,58.04157105445398,0.6069135564177375
3,13691,932633.4166801722,6847836.383525526,191.26800000000026,190.43640000000025,0.9956521739130434
3,13701,934821.1234706239,6849025.478526147,573.8039999999999,534.2214398226389,0.9310172808531119
3,13702,934652.9219723337,6849181.71981228,669.4379999999994,322.8751611639105,0.4823077882700276
3,13706,933029.9500000001,6845902.199999999,95.63400000000013,95.21820000000012,0.9956521739130434
3,13718,932386.8690218328,6849338.641775526,765.0720000000009,761.7456000000009,0.9956521739130434
3,13719,934563.9485206386,6847548.099442508,1817.0460000000007,1809.1458000000007,0.9956521739130435
3,13721,933204.804879852,6847396.879950709,95.63400000000013,95.21820000000012,0.9956521739130434
3,13724,933890.8546796368,6849841.733112247,95.63400000000013,86.54583827421305,0.9049693443149187
3,13735,933722.9407229715,6848231.68483332,382.5360000000005,173.51923917417295,0.45360237774790535
3,13741,934751.2154720397,6847586.906363231,2295.2159999999994,2285.236799999999,0.9956521739130434
3,13756,931696.2557925549,6848984.412653852,13293.126000000004,8401.497120929667,0.6320181664515679
3,13760,933714.2826223718,6846850.117766009,95.63400000000013,44.27083020645678,0.46291936138252837
3,13762,933439.1436668887,6847257.730675788,478.1699999999996,478.16999999999956,0.9999999999999999
3,13763,933702.667121865,6846292.387371926,2869.0200000000036,1550.1543750000017,0.5403079710144927
3,13765,933164.7507622632,6846674.893412856,95.63400000000013,47.43341582582704,0.4959890397330131
3,13768,933082.789957508,6845907.118846833,382.5360000000005,382.5360000000005,1.0
3,13775,933041.8955696338,6845956.895238096,286.90199999999993,138.832634690315,0.4839026381493159
3,13781,931684.3316512364,6848681.37332551,95.63400000000013,45.57062302341576,0.476510686820751
3,13784,934027.5088440374,6848136.093520162,478.1699999999996,142.44099587086484,0.2978877718611894
3,13799,933696.5384586431,6847044.152010272,382.5360000000005,373.5555199113198,0.9765238302050507
3,13805,933424.1316446123,6847297.196050409,286.90199999999993,252.77681482263847,0.8810563008366569
3,13806,932762.7833628876,6847577.864977472,1051.9740000000002,1051.9740000000004,1.0000000000000002
3,13812,933376.0154815383,6846547.770897447,286.90199999999993,249.81423982263854,0.8707302138801354
3,13816,934267.6645998455,6847624.86465945,382.5360000000005,380.87280000000067,0.9956521739130438
3,13825,933921.0677135431,6847050.269966506,382.5360000000005,368.56591991132046,0.9634803519441829
3,13826,931094.7717320853,6848413.287190014,95.63400000000013,95.21820000000012,0.9956521739130434
3,13838,932935.0902050525,6846329.43795935,95.63400000000013,95.21820000000014,0.9956521739130436
3,13841,935514.37805459,6847720.523335909,478.1699999999996,478.16999999999956,0.9999999999999999
3,13846,933105.692997493,6847371.495129535,95.63400000000013,95.2182000000002,0.9956521739130442
3,13847,932593.7059334806,6848115.757000268,95.63400000000013,84.49095995565976,0.8834824430187972
3,13852,933024.6207548492,6847086.360577362,765.0720000000009,761.7456000000009,0.9956521739130434
3,13858,931255.4499811414,6848155.807241769,95.63400000000013,25.05888000000001,0.2620289855072461
3,13862,933145.6317969158,6848515.852168917,1912.6799999999985,1820.239132742125,0.9516694547661535
3,13874,933426.2932093437,6847289.295556294,382.5360000000005,242.92137758070942,0.6350288014218507
3,13884,933189.9104049293,6847827.179742214,286.90199999999993,283.7834999999999,0.9891304347826085
3,13888,935244.5960743406,6848635.149437619,573.8039999999999,367.4309330746811,0.6403422302296276
3,13892,935363.0321080502,6846675.149743676,1147.6079999999997,1142.6183999999996,0.9956521739130434
3,13901,932828.2634021346,6846465.258908803,95.63400000000013,94.64647500000022,0.9896739130434793
3,13906,933736.1962547594,6846392.59894081,95.63400000000013,58.04157105445398,0.6069135564177375
3,13931,933292.9151567515,6848389.774339669,382.5360000000005,380.872800000001,0.9956521739130447
3,13932,933209.5552710091,6849363.401941728,95.63400000000013,95.2182000000002,0.9956521739130442
3,13942,934107.193950391,6848589.167392488,669.4379999999994,666.5273999999998,0.9956521739130441
3,13944,934811.6573405362,6847702.878400151,95.63400000000013,95.63400000000013,1.0
3,13969,934841.8046055436,6848051.241624419,95.63400000000013,95.63400000000013,1.0
3,13975,933124.0295367378,6846729.361465201,382.5360000000005,105.43891917417298,0.27563136325515203
3,13977,934243.4778964272,6848248.639759737,382.5360000000005,151.93744330330824,0.3971846919069265
3,13978,933348.7952507739,6849399.463448936,95.63400000000013,57.26534439517738,0.5987969173638801
3,13986,934600.928881216,6847496.966144747,478.1699999999996,403.10344137106387,0.8430128225757872
3,13992,932767.7673113755,6845940.201383831,95.63400000000013,83.16746327421298,0.8696432573583962
3,13993,933006.9570778395,6849373.952126184,95.63400000000013,46.82357582582704,0.4896122281388102
3,13996,931147.2520584273,6849030.082673276,95.63400000000013,46.823575825827035,0.48961222813881017
3,14003,934304.2458240947,6847750.180118256,573.8039999999999,573.8039999999999,1.0
3,14008,933637.5519695318,6846593.138688398,4781.7000000000035,4184.360663710648,0.8750780399670922
3,14019,932879.5222696413,6845854.649434207,95.63400000000013,84.50035379646184,0.883580670017585
3,14022,932969.7478177008,6848889.449143622,191.26800000000026,190.43640000000042,0.9956521739130443
3,14025,932272.6063237056,6848578.862065498,95.63400000000013,80.15291327421296,0.8381215182279613
3,14026,934480.9948702476,6846837.28650171,95.63400000000013,95.63400000000019,1.0000000000000007
3,14031,933409.4625823956,6845767.270777288,382.5360000000005,380.87280000000095,0.9956521739130446
3,14032,934723.4245334564,6849315.96995652,286.90199999999993,203.9389730081708,0.7108314790701035
3,14043,933302.5553673806,6849229.288252416,573.8039999999999,571.3091999999999,0.9956521739130436
3,14048,934416.2040149978,6847632.172440023,1912.6799999999985,1006.3388432866693,0.5261407257286478
3,14059,931536.4036698388,6848366.561515654,95.63400000000013,62.363865616147784,0.6521097686612262
3,14063,933202.5028946815,6847597.167604907,573.8039999999999,571.3092000000001,0.995652173913044
3,14066,931752.6105017583,6847968.132549292,95.63400000000013,95.21820000000012,0.9956521739130434
3,14071,933881.7131876362,6846572.096078431,286.90199999999993,282.06832499999985,0.9831521739130432
3,14076,931556.3072034604,6848650.564293239,95.63400000000013,95.21820000000012,0.9956521739130434
3,14080,931111.1868374019,6848074.130557833,95.63400000000013,75.78701327421304,0.7924693443149187
3,14085,933655.7,6846512.249999999,286.90199999999993,285.6545999999999,0.9956521739130434
3,14091,933880.2847719301,6847064.313586744,573.8039999999999,262.1203200000003,0.45681159420289913
3,14113,933378.0376009376,6847242.03840844,286.90199999999993,285.65459999999985,0.9956521739130432
3,14117,934265.35520281,6847033.326290962,669.4379999999994,634.1977388094105,0.9473584391824351
3,14122,933410.3382034326,6846551.079077566,95.63400000000013,94.59450000000012,0.9891304347826086
3,14123,934052.2781201691,6848708.408605726,286.90199999999993,263.5356398226384,0.9185563008366567
3,14126,933953.3547896656,6847331.989876959,382.5360000000005,375.88320000000044,0.9826086956521738
3,14135,933064.597568389,6847209.169503546,95.63400000000013,95.63400000000011,0.9999999999999999
3,14156,933851.2892659961,6848264.258568742,765.0720000000009,578.7457403081219,0.7564591833293091
3,14157,933729.1176040996,6849290.786374544,573.8039999999999,415.3623460163412,0.7238749573309724
3,14159,933511.8636405409,6846448.918137061,95.63400000000013,95.21820000000025,0.9956521739130447
3,14176,933112.2379580934,6849162.952161522,191.26800000000026,179.1894099556599,0.9368499171615725
3,14177,933514.666824718,6846358.218411429,95.63400000000013,87.72733661493643,0.9173237197538147
3,14178,932911.5590762793,6846373.269268319,95.63400000000013,86.79805558738899,0.9076066627704464
3,14179,933215.3636161422,6849382.481906579,95.63400000000013,95.2182000000001,0.9956521739130432
3,14201,935284.3023675546,6847905.165407388,95.63400000000013,95.21820000000012,0.9956521739130434
3,14205,933669.0432291355,6847362.859611718,95.63400000000013,95.63400000000011,0.9999999999999999
3,14208,933641.1155812275,6848228.706376726,765.0720000000009,761.7456000000009,0.9956521739130434
3,14210,934029.9382995445,6848065.481291579,669.4379999999994,303.92236578078956,0.4539962861098262
3,14212,933317.65,6847116.25,95.63400000000013,38.35758572259869,0.4010873300562419
3,14214,934366.0390266378,6849259.435047789,382.5360000000005,284.93947809685164,0.7448697066337581
3,14224,933427.6028821577,6847212.039367738,191.26800000000026,191.26800000000026,1.0
3,14226,933261.6776076843,6848655.879320502,765.0720000000009,761.7456000000018,0.9956521739130446
3,14228,931937.9454768926,6848361.99075833,95.63400000000013,93.42692831855344,0.9769216839048175
3,14236,933625.4940653279,6847392.173233544,382.5360000000005,378.3780000000005,0.9891304347826086
3,14237,933641.7150935037,6846190.310963395,286.90199999999993,285.6545999999999,0.9956521739130434
3,14240,933144.3591510415,6848860.675422952,95.63400000000013,95.21820000000012,0.9956521739130434
3,14245,933460.2884423824,6848111.273689949,286.90199999999993,169.4571581855321,0.5906447434508374
3,14250,932444.8486949479,6849214.637323441,95.63400000000013,27.276480000000006,0.28521739130434753
3,14257,932670.394371238,6848807.351187571,95.63400000000013,95.0103000000002,0.9934782608695659
3,14258,932939.4827206661,6845515.716043612,2295.2159999999994,2257.4027588262297,0.9835251927601717
3,14259,933164.3862975185,6846162.737171495,286.90199999999993,283.8252799778298,0.9892760593437127
3,14260,935323.6478003156,6846737.395278601,95.63400000000013,85.10073329638315,0.889858557588128
3,14264,933544.1037762117,6846258.783120159,286.90199999999993,149.68800000000007,0.521739130434783
3,14279,934617.7972819753,6847816.683114726,478.1699999999996,176.79922654842588,0.3697413609143736
3,14289,933782.5538140684,6848822.609027925,286.90199999999993,285.6545999999999,0.9956521739130434
3,14290,933067.4453244222,6845742.345296576,95.63400000000013,66.87450000000008,0.6992753623188405
3,14323,933578.4970104507,6845889.608444706,95.63400000000013,95.21820000000005,0.9956521739130427
3,14332,933789.1116190759,6846177.236607978,95.63400000000013,94.64647500000022,0.9896739130434793
3,14333,932722.269238719,6848877.176612539,95.63400000000013,94.64647500000022,0.9896739130434793
3,14345,934414.7027424175,6848168.816238215,765.0720000000009,761.7456000000009,0.9956521739130434
3,14347,932359.9284974171,6849013.861196687,95.63400000000013,95.2182000000002,0.9956521739130442
3,14350,934037.9593535354,6848466.538099456,382.5360000000005,382.53600000000057,1.0000000000000002
3,14352,933618.2623773871,6848156.566388067,286.90199999999993,253.0886648226384,0.8821432573583958
3,14363,932785.6941994681,6846937.592213529,286.90199999999993,160.69417318553212,0.5601012651899678
3,14366,934411.3498780809,6847141.361509259,95.63400000000013,95.2182000000001,0.9956521739130432
3,14371,933819.926095892,6847166.931080413,478.1699999999996,289.791721975887,0.6060432941754758
3,14372,934415.7417130996,6847069.687867585,956.3399999999992,436.31848108349976,0.4562378245012235
3,14374,933274.9213331348,6848857.887756723,95.63400000000013,95.21820000000027,0.995652173913045
3,14391,932921.7682163,6849431.573023767,95.63400000000013,54.92646939517739,0.5743403956247498
3,14394,933520.614767315,6847384.783090327,191.26800000000026,166.3349265484261,0.869643257358397
3,14399,934949.9000951906,6848601.130215944,3060.288000000004,3060.288000000004,1.0
3,14404,932622.3072957739,6848138.65098864,191.26800000000026,190.43640000000028,0.9956521739130436
3,14425,932208.2594838827,6847958.936204812,669.4379999999994,322.56331116390896,0.4818419497607086
3,14427,934590.852451267,6847827.113301298,669.4379999999994,666.5273999999994,0.9956521739130434
3,14444,935086.3343742476,6847035.202126279,286.90199999999993,244.74820984480846,0.8530725120243446
3,14445,931635.9262736562,6848090.209137732,95.63400000000013,95.21820000000012,0.9956521739130434
3,14455,934253.605164988,6846423.1134873,95.63400000000013,39.07830572259869,0.4086235619402999
3,14461,932924.760093206,6846514.892011283,95.63400000000013,73.91019382361006,0.7728443213042429
3,14463,932042.0356355493,6848739.21073028,95.63400000000013,85.44043661493637,0.8934106762755533
3,14465,934864.1603077493,6848819.220930663,478.1699999999996,437.07743307468075,0.9140628501885963
3,14466,932229.8105861509,6848022.523931624,1912.6799999999985,1475.8234654842543,0.7715997790975256
3,14469,931349.9834353963,6848220.763513573,95.63400000000013,37.96851061937048,0.3970189537128053
3,14470,932097.1846600259,6849024.202551678,95.63400000000013,85.97411327421311,0.8989910834453541
3,14471,933286.6639953542,6845813.180023229,95.63400000000013,83.16746327421298,0.8696432573583962
3,14473,933932.8359012478,6849834.883831148,95.63400000000013,95.2182000000002,0.9956521739130442
3,14475,933767.7112060713,6846210.936679509,95.63400000000013,95.21820000000022,0.9956521739130445
3,14481,934580.2320326831,6849113.208237452,95.63400000000013,95.63400000000013,1.0
3,14484,933754.4184763412,6846052.678809147,95.63400000000013,95.21820000000021,0.9956521739130443
3,14492,933142.4748670035,6846651.995972041,1530.1440000000018,1172.6754123874068,0.7663823877931786
3,14500,933027.4632402585,6847917.509121313,95.63400000000013,47.43341582582704,0.4959890397330131
3,14510,933194.9890193716,6845760.183552478,95.63400000000013,85.97411327421307,0.8989910834453536
3,14522,934382.8002939355,6847608.440530618,669.4379999999994,666.5273999999998,0.9956521739130441
3,14523,935037.036562001,6848129.460451779,2008.3139999999987,1999.5821999999991,0.9956521739130437
3,14528,935004.2083034606,6847089.855276741,478.1699999999996,272.0025000000004,0.5688405797101462
3,14539,933617.1094491464,6847368.183266421,478.1699999999996,476.09099999999955,0.9956521739130434
3,14541,934528.3315936857,6849105.392781643,1434.5100000000018,1428.2730000000017,0.9956521739130434
3,14548,932913.4584051566,6847391.749593615,95.63400000000013,68.37638884578024,0.7149799113890473
3,14553,933087.5080421184,6847831.081669248,286.90199999999993,138.832634690315,0.4839026381493159
3,14563,935068.7264457956,6848065.981129028,286.90199999999993,285.6545999999999,0.9956521739130434
3,14575,933815.3821959373,6846137.344197842,478.1699999999996,476.0909999999994,0.995652173913043
3,14579,932473.3717515005,6849222.952125322,95.63400000000013,76.35873827421297,0.7984476051844832
3,14580,934994.3051626325,6848716.807735718,382.5360000000005,229.06137758070938,0.5987969173638796
3,14588,933306.8557363709,6847221.133599624,382.5360000000005,225.14592758070992,0.5885614101175043
3,14595,931305.988935988,6848439.475859559,95.63400000000013,27.276480000000006,0.28521739130434753
3,14601,933510.6620751341,6846253.359212882,191.26800000000026,191.26800000000026,1.0
3,14621,933199.3331647958,6848515.11391108,191.26800000000026,185.44680000000025,0.9695652173913044
3,14622,933086.9829550389,6848068.020337983,95.63400000000013,58.04157105445398,0.6069135564177375
3,14624,933637.3162471206,6846327.798979928,95.63400000000013,95.63400000000013,1.0
3,14625,932919.1581165375,6848074.798767687,286.90199999999993,286.9019999999999,0.9999999999999998
3,14628,933663.7150317382,6848224.301242459,669.4379999999994,378.1843719204625,0.5649281515546815
3,14629,933229.2007403836,6847110.757023139,382.5360000000005,382.53600000000057,1.0000000000000002
3,14631,933181.1617263042,6848916.932910861,95.63400000000013,47.43341582582704,0.4959890397330131
3,14632,933533.1557107511,6846925.038980396,286.90199999999993,167.84073568553214,0.585010685479823
3,14646,934841.1603700268,6847624.375537485,5164.2360000000035,3828.47086003968,0.7413431260770571
3,14656,932936.0414694116,6848282.225923887,191.26800000000026,189.29295000000047,0.9896739130434794
3,14660,931703.2242193451,6848513.019954302,95.63400000000013,95.21820000000012,0.9956521739130434
3,14663,932902.632998357,6845543.137831314,95.63400000000013,58.04157105445398,0.6069135564177375
3,14670,934991.2170824998,6848011.917854511,95.63400000000013,27.276480000000006,0.28521739130434753
3,14671,933503.7626063768,6846191.987777391,95.63400000000013,94.38660000000013,0.9869565217391305
3,14677,931416.9316761923,6848401.676657897,95.63400000000013,95.21820000000021,0.9956521739130443
3,14678,933488.4705816898,6848857.302874582,765.0720000000009,576.3585061937031,0.7533389095323085
3,14684,934924.4141562333,6847978.378160945,478.1699999999996,476.0909999999995,0.9956521739130432
3,14687,932908.05,6846333.549999999,95.63400000000013,79.63316327421296,0.8326867356192656
3,14689,932971.5571158984,6848181.222733622,286.90199999999993,203.9389730081708,0.7108314790701035
3,14692,932821.4095905653,6847396.860057855,382.5360000000005,318.11685309685186,0.8315997790975266
3,14694,935037.4689710609,6848076.346539579,382.5360000000005,382.5360000000005,1.0
3,14695,934533.3427117972,6848235.447398276,765.0720000000009,458.1227551614189,0.59879691736388
3,14702,933427.3185588436,6845793.05386715,95.63400000000013,91.99575000000011,0.9619565217391304
3,14710,934556.2134747006,6847947.507687607,765.0720000000009,706.0881061937046,0.9229041269236147
3,14711,931696.4987193715,6848677.441489885,95.63400000000013,94.02277500000022,0.9831521739130445
3,14715,933648.4268063823,6849270.629688937,382.5360000000005,378.433706637107,0.9892760593437127
3,14716,934046.1088793915,6847958.504173258,573.8039999999999,367.4309330746811,0.6403422302296276
3,14718,934064.8462223851,6848443.218293177,573.8039999999999,366.4610663710643,0.6386519898276491
3,14721,934234.0983803133,6847087.495060404,95.63400000000013,64.10871939517737,0.6703548883783726
3,14722,932805.5286060193,6847590.731952406,956.3399999999992,952.1819999999992,0.9956521739130435
3,14727,934669.0131633983,6847260.445434891,860.706,860.706,1.0
3,14729,933989.9477699796,6848197.253958192,191.26800000000026,176.52202654842614,0.9229041269236146
3,14738,932903.2303185608,6845842.813693767,95.63400000000013,95.63400000000019,1.0000000000000007
3,14755,933051.420931494,6847355.752725661,478.1699999999996,476.0909999999996,0.9956521739130435
3,14756,934825.6093416841,6847898.429700362,478.1699999999996,286.38735947588714,0.5989237289580848
3,14759,934809.1306072806,6847889.400845497,95.63400000000013,85.10073329638315,0.889858557588128
3,14760,933028.578813028,6849304.140644019,95.63400000000013,83.16746327421298,0.8696432573583962
3,14761,933818.8897186377,6848543.837835697,1051.9740000000002,744.8181883469452,0.7080195787604495
3,14762,933894.6386951315,6846416.523272036,478.1699999999996,476.0909999999995,0.9956521739130432
3,14771,931010.70586219,6848070.340735042,95.63400000000013,61.977744395177346,0.6480722796827202
3,14773,932964.3990413101,6847184.613822912,286.90199999999993,264.78303982263844,0.9229041269236133
3,14785,931201.192576246,6848409.002808831,95.63400000000013,39.34065061937031,0.41136677979976005
3,14787,933794.1625084251,6846708.909916005,95.63400000000013,58.04157105445398,0.6069135564177375
3,14800,932925.0390762313,6846363.428177279,191.26800000000026,123.95548879035469,0.6480722796827202
3,14803,933287.931873145,6847571.440766556,1051.9740000000002,1047.4002000000003,0.9956521739130436
3,14816,932186.6897883096,6848035.373494471,95.63400000000013,94.02277500000025,0.9831521739130448
3,14818,931903.348836357,6848195.261367052,95.63400000000013,94.02277500000025,0.9831521739130448
3,14825,933839.0129866155,6847769.479659413,765.0720000000009,761.7456000000019,0.9956521739130447
3,14826,932417.8433301086,6848932.897495432,95.63400000000013,95.21820000000014,0.9956521739130436
3,14829,932918.1538180509,6846512.254666505,191.26800000000026,158.22682654842603,0.8272519530105706
3,14834,932701.0817876577,6847759.743290494,382.5360000000005,380.8728000000005,0.9956521739130434
3,14837,933883.9080318379,6846732.082778581,95.63400000000013,95.21820000000012,0.9956521739130434
3,14843,932786.5729389086,6847382.876912811,382.5360000000005,380.87280000000084,0.9956521739130443
3,14844,931528.6055714994,6848689.784979383,95.63400000000013,95.21820000000012,0.9956521739130434
3,14847,931562.5942758193,6848208.111568993,95.63400000000013,95.21820000000021,0.9956521739130443
3,14849,932948.5619155548,6847132.054537459,765.0720000000009,458.1227551614189,0.59879691736388
3,14857,933430.8425239277,6849082.334807565,669.4379999999994,666.5273999999994,0.9956521739130434
3,14863,933122.0959624144,6847482.415637596,95.63400000000013,95.21820000000012,0.9956521739130434
3,14865,932955.4955903684,6848174.37038004,95.63400000000013,95.21820000000024,0.9956521739130446
3,14866,935043.0489191036,6849063.562666811,95.63400000000013,94.59450000000012,0.9891304347826086
3,14868,933335.9374062606,6849259.636044725,573.8039999999999,368.6353538710643,0.6424412410353786
3,14888,932371.7752686079,6848128.123648311,95.63400000000013,58.04157105445398,0.6069135564177375
3,14892,935345.1892151169,6847964.219202266,286.90199999999993,252.7768148226386,0.8810563008366574
3,14907,933256.0529146699,6845623.509112013,95.63400000000013,95.21820000000022,0.9956521739130445
3,14908,932714.6590467693,6847636.289464835,860.706,856.9638000000002,0.9956521739130437
3,14919,934288.8386904764,6849255.83154762,191.26800000000026,169.66132654842596,0.8870345617062223
3,14937,932846.0156914023,6845854.868170426,95.63400000000013,76.35873827421297,0.7984476051844832
3,14940,932937.6181947307,6846370.00621764,95.63400000000013,95.63400000000013,1.0
3,14942,933214.3947949397,6848196.701352169,1051.9740000000002,629.9187883469517,0.5987969173638813
3,14946,932795.5895642601,6847676.493268457,860.706,546.5730995565968,0.6350288014218524
3,14972,933629.7199776823,6847386.306318653,765.0720000000009,438.7069568130731,0.5734191772971335
3,14973,931626.6186936938,6848714.32027027,95.63400000000013,95.21820000000018,0.9956521739130441
3,14974,932802.7167913549,6845990.576187735,95.63400000000013,93.76290000000013,0.9804347826086957
3,14987,932532.2118425341,6848980.764116101,95.63400000000013,38.544695722599116,0.4030438517953768
3,15000,933929.3000000002,6846227.300000002,95.63400000000013,86.62193495565977,0.9057650517144493
3,15017,933283.8483460561,6847129.431806616,286.90199999999993,286.90200000000004,1.0000000000000004
3,15024,933767.078511154,6846063.594171706,95.63400000000013,39.0783057225987,0.4086235619403
3,15025,934449.199083882,6847877.734010879,95.63400000000013,95.56470000000007,0.99927536231884
3,15028,933810.1239765307,6846093.437766155,669.4379999999994,505.6100148399518,0.7552753426604887
3,15032,933150.8040718812,6847031.33041446,95.63400000000013,93.45105000000021,0.9771739130434791
3,15035,933203.698224828,6848373.118362445,382.5360000000005,341.6095530968523,0.8930128225757886
3,15056,934008.4079875695,6848417.413098967,765.0720000000009,345.94560000000007,0.4521739130434778
3,15066,934076.6046216354,6846328.051858351,573.8039999999999,415.3623460163412,0.7238749573309724
3,15067,933207.8805606995,6847529.833440607,669.4379999999994,666.5274000000007,0.9956521739130454
3,15079,933301.3408643054,6848092.151288897,1051.9740000000002,432.46412908409803,0.4110977353851882
3,15082,935010.757574486,6847996.924140439,286.90199999999993,237.3402398226385,0.82725195301057
3,15103,932939.7000000001,6848026.549999999,382.5360000000005,267.3892530968516,0.6989910834453521
3,15104,934642.8699803564,6847768.917767251,478.1699999999996,476.09099999999944,0.9956521739130431
3,15105,934314.9344765358,6847125.892647146,1338.8759999999988,1333.0548000000015,0.9956521739130454
3,15112,934820.398673145,6847922.949777459,478.1699999999996,476.0909999999996,0.9956521739130435
3,15119,934139.8317213588,6846579.196239737,860.706,856.9638,0.9956521739130435
3,15120,934449.5054912916,6847385.154640486,1051.9740000000002,1047.4002000000003,0.9956521739130436
3,15122,934792.8620319987,6849186.368772842,95.63400000000013,95.21820000000012,0.9956521739130434
3,15138,934580.64691721,6849157.400886906,1530.1440000000018,817.7840703228381,0.5344490912769237
3,15139,934188.6656782121,6846431.80110133,382.5360000000005,341.6095530968521,0.893012822575788
3,15141,933102.1291035018,6849462.089251995,95.63400000000013,83.16746327421298,0.8696432573583962
3,15144,932440.4865101575,6848980.98730825,95.63400000000013,95.21820000000022,0.9956521739130445
3,15147,933081.2701386216,6846327.135765628,95.63400000000013,43.35408000000001,0.4533333333333328
3,15156,933476.5385578888,6848880.780302349,286.90199999999993,198.06889574095752,0.6903712617582225
3,15165,934295.3130283742,6849235.305625151,95.63400000000013,95.21820000000005,0.9956521739130427
3,15167,934161.5946773748,6848696.947391617,382.5360000000005,151.93744330330824,0.3971846919069265
3,15183,933295.6770508745,6845708.019783105,95.63400000000013,77.71008827421295,0.8125780399670917
3,15188,931851.1173783302,6848049.053672184,95.63400000000013,57.26534439517738,0.5987969173638801
3,15195,932954.2014639064,6846317.394787,956.3399999999992,531.0877158105469,0.5553335799093914
3,15196,933681.3119221743,6846958.276361573,95.63400000000013,95.21820000000018,0.9956521739130441
3,15201,934886.5642937375,6846913.707287278,95.63400000000013,95.63400000000011,0.9999999999999999
3,15202,934217.7067346547,6848281.480636292,1051.9740000000002,1051.974000000001,1.0000000000000009
3,15209,933586.4742934688,6849467.20101342,95.63400000000013,95.21820000000017,0.9956521739130438
3,15216,933814.8428818869,6848581.850436193,765.0720000000009,742.0100265484274,0.9698564665135131
3,15220,933126.404656388,6849290.658263807,95.63400000000013,95.63400000000013,1.0
3,15226,933439.5485571234,6849565.755035692,95.63400000000013,93.1392000000002,0.9739130434782617
3,15239,933291.2315429491,6849259.61764903,286.90199999999993,184.47793318553215,0.6429998159146056
3,15241,931625.1262239203,6848595.761074279,95.63400000000013,80.20488827421296,0.8386649964888309
3,15246,934206.3749862864,6846521.164362772,286.90199999999993,158.14326659276614,0.5512100528848394
3,15248,934528.2783015114,6848562.460948687,860.706,324.12537743244366,0.37658082717262764
3,15249,933969.3228779722,6849194.762325227,382.5360000000005,284.93947809685164,0.7448697066337581
3,15253,931997.9513737912,6848818.306451745,95.63400000000013,64.10871939517737,0.6703548883783726
3,15255,933592.5251198228,6849259.808399298,1817.0460000000007,1809.1458000000007,0.9956521739130435
3,15264,934180.1456887019,6848496.078749962,286.90199999999993,271.79903091831903,0.9473584391824355
3,15266,933928.7588090977,6847021.760931379,478.1699999999996,182.9918041291355,0.3826919382837393
3,15279,933011.608561336,6847028.888439241,382.5360000000005,228.3434999999999,0.5969202898550714
3,15281,934160.9965931906,6849221.548705372,286.90199999999993,158.14326659276614,0.5512100528848394
3,15284,934267.7501048219,6848180.720754717,382.5360000000005,151.93744330330824,0.3971846919069265
3,15287,934050.941237647,6849199.567852846,382.5360000000005,223.53816758071036,0.5843585115667808
3,15288,933011.0617964846,6848028.279954844,95.63400000000013,90.5996769727731,0.9473584391824349
3,15289,932845.6344311592,6848438.119503441,1147.6079999999997,1031.6893592905549,0.8989910834453534
3,15306,932113.342289513,6848970.320405625,95.63400000000013,46.823575825827035,0.48961222813881017
3,15314,933461.8872366789,6847370.064436183,95.63400000000013,58.04157105445398,0.6069135564177375
3,15321,933314.5436467564,6849586.08830825,382.5360000000005,168.3494591741712,0.4400878849942776
3,15322,933761.5440427085,6849226.76074943,573.8039999999999,333.26983137106424,0.5808077869290983
3,15323,934258.7999999999,6846412.949999999,95.63400000000013,46.823575825827035,0.48961222813881017
3,15324,933215.4726936871,6848378.526547777,286.90199999999993,171.8324156855321,0.5989237289580838
3,15335,933897.3308139317,6848697.212279357,860.706,841.2842900095936,0.9774351404656103
3,15352,933880.366792458,6847472.81974401,191.26800000000026,191.26800000000023,0.9999999999999999
3,15355,933958.8124651324,6847395.867721409,382.5360000000005,228.3434999999999,0.5969202898550714
3,15359,933264.9296883253,6848167.833280507,191.26800000000026,190.43640000000025,0.9956521739130434
3,15361,934010.2197285604,6846864.567969627,956.3399999999992,434.8734930968512,0.45472686816074986
3,15365,932492.0849785977,6847358.153395051,95.63400000000013,61.977744395177346,0.6480722796827202
3,15373,931444.1094304047,6847837.530424536,95.63400000000013,61.977744395177346,0.6480722796827202
3,15380,932716.1030420834,6847598.830108827,478.1699999999996,317.0475000000001,0.6630434782608704
3,15382,933996.7492249719,6846306.086040006,765.0720000000009,746.8882132742145,0.976232581082844
3,15386,931466.0103336254,6848141.933327856,95.63400000000013,58.04157105445398,0.6069135564177375
3,15387,934299.0758811972,6849243.006860819,573.8039999999999,452.2272796452766,0.7881215182279606
3,15402,933018.8283660226,6845574.669169785,573.8039999999999,571.3091999999998,0.9956521739130434
3,15403,932511.0407984911,6847498.648886896,95.63400000000013,95.01030000000013,0.9934782608695653
3,15405,933442.1674979348,6849121.859746098,382.5360000000005,380.8728000000004,0.9956521739130432
3,15406,932686.0368445052,6847600.827952576,191.26800000000026,190.43640000000028,0.9956521739130436
3,15407,933744.2968649116,6848832.486397894,478.1699999999996,433.9589330746808,0.9075411110581616
3,15412,934114.4486715643,6846323.989579657,1434.5100000000018,1369.8250749407262,0.9549079999029108
3,15416,932733.6056126243,6847759.145966387,95.63400000000013,95.63400000000011,0.9999999999999999
3,15425,934794.1675695734,6848734.493531231,382.5360000000005,267.3892530968516,0.6989910834453521
3,15426,934617.2216383613,6849566.790856376,956.3399999999992,753.7121327421281,0.7881215182279615
3,15427,933788.0929793656,6849449.56518537,286.90199999999993,285.65459999999996,0.9956521739130436
3,15442,933186.596517014,6847456.598062534,95.63400000000013,90.5996769727731,0.9473584391824349
3,15458,931426.1177312599,6848406.884445773,95.63400000000013,85.97411327421304,0.8989910834453534
3,15464,934474.72666018,6847866.295613395,382.5360000000005,373.3884000000004,0.9760869565217388
3,15468,931187.003073312,6849201.736120585,95.63400000000013,62.78215766939027,0.656483652983146
3,15469,933199.3668726636,6847305.35768419,95.63400000000013,83.68721327421306,0.8750780399670928
3,15471,933152.35,6846184.249999999,95.63400000000013,85.97411327421308,0.8989910834453538
3,15472,934463.2894871474,6849694.235142012,286.90199999999993,252.7768148226383,0.8810563008366563
3,15480,933197.569212392,6847458.258418106,286.90199999999993,160.69417318553212,0.5601012651899678
3,15481,932682.5868858615,6847541.6246048,95.63400000000013,57.26534439517738,0.5987969173638801
3,15488,933064.9420970929,6847478.907094472,382.5360000000005,163.65888000000004,0.42782608695652125
3,15502,934765.9314147277,6848305.281174584,382.5360000000005,225.7717153831208,0.5901973026933949
3,15517,933138.0045471737,6847645.413131431,573.8039999999999,492.7677796452774,0.8587736921410055
3,15526,935268.4644444445,6849040.401502921,3920.993999999992,2350.730631527147,0.5995241593144881
3,15530,932860.777388351,6848348.269664498,860.706,856.9638000000001,0.9956521739130436
3,15549,933432.4653420377,6847166.28831055,382.5360000000005,231.09395538312083,0.6041103461716558
3,15551,933957.165128413,6848071.841002651,573.8039999999999,415.3623460163412,0.7238749573309724
3,15552,933531.4034636266,6846155.225472311,191.26800000000026,148.6634265484259,0.7772519530105699
3,15556,934274.8922430197,6847137.492781749,286.90199999999993,285.6545999999999,0.9956521739130434
3,15558,933456.198177693,6846405.400942224,573.8039999999999,571.3091999999998,0.9956521739130434
3,15566,931532.5917939591,6849359.891796432,1243.2420000000016,648.6480000000009,0.5217391304347827
3,15567,933613.5020474341,6849484.182945805,191.26800000000026,94.98551639496928,0.4966095551528178
3,15569,933047.246568915,6847416.12062561,95.63400000000013,95.63400000000013,1.0
3,15573,931113.835581146,6849167.431155923,95.63400000000013,57.26534439517738,0.5987969173638801
3,15576,931027.5496155132,6849031.466376908,95.63400000000013,95.2182000000001,0.9956521739130432
3,15588,934826.2902293655,6848290.036006549,669.4379999999994,420.26141076624197,0.6277824246102587
3,15593,933890.4575253084,6846505.766436887,95.63400000000013,93.36102665927673,0.9762325810828429
3,15596,933426.9749129906,6845697.427016048,95.63400000000013,95.21820000000012,0.9956521739130434
3,15597,932958.1082892463,6848004.998082926,95.63400000000013,95.21820000000012,0.9956521739130434
3,15606,931581.252432922,6848163.509530165,956.3399999999992,532.883528502143,0.5572113772320968
3,15610,933069.2512894796,6845827.189381151,95.63400000000013,94.38660000000013,0.9869565217391305
3,15611,934372.6755700324,6847616.184473398,669.4379999999994,645.984348229872,0.9649651621656861
3,15618,933091.4134015356,6846602.27021359,95.63400000000013,61.977744395177346,0.6480722796827202
3,15631,934194.1551832875,6847850.318657206,382.5360000000005,382.53600000000057,1.0000000000000002
3,15637,932813.5136117846,6847684.993045548,382.5360000000005,382.5360000000005,1.0
3,15644,933494.9248945847,6846137.454582113,95.63400000000013,25.05888000000001,0.2620289855072461
3,15658,931548.0,6848137.100000001,95.63400000000013,93.45105000000022,0.9771739130434792
3,15659,933190.9825280111,6847436.363375351,95.63400000000013,83.68721327421314,0.8750780399670935
3,15684,935078.2159127977,6848456.097553593,1817.0460000000007,1809.1458000000023,0.9956521739130443
3,15686,933499.1212458613,6846463.984812431,95.63400000000013,95.2182000000002,0.9956521739130442
3,15687,934787.9354094208,6848731.213257331,669.4379999999994,582.89989291949,0.8707302138801359
3,15688,932960.5664327639,6849309.428019771,95.63400000000013,93.37495331855334,0.9763782056439468
3,15696,934776.6635641053,6848162.640603814,95.63400000000013,79.63316327421296,0.8326867356192656
3,15702,934829.849277752,6847755.887352418,95.63400000000013,95.63400000000021,1.0000000000000009
3,15714,934038.6630374264,6848633.376018146,573.8039999999999,571.3091999999998,0.9956521739130434
3,15715,934530.2962296669,6846714.909234585,382.5360000000005,380.8728000000005,0.9956521739130434
3,15716,934279.7157533002,6847902.883601809,860.706,856.9637999999999,0.9956521739130433
3,15717,933597.1007869715,6848255.123908433,382.5360000000005,380.8728000000005,0.9956521739130434
3,15719,933716.2040226732,6847953.611885172,860.706,712.0207194679165,0.827251953010571
3,15726,933376.4389510333,6845799.56602624,573.8039999999999,402.651324889149,0.7017227570549336
3,15734,933969.2560409317,6848454.153885601,95.63400000000013,83.68721327421311,0.8750780399670932
3,15741,932861.9406354919,6846562.466430145,382.5360000000005,380.8728000000005,0.9956521739130434
3,15746,934977.8100932877,6847270.932729247,286.90199999999993,285.6546,0.9956521739130437
3,15747,931291.8809735092,6848407.647075309,95.63400000000013,94.59450000000012,0.9891304347826086
3,15751,933107.1413547078,6847871.165567932,286.90199999999993,160.69417318553212,0.5601012651899678
3,15781,933835.4616655102,6847084.433703299,286.90199999999993,193.62553318553213,0.6748838738856201
3,15786,933720.6512621798,6849197.765145404,382.5360000000005,380.8728000000005,0.9956521739130434
3,15790,932936.0569256041,6847455.437248767,95.63400000000013,95.21820000000012,0.9956521739130434
3,15792,934523.758382069,6847874.104500802,765.0720000000009,729.2330687265869,0.9531561326601758
3,15802,933191.7319033461,6847251.4065329,382.5360000000005,124.80649330330793,0.3262607788634475
3,15813,933953.1141126949,6849528.189328706,286.90199999999993,282.1101049778297,0.9832977984741471
3,15815,934866.9801782705,6847647.554401507,573.8039999999999,272.76480000000026,0.4753623188405803
3,15816,933292.6463211828,6846514.409952966,669.4379999999994,232.12756578078935,0.3467499092982316
3,15839,934062.2524651493,6849202.775762327,286.90199999999993,271.7990309183191,0.9473584391824357
3,15842,932795.0870416666,6847106.259907738,95.63400000000013,90.64440000000012,0.9478260869565217
3,15845,932409.1399833891,6848230.779767444,95.63400000000013,95.63400000000013,1.0
3,15851,934702.8007159072,6849148.905126095,95.63400000000013,90.64440000000012,0.9478260869565217
3,15852,934522.6787445091,6847471.80374569,573.8039999999999,521.3540296452761,0.9085925327207134
3,15865,934714.6753875302,6849486.278113913,95.63400000000013,73.91019382361006,0.7728443213042429
3,15867,933752.3319912577,6849653.06933548,286.90199999999993,246.85166482263853,0.8604041269236136
3,15871,934174.4631484149,6846429.229170418,860.706,668.9629315799375,0.7772258257522748
3,15874,933031.8870292888,6846963.31961563,95.63400000000013,58.39146939517737,0.6105722796827204
3,15875,934310.4816989917,6848068.890759074,286.90199999999993,281.9541799778297,0.9827543202132776
3,15880,931756.3238989837,6849453.522075479,95.63400000000013,95.21820000000012,0.9956521739130434
3,15883,933849.0011530652,6846430.985702929,573.8039999999999,508.9839796452774,0.8870345617062229
3,15888,931309.1762500915,6848271.280262098,95.63400000000013,73.91019382361006,0.7728443213042429
3,15890,935653.9416517434,6849027.162895048,765.0720000000009,335.30111999999997,0.4382608695652168
3,15891,934749.68193695,6848148.378566696,286.90199999999993,193.62553318553213,0.6748838738856201
3,15893,933128.1740577124,6849562.295432344,286.90199999999993,279.0853599556596,0.9727550172381499
3,15895,933782.8450040183,6847199.867925706,286.90199999999993,276.34087997782984,0.9631891028219738
3,15898,933472.2149731836,6847424.545338331,95.63400000000013,85.11012713718523,0.889956784586916
3,15900,934498.2450975776,6848358.493480433,573.8039999999999,573.8040000000003,1.0000000000000009
3,15913,934707.8502363268,6847290.51039838,669.4379999999994,395.400035766242,0.5906447434508384
3,15917,935075.6203981071,6847154.51559672,191.26800000000026,190.43640000000025,0.9956521739130434
3,15922,932306.2947337711,6847926.512530999,95.63400000000013,64.41190689517752,0.6735251782334466
3,15925,935307.0724858907,6847136.275730333,8415.792000000001,8415.792000000001,1.0
3,15930,934371.2887024048,6846517.000679299,1434.5100000000018,1428.2729999999997,0.995652173913042
3,15931,933789.1157534248,6849995.165018424,95.63400000000013,51.6676368951774,0.5402643086682282
3,15938,935180.6708461102,6847512.358955138,95.63400000000013,95.21820000000012,0.9956521739130434
3,15943,935286.9000000001,6847282.4,95.63400000000013,82.64771327421305,0.8642084747497013
3,15948,932367.2867522094,6848374.728887885,95.63400000000013,95.21820000000012,0.9956521739130434
3,15949,934239.5674863387,6847796.233497267,765.0720000000009,381.3324554718122,0.49842688723651074
3,15955,933165.5138835252,6847189.570406923,382.5360000000005,380.8728000000005,0.9956521739130434
3,15959,934645.0240513262,6847961.504537196,478.1699999999996,476.09099999999944,0.9956521739130431
3,15960,934085.3213505845,6849112.744470264,765.0720000000009,463.4852419758866,0.6058060443669172
3,15962,933624.8265642395,6847346.374580338,1051.9740000000002,629.9187883469517,0.5987969173638813
3,15963,934411.337543902,6848118.329412317,765.0720000000009,576.3585061937031,0.7533389095323085
3,15976,932671.1663608562,6847498.156883936,95.63400000000013,95.21820000000012,0.9956521739130434
3,15978,933388.4915527491,6849843.769641434,95.63400000000013,95.21820000000021,0.9956521739130443
3,15996,933518.7058844612,6846330.563275385,669.4379999999994,666.5274,0.9956521739130443
3,15997,932997.1140666628,6846441.460373376,95.63400000000013,95.21820000000012,0.9956521739130434
3,16006,933016.7801554322,6847217.181409666,382.5360000000005,362.3987078910925,0.9473584391824351
3,16007,933247.5539653227,6848426.489990766,95.63400000000013,90.59967697277312,0.9473584391824351
3,16009,932771.5740451389,6848848.705902779,95.63400000000013,94.6084266592768,0.9892760593437133
3,16018,935357.3302343851,6848293.565826396,7076.916000000007,7046.1468000000095,0.9956521739130437
3,16020,933127.3970284681,6848354.458747402,573.8039999999999,573.8039999999999,1.0
3,16021,934116.9596754638,6848766.052152732,573.8039999999999,573.8039999999999,1.0
3,16023,932643.8117806681,6849034.501556408,95.63400000000013,45.57062302341576,0.476510686820751
3,16024,931568.1777607101,6848207.273544972,95.63400000000013,95.2182000000001,0.9956521739130432
3,16025,932667.2124915485,6847852.393278116,95.63400000000013,95.2182000000001,0.9956521739130432
3,16028,931343.921913487,6848636.458216717,95.63400000000013,58.04157105445398,0.6069135564177375
3,16046,932850.6697550585,6849373.51512247,95.63400000000013,95.21820000000012,0.9956521739130434
3,16052,932938.1345002025,6846598.134985834,382.5360000000005,380.8728000000005,0.9956521739130434
3,16065,933933.5201213638,6848621.507069292,478.1699999999996,182.9918041291355,0.3826919382837393
3,16068,933155.6297758584,6846244.185585672,573.8039999999999,573.8039999999999,1.0
3,16071,934083.650749562,6848486.155207996,382.5360000000005,170.99683797549045,0.44700848541180493
3,16072,934931.719189158,6847227.180982457,382.5360000000005,164.94594123874063,0.43119063627669135
3,16079,935414.6161735181,6848074.158078031,95.63400000000013,93.98472665927673,0.9827543202132778
3,16081,932831.1418406566,6847433.228336968,382.5360000000005,378.4337066371069,0.9892760593437125
3,16090,931660.802223811,6848330.309894402,95.63400000000013,62.83719771373057,0.6570591809788411
3,16096,932930.4364210839,6847745.437935221,669.4379999999994,669.4379999999994,1.0
3,16099,934419.8791072081,6848499.86169045,382.5360000000005,359.41831991131977,0.9395673084659203
3,16107,934517.7483405414,6847773.701692577,1912.6799999999985,1642.5592654842549,0.8587736921410043
3,16108,932988.1659813845,6847536.77486926,286.90199999999993,158.14326659276614,0.5512100528848394
3,16114,931401.474925926,6848645.668864197,95.63400000000013,86.2643789281122,0.902026255600645
3,16115,934231.7831912303,6847003.10042921,95.63400000000013,86.01216161493637,0.8993889371451185
3,16117,935572.223438918,6847543.994652821,478.1699999999996,433.9589330746807,0.9075411110581615
3,16128,930940.4243756596,6849043.990491265,95.63400000000013,80.81466161493636,0.8450411110581618
3,16131,931950.1074140543,6848158.094414704,95.63400000000013,90.59967697277312,0.9473584391824351
3,16133,933025.957986711,6846219.11580731,95.63400000000013,95.21820000000012,0.9956521739130434
3,16134,932153.4320623917,6849491.597631428,95.63400000000013,94.59450000000012,0.9891304347826086
3,16153,935398.7481198158,6846811.345016899,95.63400000000013,95.21820000000012,0.9956521739130434
3,16159,931278.9687507884,6847935.677917681,95.63400000000013,75.78701327421304,0.7924693443149187
3,16161,932204.6421487604,6849535.76815427,95.63400000000013,95.21820000000012,0.9956521739130434
3,16166,933655.3172943105,6849842.27320462,95.63400000000013,93.45105000000021,0.9771739130434791
3,16167,932938.1239104755,6847645.644861409,573.8039999999999,557.5123699113216,0.9716076742429849
3,16172,931125.5172328749,6848399.43751861,1147.6079999999997,631.5443364583505,0.5503136405970946
3,16174,934023.2826181225,6847095.148308638,1721.4119999999998,1239.085999778299,0.7198079249931447
3,16175,931188.7645825921,6848445.31589574,2199.582000000002,2058.6665826534504,0.9359353652891542
3,16182,933016.963303581,6848192.818106472,95.63400000000013,95.63400000000011,0.9999999999999999
3,16190,933181.7182913242,6848442.662182649,95.63400000000013,58.39146939517737,0.6105722796827204
3,16194,933694.5194645505,6846456.590977006,95.63400000000013,90.59967697277311,0.947358439182435
3,16201,931759.2739336236,6849447.488894602,95.63400000000013,94.38660000000013,0.9869565217391305
3,16204,934316.5861020022,6847942.157970636,382.5360000000005,382.5360000000005,1.0
3,16210,933902.7342939846,6847089.401931252,478.1699999999996,476.09099999999967,0.9956521739130436
3,16211,931206.5236429758,6847784.010196993,95.63400000000013,95.21820000000012,0.9956521739130434
3,16247,932785.2568937152,6846600.45609082,95.63400000000013,93.98472665927673,0.9827543202132778
3,16248,931252.387460474,6848092.193100899,95.63400000000013,93.98472665927673,0.9827543202132778
3,16254,931526.2594667264,6847976.536526253,95.63400000000013,92.82735000000022,0.9706521739130445
3,16255,931507.0344387928,6848669.519348931,95.63400000000013,49.93758000000001,0.5221739130434777
3,16256,934099.3642912912,6847987.951796713,191.26800000000026,190.43640000000025,0.9956521739130434
3,16268,933936.7758854307,6848648.236334185,573.8039999999999,492.7677796452774,0.8587736921410055
3,16270,933849.1722790014,6848706.013700557,382.5360000000005,382.5360000000004,0.9999999999999997
3,16271,931589.5853912334,6848729.104243691,95.63400000000013,95.21820000000012,0.9956521739130434
3,16274,934500.8338715794,6848276.006421044,382.5360000000005,380.8728000000009,0.9956521739130445
3,16275,934422.4690891898,6848025.833713372,573.8039999999999,192.28980247748135,0.33511408508389867
3,16277,935106.3854639555,6846918.403754583,3825.3599999999974,1889.3952000000018,0.49391304347826165
3,16278,933414.9119666584,6849176.657646283,95.63400000000013,95.2182000000002,0.9956521739130442
3,16285,934766.7582842596,6849128.310261791,286.90199999999993,158.14326659276614,0.5512100528848394
3,16288,933585.2852263767,6849696.750962297,95.63400000000013,76.35873827421297,0.7984476051844832
3,16293,934557.2398989897,6848083.577269825,382.5360000000005,176.18035917417296,0.4605588994870358
3,16297,932480.3923606541,6848921.809172039,765.0720000000009,485.8427551614187,0.6350288014218507
3,16301,934552.2343316694,6847955.598307169,478.1699999999996,476.0909999999993,0.9956521739130428
3,16305,932664.6565233833,6849608.479902516,286.90199999999993,169.4571581855321,0.5906447434508374
3,16306,933509.8234595396,6849756.409354121,95.63400000000013,95.6340000000002,1.0000000000000007
3,16307,934612.1115746965,6847886.526948011,1625.7780000000016,1598.3871750000021,0.9831521739130438
3,16313,935608.5471303114,6847752.465773678,191.26800000000026,154.4846265484259,0.8076867356192655
3,16315,934304.953721034,6849255.681248764,382.5360000000005,380.8728000000009,0.9956521739130445
3,16316,932922.55683243,6848122.682841399,95.63400000000013,82.64771327421305,0.8642084747497013
3,16327,933953.1252368522,6848753.303635555,286.90199999999993,193.62553318553213,0.6748838738856201
3,16328,934320.5477837742,6847817.139173874,765.0720000000009,547.565510766242,0.715704549070207
3,16329,933541.0472964526,6846061.311527016,956.3399999999992,956.3399999999992,1.0
3,16330,933434.170434954,6848503.634960325,478.1699999999996,236.20459835803655,0.49397619749887434
3,16345,931169.5959939101,6849220.19215149,95.63400000000013,66.87450000000008,0.6992753623188405
3,16346,932903.9067673011,6846002.073729309,95.63400000000013,66.87450000000008,0.6992753623188405
3,16347,934385.9999469635,6847862.202124399,1243.2420000000016,1243.2420000000018,1.0000000000000002
3,16348,933333.3272675993,6847713.875373047,382.5360000000005,229.06137758070938,0.5987969173638796
3,16364,934091.9437982147,6848454.307491183,382.5360000000005,377.54640000000103,0.9869565217391318
3,16366,931969.0492649929,6848296.799434111,191.26800000000026,123.95548879035469,0.6480722796827202
3,16376,932110.0489285282,6848821.84937993,95.63400000000013,64.10871939517737,0.6703548883783726
3,16379,933597.3848985702,6846519.536146685,4303.5300000000025,2732.8654977829824,0.6350288014218516
3,16380,934084.1048580463,6848452.450114137,382.5360000000005,114.8190263626962,0.3001522114590419
3,16401,933844.0418943827,6846628.513028624,95.63400000000013,73.91019382361006,0.7728443213042429
3,16413,933852.9446906076,6847149.261390764,95.63400000000013,86.54583827421305,0.9049693443149187
3,16419,931646.5343907234,6847928.376438623,95.63400000000013,83.68721327421311,0.8750780399670932
3,16423,934518.4292808832,6847789.995392732,1721.4119999999998,1459.5923389358306,0.8479041269236132
3,16425,933664.8071210136,6849423.999650503,95.63400000000013,90.90427500000015,0.9505434782608699
3,16439,935444.4536346424,6846664.338491302,191.26800000000026,190.43640000000025,0.9956521739130434
3,16452,935355.8152816853,6847086.482252252,8893.962,8823.483900000001,0.9920757363253858
3,16455,933795.0563553639,6846548.339013409,191.26800000000026,181.19935394554622,0.947358439182435
3,16456,931638.9987194783,6848216.62572974,95.63400000000013,95.21820000000012,0.9956521739130434
3,16457,932402.0806618601,6848144.010140507,95.63400000000013,90.59967697277311,0.947358439182435
3,16467,934382.0697967333,6848266.797888277,286.90199999999993,286.90199999999993,1.0
3,16493,933738.1500000001,6846038.25,382.5360000000005,173.6579579754905,0.45396500715093546
3,16509,934019.956165386,6846844.545203074,95.63400000000013,95.63400000000011,0.9999999999999999
3,16515,933587.9516040689,6848341.264169602,95.63400000000013,90.59967697277311,0.947358439182435
3,16517,933932.3075305187,6848669.18537696,286.90199999999993,285.6545999999999,0.9956521739130434
3,16518,932729.9631829973,6847009.650973041,1817.0460000000007,1809.1458000000007,0.9956521739130435
3,16531,931210.890606561,6848579.76447565,286.90199999999993,183.23053318553215,0.6386519898276491
3,16535,931096.9014865728,6848442.769479966,95.63400000000013,94.60842665927673,0.9892760593437125
3,16541,935272.231809132,6847088.824460907,573.8039999999999,553.700869911319,0.9649651621656858
3,16551,934378.3665848683,6848531.477670094,382.5360000000005,175.3527395870865,0.4583953917725031
3,16553,931088.174985,6849214.530678954,95.63400000000013,94.60842665927673,0.9892760593437125
3,16555,932568.8981662212,6847458.424557529,95.63400000000013,95.21820000000012,0.9956521739130434
3,16558,933022.8125490444,6848725.480944828,478.1699999999996,476.0909999999996,0.9956521739130435
3,16561,932934.581992977,6847418.729665124,95.63400000000013,51.6676368951774,0.5402643086682282
3,16563,933523.9859591528,6848964.956168265,669.4379999999994,609.0243529812833,0.9097546792701995
3,16564,933366.6151056341,6848004.454616334,573.8039999999999,525.2462514891497,0.9153757232245676
3,16576,934860.4588210348,6849155.950593723,95.63400000000013,44.00450489677163,0.4601345222072858
3,16580,932684.5139160462,6848841.412275817,95.63400000000013,64.10871939517737,0.6703548883783726
3,16581,933148.1334521082,6847018.171014677,95.63400000000013,83.27141327421297,0.8707302138801354
3,16582,931647.5820678562,6848839.357310634,95.63400000000013,83.27141327421296,0.8707302138801352
3,16586,933657.9132644271,6849004.97329888,95.63400000000013,95.63400000000011,0.9999999999999999
3,16588,935103.5012380567,6846096.788502514,573.8039999999999,192.28980247748135,0.33511408508389867
3,16591,933688.373407994,6847432.424111648,191.26800000000026,123.95548879035469,0.6480722796827202
3,16595,932934.9809160669,6848142.148148681,765.0720000000009,665.339706193704,0.8696432573583966
3,16597,932372.6345756847,6848543.751638954,95.63400000000013,85.71050663710655,0.896234672157459
3,16603,932991.9664659231,6846511.061805099,286.90199999999993,285.6545999999999,0.9956521739130434
3,16613,932302.9753747933,6847913.668101219,95.63400000000013,37.89921061937031,0.39629431603164417
3,16614,933152.4606170199,6849600.282674942,669.4379999999994,666.5274000000015,0.9956521739130466
3,16615,932506.3500543669,6848925.881628395,95.63400000000013,95.21820000000018,0.9956521739130441
3,16618,932956.3139632043,6846079.369254074,765.0720000000009,765.0720000000009,1.0
3,16620,934748.7647761018,6848103.74392193,95.63400000000013,58.04157105445398,0.6069135564177375
3,16621,933501.345551353,6847432.726910978,286.90199999999993,220.95691991131937,0.7701477156357203
3,16626,933463.3590918952,6849716.971233997,95.63400000000013,66.90915000000004,0.6996376811594197
3,16645,934906.9334095927,6849263.299885536,478.1699999999996,476.0909999999996,0.9956521739130435
3,16654,933526.3711439531,6849795.926915721,956.3399999999992,952.1819999999992,0.9956521739130435
3,16656,931290.1660515185,6848384.232833525,95.63400000000013,85.97411327421298,0.8989910834453527
3,16661,934284.9662534044,6849249.639663657,95.63400000000013,95.63400000000011,0.9999999999999999
3,16662,935366.2652818271,6846885.205238703,286.90199999999993,286.9019999999999,0.9999999999999998
3,16671,932741.9538956517,6847749.595233981,286.90199999999993,193.62553318553213,0.6748838738856201
3,16673,934336.2145465265,6847704.783071958,860.706,440.0827200000004,0.5113043478260874
3,16675,931151.8999999998,6848139.449999999,95.63400000000013,54.92646939517739,0.5743403956247498
3,16685,933279.2954241609,6847961.188857879,478.1699999999996,366.4610663710641,0.7663823877931789
3,16687,932462.6591375164,6848079.886894325,95.63400000000013,27.276480000000006,0.28521739130434753
3,16698,934513.193932271,6848596.201427703,765.0720000000009,573.3085635169549,0.7493524315580158
3,16699,935060.1921558104,6847110.813501487,95.63400000000013,85.97411327421302,0.8989910834453532
3,16701,934358.4662265977,6847903.82525744,286.90199999999993,285.6545999999999,0.9956521739130434
3,16704,933908.7729552595,6848133.911799022,1721.4119999999998,1521.5205514358279,0.8838793684695053
3,16706,933378.2819047619,6847138.585714285,95.63400000000013,66.90915000000004,0.6996376811594197
3,16713,933899.8434218424,6847387.358795356,573.8039999999999,573.8039999999999,1.0
3,16714,934632.3301878565,6847706.290932353,95.63400000000013,57.26534439517738,0.5987969173638801
3,16731,934644.4933896819,6849242.823534004,191.26800000000026,190.43640000000042,0.9956521739130443
3,16736,933628.5153164588,6845926.189813086,286.90199999999993,86.17764247748123,0.3003730977040287
3,16753,933994.2160700945,6846217.154386561,382.5360000000005,242.92137758070942,0.6350288014218507
3,16769,933374.3533921466,6848134.18859367,573.8039999999999,474.68047964527716,0.8272519530105703
3,16771,934033.7982606207,6849085.458657188,669.4379999999994,605.820867919491,0.9049693443149202
3,16773,931978.4567463495,6849505.979255846,7268.184000000005,4303.136424033482,0.5920511126346664
3,16775,933279.7021719292,6845849.517199001,95.63400000000013,95.63400000000011,0.9999999999999999
3,16776,931537.4734114193,6848325.220990043,95.63400000000013,49.59108000000001,0.5185507246376806
3,16778,933175.0686933424,6847305.552843698,286.90199999999993,246.03738982263826,0.8575659626724049
3,16782,933922.1795997692,6847505.422729341,286.90199999999993,285.6545999999999,0.9956521739130434
3,16783,931010.4078134038,6848134.249603922,95.63400000000013,95.21820000000018,0.9956521739130441
3,16787,932216.0629027048,6847961.543249792,95.63400000000013,27.276480000000006,0.28521739130434753
3,16800,933700.2088184912,6849773.867257651,95.63400000000013,95.63400000000011,0.9999999999999999
3,16801,933552.8762413863,6849018.956506923,1147.6079999999997,1147.6079999999993,0.9999999999999996
3,16802,931626.4517643505,6848259.744234988,95.63400000000013,93.45105000000017,0.9771739130434787
3,16808,933556.9670995668,6848989.629645092,573.8039999999999,371.4506663710643,0.6473476420015621
3,16816,932944.5117555348,6845952.351380252,95.63400000000013,45.57062302341576,0.476510686820751
3,16820,933417.8092371807,6849405.769192496,1243.2420000000016,590.9904000000007,0.47536231884057967
3,16821,934888.453762538,6848795.326973438,95.63400000000013,49.93758000000001,0.5221739130434777
3,16822,934791.5448048896,6848203.097461211,478.1699999999996,182.9918041291355,0.3826919382837393
3,16824,933000.3910945021,6846632.0101125,95.63400000000013,25.05888000000001,0.2620289855072461
3,16825,934865.9875696526,6849152.793908651,95.63400000000013,95.63400000000011,0.9999999999999999
3,16831,933604.1676092023,6846298.083162506,382.5360000000005,326.8486530968519,0.8544258660540484
3,16833,933111.9463599322,6848933.587265375,95.63400000000013,95.21820000000012,0.9956521739130434
3,16838,932446.8115612607,6847606.142505875,478.1699999999996,476.0909999999996,0.9956521739130435
3,16839,931704.8,6848478.900000001,95.63400000000013,45.57062302341576,0.476510686820751
3,16841,932854.3686057079,6845634.259795913,95.63400000000013,75.78701327421304,0.7924693443149187
3,16846,933684.0843454209,6848782.327291341,1721.4119999999998,1450.2368389358305,0.8424693443149175
3,16855,932208.8021063943,6848791.688472147,95.63400000000013,95.21820000000012,0.9956521739130434
3,16856,934851.6994397356,6849131.971134416,95.63400000000013,95.21820000000021,0.9956521739130443
3,16865,932437.2040344788,6847652.387984356,95.63400000000013,83.68721327421304,0.8750780399670925
3,16866,933389.5611956277,6849296.718172413,286.90199999999993,248.98263982263373,0.8678316631554809
3,16876,933633.7617099226,6848887.413317223,95.63400000000013,85.71050663710655,0.896234672157459
3,16881,932656.7426955877,6848670.049085402,382.5360000000005,382.5360000000005,1.0
3,16882,931714.2626070527,6848765.328338058,95.63400000000013,94.60842665927673,0.9892760593437125
3,16884,933439.7155787217,6847895.312825177,95.63400000000013,95.21820000000024,0.9956521739130446
3,16911,933240.8199411723,6847937.809724258,573.8039999999999,511.49956964527667,0.8914186196772361
3,16927,934686.4866968266,6847649.778814475,2295.2159999999994,2285.236799999999,0.9956521739130434
3,16936,934275.127944479,6849631.820391295,95.63400000000013,87.72733661493643,0.9173237197538147
3,16942,931054.179605539,6848153.408099034,95.63400000000013,93.45105000000022,0.9771739130434792
3,16945,933615.4281570333,6849473.517700227,1530.1440000000018,944.334221532483,0.6171538244325252
3,16949,933819.3737772334,6848684.894711975,382.5360000000005,380.8728000000005,0.9956521739130434
3,16957,932730.7030858806,6849141.26308588,95.63400000000013,87.11756327421305,0.9109476051844839
3,16969,932888.2916539556,6847050.170144396,95.63400000000013,90.64440000000012,0.9478260869565217
3,16979,931721.213906606,6848038.87008663,95.63400000000013,95.63400000000011,0.9999999999999999
3,16986,934396.3642173148,6846775.489255422,191.26800000000026,88.9098383483459,0.4648442936003188
3,16988,932324.3122037234,6848174.241416171,956.3399999999992,956.3399999999992,1.0
3,16989,931233.1270677091,6848304.981365016,2295.2159999999994,2198.921519467915,0.9580455693354855
3,16993,932228.988887188,6848543.81055666,95.63400000000013,95.21820000000012,0.9956521739130434
3,17010,933903.6507769069,6846115.123477342,95.63400000000013,95.21820000000012,0.9956521739130434
3,17013,935077.1476855049,6847984.058804292,95.63400000000013,64.57649439517738,0.6752461927261988
3,17016,934031.7145953631,6849345.843146818,3060.288000000004,1337.6563200000003,0.4371014492753618
3,17043,933405.069035753,6846429.895492957,95.63400000000013,95.63400000000011,0.9999999999999999
3,17050,934126.7199203188,6846372.90708278,286.90199999999993,285.6545999999999,0.9956521739130434
3,17054,931154.2108756949,6848279.081908516,95.63400000000013,95.01030000000013,0.9934782608695653
3,17068,931345.3001354537,6847988.136681674,95.63400000000013,95.21820000000012,0.9956521739130434
3,17074,933400.0726176827,6847142.061160327,573.8039999999999,571.3091999999998,0.9956521739130434
3,17076,932312.1444911363,6848928.819290439,286.90199999999993,271.79903091831903,0.9473584391824355
3,17078,934050.9913830718,6848646.908845986,286.90199999999993,271.79903091831903,0.9473584391824355
3,17108,933801.2702252403,6849431.283696984,478.1699999999996,277.3160554939718,0.5799528525293767
3,17113,932993.629153866,6846112.825764851,382.5360000000005,333.0856530968519,0.8707302138801354
3,17117,934315.2397275526,6848074.061965033,191.26800000000026,166.54282654842595,0.8707302138801354
3,17119,932912.1674300539,6845962.183642764,95.63400000000013,83.27141327421297,0.8707302138801354
3,17123,933038.2377412377,6847956.85406519,286.90199999999993,109.41467752251899,0.3813660327307548
3,17124,931565.0108755089,6848017.804916606,95.63400000000013,46.67111582582721,0.4880180252402613
3,17128,933857.4184558211,6846729.455328202,382.5360000000005,318.0388905968519,0.8313959747497006
3,17131,931109.7890006606,6848021.343191279,95.63400000000013,86.54583827421305,0.9049693443149187
3,17138,932449.062265887,6848420.138372603,95.63400000000013,57.26534439517738,0.5987969173638801
3,17143,933747.5669388049,6846116.738706983,382.5360000000005,284.36775309685174,0.743375141416367
3,17146,930862.2872005533,6849050.509940853,95.63400000000013,95.21820000000015,0.9956521739130437
3,17151,933838.3522772645,6847135.786433765,286.90199999999993,160.69417318553212,0.5601012651899678
3,17158,932500.0603896771,6848045.76372859,95.63400000000013,92.82735000000022,0.9706521739130445
3,17161,933642.2510054569,6845993.122504913,669.4379999999994,629.248398229872,0.939965162165686
3,17170,934434.5000000001,6846796.550000001,95.63400000000013,95.21820000000012,0.9956521739130434
3,17173,935354.6334245328,6848064.047606017,95.63400000000013,44.9212551032284,0.46972055025648135
3,17174,931600.5563392108,6848708.595382032,95.63400000000013,94.38660000000013,0.9869565217391305
3,17176,932360.0330434021,6847589.108063713,95.63400000000013,57.26534439517738,0.5987969173638801
3,17187,935175.9144144144,6847499.616317569,286.90199999999993,285.6545999999999,0.9956521739130434
3,17194,933426.5325966764,6846361.375745296,573.8039999999999,192.28980247748135,0.33511408508389867
3,17196,933130.0421976758,6848723.018279437,382.5360000000005,373.4441066371075,0.9762325810828445
3,17199,931183.3070176403,6847908.277212439,95.63400000000013,92.80322831855334,0.9703999447743816
3,17200,933759.7966374267,6850048.496123373,95.63400000000013,95.21820000000015,0.9956521739130437
3,17207,933088.9550223053,6845599.584369611,95.63400000000013,94.60842665927673,0.9892760593437125
3,17208,934419.1386265889,6848262.125188014,286.90199999999993,277.93487569624455,0.968744992005091
3,17209,933385.0426549353,6848878.198326356,573.8039999999999,529.0996371896175,0.922091231831109
3,17230,933107.0820396489,6847628.211577274,382.5360000000005,230.84238758070947,0.6034527144653292
3,17237,932900.6603993346,6847349.281087078,286.90199999999993,286.90199999999993,1.0
3,17238,932957.2738462418,6845718.923105129,95.63400000000013,95.01030000000013,0.9934782608695653
3,17242,933404.9118847447,6847403.758697454,669.4379999999994,669.4379999999994,1.0
3,17243,934319.3349226225,6848030.96950962,1051.9740000000002,436.64544000000035,0.4150724637681162
3,17251,933226.7329064326,6847202.982347165,860.706,744.7649694679161,0.86529543127144
3,17267,933258.5942162675,6845669.256651918,95.63400000000013,95.2182000000002,0.9956521739130442
3,17270,932242.933529072,6848166.306351249,95.63400000000013,95.63400000000013,1.0
3,17271,935314.2089686048,6847933.408905311,95.63400000000013,75.78701327421304,0.7924693443149187
3,17287,933601.2439295733,6847169.924788705,478.1699999999996,142.44099587086484,0.2978877718611894
3,17291,932632.875832744,6848704.051845,95.63400000000013,64.10871939517737,0.6703548883783726
3,17296,934248.9142687038,6847860.070650605,478.1699999999996,476.09099999999967,0.9956521739130436
3,17299,934000.9288718364,6848413.476227786,382.5360000000005,316.45365309685184,0.82725195301057
3,17302,935052.699523711,6848553.710754574,4303.5300000000025,1943.491979548034,0.4516041434701356
3,17305,933836.2463343509,6846697.077080364,286.90199999999993,203.9389730081708,0.7108314790701035
3,17309,932187.7326868266,6849022.537744178,95.63400000000013,95.21820000000012,0.9956521739130434
3,17314,935381.0701617664,6848421.567119298,1243.2420000000016,759.0891021373073,0.6105722796827218
3,17316,933358.0294320844,6847130.243786988,95.63400000000013,46.82357582582704,0.4896122281388102
3,17317,934572.579314863,6849061.82987682,765.0720000000009,765.0720000000009,1.0
3,17319,933751.798692793,6848203.282449256,382.5360000000005,301.4848530968518,0.7881215182279613
3,17326,933763.0527306967,6849359.21850955,382.5360000000005,380.8728000000005,0.9956521739130434
3,17327,932556.7006751593,6848069.536042854,95.63400000000013,95.21820000000012,0.9956521739130434
3,17333,934146.100949235,6849208.211120564,382.5360000000005,380.8728000000007,0.9956521739130441
